{"type":"FeatureCollection","release":"20261008-confirmed-positions-v1","confirmed_date":"2026-10-08","verification":"User-confirmed positions and classifications; not independently surveyed or an official chart","features":[{"type":"Feature","id":"confirmed-20c63861c33743f31531","geometry":{"type":"Point","coordinates":[-3.38959523059086,53.9793634537358]},"properties":{"name":"West of Duddon Sands · imported light 01","name_status":"Generated display label; official name not exported","mark_type":"wind_farm_light","structure":"Not specified in export","colour":"yellow","light":"Fl Y 5s 5M","wind_farm":"West of Duddon Sands","source_file":"TZiBoatData_2026-10-8_1729.gpx","source":"User-supplied TimeZero GPX export; classification confirmed by Clifton Taylor","position_status":"User-selected chart position exported 8 October 2026; not independently surveyed","confirmed_on":"2026-10-08","captured_at":"2026-10-08T16:24:47.498176Z","raw_position":"53.979363454, -3.389595231","description_status":"Fl Y 5s 5M confirmed for all selected wind-farm lights by Clifton Taylor on 8 October 2026; A06 also shown in IMG_1409.png","source_sha256":"1bdb5187c40faeaca79a9daa97d8e09cc540e915489aa331ff6c6328351afb9d","cross_reference_id":"confirmed-20c63861c33743f31531","nearby_record_count":1}},{"type":"Feature","id":"confirmed-8c65fec80289a09f52c8","geometry":{"type":"Point","coordinates":[-3.38951022631971,53.9674201888706]},"properties":{"name":"West of Duddon Sands · imported light 02","name_status":"Generated display label; official name not exported","mark_type":"wind_farm_light","structure":"Not specified in export","colour":"yellow","light":"Fl Y 5s 5M","wind_farm":"West of Duddon Sands","source_file":"TZiBoatData_2026-10-8_1729.gpx","source":"User-supplied TimeZero GPX export; classification confirmed by Clifton Taylor","position_status":"User-selected chart position exported 8 October 2026; not independently surveyed","confirmed_on":"2026-10-08","captured_at":"2026-10-08T16:24:50.908773Z","raw_position":"53.967420189, -3.389510226","description_status":"Fl Y 5s 5M confirmed for all selected wind-farm lights by Clifton Taylor on 8 October 2026; A06 also shown in IMG_1409.png","source_sha256":"1bdb5187c40faeaca79a9daa97d8e09cc540e915489aa331ff6c6328351afb9d","cross_reference_id":"confirmed-8c65fec80289a09f52c8","nearby_record_count":1}},{"type":"Feature","id":"confirmed-0f3a9558c1addfb16e01","geometry":{"type":"Point","coordinates":[-3.4046451671217,53.9574848610564]},"properties":{"name":"West of Duddon Sands · imported light 03","name_status":"Generated display label; official name not exported","mark_type":"wind_farm_light","structure":"Not specified in export","colour":"yellow","light":"Fl Y 5s 5M","wind_farm":"West of Duddon Sands","source_file":"TZiBoatData_2026-10-8_1729.gpx","source":"User-supplied TimeZero GPX export; classification confirmed by Clifton Taylor","position_status":"User-selected chart position exported 8 October 2026; not independently surveyed","confirmed_on":"2026-10-08","captured_at":"2026-10-08T16:24:53.78293Z","raw_position":"53.957484861, -3.404645167","description_status":"Fl Y 5s 5M confirmed for all selected wind-farm lights by Clifton Taylor on 8 October 2026; A06 also shown in IMG_1409.png","source_sha256":"1bdb5187c40faeaca79a9daa97d8e09cc540e915489aa331ff6c6328351afb9d","cross_reference_id":"confirmed-0f3a9558c1addfb16e01","nearby_record_count":1}},{"type":"Feature","id":"confirmed-5444f19073f7e6826f74","geometry":{"type":"Point","coordinates":[-3.41978010792369,53.9474815062264]},"properties":{"name":"West of Duddon Sands · imported light 04","name_status":"Generated display label; official name not exported","mark_type":"wind_farm_light","structure":"Not specified in export","colour":"yellow","light":"Fl Y 5s 5M","wind_farm":"West of Duddon Sands","source_file":"TZiBoatData_2026-10-8_1729.gpx","source":"User-supplied TimeZero GPX export; classification confirmed by Clifton Taylor","position_status":"User-selected chart position exported 8 October 2026; not independently surveyed","confirmed_on":"2026-10-08","captured_at":"2026-10-08T16:24:57.265942Z","raw_position":"53.947481506, -3.419780108","description_status":"Fl Y 5s 5M confirmed for all selected wind-farm lights by Clifton Taylor on 8 October 2026; A06 also shown in IMG_1409.png","source_sha256":"1bdb5187c40faeaca79a9daa97d8e09cc540e915489aa331ff6c6328351afb9d","cross_reference_id":"confirmed-5444f19073f7e6826f74","nearby_record_count":1}},{"type":"Feature","id":"confirmed-3c73d34402b02864a8ba","geometry":{"type":"Point","coordinates":[-3.43035985048608,53.9450934298543]},"properties":{"name":"West of Duddon Sands · imported light 05","name_status":"Generated display label; official name not exported","mark_type":"wind_farm_light","structure":"Not specified in export","colour":"yellow","light":"Fl Y 5s 5M","wind_farm":"West of Duddon Sands","source_file":"TZiBoatData_2026-10-8_1729.gpx","source":"User-supplied TimeZero GPX export; classification confirmed by Clifton Taylor","position_status":"User-selected chart position exported 8 October 2026; not independently surveyed","confirmed_on":"2026-10-08","captured_at":"2026-10-08T16:24:59.813184Z","raw_position":"53.945093430, -3.430359850","description_status":"Fl Y 5s 5M confirmed for all selected wind-farm lights by Clifton Taylor on 8 October 2026; A06 also shown in IMG_1409.png","source_sha256":"1bdb5187c40faeaca79a9daa97d8e09cc540e915489aa331ff6c6328351afb9d","cross_reference_id":"confirmed-3c73d34402b02864a8ba","nearby_record_count":1}},{"type":"Feature","id":"confirmed-958056d964f6345b44af","geometry":{"type":"Point","coordinates":[-3.48805495222217,53.9461851389546]},"properties":{"name":"West of Duddon Sands · imported light 06","name_status":"Generated display label; official name not exported","mark_type":"wind_farm_light","structure":"Not specified in export","colour":"yellow","light":"Fl Y 5s 5M","wind_farm":"West of Duddon Sands","source_file":"TZiBoatData_2026-10-8_1729.gpx","source":"User-supplied TimeZero GPX export; classification confirmed by Clifton Taylor","position_status":"User-selected chart position exported 8 October 2026; not independently surveyed","confirmed_on":"2026-10-08","captured_at":"2026-10-08T16:25:03.747206Z","raw_position":"53.946185139, -3.488054952","description_status":"Fl Y 5s 5M confirmed for all selected wind-farm lights by Clifton Taylor on 8 October 2026; A06 also shown in IMG_1409.png","source_sha256":"1bdb5187c40faeaca79a9daa97d8e09cc540e915489aa331ff6c6328351afb9d","cross_reference_id":"confirmed-958056d964f6345b44af","nearby_record_count":1}},{"type":"Feature","id":"confirmed-5866b7361321d3ee199f","geometry":{"type":"Point","coordinates":[-3.50595671237435,53.9608966857992]},"properties":{"name":"West of Duddon Sands · imported light 07","name_status":"Generated display label; official name not exported","mark_type":"wind_farm_light","structure":"Not specified in export","colour":"yellow","light":"Fl Y 5s 5M","wind_farm":"West of Duddon Sands","source_file":"TZiBoatData_2026-10-8_1729.gpx","source":"User-supplied TimeZero GPX export; classification confirmed by Clifton Taylor","position_status":"User-selected chart position exported 8 October 2026; not independently surveyed","confirmed_on":"2026-10-08","captured_at":"2026-10-08T16:25:07.042203Z","raw_position":"53.960896686, -3.505956712","description_status":"Fl Y 5s 5M confirmed for all selected wind-farm lights by Clifton Taylor on 8 October 2026; A06 also shown in IMG_1409.png","source_sha256":"1bdb5187c40faeaca79a9daa97d8e09cc540e915489aa331ff6c6328351afb9d","cross_reference_id":"confirmed-5866b7361321d3ee199f","nearby_record_count":1}},{"type":"Feature","id":"confirmed-7b5dd68234779372cb4f","geometry":{"type":"Point","coordinates":[-3.52328802368598,53.975139999211]},"properties":{"name":"A06","name_status":"Screenshot identification","mark_type":"wind_farm_light","structure":"wind_turbine","colour":"yellow","light":"Fl Y 5s 5M","wind_farm":"West of Duddon Sands","source_file":"TZiBoatData_2026-10-8_1729.gpx","source":"User-supplied TimeZero GPX export; classification confirmed by Clifton Taylor","position_status":"User-selected chart position exported 8 October 2026; not independently surveyed","confirmed_on":"2026-10-08","captured_at":"2026-10-08T16:25:55.82948Z","raw_position":"53.975139999, -3.523288024","description_status":"Fl Y 5s 5M confirmed for all selected wind-farm lights by Clifton Taylor on 8 October 2026; A06 also shown in IMG_1409.png","source_sha256":"1bdb5187c40faeaca79a9daa97d8e09cc540e915489aa331ff6c6328351afb9d","cross_reference_id":"confirmed-7b5dd68234779372cb4f","nearby_record_count":1}},{"type":"Feature","id":"confirmed-4ae1da79f7faa7eac551","geometry":{"type":"Point","coordinates":[-3.54063516580674,53.9893748418798]},"properties":{"name":"West of Duddon Sands · imported light 09","name_status":"Generated display label; official name not exported","mark_type":"wind_farm_light","structure":"Not specified in export","colour":"yellow","light":"Fl Y 5s 5M","wind_farm":"West of Duddon Sands","source_file":"TZiBoatData_2026-10-8_1729.gpx","source":"User-supplied TimeZero GPX export; classification confirmed by Clifton Taylor","position_status":"User-selected chart position exported 8 October 2026; not independently surveyed","confirmed_on":"2026-10-08","captured_at":"2026-10-08T16:25:12.900298Z","raw_position":"53.989374842, -3.540635166","description_status":"Fl Y 5s 5M confirmed for all selected wind-farm lights by Clifton Taylor on 8 October 2026; A06 also shown in IMG_1409.png","source_sha256":"1bdb5187c40faeaca79a9daa97d8e09cc540e915489aa331ff6c6328351afb9d","cross_reference_id":"confirmed-4ae1da79f7faa7eac551","nearby_record_count":1}},{"type":"Feature","id":"confirmed-45969dbba5c326576f66","geometry":{"type":"Point","coordinates":[-3.4126097886256,53.9997552013625]},"properties":{"name":"West of Duddon Sands · imported light 10","name_status":"Generated display label; official name not exported","mark_type":"wind_farm_light","structure":"Not specified in export","colour":"yellow","light":"Fl Y 5s 5M","wind_farm":"West of Duddon Sands","source_file":"TZiBoatData_2026-10-8_1729.gpx","source":"User-supplied TimeZero GPX export; classification confirmed by Clifton Taylor","position_status":"User-selected chart position exported 8 October 2026; not independently surveyed","confirmed_on":"2026-10-08","captured_at":"2026-10-08T16:25:18.953371Z","raw_position":"53.999755201, -3.412609789","description_status":"Fl Y 5s 5M confirmed for all selected wind-farm lights by Clifton Taylor on 8 October 2026; A06 also shown in IMG_1409.png","source_sha256":"1bdb5187c40faeaca79a9daa97d8e09cc540e915489aa331ff6c6328351afb9d","cross_reference_id":"confirmed-45969dbba5c326576f66","nearby_record_count":1}},{"type":"Feature","id":"confirmed-42a7a3097f821b9d030b","geometry":{"type":"Point","coordinates":[-3.43456825866414,54.0192215354356]},"properties":{"name":"West of Duddon Sands · imported light 11","name_status":"Generated display label; official name not exported","mark_type":"wind_farm_light","structure":"Not specified in export","colour":"yellow","light":"Fl Y 5s 5M","wind_farm":"West of Duddon Sands","source_file":"TZiBoatData_2026-10-8_1729.gpx","source":"User-supplied TimeZero GPX export; classification confirmed by Clifton Taylor","position_status":"User-selected chart position exported 8 October 2026; not independently surveyed","confirmed_on":"2026-10-08","captured_at":"2026-10-08T16:25:23.053916Z","raw_position":"54.019221535, -3.434568259","description_status":"Fl Y 5s 5M confirmed for all selected wind-farm lights by Clifton Taylor on 8 October 2026; A06 also shown in IMG_1409.png","source_sha256":"1bdb5187c40faeaca79a9daa97d8e09cc540e915489aa331ff6c6328351afb9d","cross_reference_id":"confirmed-42a7a3097f821b9d030b","nearby_record_count":1}},{"type":"Feature","id":"confirmed-63d1c4cfe7a0462da052","geometry":{"type":"Point","coordinates":[-3.44731342295456,54.02992498393]},"properties":{"name":"Walney 1 · imported light 01","name_status":"Generated display label; official name not exported","mark_type":"wind_farm_light","structure":"Not specified in export","colour":"yellow","light":"Fl Y 5s 5M","wind_farm":"Walney 1","source_file":"TZiBoatData_2026-10-8_1729.gpx","source":"User-supplied TimeZero GPX export; classification confirmed by Clifton Taylor","position_status":"User-selected chart position exported 8 October 2026; not independently surveyed","confirmed_on":"2026-10-08","captured_at":"2026-10-08T16:26:30.743903Z","raw_position":"54.029924984, -3.447313423","description_status":"Fl Y 5s 5M confirmed for all selected wind-farm lights by Clifton Taylor on 8 October 2026; A06 also shown in IMG_1409.png","source_sha256":"1bdb5187c40faeaca79a9daa97d8e09cc540e915489aa331ff6c6328351afb9d","cross_reference_id":"confirmed-63d1c4cfe7a0462da052","nearby_record_count":1}},{"type":"Feature","id":"confirmed-10d54f09aa2152265f17","geometry":{"type":"Point","coordinates":[-3.47305160144759,54.0433218226011]},"properties":{"name":"Walney 1 · imported light 02","name_status":"Generated display label; official name not exported","mark_type":"wind_farm_light","structure":"Not specified in export","colour":"yellow","light":"Fl Y 5s 5M","wind_farm":"Walney 1","source_file":"TZiBoatData_2026-10-8_1729.gpx","source":"User-supplied TimeZero GPX export; classification confirmed by Clifton Taylor","position_status":"User-selected chart position exported 8 October 2026; not independently surveyed","confirmed_on":"2026-10-08","captured_at":"2026-10-08T16:26:33.30781Z","raw_position":"54.043321823, -3.473051601","description_status":"Fl Y 5s 5M confirmed for all selected wind-farm lights by Clifton Taylor on 8 October 2026; A06 also shown in IMG_1409.png","source_sha256":"1bdb5187c40faeaca79a9daa97d8e09cc540e915489aa331ff6c6328351afb9d","cross_reference_id":"confirmed-10d54f09aa2152265f17","nearby_record_count":1}},{"type":"Feature","id":"confirmed-f22721ca85d43618a88f","geometry":{"type":"Point","coordinates":[-3.50739332699075,54.0611706644785]},"properties":{"name":"Walney 1 · imported light 03","name_status":"Generated display label; official name not exported","mark_type":"wind_farm_light","structure":"Not specified in export","colour":"yellow","light":"Fl Y 5s 5M","wind_farm":"Walney 1","source_file":"TZiBoatData_2026-10-8_1729.gpx","source":"User-supplied TimeZero GPX export; classification confirmed by Clifton Taylor","position_status":"User-selected chart position exported 8 October 2026; not independently surveyed","confirmed_on":"2026-10-08","captured_at":"2026-10-08T16:26:35.484621Z","raw_position":"54.061170664, -3.507393327","description_status":"Fl Y 5s 5M confirmed for all selected wind-farm lights by Clifton Taylor on 8 October 2026; A06 also shown in IMG_1409.png","source_sha256":"1bdb5187c40faeaca79a9daa97d8e09cc540e915489aa331ff6c6328351afb9d","cross_reference_id":"confirmed-f22721ca85d43618a88f","nearby_record_count":1}},{"type":"Feature","id":"confirmed-1ae4a625ea16cbb5af9d","geometry":{"type":"Point","coordinates":[-3.53316951949761,54.074556338611]},"properties":{"name":"Walney 1 · imported light 04","name_status":"Generated display label; official name not exported","mark_type":"wind_farm_light","structure":"Not specified in export","colour":"yellow","light":"Fl Y 5s 5M","wind_farm":"Walney 1","source_file":"TZiBoatData_2026-10-8_1729.gpx","source":"User-supplied TimeZero GPX export; classification confirmed by Clifton Taylor","position_status":"User-selected chart position exported 8 October 2026; not independently surveyed","confirmed_on":"2026-10-08","captured_at":"2026-10-08T16:26:38.894945Z","raw_position":"54.074556339, -3.533169519","description_status":"Fl Y 5s 5M confirmed for all selected wind-farm lights by Clifton Taylor on 8 October 2026; A06 also shown in IMG_1409.png","source_sha256":"1bdb5187c40faeaca79a9daa97d8e09cc540e915489aa331ff6c6328351afb9d","cross_reference_id":"confirmed-1ae4a625ea16cbb5af9d","nearby_record_count":1}},{"type":"Feature","id":"confirmed-b889f3aee72a1557cd47","geometry":{"type":"Point","coordinates":[-3.55953338516678,54.0882336551241]},"properties":{"name":"Walney 2 · imported light 01","name_status":"Generated display label; official name not exported","mark_type":"wind_farm_light","structure":"Not specified in export","colour":"yellow","light":"Fl Y 5s 5M","wind_farm":"Walney 2","source_file":"TZiBoatData_2026-10-8_1729.gpx","source":"User-supplied TimeZero GPX export; classification confirmed by Clifton Taylor","position_status":"User-selected chart position exported 8 October 2026; not independently surveyed","confirmed_on":"2026-10-08","captured_at":"2026-10-08T16:26:41.337256Z","raw_position":"54.088233655, -3.559533385","description_status":"Fl Y 5s 5M confirmed for all selected wind-farm lights by Clifton Taylor on 8 October 2026; A06 also shown in IMG_1409.png","source_sha256":"1bdb5187c40faeaca79a9daa97d8e09cc540e915489aa331ff6c6328351afb9d","cross_reference_id":"confirmed-b889f3aee72a1557cd47","nearby_record_count":1}},{"type":"Feature","id":"confirmed-dd0ade7bbda4f034d4ef","geometry":{"type":"Point","coordinates":[-3.57731739350073,54.0974335615928]},"properties":{"name":"Walney 2 · imported light 02","name_status":"Generated display label; official name not exported","mark_type":"wind_farm_light","structure":"Not specified in export","colour":"yellow","light":"Fl Y 5s 5M","wind_farm":"Walney 2","source_file":"TZiBoatData_2026-10-8_1729.gpx","source":"User-supplied TimeZero GPX export; classification confirmed by Clifton Taylor","position_status":"User-selected chart position exported 8 October 2026; not independently surveyed","confirmed_on":"2026-10-08","captured_at":"2026-10-08T16:26:43.788596Z","raw_position":"54.097433562, -3.577317394","description_status":"Fl Y 5s 5M confirmed for all selected wind-farm lights by Clifton Taylor on 8 October 2026; A06 also shown in IMG_1409.png","source_sha256":"1bdb5187c40faeaca79a9daa97d8e09cc540e915489aa331ff6c6328351afb9d","cross_reference_id":"confirmed-dd0ade7bbda4f034d4ef","nearby_record_count":1}},{"type":"Feature","id":"confirmed-2fb83c507ad605b489a0","geometry":{"type":"Point","coordinates":[-3.62974172825568,54.0242383986278]},"properties":{"name":"Walney Extension 4 · imported light 01","name_status":"Generated display label; official name not exported","mark_type":"wind_farm_light","structure":"Not specified in export","colour":"yellow","light":"Fl Y 5s 5M","wind_farm":"Walney Extension 4","source_file":"TZiBoatData_2026-10-8_1729.gpx","source":"User-supplied TimeZero GPX export; classification confirmed by Clifton Taylor","position_status":"User-selected chart position exported 8 October 2026; not independently surveyed","confirmed_on":"2026-10-08","captured_at":"2026-10-08T16:26:47.171986Z","raw_position":"54.024238399, -3.629741728","description_status":"Fl Y 5s 5M confirmed for all selected wind-farm lights by Clifton Taylor on 8 October 2026; A06 also shown in IMG_1409.png","source_sha256":"1bdb5187c40faeaca79a9daa97d8e09cc540e915489aa331ff6c6328351afb9d","cross_reference_id":"confirmed-2fb83c507ad605b489a0","nearby_record_count":1}},{"type":"Feature","id":"confirmed-d90f022ddbe28cf4a888","geometry":{"type":"Point","coordinates":[-3.66860122178338,54.0364329371826]},"properties":{"name":"Walney Extension 4 · imported light 02","name_status":"Generated display label; official name not exported","mark_type":"wind_farm_light","structure":"Not specified in export","colour":"yellow","light":"Fl Y 5s 5M","wind_farm":"Walney Extension 4","source_file":"TZiBoatData_2026-10-8_1729.gpx","source":"User-supplied TimeZero GPX export; classification confirmed by Clifton Taylor","position_status":"User-selected chart position exported 8 October 2026; not independently surveyed","confirmed_on":"2026-10-08","captured_at":"2026-10-08T16:26:50.380655Z","raw_position":"54.036432937, -3.668601222","description_status":"Fl Y 5s 5M confirmed for all selected wind-farm lights by Clifton Taylor on 8 October 2026; A06 also shown in IMG_1409.png","source_sha256":"1bdb5187c40faeaca79a9daa97d8e09cc540e915489aa331ff6c6328351afb9d","cross_reference_id":"confirmed-d90f022ddbe28cf4a888","nearby_record_count":1}},{"type":"Feature","id":"confirmed-b65e5bc8f4bf1d7b70ec","geometry":{"type":"Point","coordinates":[-3.44471711506853,54.1071643907116]},"properties":{"name":"Ormonde · imported light 01","name_status":"Generated display label; official name not exported","mark_type":"wind_farm_light","structure":"Not specified in export","colour":"yellow","light":"Fl Y 5s 5M","wind_farm":"Ormonde","source_file":"TZiBoatData_2026-10-8_1729.gpx","source":"User-supplied TimeZero GPX export; classification confirmed by Clifton Taylor","position_status":"User-selected chart position exported 8 October 2026; not independently surveyed","confirmed_on":"2026-10-08","captured_at":"2026-10-08T16:27:00.467913Z","raw_position":"54.107164391, -3.444717115","description_status":"Fl Y 5s 5M confirmed for all selected wind-farm lights by Clifton Taylor on 8 October 2026; A06 also shown in IMG_1409.png","source_sha256":"1bdb5187c40faeaca79a9daa97d8e09cc540e915489aa331ff6c6328351afb9d","cross_reference_id":"confirmed-b65e5bc8f4bf1d7b70ec","nearby_record_count":1}},{"type":"Feature","id":"confirmed-37a6b4a4b19d01275c44","geometry":{"type":"Point","coordinates":[-3.46198273669975,54.0969993418075]},"properties":{"name":"Ormonde · imported light 02","name_status":"Generated display label; official name not exported","mark_type":"wind_farm_light","structure":"Not specified in export","colour":"yellow","light":"Fl Y 5s 5M","wind_farm":"Ormonde","source_file":"TZiBoatData_2026-10-8_1729.gpx","source":"User-supplied TimeZero GPX export; classification confirmed by Clifton Taylor","position_status":"User-selected chart position exported 8 October 2026; not independently surveyed","confirmed_on":"2026-10-08","captured_at":"2026-10-08T16:27:03.231657Z","raw_position":"54.096999342, -3.461982737","description_status":"Fl Y 5s 5M confirmed for all selected wind-farm lights by Clifton Taylor on 8 October 2026; A06 also shown in IMG_1409.png","source_sha256":"1bdb5187c40faeaca79a9daa97d8e09cc540e915489aa331ff6c6328351afb9d","cross_reference_id":"confirmed-37a6b4a4b19d01275c44","nearby_record_count":1}},{"type":"Feature","id":"confirmed-8e767465ada2bbc53b08","geometry":{"type":"Point","coordinates":[-3.44935193811497,54.0808293671221]},"properties":{"name":"Ormonde · imported light 03","name_status":"Generated display label; official name not exported","mark_type":"wind_farm_light","structure":"Not specified in export","colour":"yellow","light":"Fl Y 5s 5M","wind_farm":"Ormonde","source_file":"TZiBoatData_2026-10-8_1729.gpx","source":"User-supplied TimeZero GPX export; classification confirmed by Clifton Taylor","position_status":"User-selected chart position exported 8 October 2026; not independently surveyed","confirmed_on":"2026-10-08","captured_at":"2026-10-08T16:27:05.681574Z","raw_position":"54.080829367, -3.449351938","description_status":"Fl Y 5s 5M confirmed for all selected wind-farm lights by Clifton Taylor on 8 October 2026; A06 also shown in IMG_1409.png","source_sha256":"1bdb5187c40faeaca79a9daa97d8e09cc540e915489aa331ff6c6328351afb9d","cross_reference_id":"confirmed-8e767465ada2bbc53b08","nearby_record_count":1}},{"type":"Feature","id":"confirmed-4b537014b2e222df770e","geometry":{"type":"Point","coordinates":[-3.41991816409604,54.0743605879491]},"properties":{"name":"Ormonde · imported light 04","name_status":"Generated display label; official name not exported","mark_type":"wind_farm_light","structure":"Not specified in export","colour":"yellow","light":"Fl Y 5s 5M","wind_farm":"Ormonde","source_file":"TZiBoatData_2026-10-8_1729.gpx","source":"User-supplied TimeZero GPX export; classification confirmed by Clifton Taylor","position_status":"User-selected chart position exported 8 October 2026; not independently surveyed","confirmed_on":"2026-10-08","captured_at":"2026-10-08T16:27:09.107648Z","raw_position":"54.074360588, -3.419918164","description_status":"Fl Y 5s 5M confirmed for all selected wind-farm lights by Clifton Taylor on 8 October 2026; A06 also shown in IMG_1409.png","source_sha256":"1bdb5187c40faeaca79a9daa97d8e09cc540e915489aa331ff6c6328351afb9d","cross_reference_id":"confirmed-4b537014b2e222df770e","nearby_record_count":1}},{"type":"Feature","id":"confirmed-faab1172af3dc0cd05c6","geometry":{"type":"Point","coordinates":[-3.40363078833932,54.0834759153796]},"properties":{"name":"Ormonde · imported light 05","name_status":"Generated display label; official name not exported","mark_type":"wind_farm_light","structure":"Not specified in export","colour":"yellow","light":"Fl Y 5s 5M","wind_farm":"Ormonde","source_file":"TZiBoatData_2026-10-8_1729.gpx","source":"User-supplied TimeZero GPX export; classification confirmed by Clifton Taylor","position_status":"User-selected chart position exported 8 October 2026; not independently surveyed","confirmed_on":"2026-10-08","captured_at":"2026-10-08T16:27:11.658397Z","raw_position":"54.083475915, -3.403630788","description_status":"Fl Y 5s 5M confirmed for all selected wind-farm lights by Clifton Taylor on 8 October 2026; A06 also shown in IMG_1409.png","source_sha256":"1bdb5187c40faeaca79a9daa97d8e09cc540e915489aa331ff6c6328351afb9d","cross_reference_id":"confirmed-faab1172af3dc0cd05c6","nearby_record_count":1}},{"type":"Feature","id":"confirmed-77990da276a484688d69","geometry":{"type":"Point","coordinates":[-3.42120019572644,54.0936180812072]},"properties":{"name":"Ormonde · imported light 06","name_status":"Generated display label; official name not exported","mark_type":"wind_farm_light","structure":"Not specified in export","colour":"yellow","light":"Fl Y 5s 5M","wind_farm":"Ormonde","source_file":"TZiBoatData_2026-10-8_1729.gpx","source":"User-supplied TimeZero GPX export; classification confirmed by Clifton Taylor","position_status":"User-selected chart position exported 8 October 2026; not independently surveyed","confirmed_on":"2026-10-08","captured_at":"2026-10-08T16:27:13.978Z","raw_position":"54.093618081, -3.421200196","description_status":"Fl Y 5s 5M confirmed for all selected wind-farm lights by Clifton Taylor on 8 October 2026; A06 also shown in IMG_1409.png","source_sha256":"1bdb5187c40faeaca79a9daa97d8e09cc540e915489aa331ff6c6328351afb9d","cross_reference_id":"confirmed-77990da276a484688d69","nearby_record_count":1}},{"type":"Feature","id":"confirmed-f19f0e15a207a51f47c1","geometry":{"type":"Point","coordinates":[-3.60399917539026,54.1112503429011]},"properties":{"name":"Walney 2 · imported light 03","name_status":"Generated display label; official name not exported","mark_type":"wind_farm_light","structure":"Not specified in export","colour":"yellow","light":"Fl Y 5s 5M","wind_farm":"Walney 2","source_file":"TZiBoatData_2026-10-8_1729.gpx","source":"User-supplied TimeZero GPX export; classification confirmed by Clifton Taylor","position_status":"User-selected chart position exported 8 October 2026; not independently surveyed","confirmed_on":"2026-10-08","captured_at":"2026-10-08T16:27:22.753646Z","raw_position":"54.111250343, -3.603999175","description_status":"Fl Y 5s 5M confirmed for all selected wind-farm lights by Clifton Taylor on 8 October 2026; A06 also shown in IMG_1409.png","source_sha256":"1bdb5187c40faeaca79a9daa97d8e09cc540e915489aa331ff6c6328351afb9d","cross_reference_id":"confirmed-f19f0e15a207a51f47c1","nearby_record_count":1}},{"type":"Feature","id":"confirmed-ad2cad5b1084d9fa5f58","geometry":{"type":"Point","coordinates":[-3.75692960509093,54.0675137563538]},"properties":{"name":"Walney Extension 4 · imported light 03","name_status":"Generated display label; official name not exported","mark_type":"wind_farm_light","structure":"Not specified in export","colour":"yellow","light":"Fl Y 5s 5M","wind_farm":"Walney Extension 4","source_file":"TZiBoatData_2026-10-8_1729.gpx","source":"User-supplied TimeZero GPX export; classification confirmed by Clifton Taylor","position_status":"User-selected chart position exported 8 October 2026; not independently surveyed","confirmed_on":"2026-10-08","captured_at":"2026-10-08T16:27:28.130299Z","raw_position":"54.067513756, -3.756929605","description_status":"Fl Y 5s 5M confirmed for all selected wind-farm lights by Clifton Taylor on 8 October 2026; A06 also shown in IMG_1409.png","source_sha256":"1bdb5187c40faeaca79a9daa97d8e09cc540e915489aa331ff6c6328351afb9d","cross_reference_id":"confirmed-ad2cad5b1084d9fa5f58","nearby_record_count":1}},{"type":"Feature","id":"confirmed-a4902f6e99572912650e","geometry":{"type":"Point","coordinates":[-3.74144489261586,54.1311617259977]},"properties":{"name":"Walney Extension 4 · imported light 04","name_status":"Generated display label; official name not exported","mark_type":"wind_farm_light","structure":"Not specified in export","colour":"yellow","light":"Fl Y 5s 5M","wind_farm":"Walney Extension 4","source_file":"TZiBoatData_2026-10-8_1729.gpx","source":"User-supplied TimeZero GPX export; classification confirmed by Clifton Taylor","position_status":"User-selected chart position exported 8 October 2026; not independently surveyed","confirmed_on":"2026-10-08","captured_at":"2026-10-08T16:27:33.219635Z","raw_position":"54.131161726, -3.741444893","description_status":"Fl Y 5s 5M confirmed for all selected wind-farm lights by Clifton Taylor on 8 October 2026; A06 also shown in IMG_1409.png","source_sha256":"1bdb5187c40faeaca79a9daa97d8e09cc540e915489aa331ff6c6328351afb9d","cross_reference_id":"confirmed-a4902f6e99572912650e","nearby_record_count":1}},{"type":"Feature","id":"confirmed-ec8e6cd206675d44c214","geometry":{"type":"Point","coordinates":[-3.75557232377787,54.1355529860556]},"properties":{"name":"Walney Extension 3 · imported light 01","name_status":"Generated display label; official name not exported","mark_type":"wind_farm_light","structure":"Not specified in export","colour":"yellow","light":"Fl Y 5s 5M","wind_farm":"Walney Extension 3","source_file":"TZiBoatData_2026-10-8_1729.gpx","source":"User-supplied TimeZero GPX export; classification confirmed by Clifton Taylor","position_status":"User-selected chart position exported 8 October 2026; not independently surveyed","confirmed_on":"2026-10-08","captured_at":"2026-10-08T16:27:35.589338Z","raw_position":"54.135552986, -3.755572324","description_status":"Fl Y 5s 5M confirmed for all selected wind-farm lights by Clifton Taylor on 8 October 2026; A06 also shown in IMG_1409.png","source_sha256":"1bdb5187c40faeaca79a9daa97d8e09cc540e915489aa331ff6c6328351afb9d","cross_reference_id":"confirmed-ec8e6cd206675d44c214","nearby_record_count":0}},{"type":"Feature","id":"confirmed-becbd0a4e286c84a2c6e","geometry":{"type":"Point","coordinates":[-3.78384390825359,54.1443280151964]},"properties":{"name":"Walney Extension 3 · imported light 02","name_status":"Generated display label; official name not exported","mark_type":"wind_farm_light","structure":"Not specified in export","colour":"yellow","light":"Fl Y 5s 5M","wind_farm":"Walney Extension 3","source_file":"TZiBoatData_2026-10-8_1729.gpx","source":"User-supplied TimeZero GPX export; classification confirmed by Clifton Taylor","position_status":"User-selected chart position exported 8 October 2026; not independently surveyed","confirmed_on":"2026-10-08","captured_at":"2026-10-08T16:27:37.92956Z","raw_position":"54.144328015, -3.783843908","description_status":"Fl Y 5s 5M confirmed for all selected wind-farm lights by Clifton Taylor on 8 October 2026; A06 also shown in IMG_1409.png","source_sha256":"1bdb5187c40faeaca79a9daa97d8e09cc540e915489aa331ff6c6328351afb9d","cross_reference_id":"confirmed-becbd0a4e286c84a2c6e","nearby_record_count":1}},{"type":"Feature","id":"confirmed-3895ab475574dd1c84b0","geometry":{"type":"Point","coordinates":[-3.82626522009358,54.1574945503738]},"properties":{"name":"Walney Extension 3 · imported light 03","name_status":"Generated display label; official name not exported","mark_type":"wind_farm_light","structure":"Not specified in export","colour":"yellow","light":"Fl Y 5s 5M","wind_farm":"Walney Extension 3","source_file":"TZiBoatData_2026-10-8_1729.gpx","source":"User-supplied TimeZero GPX export; classification confirmed by Clifton Taylor","position_status":"User-selected chart position exported 8 October 2026; not independently surveyed","confirmed_on":"2026-10-08","captured_at":"2026-10-08T16:27:40.466781Z","raw_position":"54.157494550, -3.826265220","description_status":"Fl Y 5s 5M confirmed for all selected wind-farm lights by Clifton Taylor on 8 October 2026; A06 also shown in IMG_1409.png","source_sha256":"1bdb5187c40faeaca79a9daa97d8e09cc540e915489aa331ff6c6328351afb9d","cross_reference_id":"confirmed-3895ab475574dd1c84b0","nearby_record_count":1}},{"type":"Feature","id":"confirmed-d1588b6ddd4d442efa7d","geometry":{"type":"Point","coordinates":[-3.862251290554,54.1435786002668]},"properties":{"name":"Walney Extension 3 · imported light 04","name_status":"Generated display label; official name not exported","mark_type":"wind_farm_light","structure":"Not specified in export","colour":"yellow","light":"Fl Y 5s 5M","wind_farm":"Walney Extension 3","source_file":"TZiBoatData_2026-10-8_1729.gpx","source":"User-supplied TimeZero GPX export; classification confirmed by Clifton Taylor","position_status":"User-selected chart position exported 8 October 2026; not independently surveyed","confirmed_on":"2026-10-08","captured_at":"2026-10-08T16:27:42.700491Z","raw_position":"54.143578600, -3.862251291","description_status":"Fl Y 5s 5M confirmed for all selected wind-farm lights by Clifton Taylor on 8 October 2026; A06 also shown in IMG_1409.png","source_sha256":"1bdb5187c40faeaca79a9daa97d8e09cc540e915489aa331ff6c6328351afb9d","cross_reference_id":"confirmed-d1588b6ddd4d442efa7d","nearby_record_count":1}},{"type":"Feature","id":"confirmed-2cf7d3bbccbbf19da947","geometry":{"type":"Point","coordinates":[-3.88794844201279,54.1336315604445]},"properties":{"name":"Walney Extension 3 · imported light 05","name_status":"Generated display label; official name not exported","mark_type":"wind_farm_light","structure":"Not specified in export","colour":"yellow","light":"Fl Y 5s 5M","wind_farm":"Walney Extension 3","source_file":"TZiBoatData_2026-10-8_1729.gpx","source":"User-supplied TimeZero GPX export; classification confirmed by Clifton Taylor","position_status":"User-selected chart position exported 8 October 2026; not independently surveyed","confirmed_on":"2026-10-08","captured_at":"2026-10-08T16:27:45.870019Z","raw_position":"54.133631560, -3.887948442","description_status":"Fl Y 5s 5M confirmed for all selected wind-farm lights by Clifton Taylor on 8 October 2026; A06 also shown in IMG_1409.png","source_sha256":"1bdb5187c40faeaca79a9daa97d8e09cc540e915489aa331ff6c6328351afb9d","cross_reference_id":"confirmed-2cf7d3bbccbbf19da947","nearby_record_count":1}},{"type":"Feature","id":"confirmed-7f098c3d8d82471f3d1d","geometry":{"type":"Point","coordinates":[-3.91732926255134,54.1350292673381]},"properties":{"name":"Walney Extension 3 · imported light 06","name_status":"Generated display label; official name not exported","mark_type":"wind_farm_light","structure":"Not specified in export","colour":"yellow","light":"Fl Y 5s 5M","wind_farm":"Walney Extension 3","source_file":"TZiBoatData_2026-10-8_1729.gpx","source":"User-supplied TimeZero GPX export; classification confirmed by Clifton Taylor","position_status":"User-selected chart position exported 8 October 2026; not independently surveyed","confirmed_on":"2026-10-08","captured_at":"2026-10-08T16:27:48.049959Z","raw_position":"54.135029267, -3.917329263","description_status":"Fl Y 5s 5M confirmed for all selected wind-farm lights by Clifton Taylor on 8 October 2026; A06 also shown in IMG_1409.png","source_sha256":"1bdb5187c40faeaca79a9daa97d8e09cc540e915489aa331ff6c6328351afb9d","cross_reference_id":"confirmed-7f098c3d8d82471f3d1d","nearby_record_count":1}},{"type":"Feature","id":"confirmed-a371ae1ec98c06d99fea","geometry":{"type":"Point","coordinates":[-3.91682759800031,54.1137246447288]},"properties":{"name":"Walney Extension 3 · imported light 07","name_status":"Generated display label; official name not exported","mark_type":"wind_farm_light","structure":"Not specified in export","colour":"yellow","light":"Fl Y 5s 5M","wind_farm":"Walney Extension 3","source_file":"TZiBoatData_2026-10-8_1729.gpx","source":"User-supplied TimeZero GPX export; classification confirmed by Clifton Taylor","position_status":"User-selected chart position exported 8 October 2026; not independently surveyed","confirmed_on":"2026-10-08","captured_at":"2026-10-08T16:27:50.335456Z","raw_position":"54.113724645, -3.916827598","description_status":"Fl Y 5s 5M confirmed for all selected wind-farm lights by Clifton Taylor on 8 October 2026; A06 also shown in IMG_1409.png","source_sha256":"1bdb5187c40faeaca79a9daa97d8e09cc540e915489aa331ff6c6328351afb9d","cross_reference_id":"confirmed-a371ae1ec98c06d99fea","nearby_record_count":1}},{"type":"Feature","id":"confirmed-2081b808715138cd795f","geometry":{"type":"Point","coordinates":[-3.88631803222195,54.1041901526964]},"properties":{"name":"Walney Extension 3 · imported light 08","name_status":"Generated display label; official name not exported","mark_type":"wind_farm_light","structure":"Not specified in export","colour":"yellow","light":"Fl Y 5s 5M","wind_farm":"Walney Extension 3","source_file":"TZiBoatData_2026-10-8_1729.gpx","source":"User-supplied TimeZero GPX export; classification confirmed by Clifton Taylor","position_status":"User-selected chart position exported 8 October 2026; not independently surveyed","confirmed_on":"2026-10-08","captured_at":"2026-10-08T16:27:52.754309Z","raw_position":"54.104190153, -3.886318032","description_status":"Fl Y 5s 5M confirmed for all selected wind-farm lights by Clifton Taylor on 8 October 2026; A06 also shown in IMG_1409.png","source_sha256":"1bdb5187c40faeaca79a9daa97d8e09cc540e915489aa331ff6c6328351afb9d","cross_reference_id":"confirmed-2081b808715138cd795f","nearby_record_count":1}},{"type":"Feature","id":"confirmed-e8ef643639761b99ba70","geometry":{"type":"Point","coordinates":[-3.85482944222407,54.0947468370689]},"properties":{"name":"Walney Extension 3 · imported light 09","name_status":"Generated display label; official name not exported","mark_type":"wind_farm_light","structure":"Not specified in export","colour":"yellow","light":"Fl Y 5s 5M","wind_farm":"Walney Extension 3","source_file":"TZiBoatData_2026-10-8_1729.gpx","source":"User-supplied TimeZero GPX export; classification confirmed by Clifton Taylor","position_status":"User-selected chart position exported 8 October 2026; not independently surveyed","confirmed_on":"2026-10-08","captured_at":"2026-10-08T16:27:56.380942Z","raw_position":"54.094746837, -3.854829442","description_status":"Fl Y 5s 5M confirmed for all selected wind-farm lights by Clifton Taylor on 8 October 2026; A06 also shown in IMG_1409.png","source_sha256":"1bdb5187c40faeaca79a9daa97d8e09cc540e915489aa331ff6c6328351afb9d","cross_reference_id":"confirmed-e8ef643639761b99ba70","nearby_record_count":0}},{"type":"Feature","id":"confirmed-0ec8c28bc842f4c34a82","geometry":{"type":"Point","coordinates":[-3.32918676515503,53.9952567079343]},"properties":{"name":"Barrow · imported light 01","name_status":"Generated display label; official name not exported","mark_type":"wind_farm_light","structure":"Not specified in export","colour":"yellow","light":"Fl Y 5s 5M","wind_farm":"Barrow","source_file":"TZiBoatData_2026-10-8_1729.gpx","source":"User-supplied TimeZero GPX export; classification confirmed by Clifton Taylor","position_status":"User-selected chart position exported 8 October 2026; not independently surveyed","confirmed_on":"2026-10-08","captured_at":"2026-10-08T16:28:12.923653Z","raw_position":"53.995256708, -3.329186765","description_status":"Fl Y 5s 5M confirmed for all selected wind-farm lights by Clifton Taylor on 8 October 2026; A06 also shown in IMG_1409.png","source_sha256":"1bdb5187c40faeaca79a9daa97d8e09cc540e915489aa331ff6c6328351afb9d","cross_reference_id":"confirmed-0ec8c28bc842f4c34a82","nearby_record_count":3}},{"type":"Feature","id":"confirmed-ac5edaca1344a2e6e5df","geometry":{"type":"Point","coordinates":[-3.31800034242343,53.9893333710629]},"properties":{"name":"Barrow · imported light 02","name_status":"Generated display label; official name not exported","mark_type":"wind_farm_light","structure":"Not specified in export","colour":"yellow","light":"Fl Y 5s 5M","wind_farm":"Barrow","source_file":"TZiBoatData_2026-10-8_1729.gpx","source":"User-supplied TimeZero GPX export; classification confirmed by Clifton Taylor","position_status":"User-selected chart position exported 8 October 2026; not independently surveyed","confirmed_on":"2026-10-08","captured_at":"2026-10-08T16:28:15.186208Z","raw_position":"53.989333371, -3.318000342","description_status":"Fl Y 5s 5M confirmed for all selected wind-farm lights by Clifton Taylor on 8 October 2026; A06 also shown in IMG_1409.png","source_sha256":"1bdb5187c40faeaca79a9daa97d8e09cc540e915489aa331ff6c6328351afb9d","cross_reference_id":"confirmed-ac5edaca1344a2e6e5df","nearby_record_count":3}},{"type":"Feature","id":"confirmed-4fa878ce71acf13e35d1","geometry":{"type":"Point","coordinates":[-3.30123499183059,53.9804427621922]},"properties":{"name":"Barrow · imported light 03","name_status":"Generated display label; official name not exported","mark_type":"wind_farm_light","structure":"Not specified in export","colour":"yellow","light":"Fl Y 5s 5M","wind_farm":"Barrow","source_file":"TZiBoatData_2026-10-8_1729.gpx","source":"User-supplied TimeZero GPX export; classification confirmed by Clifton Taylor","position_status":"User-selected chart position exported 8 October 2026; not independently surveyed","confirmed_on":"2026-10-08","captured_at":"2026-10-08T16:28:17.646978Z","raw_position":"53.980442762, -3.301234992","description_status":"Fl Y 5s 5M confirmed for all selected wind-farm lights by Clifton Taylor on 8 October 2026; A06 also shown in IMG_1409.png","source_sha256":"1bdb5187c40faeaca79a9daa97d8e09cc540e915489aa331ff6c6328351afb9d","cross_reference_id":"confirmed-4fa878ce71acf13e35d1","nearby_record_count":3}},{"type":"Feature","id":"confirmed-de808a7c5bdd8d48d9c6","geometry":{"type":"Point","coordinates":[-3.29004837451273,53.9745320952129]},"properties":{"name":"Barrow · imported light 04","name_status":"Generated display label; official name not exported","mark_type":"wind_farm_light","structure":"Not specified in export","colour":"yellow","light":"Fl Y 5s 5M","wind_farm":"Barrow","source_file":"TZiBoatData_2026-10-8_1729.gpx","source":"User-supplied TimeZero GPX export; classification confirmed by Clifton Taylor","position_status":"User-selected chart position exported 8 October 2026; not independently surveyed","confirmed_on":"2026-10-08","captured_at":"2026-10-08T16:28:20.120361Z","raw_position":"53.974532095, -3.290048375","description_status":"Fl Y 5s 5M confirmed for all selected wind-farm lights by Clifton Taylor on 8 October 2026; A06 also shown in IMG_1409.png","source_sha256":"1bdb5187c40faeaca79a9daa97d8e09cc540e915489aa331ff6c6328351afb9d","cross_reference_id":"confirmed-de808a7c5bdd8d48d9c6","nearby_record_count":3}},{"type":"Feature","id":"confirmed-6cad978d0fed9b5e920a","geometry":{"type":"Point","coordinates":[-3.27445845183321,53.9847861112153]},"properties":{"name":"Barrow · imported light 05","name_status":"Generated display label; official name not exported","mark_type":"wind_farm_light","structure":"Not specified in export","colour":"yellow","light":"Fl Y 5s 5M","wind_farm":"Barrow","source_file":"TZiBoatData_2026-10-8_1729.gpx","source":"User-supplied TimeZero GPX export; classification confirmed by Clifton Taylor","position_status":"User-selected chart position exported 8 October 2026; not independently surveyed","confirmed_on":"2026-10-08","captured_at":"2026-10-08T16:28:22.699132Z","raw_position":"53.984786111, -3.274458452","description_status":"Fl Y 5s 5M confirmed for all selected wind-farm lights by Clifton Taylor on 8 October 2026; A06 also shown in IMG_1409.png","source_sha256":"1bdb5187c40faeaca79a9daa97d8e09cc540e915489aa331ff6c6328351afb9d","cross_reference_id":"confirmed-6cad978d0fed9b5e920a","nearby_record_count":3}},{"type":"Feature","id":"confirmed-c062ec1800d22e838a5d","geometry":{"type":"Point","coordinates":[-3.27020684476325,53.9875361256052]},"properties":{"name":"Barrow · imported light 06","name_status":"Generated display label; official name not exported","mark_type":"wind_farm_light","structure":"Not specified in export","colour":"yellow","light":"Fl Y 5s 5M","wind_farm":"Barrow","source_file":"TZiBoatData_2026-10-8_1729.gpx","source":"User-supplied TimeZero GPX export; classification confirmed by Clifton Taylor","position_status":"User-selected chart position exported 8 October 2026; not independently surveyed","confirmed_on":"2026-10-08","captured_at":"2026-10-08T16:28:25.142568Z","raw_position":"53.987536126, -3.270206845","description_status":"Fl Y 5s 5M confirmed for all selected wind-farm lights by Clifton Taylor on 8 October 2026; A06 also shown in IMG_1409.png","source_sha256":"1bdb5187c40faeaca79a9daa97d8e09cc540e915489aa331ff6c6328351afb9d","cross_reference_id":"confirmed-c062ec1800d22e838a5d","nearby_record_count":2}},{"type":"Feature","id":"confirmed-54a8419976e40abd29f3","geometry":{"type":"Point","coordinates":[-3.269437625785,53.9913748356868]},"properties":{"name":"Barrow · imported light 07","name_status":"Generated display label; official name not exported","mark_type":"wind_farm_light","structure":"Not specified in export","colour":"yellow","light":"Fl Y 5s 5M","wind_farm":"Barrow","source_file":"TZiBoatData_2026-10-8_1729.gpx","source":"User-supplied TimeZero GPX export; classification confirmed by Clifton Taylor","position_status":"User-selected chart position exported 8 October 2026; not independently surveyed","confirmed_on":"2026-10-08","captured_at":"2026-10-08T16:28:27.234627Z","raw_position":"53.991374836, -3.269437626","description_status":"Fl Y 5s 5M confirmed for all selected wind-farm lights by Clifton Taylor on 8 October 2026; A06 also shown in IMG_1409.png","source_sha256":"1bdb5187c40faeaca79a9daa97d8e09cc540e915489aa331ff6c6328351afb9d","cross_reference_id":"confirmed-54a8419976e40abd29f3","nearby_record_count":3}},{"type":"Feature","id":"confirmed-ff2ba03cc82b2937939d","geometry":{"type":"Point","coordinates":[-3.28613051372047,54.0002806368932]},"properties":{"name":"Barrow · imported light 08","name_status":"Generated display label; official name not exported","mark_type":"wind_farm_light","structure":"Not specified in export","colour":"yellow","light":"Fl Y 5s 5M","wind_farm":"Barrow","source_file":"TZiBoatData_2026-10-8_1729.gpx","source":"User-supplied TimeZero GPX export; classification confirmed by Clifton Taylor","position_status":"User-selected chart position exported 8 October 2026; not independently surveyed","confirmed_on":"2026-10-08","captured_at":"2026-10-08T16:28:29.49927Z","raw_position":"54.000280637, -3.286130514","description_status":"Fl Y 5s 5M confirmed for all selected wind-farm lights by Clifton Taylor on 8 October 2026; A06 also shown in IMG_1409.png","source_sha256":"1bdb5187c40faeaca79a9daa97d8e09cc540e915489aa331ff6c6328351afb9d","cross_reference_id":"confirmed-ff2ba03cc82b2937939d","nearby_record_count":3}},{"type":"Feature","id":"confirmed-b230e4952300af3d7005","geometry":{"type":"Point","coordinates":[-3.30294552859833,54.0091098304409]},"properties":{"name":"Barrow · imported light 09","name_status":"Generated display label; official name not exported","mark_type":"wind_farm_light","structure":"Not specified in export","colour":"yellow","light":"Fl Y 5s 5M","wind_farm":"Barrow","source_file":"TZiBoatData_2026-10-8_1729.gpx","source":"User-supplied TimeZero GPX export; classification confirmed by Clifton Taylor","position_status":"User-selected chart position exported 8 October 2026; not independently surveyed","confirmed_on":"2026-10-08","captured_at":"2026-10-08T16:28:31.62796Z","raw_position":"54.009109830, -3.302945529","description_status":"Fl Y 5s 5M confirmed for all selected wind-farm lights by Clifton Taylor on 8 October 2026; A06 also shown in IMG_1409.png","source_sha256":"1bdb5187c40faeaca79a9daa97d8e09cc540e915489aa331ff6c6328351afb9d","cross_reference_id":"confirmed-b230e4952300af3d7005","nearby_record_count":3}},{"type":"Feature","id":"confirmed-933ecb59770e180c4b48","geometry":{"type":"Point","coordinates":[-3.31353204413767,54.0054796264995]},"properties":{"name":"Barrow · imported light 10","name_status":"Generated display label; official name not exported","mark_type":"wind_farm_light","structure":"Not specified in export","colour":"yellow","light":"Fl Y 5s 5M","wind_farm":"Barrow","source_file":"TZiBoatData_2026-10-8_1729.gpx","source":"User-supplied TimeZero GPX export; classification confirmed by Clifton Taylor","position_status":"User-selected chart position exported 8 October 2026; not independently surveyed","confirmed_on":"2026-10-08","captured_at":"2026-10-08T16:28:33.785258Z","raw_position":"54.005479626, -3.313532044","description_status":"Fl Y 5s 5M confirmed for all selected wind-farm lights by Clifton Taylor on 8 October 2026; A06 also shown in IMG_1409.png","source_sha256":"1bdb5187c40faeaca79a9daa97d8e09cc540e915489aa331ff6c6328351afb9d","cross_reference_id":"confirmed-933ecb59770e180c4b48","nearby_record_count":3}},{"type":"Feature","id":"confirmed-a31e277dc8f4cd23101a","geometry":{"type":"Point","coordinates":[-6.17649969255735,53.3426665028794]},"properties":{"mark_type":"port","position_status":"Coordinates confirmed accurate by Clifton Taylor on 8 October 2026; not independently surveyed","classification_source":"User confirmation: all points in this export are port lateral markers","display_label_generated":true,"physical_structure":null,"body_colour":null,"light_characteristics":null,"gpx_display_colour_is_not_navigation_colour":true,"chart_update_status":"Latest TimeZero chart update, confirmed by Clifton Taylor on 8 October 2026","chart_edition":null,"chart_correction_date":null,"name":"Port lateral mark 001","structure":"Not specified in export","colour":"red","light":null,"wind_farm":null,"source_file":"TZiBoatData_2026-10-8_1920(1).gpx","source_sha256":"ef4169669b8aefad9dd9a7ff2c0b8b0754777db5cf3371475af4053278236492","source":"User-supplied TimeZero GPX export; classification confirmed by Clifton Taylor","raw_position":"53.342666503, -6.176499693","confirmed_on":"2026-10-08","cross_reference_id":"confirmed-a31e277dc8f4cd23101a","nearby_record_count":1,"colour_basis":"Port lateral classification; physical colour not exported separately","description_status":"Port lateral type and latest TimeZero chart update provenance confirmed by Clifton Taylor; light rhythm and physical structure not supplied"}},{"type":"Feature","id":"confirmed-6eddc1c433cbd1e7d2e9","geometry":{"type":"Point","coordinates":[-6.16916702903648,53.3426665028794]},"properties":{"mark_type":"port","position_status":"Coordinates confirmed accurate by Clifton Taylor on 8 October 2026; not independently surveyed","classification_source":"User confirmation: all points in this export are port lateral markers","display_label_generated":true,"physical_structure":null,"body_colour":null,"light_characteristics":null,"gpx_display_colour_is_not_navigation_colour":true,"chart_update_status":"Latest TimeZero chart update, confirmed by Clifton Taylor on 8 October 2026","chart_edition":null,"chart_correction_date":null,"name":"Port lateral mark 002","structure":"Not specified in export","colour":"red","light":null,"wind_farm":null,"source_file":"TZiBoatData_2026-10-8_1920(1).gpx","source_sha256":"ef4169669b8aefad9dd9a7ff2c0b8b0754777db5cf3371475af4053278236492","source":"User-supplied TimeZero GPX export; classification confirmed by Clifton Taylor","raw_position":"53.342666503, -6.169167029","confirmed_on":"2026-10-08","cross_reference_id":"confirmed-6eddc1c433cbd1e7d2e9","nearby_record_count":1,"colour_basis":"Port lateral classification; physical colour not exported separately","description_status":"Port lateral type and latest TimeZero chart update provenance confirmed by Clifton Taylor; light rhythm and physical structure not supplied"}},{"type":"Feature","id":"confirmed-268e6265578a1c288615","geometry":{"type":"Point","coordinates":[-6.15499988276419,53.3428332954598]},"properties":{"mark_type":"port","position_status":"Coordinates confirmed accurate by Clifton Taylor on 8 October 2026; not independently surveyed","classification_source":"User confirmation: all points in this export are port lateral markers","display_label_generated":true,"physical_structure":null,"body_colour":null,"light_characteristics":null,"gpx_display_colour_is_not_navigation_colour":true,"chart_update_status":"Latest TimeZero chart update, confirmed by Clifton Taylor on 8 October 2026","chart_edition":null,"chart_correction_date":null,"name":"Port lateral mark 003","structure":"Not specified in export","colour":"red","light":null,"wind_farm":null,"source_file":"TZiBoatData_2026-10-8_1920(1).gpx","source_sha256":"ef4169669b8aefad9dd9a7ff2c0b8b0754777db5cf3371475af4053278236492","source":"User-supplied TimeZero GPX export; classification confirmed by Clifton Taylor","raw_position":"53.342833295, -6.154999883","confirmed_on":"2026-10-08","cross_reference_id":"confirmed-268e6265578a1c288615","nearby_record_count":2,"colour_basis":"Port lateral classification; physical colour not exported separately","description_status":"Port lateral type and latest TimeZero chart update provenance confirmed by Clifton Taylor; light rhythm and physical structure not supplied"}},{"type":"Feature","id":"confirmed-1b1859690dc5d8d7d557","geometry":{"type":"Point","coordinates":[-6.15103096417424,53.3428712406803]},"properties":{"mark_type":"port","position_status":"Coordinates confirmed accurate by Clifton Taylor on 8 October 2026; not independently surveyed","classification_source":"User confirmation: all points in this export are port lateral markers","display_label_generated":true,"physical_structure":null,"body_colour":null,"light_characteristics":null,"gpx_display_colour_is_not_navigation_colour":true,"chart_update_status":"Latest TimeZero chart update, confirmed by Clifton Taylor on 8 October 2026","chart_edition":null,"chart_correction_date":null,"name":"Port lateral mark 004","structure":"Not specified in export","colour":"red","light":null,"wind_farm":null,"source_file":"TZiBoatData_2026-10-8_1920(1).gpx","source_sha256":"ef4169669b8aefad9dd9a7ff2c0b8b0754777db5cf3371475af4053278236492","source":"User-supplied TimeZero GPX export; classification confirmed by Clifton Taylor","raw_position":"53.342871241, -6.151030964","confirmed_on":"2026-10-08","cross_reference_id":"confirmed-1b1859690dc5d8d7d557","nearby_record_count":1,"colour_basis":"Port lateral classification; physical colour not exported separately","description_status":"Port lateral type and latest TimeZero chart update provenance confirmed by Clifton Taylor; light rhythm and physical structure not supplied"}},{"type":"Feature","id":"confirmed-132f993b6dc670d04d05","geometry":{"type":"Point","coordinates":[-6.14126662109354,53.3418000048755]},"properties":{"mark_type":"port","position_status":"Coordinates confirmed accurate by Clifton Taylor on 8 October 2026; not independently surveyed","classification_source":"User confirmation: all points in this export are port lateral markers","display_label_generated":true,"physical_structure":null,"body_colour":null,"light_characteristics":null,"gpx_display_colour_is_not_navigation_colour":true,"chart_update_status":"Latest TimeZero chart update, confirmed by Clifton Taylor on 8 October 2026","chart_edition":null,"chart_correction_date":null,"name":"Port lateral mark 005","structure":"Not specified in export","colour":"red","light":null,"wind_farm":null,"source_file":"TZiBoatData_2026-10-8_1920(1).gpx","source_sha256":"ef4169669b8aefad9dd9a7ff2c0b8b0754777db5cf3371475af4053278236492","source":"User-supplied TimeZero GPX export; classification confirmed by Clifton Taylor","raw_position":"53.341800005, -6.141266621","confirmed_on":"2026-10-08","cross_reference_id":"confirmed-132f993b6dc670d04d05","nearby_record_count":1,"colour_basis":"Port lateral classification; physical colour not exported separately","description_status":"Port lateral type and latest TimeZero chart update provenance confirmed by Clifton Taylor; light rhythm and physical structure not supplied"}},{"type":"Feature","id":"confirmed-ea19fd1d2def3541612c","geometry":{"type":"Point","coordinates":[-6.12751683185744,53.3404335040752]},"properties":{"mark_type":"port","position_status":"Coordinates confirmed accurate by Clifton Taylor on 8 October 2026; not independently surveyed","classification_source":"User confirmation: all points in this export are port lateral markers","display_label_generated":true,"physical_structure":null,"body_colour":null,"light_characteristics":null,"gpx_display_colour_is_not_navigation_colour":true,"chart_update_status":"Latest TimeZero chart update, confirmed by Clifton Taylor on 8 October 2026","chart_edition":null,"chart_correction_date":null,"name":"Port lateral mark 006","structure":"Not specified in export","colour":"red","light":null,"wind_farm":null,"source_file":"TZiBoatData_2026-10-8_1920(1).gpx","source_sha256":"ef4169669b8aefad9dd9a7ff2c0b8b0754777db5cf3371475af4053278236492","source":"User-supplied TimeZero GPX export; classification confirmed by Clifton Taylor","raw_position":"53.340433504, -6.127516832","confirmed_on":"2026-10-08","cross_reference_id":"confirmed-ea19fd1d2def3541612c","nearby_record_count":1,"colour_basis":"Port lateral classification; physical colour not exported separately","description_status":"Port lateral type and latest TimeZero chart update provenance confirmed by Clifton Taylor; light rhythm and physical structure not supplied"}},{"type":"Feature","id":"confirmed-52412ba41832e55b558d","geometry":{"type":"Point","coordinates":[-6.11363326540774,53.3394330991821]},"properties":{"mark_type":"port","position_status":"Coordinates confirmed accurate by Clifton Taylor on 8 October 2026; not independently surveyed","classification_source":"User confirmation: all points in this export are port lateral markers","display_label_generated":true,"physical_structure":null,"body_colour":null,"light_characteristics":null,"gpx_display_colour_is_not_navigation_colour":true,"chart_update_status":"Latest TimeZero chart update, confirmed by Clifton Taylor on 8 October 2026","chart_edition":null,"chart_correction_date":null,"name":"Port lateral mark 007","structure":"Not specified in export","colour":"red","light":null,"wind_farm":null,"source_file":"TZiBoatData_2026-10-8_1920(1).gpx","source_sha256":"ef4169669b8aefad9dd9a7ff2c0b8b0754777db5cf3371475af4053278236492","source":"User-supplied TimeZero GPX export; classification confirmed by Clifton Taylor","raw_position":"53.339433099, -6.113633265","confirmed_on":"2026-10-08","cross_reference_id":"confirmed-52412ba41832e55b558d","nearby_record_count":1,"colour_basis":"Port lateral classification; physical colour not exported separately","description_status":"Port lateral type and latest TimeZero chart update provenance confirmed by Clifton Taylor; light rhythm and physical structure not supplied"}},{"type":"Feature","id":"confirmed-3a34a6e035d004ff5469","geometry":{"type":"Point","coordinates":[-4.05594802441422,54.8385712890028]},"properties":{"mark_type":"port","position_status":"Coordinates confirmed accurate by Clifton Taylor on 8 October 2026; not independently surveyed","classification_source":"User confirmation: all points in this export are port lateral markers","display_label_generated":true,"physical_structure":null,"body_colour":null,"light_characteristics":null,"gpx_display_colour_is_not_navigation_colour":true,"chart_update_status":"Latest TimeZero chart update, confirmed by Clifton Taylor on 8 October 2026","chart_edition":null,"chart_correction_date":null,"name":"Port lateral mark 008","structure":"Not specified in export","colour":"red","light":null,"wind_farm":null,"source_file":"TZiBoatData_2026-10-8_1920(1).gpx","source_sha256":"ef4169669b8aefad9dd9a7ff2c0b8b0754777db5cf3371475af4053278236492","source":"User-supplied TimeZero GPX export; classification confirmed by Clifton Taylor","raw_position":"54.838571289, -4.055948024","confirmed_on":"2026-10-08","cross_reference_id":"confirmed-3a34a6e035d004ff5469","nearby_record_count":4,"colour_basis":"Port lateral classification; physical colour not exported separately","description_status":"Port lateral type and latest TimeZero chart update provenance confirmed by Clifton Taylor; light rhythm and physical structure not supplied"}},{"type":"Feature","id":"confirmed-e34a1dcc18592a1b28e3","geometry":{"type":"Point","coordinates":[-4.06398719884445,54.8371444485546]},"properties":{"mark_type":"port","position_status":"Coordinates confirmed accurate by Clifton Taylor on 8 October 2026; not independently surveyed","classification_source":"User confirmation: all points in this export are port lateral markers","display_label_generated":true,"physical_structure":null,"body_colour":null,"light_characteristics":null,"gpx_display_colour_is_not_navigation_colour":true,"chart_update_status":"Latest TimeZero chart update, confirmed by Clifton Taylor on 8 October 2026","chart_edition":null,"chart_correction_date":null,"name":"Port lateral mark 009","structure":"Not specified in export","colour":"red","light":null,"wind_farm":null,"source_file":"TZiBoatData_2026-10-8_1920(1).gpx","source_sha256":"ef4169669b8aefad9dd9a7ff2c0b8b0754777db5cf3371475af4053278236492","source":"User-supplied TimeZero GPX export; classification confirmed by Clifton Taylor","raw_position":"54.837144449, -4.063987199","confirmed_on":"2026-10-08","cross_reference_id":"confirmed-e34a1dcc18592a1b28e3","nearby_record_count":2,"colour_basis":"Port lateral classification; physical colour not exported separately","description_status":"Port lateral type and latest TimeZero chart update provenance confirmed by Clifton Taylor; light rhythm and physical structure not supplied"}},{"type":"Feature","id":"confirmed-534a3956f091c34d923e","geometry":{"type":"Point","coordinates":[-4.06725986328359,54.83422666753]},"properties":{"mark_type":"port","position_status":"Coordinates confirmed accurate by Clifton Taylor on 8 October 2026; not independently surveyed","classification_source":"User confirmation: all points in this export are port lateral markers","display_label_generated":true,"physical_structure":null,"body_colour":null,"light_characteristics":null,"gpx_display_colour_is_not_navigation_colour":true,"chart_update_status":"Latest TimeZero chart update, confirmed by Clifton Taylor on 8 October 2026","chart_edition":null,"chart_correction_date":null,"name":"Port lateral mark 010","structure":"Not specified in export","colour":"red","light":null,"wind_farm":null,"source_file":"TZiBoatData_2026-10-8_1920(1).gpx","source_sha256":"ef4169669b8aefad9dd9a7ff2c0b8b0754777db5cf3371475af4053278236492","source":"User-supplied TimeZero GPX export; classification confirmed by Clifton Taylor","raw_position":"54.834226668, -4.067259863","confirmed_on":"2026-10-08","cross_reference_id":"confirmed-534a3956f091c34d923e","nearby_record_count":0,"colour_basis":"Port lateral classification; physical colour not exported separately","description_status":"Port lateral type and latest TimeZero chart update provenance confirmed by Clifton Taylor; light rhythm and physical structure not supplied"}},{"type":"Feature","id":"confirmed-d4a5035ad05f5b82749c","geometry":{"type":"Point","coordinates":[-4.0677475927082,54.8311518089307]},"properties":{"mark_type":"port","position_status":"Coordinates confirmed accurate by Clifton Taylor on 8 October 2026; not independently surveyed","classification_source":"User confirmation: all points in this export are port lateral markers","display_label_generated":true,"physical_structure":null,"body_colour":null,"light_characteristics":null,"gpx_display_colour_is_not_navigation_colour":true,"chart_update_status":"Latest TimeZero chart update, confirmed by Clifton Taylor on 8 October 2026","chart_edition":null,"chart_correction_date":null,"name":"Port lateral mark 011","structure":"Not specified in export","colour":"red","light":null,"wind_farm":null,"source_file":"TZiBoatData_2026-10-8_1920(1).gpx","source_sha256":"ef4169669b8aefad9dd9a7ff2c0b8b0754777db5cf3371475af4053278236492","source":"User-supplied TimeZero GPX export; classification confirmed by Clifton Taylor","raw_position":"54.831151809, -4.067747593","confirmed_on":"2026-10-08","cross_reference_id":"confirmed-d4a5035ad05f5b82749c","nearby_record_count":2,"colour_basis":"Port lateral classification; physical colour not exported separately","description_status":"Port lateral type and latest TimeZero chart update provenance confirmed by Clifton Taylor; light rhythm and physical structure not supplied"}},{"type":"Feature","id":"confirmed-17f3772b7fbfb2025f4f","geometry":{"type":"Point","coordinates":[-4.06919405883033,54.8283022651024]},"properties":{"mark_type":"port","position_status":"Coordinates confirmed accurate by Clifton Taylor on 8 October 2026; not independently surveyed","classification_source":"User confirmation: all points in this export are port lateral markers","display_label_generated":true,"physical_structure":null,"body_colour":null,"light_characteristics":null,"gpx_display_colour_is_not_navigation_colour":true,"chart_update_status":"Latest TimeZero chart update, confirmed by Clifton Taylor on 8 October 2026","chart_edition":null,"chart_correction_date":null,"name":"Port lateral mark 012","structure":"Not specified in export","colour":"red","light":null,"wind_farm":null,"source_file":"TZiBoatData_2026-10-8_1920(1).gpx","source_sha256":"ef4169669b8aefad9dd9a7ff2c0b8b0754777db5cf3371475af4053278236492","source":"User-supplied TimeZero GPX export; classification confirmed by Clifton Taylor","raw_position":"54.828302265, -4.069194059","confirmed_on":"2026-10-08","cross_reference_id":"confirmed-17f3772b7fbfb2025f4f","nearby_record_count":0,"colour_basis":"Port lateral classification; physical colour not exported separately","description_status":"Port lateral type and latest TimeZero chart update provenance confirmed by Clifton Taylor; light rhythm and physical structure not supplied"}},{"type":"Feature","id":"confirmed-03e0333de4f73df269d6","geometry":{"type":"Point","coordinates":[-4.07370137547005,54.8231503309756]},"properties":{"mark_type":"port","position_status":"Coordinates confirmed accurate by Clifton Taylor on 8 October 2026; not independently surveyed","classification_source":"User confirmation: all points in this export are port lateral markers","display_label_generated":true,"physical_structure":null,"body_colour":null,"light_characteristics":null,"gpx_display_colour_is_not_navigation_colour":true,"chart_update_status":"Latest TimeZero chart update, confirmed by Clifton Taylor on 8 October 2026","chart_edition":null,"chart_correction_date":null,"name":"Port lateral mark 013","structure":"Not specified in export","colour":"red","light":null,"wind_farm":null,"source_file":"TZiBoatData_2026-10-8_1920(1).gpx","source_sha256":"ef4169669b8aefad9dd9a7ff2c0b8b0754777db5cf3371475af4053278236492","source":"User-supplied TimeZero GPX export; classification confirmed by Clifton Taylor","raw_position":"54.823150331, -4.073701375","confirmed_on":"2026-10-08","cross_reference_id":"confirmed-03e0333de4f73df269d6","nearby_record_count":2,"colour_basis":"Port lateral classification; physical colour not exported separately","description_status":"Port lateral type and latest TimeZero chart update provenance confirmed by Clifton Taylor; light rhythm and physical structure not supplied"}},{"type":"Feature","id":"confirmed-37b185daa0aa340f54d0","geometry":{"type":"Point","coordinates":[-4.07976733599957,54.8180645269732]},"properties":{"mark_type":"port","position_status":"Coordinates confirmed accurate by Clifton Taylor on 8 October 2026; not independently surveyed","classification_source":"User confirmation: all points in this export are port lateral markers","display_label_generated":true,"physical_structure":null,"body_colour":null,"light_characteristics":null,"gpx_display_colour_is_not_navigation_colour":true,"chart_update_status":"Latest TimeZero chart update, confirmed by Clifton Taylor on 8 October 2026","chart_edition":null,"chart_correction_date":null,"name":"Port lateral mark 014","structure":"Not specified in export","colour":"red","light":null,"wind_farm":null,"source_file":"TZiBoatData_2026-10-8_1920(1).gpx","source_sha256":"ef4169669b8aefad9dd9a7ff2c0b8b0754777db5cf3371475af4053278236492","source":"User-supplied TimeZero GPX export; classification confirmed by Clifton Taylor","raw_position":"54.818064527, -4.079767336","confirmed_on":"2026-10-08","cross_reference_id":"confirmed-37b185daa0aa340f54d0","nearby_record_count":0,"colour_basis":"Port lateral classification; physical colour not exported separately","description_status":"Port lateral type and latest TimeZero chart update provenance confirmed by Clifton Taylor; light rhythm and physical structure not supplied"}},{"type":"Feature","id":"confirmed-091e972e1881d2f9e553","geometry":{"type":"Point","coordinates":[-4.07780527019999,54.8146918750435]},"properties":{"mark_type":"port","position_status":"Coordinates confirmed accurate by Clifton Taylor on 8 October 2026; not independently surveyed","classification_source":"User confirmation: all points in this export are port lateral markers","display_label_generated":true,"physical_structure":null,"body_colour":null,"light_characteristics":null,"gpx_display_colour_is_not_navigation_colour":true,"chart_update_status":"Latest TimeZero chart update, confirmed by Clifton Taylor on 8 October 2026","chart_edition":null,"chart_correction_date":null,"name":"Port lateral mark 015","structure":"Not specified in export","colour":"red","light":null,"wind_farm":null,"source_file":"TZiBoatData_2026-10-8_1920(1).gpx","source_sha256":"ef4169669b8aefad9dd9a7ff2c0b8b0754777db5cf3371475af4053278236492","source":"User-supplied TimeZero GPX export; classification confirmed by Clifton Taylor","raw_position":"54.814691875, -4.077805270","confirmed_on":"2026-10-08","cross_reference_id":"confirmed-091e972e1881d2f9e553","nearby_record_count":0,"colour_basis":"Port lateral classification; physical colour not exported separately","description_status":"Port lateral type and latest TimeZero chart update provenance confirmed by Clifton Taylor; light rhythm and physical structure not supplied"}},{"type":"Feature","id":"confirmed-98bf9e6a81ec2533bc14","geometry":{"type":"Point","coordinates":[-4.07532481769768,54.8080407013186]},"properties":{"mark_type":"port","position_status":"Coordinates confirmed accurate by Clifton Taylor on 8 October 2026; not independently surveyed","classification_source":"User confirmation: all points in this export are port lateral markers","display_label_generated":true,"physical_structure":null,"body_colour":null,"light_characteristics":null,"gpx_display_colour_is_not_navigation_colour":true,"chart_update_status":"Latest TimeZero chart update, confirmed by Clifton Taylor on 8 October 2026","chart_edition":null,"chart_correction_date":null,"name":"Port lateral mark 016","structure":"Not specified in export","colour":"red","light":null,"wind_farm":null,"source_file":"TZiBoatData_2026-10-8_1920(1).gpx","source_sha256":"ef4169669b8aefad9dd9a7ff2c0b8b0754777db5cf3371475af4053278236492","source":"User-supplied TimeZero GPX export; classification confirmed by Clifton Taylor","raw_position":"54.808040701, -4.075324818","confirmed_on":"2026-10-08","cross_reference_id":"confirmed-98bf9e6a81ec2533bc14","nearby_record_count":0,"colour_basis":"Port lateral classification; physical colour not exported separately","description_status":"Port lateral type and latest TimeZero chart update provenance confirmed by Clifton Taylor; light rhythm and physical structure not supplied"}},{"type":"Feature","id":"confirmed-e003eb8431b5a431326f","geometry":{"type":"Point","coordinates":[-4.07070671680294,54.8018363157137]},"properties":{"mark_type":"port","position_status":"Coordinates confirmed accurate by Clifton Taylor on 8 October 2026; not independently surveyed","classification_source":"User confirmation: all points in this export are port lateral markers","display_label_generated":true,"physical_structure":null,"body_colour":null,"light_characteristics":null,"gpx_display_colour_is_not_navigation_colour":true,"chart_update_status":"Latest TimeZero chart update, confirmed by Clifton Taylor on 8 October 2026","chart_edition":null,"chart_correction_date":null,"name":"Port lateral mark 017","structure":"Not specified in export","colour":"red","light":null,"wind_farm":null,"source_file":"TZiBoatData_2026-10-8_1920(1).gpx","source_sha256":"ef4169669b8aefad9dd9a7ff2c0b8b0754777db5cf3371475af4053278236492","source":"User-supplied TimeZero GPX export; classification confirmed by Clifton Taylor","raw_position":"54.801836316, -4.070706717","confirmed_on":"2026-10-08","cross_reference_id":"confirmed-e003eb8431b5a431326f","nearby_record_count":2,"colour_basis":"Port lateral classification; physical colour not exported separately","description_status":"Port lateral type and latest TimeZero chart update provenance confirmed by Clifton Taylor; light rhythm and physical structure not supplied"}},{"type":"Feature","id":"confirmed-9ecab32c7446c6f87041","geometry":{"type":"Point","coordinates":[-4.06462194385276,54.7970002232242]},"properties":{"mark_type":"port","position_status":"Coordinates confirmed accurate by Clifton Taylor on 8 October 2026; not independently surveyed","classification_source":"User confirmation: all points in this export are port lateral markers","display_label_generated":true,"physical_structure":null,"body_colour":null,"light_characteristics":null,"gpx_display_colour_is_not_navigation_colour":true,"chart_update_status":"Latest TimeZero chart update, confirmed by Clifton Taylor on 8 October 2026","chart_edition":null,"chart_correction_date":null,"name":"Port lateral mark 018","structure":"Not specified in export","colour":"red","light":null,"wind_farm":null,"source_file":"TZiBoatData_2026-10-8_1920(1).gpx","source_sha256":"ef4169669b8aefad9dd9a7ff2c0b8b0754777db5cf3371475af4053278236492","source":"User-supplied TimeZero GPX export; classification confirmed by Clifton Taylor","raw_position":"54.797000223, -4.064621944","confirmed_on":"2026-10-08","cross_reference_id":"confirmed-9ecab32c7446c6f87041","nearby_record_count":0,"colour_basis":"Port lateral classification; physical colour not exported separately","description_status":"Port lateral type and latest TimeZero chart update provenance confirmed by Clifton Taylor; light rhythm and physical structure not supplied"}},{"type":"Feature","id":"confirmed-c5c1cbc6ea9c9f0b3e31","geometry":{"type":"Point","coordinates":[-4.06384784758027,54.7956620839932]},"properties":{"mark_type":"port","position_status":"Coordinates confirmed accurate by Clifton Taylor on 8 October 2026; not independently surveyed","classification_source":"User confirmation: all points in this export are port lateral markers","display_label_generated":true,"physical_structure":null,"body_colour":null,"light_characteristics":null,"gpx_display_colour_is_not_navigation_colour":true,"chart_update_status":"Latest TimeZero chart update, confirmed by Clifton Taylor on 8 October 2026","chart_edition":null,"chart_correction_date":null,"name":"Port lateral mark 019","structure":"Not specified in export","colour":"red","light":null,"wind_farm":null,"source_file":"TZiBoatData_2026-10-8_1920(1).gpx","source_sha256":"ef4169669b8aefad9dd9a7ff2c0b8b0754777db5cf3371475af4053278236492","source":"User-supplied TimeZero GPX export; classification confirmed by Clifton Taylor","raw_position":"54.795662084, -4.063847848","confirmed_on":"2026-10-08","cross_reference_id":"confirmed-c5c1cbc6ea9c9f0b3e31","nearby_record_count":0,"colour_basis":"Port lateral classification; physical colour not exported separately","description_status":"Port lateral type and latest TimeZero chart update provenance confirmed by Clifton Taylor; light rhythm and physical structure not supplied"}},{"type":"Feature","id":"confirmed-bed2bd6b0ae98d97e315","geometry":{"type":"Point","coordinates":[-3.23495008358453,54.0986833738299]},"properties":{"mark_type":"port","position_status":"Coordinates confirmed accurate by Clifton Taylor on 8 October 2026; not independently surveyed","classification_source":"User confirmation: all points in this export are port lateral markers","display_label_generated":true,"physical_structure":null,"body_colour":null,"light_characteristics":null,"gpx_display_colour_is_not_navigation_colour":true,"chart_update_status":"Latest TimeZero chart update, confirmed by Clifton Taylor on 8 October 2026","chart_edition":null,"chart_correction_date":null,"name":"Port lateral mark 020","structure":"Not specified in export","colour":"red","light":null,"wind_farm":null,"source_file":"TZiBoatData_2026-10-8_1920(1).gpx","source_sha256":"ef4169669b8aefad9dd9a7ff2c0b8b0754777db5cf3371475af4053278236492","source":"User-supplied TimeZero GPX export; classification confirmed by Clifton Taylor","raw_position":"54.098683374, -3.234950084","confirmed_on":"2026-10-08","cross_reference_id":"confirmed-bed2bd6b0ae98d97e315","nearby_record_count":4,"colour_basis":"Port lateral classification; physical colour not exported separately","description_status":"Port lateral type and latest TimeZero chart update provenance confirmed by Clifton Taylor; light rhythm and physical structure not supplied"}},{"type":"Feature","id":"confirmed-2cecfebe0c77c6099512","geometry":{"type":"Point","coordinates":[-3.23169971534766,54.096166806313]},"properties":{"mark_type":"port","position_status":"Coordinates confirmed accurate by Clifton Taylor on 8 October 2026; not independently surveyed","classification_source":"User confirmation: all points in this export are port lateral markers","display_label_generated":true,"physical_structure":null,"body_colour":null,"light_characteristics":null,"gpx_display_colour_is_not_navigation_colour":true,"chart_update_status":"Latest TimeZero chart update, confirmed by Clifton Taylor on 8 October 2026","chart_edition":null,"chart_correction_date":null,"name":"Port lateral mark 021","structure":"Not specified in export","colour":"red","light":null,"wind_farm":null,"source_file":"TZiBoatData_2026-10-8_1920(1).gpx","source_sha256":"ef4169669b8aefad9dd9a7ff2c0b8b0754777db5cf3371475af4053278236492","source":"User-supplied TimeZero GPX export; classification confirmed by Clifton Taylor","raw_position":"54.096166806, -3.231699715","confirmed_on":"2026-10-08","cross_reference_id":"confirmed-2cecfebe0c77c6099512","nearby_record_count":4,"colour_basis":"Port lateral classification; physical colour not exported separately","description_status":"Port lateral type and latest TimeZero chart update provenance confirmed by Clifton Taylor; light rhythm and physical structure not supplied"}},{"type":"Feature","id":"confirmed-2cd214f3b1b64861c04d","geometry":{"type":"Point","coordinates":[-3.22927012605678,54.0933760832606]},"properties":{"mark_type":"port","position_status":"Coordinates confirmed accurate by Clifton Taylor on 8 October 2026; not independently surveyed","classification_source":"User confirmation: all points in this export are port lateral markers","display_label_generated":true,"physical_structure":null,"body_colour":null,"light_characteristics":null,"gpx_display_colour_is_not_navigation_colour":true,"chart_update_status":"Latest TimeZero chart update, confirmed by Clifton Taylor on 8 October 2026","chart_edition":null,"chart_correction_date":null,"name":"Port lateral mark 022","structure":"Not specified in export","colour":"red","light":null,"wind_farm":null,"source_file":"TZiBoatData_2026-10-8_1920(1).gpx","source_sha256":"ef4169669b8aefad9dd9a7ff2c0b8b0754777db5cf3371475af4053278236492","source":"User-supplied TimeZero GPX export; classification confirmed by Clifton Taylor","raw_position":"54.093376083, -3.229270126","confirmed_on":"2026-10-08","cross_reference_id":"confirmed-2cd214f3b1b64861c04d","nearby_record_count":4,"colour_basis":"Port lateral classification; physical colour not exported separately","description_status":"Port lateral type and latest TimeZero chart update provenance confirmed by Clifton Taylor; light rhythm and physical structure not supplied"}},{"type":"Feature","id":"confirmed-35ee7305f4967f04c107","geometry":{"type":"Point","coordinates":[-3.22730527323192,54.090969373448]},"properties":{"mark_type":"port","position_status":"Coordinates confirmed accurate by Clifton Taylor on 8 October 2026; not independently surveyed","classification_source":"User confirmation: all points in this export are port lateral markers","display_label_generated":true,"physical_structure":null,"body_colour":null,"light_characteristics":null,"gpx_display_colour_is_not_navigation_colour":true,"chart_update_status":"Latest TimeZero chart update, confirmed by Clifton Taylor on 8 October 2026","chart_edition":null,"chart_correction_date":null,"name":"Port lateral mark 023","structure":"Not specified in export","colour":"red","light":null,"wind_farm":null,"source_file":"TZiBoatData_2026-10-8_1920(1).gpx","source_sha256":"ef4169669b8aefad9dd9a7ff2c0b8b0754777db5cf3371475af4053278236492","source":"User-supplied TimeZero GPX export; classification confirmed by Clifton Taylor","raw_position":"54.090969373, -3.227305273","confirmed_on":"2026-10-08","cross_reference_id":"confirmed-35ee7305f4967f04c107","nearby_record_count":4,"colour_basis":"Port lateral classification; physical colour not exported separately","description_status":"Port lateral type and latest TimeZero chart update provenance confirmed by Clifton Taylor; light rhythm and physical structure not supplied"}},{"type":"Feature","id":"confirmed-62a34e9a3bb145956cd2","geometry":{"type":"Point","coordinates":[-3.22135776127695,54.0859432231638]},"properties":{"mark_type":"port","position_status":"Coordinates confirmed accurate by Clifton Taylor on 8 October 2026; not independently surveyed","classification_source":"User confirmation: all points in this export are port lateral markers","display_label_generated":true,"physical_structure":null,"body_colour":null,"light_characteristics":null,"gpx_display_colour_is_not_navigation_colour":true,"chart_update_status":"Latest TimeZero chart update, confirmed by Clifton Taylor on 8 October 2026","chart_edition":null,"chart_correction_date":null,"name":"Port lateral mark 024","structure":"Not specified in export","colour":"red","light":null,"wind_farm":null,"source_file":"TZiBoatData_2026-10-8_1920(1).gpx","source_sha256":"ef4169669b8aefad9dd9a7ff2c0b8b0754777db5cf3371475af4053278236492","source":"User-supplied TimeZero GPX export; classification confirmed by Clifton Taylor","raw_position":"54.085943223, -3.221357761","confirmed_on":"2026-10-08","cross_reference_id":"confirmed-62a34e9a3bb145956cd2","nearby_record_count":2,"colour_basis":"Port lateral classification; physical colour not exported separately","description_status":"Port lateral type and latest TimeZero chart update provenance confirmed by Clifton Taylor; light rhythm and physical structure not supplied"}},{"type":"Feature","id":"confirmed-10d608ff9dc137c129e5","geometry":{"type":"Point","coordinates":[-3.21884874176549,54.0839764716528]},"properties":{"mark_type":"port","position_status":"Coordinates confirmed accurate by Clifton Taylor on 8 October 2026; not independently surveyed","classification_source":"User confirmation: all points in this export are port lateral markers","display_label_generated":true,"physical_structure":null,"body_colour":null,"light_characteristics":null,"gpx_display_colour_is_not_navigation_colour":true,"chart_update_status":"Latest TimeZero chart update, confirmed by Clifton Taylor on 8 October 2026","chart_edition":null,"chart_correction_date":null,"name":"Port lateral mark 025","structure":"Not specified in export","colour":"red","light":null,"wind_farm":null,"source_file":"TZiBoatData_2026-10-8_1920(1).gpx","source_sha256":"ef4169669b8aefad9dd9a7ff2c0b8b0754777db5cf3371475af4053278236492","source":"User-supplied TimeZero GPX export; classification confirmed by Clifton Taylor","raw_position":"54.083976472, -3.218848742","confirmed_on":"2026-10-08","cross_reference_id":"confirmed-10d608ff9dc137c129e5","nearby_record_count":2,"colour_basis":"Port lateral classification; physical colour not exported separately","description_status":"Port lateral type and latest TimeZero chart update provenance confirmed by Clifton Taylor; light rhythm and physical structure not supplied"}},{"type":"Feature","id":"confirmed-88ae201d8c6f48fa32c3","geometry":{"type":"Point","coordinates":[-3.21466820384025,54.0818928664466]},"properties":{"mark_type":"port","position_status":"Coordinates confirmed accurate by Clifton Taylor on 8 October 2026; not independently surveyed","classification_source":"User confirmation: all points in this export are port lateral markers","display_label_generated":true,"physical_structure":null,"body_colour":null,"light_characteristics":null,"gpx_display_colour_is_not_navigation_colour":true,"chart_update_status":"Latest TimeZero chart update, confirmed by Clifton Taylor on 8 October 2026","chart_edition":null,"chart_correction_date":null,"name":"Port lateral mark 026","structure":"Not specified in export","colour":"red","light":null,"wind_farm":null,"source_file":"TZiBoatData_2026-10-8_1920(1).gpx","source_sha256":"ef4169669b8aefad9dd9a7ff2c0b8b0754777db5cf3371475af4053278236492","source":"User-supplied TimeZero GPX export; classification confirmed by Clifton Taylor","raw_position":"54.081892866, -3.214668204","confirmed_on":"2026-10-08","cross_reference_id":"confirmed-88ae201d8c6f48fa32c3","nearby_record_count":2,"colour_basis":"Port lateral classification; physical colour not exported separately","description_status":"Port lateral type and latest TimeZero chart update provenance confirmed by Clifton Taylor; light rhythm and physical structure not supplied"}},{"type":"Feature","id":"confirmed-0de2f072d058ce759f40","geometry":{"type":"Point","coordinates":[-3.20636964147241,54.0793650328526]},"properties":{"mark_type":"port","position_status":"Coordinates confirmed accurate by Clifton Taylor on 8 October 2026; not independently surveyed","classification_source":"User confirmation: all points in this export are port lateral markers","display_label_generated":true,"physical_structure":null,"body_colour":null,"light_characteristics":null,"gpx_display_colour_is_not_navigation_colour":true,"chart_update_status":"Latest TimeZero chart update, confirmed by Clifton Taylor on 8 October 2026","chart_edition":null,"chart_correction_date":null,"name":"Port lateral mark 027","structure":"Not specified in export","colour":"red","light":null,"wind_farm":null,"source_file":"TZiBoatData_2026-10-8_1920(1).gpx","source_sha256":"ef4169669b8aefad9dd9a7ff2c0b8b0754777db5cf3371475af4053278236492","source":"User-supplied TimeZero GPX export; classification confirmed by Clifton Taylor","raw_position":"54.079365033, -3.206369641","confirmed_on":"2026-10-08","cross_reference_id":"confirmed-0de2f072d058ce759f40","nearby_record_count":2,"colour_basis":"Port lateral classification; physical colour not exported separately","description_status":"Port lateral type and latest TimeZero chart update provenance confirmed by Clifton Taylor; light rhythm and physical structure not supplied"}},{"type":"Feature","id":"confirmed-a4ebd9dac2a66282f603","geometry":{"type":"Point","coordinates":[-3.19705888675659,54.0765072065102]},"properties":{"mark_type":"port","position_status":"Coordinates confirmed accurate by Clifton Taylor on 8 October 2026; not independently surveyed","classification_source":"User confirmation: all points in this export are port lateral markers","display_label_generated":true,"physical_structure":null,"body_colour":null,"light_characteristics":null,"gpx_display_colour_is_not_navigation_colour":true,"chart_update_status":"Latest TimeZero chart update, confirmed by Clifton Taylor on 8 October 2026","chart_edition":null,"chart_correction_date":null,"name":"Port lateral mark 028","structure":"Not specified in export","colour":"red","light":null,"wind_farm":null,"source_file":"TZiBoatData_2026-10-8_1920(1).gpx","source_sha256":"ef4169669b8aefad9dd9a7ff2c0b8b0754777db5cf3371475af4053278236492","source":"User-supplied TimeZero GPX export; classification confirmed by Clifton Taylor","raw_position":"54.076507207, -3.197058887","confirmed_on":"2026-10-08","cross_reference_id":"confirmed-a4ebd9dac2a66282f603","nearby_record_count":2,"colour_basis":"Port lateral classification; physical colour not exported separately","description_status":"Port lateral type and latest TimeZero chart update provenance confirmed by Clifton Taylor; light rhythm and physical structure not supplied"}},{"type":"Feature","id":"confirmed-f884bb4b62f1fcc7583d","geometry":{"type":"Point","coordinates":[-3.17978142026792,54.071272057403]},"properties":{"mark_type":"port","position_status":"Coordinates confirmed accurate by Clifton Taylor on 8 October 2026; not independently surveyed","classification_source":"User confirmation: all points in this export are port lateral markers","display_label_generated":true,"physical_structure":null,"body_colour":null,"light_characteristics":null,"gpx_display_colour_is_not_navigation_colour":true,"chart_update_status":"Latest TimeZero chart update, confirmed by Clifton Taylor on 8 October 2026","chart_edition":null,"chart_correction_date":null,"name":"Port lateral mark 029","structure":"Not specified in export","colour":"red","light":null,"wind_farm":null,"source_file":"TZiBoatData_2026-10-8_1920(1).gpx","source_sha256":"ef4169669b8aefad9dd9a7ff2c0b8b0754777db5cf3371475af4053278236492","source":"User-supplied TimeZero GPX export; classification confirmed by Clifton Taylor","raw_position":"54.071272057, -3.179781420","confirmed_on":"2026-10-08","cross_reference_id":"confirmed-f884bb4b62f1fcc7583d","nearby_record_count":3,"colour_basis":"Port lateral classification; physical colour not exported separately","description_status":"Port lateral type and latest TimeZero chart update provenance confirmed by Clifton Taylor; light rhythm and physical structure not supplied"}},{"type":"Feature","id":"confirmed-016bd2021d005c407cf2","geometry":{"type":"Point","coordinates":[-3.17190807384206,54.0687898830906]},"properties":{"mark_type":"port","position_status":"Coordinates confirmed accurate by Clifton Taylor on 8 October 2026; not independently surveyed","classification_source":"User confirmation: all points in this export are port lateral markers","display_label_generated":true,"physical_structure":null,"body_colour":null,"light_characteristics":null,"gpx_display_colour_is_not_navigation_colour":true,"chart_update_status":"Latest TimeZero chart update, confirmed by Clifton Taylor on 8 October 2026","chart_edition":null,"chart_correction_date":null,"name":"Port lateral mark 030","structure":"Not specified in export","colour":"red","light":null,"wind_farm":null,"source_file":"TZiBoatData_2026-10-8_1920(1).gpx","source_sha256":"ef4169669b8aefad9dd9a7ff2c0b8b0754777db5cf3371475af4053278236492","source":"User-supplied TimeZero GPX export; classification confirmed by Clifton Taylor","raw_position":"54.068789883, -3.171908074","confirmed_on":"2026-10-08","cross_reference_id":"confirmed-016bd2021d005c407cf2","nearby_record_count":3,"colour_basis":"Port lateral classification; physical colour not exported separately","description_status":"Port lateral type and latest TimeZero chart update provenance confirmed by Clifton Taylor; light rhythm and physical structure not supplied"}},{"type":"Feature","id":"confirmed-08d80f8e262d6dbbecaa","geometry":{"type":"Point","coordinates":[-3.1673129659059,54.0662448542083]},"properties":{"mark_type":"port","position_status":"Coordinates confirmed accurate by Clifton Taylor on 8 October 2026; not independently surveyed","classification_source":"User confirmation: all points in this export are port lateral markers","display_label_generated":true,"physical_structure":null,"body_colour":null,"light_characteristics":null,"gpx_display_colour_is_not_navigation_colour":true,"chart_update_status":"Latest TimeZero chart update, confirmed by Clifton Taylor on 8 October 2026","chart_edition":null,"chart_correction_date":null,"name":"Port lateral mark 031","structure":"Not specified in export","colour":"red","light":null,"wind_farm":null,"source_file":"TZiBoatData_2026-10-8_1920(1).gpx","source_sha256":"ef4169669b8aefad9dd9a7ff2c0b8b0754777db5cf3371475af4053278236492","source":"User-supplied TimeZero GPX export; classification confirmed by Clifton Taylor","raw_position":"54.066244854, -3.167312966","confirmed_on":"2026-10-08","cross_reference_id":"confirmed-08d80f8e262d6dbbecaa","nearby_record_count":3,"colour_basis":"Port lateral classification; physical colour not exported separately","description_status":"Port lateral type and latest TimeZero chart update provenance confirmed by Clifton Taylor; light rhythm and physical structure not supplied"}},{"type":"Feature","id":"confirmed-1789394ae6fba1d62429","geometry":{"type":"Point","coordinates":[-3.16633681030036,54.0633537407985]},"properties":{"mark_type":"port","position_status":"Coordinates confirmed accurate by Clifton Taylor on 8 October 2026; not independently surveyed","classification_source":"User confirmation: all points in this export are port lateral markers","display_label_generated":true,"physical_structure":null,"body_colour":null,"light_characteristics":null,"gpx_display_colour_is_not_navigation_colour":true,"chart_update_status":"Latest TimeZero chart update, confirmed by Clifton Taylor on 8 October 2026","chart_edition":null,"chart_correction_date":null,"name":"Port lateral mark 032","structure":"Not specified in export","colour":"red","light":null,"wind_farm":null,"source_file":"TZiBoatData_2026-10-8_1920(1).gpx","source_sha256":"ef4169669b8aefad9dd9a7ff2c0b8b0754777db5cf3371475af4053278236492","source":"User-supplied TimeZero GPX export; classification confirmed by Clifton Taylor","raw_position":"54.063353741, -3.166336810","confirmed_on":"2026-10-08","cross_reference_id":"confirmed-1789394ae6fba1d62429","nearby_record_count":3,"colour_basis":"Port lateral classification; physical colour not exported separately","description_status":"Port lateral type and latest TimeZero chart update provenance confirmed by Clifton Taylor; light rhythm and physical structure not supplied"}},{"type":"Feature","id":"confirmed-824f248f41c7ed5d023d","geometry":{"type":"Point","coordinates":[-3.16725304486231,54.0568136523713]},"properties":{"mark_type":"port","position_status":"Coordinates confirmed accurate by Clifton Taylor on 8 October 2026; not independently surveyed","classification_source":"User confirmation: all points in this export are port lateral markers","display_label_generated":true,"physical_structure":null,"body_colour":null,"light_characteristics":null,"gpx_display_colour_is_not_navigation_colour":true,"chart_update_status":"Latest TimeZero chart update, confirmed by Clifton Taylor on 8 October 2026","chart_edition":null,"chart_correction_date":null,"name":"Port lateral mark 033","structure":"Not specified in export","colour":"red","light":null,"wind_farm":null,"source_file":"TZiBoatData_2026-10-8_1920(1).gpx","source_sha256":"ef4169669b8aefad9dd9a7ff2c0b8b0754777db5cf3371475af4053278236492","source":"User-supplied TimeZero GPX export; classification confirmed by Clifton Taylor","raw_position":"54.056813652, -3.167253045","confirmed_on":"2026-10-08","cross_reference_id":"confirmed-824f248f41c7ed5d023d","nearby_record_count":3,"colour_basis":"Port lateral classification; physical colour not exported separately","description_status":"Port lateral type and latest TimeZero chart update provenance confirmed by Clifton Taylor; light rhythm and physical structure not supplied"}},{"type":"Feature","id":"confirmed-f2b6a6f460e05cfe09f3","geometry":{"type":"Point","coordinates":[-3.16893919515882,54.0460838872565]},"properties":{"mark_type":"port","position_status":"Coordinates confirmed accurate by Clifton Taylor on 8 October 2026; not independently surveyed","classification_source":"User confirmation: all points in this export are port lateral markers","display_label_generated":true,"physical_structure":null,"body_colour":null,"light_characteristics":null,"gpx_display_colour_is_not_navigation_colour":true,"chart_update_status":"Latest TimeZero chart update, confirmed by Clifton Taylor on 8 October 2026","chart_edition":null,"chart_correction_date":null,"name":"Port lateral mark 034","structure":"Not specified in export","colour":"red","light":null,"wind_farm":null,"source_file":"TZiBoatData_2026-10-8_1920(1).gpx","source_sha256":"ef4169669b8aefad9dd9a7ff2c0b8b0754777db5cf3371475af4053278236492","source":"User-supplied TimeZero GPX export; classification confirmed by Clifton Taylor","raw_position":"54.046083887, -3.168939195","confirmed_on":"2026-10-08","cross_reference_id":"confirmed-f2b6a6f460e05cfe09f3","nearby_record_count":4,"colour_basis":"Port lateral classification; physical colour not exported separately","description_status":"Port lateral type and latest TimeZero chart update provenance confirmed by Clifton Taylor; light rhythm and physical structure not supplied"}},{"type":"Feature","id":"confirmed-93fe73c39bf36ef567ad","geometry":{"type":"Point","coordinates":[-3.17177638689741,54.0424323198413]},"properties":{"mark_type":"port","position_status":"Coordinates confirmed accurate by Clifton Taylor on 8 October 2026; not independently surveyed","classification_source":"User confirmation: all points in this export are port lateral markers","display_label_generated":true,"physical_structure":null,"body_colour":null,"light_characteristics":null,"gpx_display_colour_is_not_navigation_colour":true,"chart_update_status":"Latest TimeZero chart update, confirmed by Clifton Taylor on 8 October 2026","chart_edition":null,"chart_correction_date":null,"name":"Port lateral mark 035","structure":"Not specified in export","colour":"red","light":null,"wind_farm":null,"source_file":"TZiBoatData_2026-10-8_1920(1).gpx","source_sha256":"ef4169669b8aefad9dd9a7ff2c0b8b0754777db5cf3371475af4053278236492","source":"User-supplied TimeZero GPX export; classification confirmed by Clifton Taylor","raw_position":"54.042432320, -3.171776387","confirmed_on":"2026-10-08","cross_reference_id":"confirmed-93fe73c39bf36ef567ad","nearby_record_count":3,"colour_basis":"Port lateral classification; physical colour not exported separately","description_status":"Port lateral type and latest TimeZero chart update provenance confirmed by Clifton Taylor; light rhythm and physical structure not supplied"}},{"type":"Feature","id":"confirmed-a3b9f721a72c8427c9cf","geometry":{"type":"Point","coordinates":[-3.1849415975803,54.0334259517765]},"properties":{"mark_type":"port","position_status":"Coordinates confirmed accurate by Clifton Taylor on 8 October 2026; not independently surveyed","classification_source":"User confirmation: all points in this export are port lateral markers","display_label_generated":true,"physical_structure":null,"body_colour":null,"light_characteristics":null,"gpx_display_colour_is_not_navigation_colour":true,"chart_update_status":"Latest TimeZero chart update, confirmed by Clifton Taylor on 8 October 2026","chart_edition":null,"chart_correction_date":null,"name":"Port lateral mark 036","structure":"Not specified in export","colour":"red","light":null,"wind_farm":null,"source_file":"TZiBoatData_2026-10-8_1920(1).gpx","source_sha256":"ef4169669b8aefad9dd9a7ff2c0b8b0754777db5cf3371475af4053278236492","source":"User-supplied TimeZero GPX export; classification confirmed by Clifton Taylor","raw_position":"54.033425952, -3.184941598","confirmed_on":"2026-10-08","cross_reference_id":"confirmed-a3b9f721a72c8427c9cf","nearby_record_count":3,"colour_basis":"Port lateral classification; physical colour not exported separately","description_status":"Port lateral type and latest TimeZero chart update provenance confirmed by Clifton Taylor; light rhythm and physical structure not supplied"}},{"type":"Feature","id":"confirmed-c7e2f24433b03a956f2b","geometry":{"type":"Point","coordinates":[-3.21808718710677,54.010836078531]},"properties":{"mark_type":"port","position_status":"Coordinates confirmed accurate by Clifton Taylor on 8 October 2026; not independently surveyed","classification_source":"User confirmation: all points in this export are port lateral markers","display_label_generated":true,"physical_structure":null,"body_colour":null,"light_characteristics":null,"gpx_display_colour_is_not_navigation_colour":true,"chart_update_status":"Latest TimeZero chart update, confirmed by Clifton Taylor on 8 October 2026","chart_edition":null,"chart_correction_date":null,"name":"Port lateral mark 037","structure":"Not specified in export","colour":"red","light":null,"wind_farm":null,"source_file":"TZiBoatData_2026-10-8_1920(1).gpx","source_sha256":"ef4169669b8aefad9dd9a7ff2c0b8b0754777db5cf3371475af4053278236492","source":"User-supplied TimeZero GPX export; classification confirmed by Clifton Taylor","raw_position":"54.010836079, -3.218087187","confirmed_on":"2026-10-08","cross_reference_id":"confirmed-c7e2f24433b03a956f2b","nearby_record_count":3,"colour_basis":"Port lateral classification; physical colour not exported separately","description_status":"Port lateral type and latest TimeZero chart update provenance confirmed by Clifton Taylor; light rhythm and physical structure not supplied"}},{"type":"Feature","id":"confirmed-e37d851a1039f0b0cc6c","geometry":{"type":"Point","coordinates":[-2.96966661121432,54.0104999683089]},"properties":{"mark_type":"port","position_status":"Coordinates confirmed accurate by Clifton Taylor on 8 October 2026; not independently surveyed","classification_source":"User confirmation: all points in this export are port lateral markers","display_label_generated":true,"physical_structure":null,"body_colour":null,"light_characteristics":null,"gpx_display_colour_is_not_navigation_colour":true,"chart_update_status":"Latest TimeZero chart update, confirmed by Clifton Taylor on 8 October 2026","chart_edition":null,"chart_correction_date":null,"name":"Port lateral mark 038","structure":"Not specified in export","colour":"red","light":null,"wind_farm":null,"source_file":"TZiBoatData_2026-10-8_1920(1).gpx","source_sha256":"ef4169669b8aefad9dd9a7ff2c0b8b0754777db5cf3371475af4053278236492","source":"User-supplied TimeZero GPX export; classification confirmed by Clifton Taylor","raw_position":"54.010499968, -2.969666611","confirmed_on":"2026-10-08","cross_reference_id":"confirmed-e37d851a1039f0b0cc6c","nearby_record_count":1,"colour_basis":"Port lateral classification; physical colour not exported separately","description_status":"Port lateral type and latest TimeZero chart update provenance confirmed by Clifton Taylor; light rhythm and physical structure not supplied"}},{"type":"Feature","id":"confirmed-a225f8846abea27a9fb8","geometry":{"type":"Point","coordinates":[-2.9405350348524,54.0303208826978]},"properties":{"mark_type":"port","position_status":"Coordinates confirmed accurate by Clifton Taylor on 8 October 2026; not independently surveyed","classification_source":"User confirmation: all points in this export are port lateral markers","display_label_generated":true,"physical_structure":null,"body_colour":null,"light_characteristics":null,"gpx_display_colour_is_not_navigation_colour":true,"chart_update_status":"Latest TimeZero chart update, confirmed by Clifton Taylor on 8 October 2026","chart_edition":null,"chart_correction_date":null,"name":"Port lateral mark 039","structure":"Not specified in export","colour":"red","light":null,"wind_farm":null,"source_file":"TZiBoatData_2026-10-8_1920(1).gpx","source_sha256":"ef4169669b8aefad9dd9a7ff2c0b8b0754777db5cf3371475af4053278236492","source":"User-supplied TimeZero GPX export; classification confirmed by Clifton Taylor","raw_position":"54.030320883, -2.940535035","confirmed_on":"2026-10-08","cross_reference_id":"confirmed-a225f8846abea27a9fb8","nearby_record_count":4,"colour_basis":"Port lateral classification; physical colour not exported separately","description_status":"Port lateral type and latest TimeZero chart update provenance confirmed by Clifton Taylor; light rhythm and physical structure not supplied"}},{"type":"Feature","id":"confirmed-014bb05775e2f58886c2","geometry":{"type":"Point","coordinates":[-3.1616662580953,53.9368335724627]},"properties":{"mark_type":"port","position_status":"Coordinates confirmed accurate by Clifton Taylor on 8 October 2026; not independently surveyed","classification_source":"User confirmation: all points in this export are port lateral markers","display_label_generated":true,"physical_structure":null,"body_colour":null,"light_characteristics":null,"gpx_display_colour_is_not_navigation_colour":true,"chart_update_status":"Latest TimeZero chart update, confirmed by Clifton Taylor on 8 October 2026","chart_edition":null,"chart_correction_date":null,"name":"Port lateral mark 040","structure":"Not specified in export","colour":"red","light":null,"wind_farm":null,"source_file":"TZiBoatData_2026-10-8_1920(1).gpx","source_sha256":"ef4169669b8aefad9dd9a7ff2c0b8b0754777db5cf3371475af4053278236492","source":"User-supplied TimeZero GPX export; classification confirmed by Clifton Taylor","raw_position":"53.936833572, -3.161666258","confirmed_on":"2026-10-08","cross_reference_id":"confirmed-014bb05775e2f58886c2","nearby_record_count":2,"colour_basis":"Port lateral classification; physical colour not exported separately","description_status":"Port lateral type and latest TimeZero chart update provenance confirmed by Clifton Taylor; light rhythm and physical structure not supplied"}},{"type":"Feature","id":"confirmed-04b1344d547e4814786d","geometry":{"type":"Point","coordinates":[-3.09468339460198,53.9560334741142]},"properties":{"mark_type":"port","position_status":"Coordinates confirmed accurate by Clifton Taylor on 8 October 2026; not independently surveyed","classification_source":"User confirmation: all points in this export are port lateral markers","display_label_generated":true,"physical_structure":null,"body_colour":null,"light_characteristics":null,"gpx_display_colour_is_not_navigation_colour":true,"chart_update_status":"Latest TimeZero chart update, confirmed by Clifton Taylor on 8 October 2026","chart_edition":null,"chart_correction_date":null,"name":"Port lateral mark 041","structure":"Not specified in export","colour":"red","light":null,"wind_farm":null,"source_file":"TZiBoatData_2026-10-8_1920(1).gpx","source_sha256":"ef4169669b8aefad9dd9a7ff2c0b8b0754777db5cf3371475af4053278236492","source":"User-supplied TimeZero GPX export; classification confirmed by Clifton Taylor","raw_position":"53.956033474, -3.094683395","confirmed_on":"2026-10-08","cross_reference_id":"confirmed-04b1344d547e4814786d","nearby_record_count":2,"colour_basis":"Port lateral classification; physical colour not exported separately","description_status":"Port lateral type and latest TimeZero chart update provenance confirmed by Clifton Taylor; light rhythm and physical structure not supplied"}},{"type":"Feature","id":"confirmed-350041de37a770aaf61a","geometry":{"type":"Point","coordinates":[-3.03075212920779,53.9758222376134]},"properties":{"mark_type":"port","position_status":"Coordinates confirmed accurate by Clifton Taylor on 8 October 2026; not independently surveyed","classification_source":"User confirmation: all points in this export are port lateral markers","display_label_generated":true,"physical_structure":null,"body_colour":null,"light_characteristics":null,"gpx_display_colour_is_not_navigation_colour":true,"chart_update_status":"Latest TimeZero chart update, confirmed by Clifton Taylor on 8 October 2026","chart_edition":null,"chart_correction_date":null,"name":"Port lateral mark 042","structure":"Not specified in export","colour":"red","light":null,"wind_farm":null,"source_file":"TZiBoatData_2026-10-8_1920(1).gpx","source_sha256":"ef4169669b8aefad9dd9a7ff2c0b8b0754777db5cf3371475af4053278236492","source":"User-supplied TimeZero GPX export; classification confirmed by Clifton Taylor","raw_position":"53.975822238, -3.030752129","confirmed_on":"2026-10-08","cross_reference_id":"confirmed-350041de37a770aaf61a","nearby_record_count":3,"colour_basis":"Port lateral classification; physical colour not exported separately","description_status":"Port lateral type and latest TimeZero chart update provenance confirmed by Clifton Taylor; light rhythm and physical structure not supplied"}},{"type":"Feature","id":"confirmed-3a9586adca20d4fe342f","geometry":{"type":"Point","coordinates":[-3.02801318011044,53.9601238058236]},"properties":{"mark_type":"port","position_status":"Coordinates confirmed accurate by Clifton Taylor on 8 October 2026; not independently surveyed","classification_source":"User confirmation: all points in this export are port lateral markers","display_label_generated":true,"physical_structure":null,"body_colour":null,"light_characteristics":null,"gpx_display_colour_is_not_navigation_colour":true,"chart_update_status":"Latest TimeZero chart update, confirmed by Clifton Taylor on 8 October 2026","chart_edition":null,"chart_correction_date":null,"name":"Port lateral mark 043","structure":"Not specified in export","colour":"red","light":null,"wind_farm":null,"source_file":"TZiBoatData_2026-10-8_1920(1).gpx","source_sha256":"ef4169669b8aefad9dd9a7ff2c0b8b0754777db5cf3371475af4053278236492","source":"User-supplied TimeZero GPX export; classification confirmed by Clifton Taylor","raw_position":"53.960123806, -3.028013180","confirmed_on":"2026-10-08","cross_reference_id":"confirmed-3a9586adca20d4fe342f","nearby_record_count":1,"colour_basis":"Port lateral classification; physical colour not exported separately","description_status":"Port lateral type and latest TimeZero chart update provenance confirmed by Clifton Taylor; light rhythm and physical structure not supplied"}},{"type":"Feature","id":"confirmed-1d8f54bd33ffbbea1800","geometry":{"type":"Point","coordinates":[-3.02431061702132,53.9544908061869]},"properties":{"mark_type":"port","position_status":"Coordinates confirmed accurate by Clifton Taylor on 8 October 2026; not independently surveyed","classification_source":"User confirmation: all points in this export are port lateral markers","display_label_generated":true,"physical_structure":null,"body_colour":null,"light_characteristics":null,"gpx_display_colour_is_not_navigation_colour":true,"chart_update_status":"Latest TimeZero chart update, confirmed by Clifton Taylor on 8 October 2026","chart_edition":null,"chart_correction_date":null,"name":"Port lateral mark 044","structure":"Not specified in export","colour":"red","light":null,"wind_farm":null,"source_file":"TZiBoatData_2026-10-8_1920(1).gpx","source_sha256":"ef4169669b8aefad9dd9a7ff2c0b8b0754777db5cf3371475af4053278236492","source":"User-supplied TimeZero GPX export; classification confirmed by Clifton Taylor","raw_position":"53.954490806, -3.024310617","confirmed_on":"2026-10-08","cross_reference_id":"confirmed-1d8f54bd33ffbbea1800","nearby_record_count":1,"colour_basis":"Port lateral classification; physical colour not exported separately","description_status":"Port lateral type and latest TimeZero chart update provenance confirmed by Clifton Taylor; light rhythm and physical structure not supplied"}},{"type":"Feature","id":"confirmed-70fd8a9591b910eac890","geometry":{"type":"Point","coordinates":[-3.02296169678411,53.948781532054]},"properties":{"mark_type":"port","position_status":"Coordinates confirmed accurate by Clifton Taylor on 8 October 2026; not independently surveyed","classification_source":"User confirmation: all points in this export are port lateral markers","display_label_generated":true,"physical_structure":null,"body_colour":null,"light_characteristics":null,"gpx_display_colour_is_not_navigation_colour":true,"chart_update_status":"Latest TimeZero chart update, confirmed by Clifton Taylor on 8 October 2026","chart_edition":null,"chart_correction_date":null,"name":"Port lateral mark 045","structure":"Not specified in export","colour":"red","light":null,"wind_farm":null,"source_file":"TZiBoatData_2026-10-8_1920(1).gpx","source_sha256":"ef4169669b8aefad9dd9a7ff2c0b8b0754777db5cf3371475af4053278236492","source":"User-supplied TimeZero GPX export; classification confirmed by Clifton Taylor","raw_position":"53.948781532, -3.022961697","confirmed_on":"2026-10-08","cross_reference_id":"confirmed-70fd8a9591b910eac890","nearby_record_count":1,"colour_basis":"Port lateral classification; physical colour not exported separately","description_status":"Port lateral type and latest TimeZero chart update provenance confirmed by Clifton Taylor; light rhythm and physical structure not supplied"}},{"type":"Feature","id":"confirmed-42b97796bb8fb67ede73","geometry":{"type":"Point","coordinates":[-3.01987576303897,53.9439642863652]},"properties":{"mark_type":"port","position_status":"Coordinates confirmed accurate by Clifton Taylor on 8 October 2026; not independently surveyed","classification_source":"User confirmation: all points in this export are port lateral markers","display_label_generated":true,"physical_structure":null,"body_colour":null,"light_characteristics":null,"gpx_display_colour_is_not_navigation_colour":true,"chart_update_status":"Latest TimeZero chart update, confirmed by Clifton Taylor on 8 October 2026","chart_edition":null,"chart_correction_date":null,"name":"Port lateral mark 046","structure":"Not specified in export","colour":"red","light":null,"wind_farm":null,"source_file":"TZiBoatData_2026-10-8_1920(1).gpx","source_sha256":"ef4169669b8aefad9dd9a7ff2c0b8b0754777db5cf3371475af4053278236492","source":"User-supplied TimeZero GPX export; classification confirmed by Clifton Taylor","raw_position":"53.943964286, -3.019875763","confirmed_on":"2026-10-08","cross_reference_id":"confirmed-42b97796bb8fb67ede73","nearby_record_count":1,"colour_basis":"Port lateral classification; physical colour not exported separately","description_status":"Port lateral type and latest TimeZero chart update provenance confirmed by Clifton Taylor; light rhythm and physical structure not supplied"}},{"type":"Feature","id":"confirmed-5ef3fbbd9fc73713fac2","geometry":{"type":"Point","coordinates":[-3.01558792464032,53.9389290095892]},"properties":{"mark_type":"port","position_status":"Coordinates confirmed accurate by Clifton Taylor on 8 October 2026; not independently surveyed","classification_source":"User confirmation: all points in this export are port lateral markers","display_label_generated":true,"physical_structure":null,"body_colour":null,"light_characteristics":null,"gpx_display_colour_is_not_navigation_colour":true,"chart_update_status":"Latest TimeZero chart update, confirmed by Clifton Taylor on 8 October 2026","chart_edition":null,"chart_correction_date":null,"name":"Port lateral mark 047","structure":"Not specified in export","colour":"red","light":null,"wind_farm":null,"source_file":"TZiBoatData_2026-10-8_1920(1).gpx","source_sha256":"ef4169669b8aefad9dd9a7ff2c0b8b0754777db5cf3371475af4053278236492","source":"User-supplied TimeZero GPX export; classification confirmed by Clifton Taylor","raw_position":"53.938929010, -3.015587925","confirmed_on":"2026-10-08","cross_reference_id":"confirmed-5ef3fbbd9fc73713fac2","nearby_record_count":1,"colour_basis":"Port lateral classification; physical colour not exported separately","description_status":"Port lateral type and latest TimeZero chart update provenance confirmed by Clifton Taylor; light rhythm and physical structure not supplied"}},{"type":"Feature","id":"confirmed-5135c4ec1146f002c7d8","geometry":{"type":"Point","coordinates":[-3.0132872352688,53.9333306633726]},"properties":{"mark_type":"port","position_status":"Coordinates confirmed accurate by Clifton Taylor on 8 October 2026; not independently surveyed","classification_source":"User confirmation: all points in this export are port lateral markers","display_label_generated":true,"physical_structure":null,"body_colour":null,"light_characteristics":null,"gpx_display_colour_is_not_navigation_colour":true,"chart_update_status":"Latest TimeZero chart update, confirmed by Clifton Taylor on 8 October 2026","chart_edition":null,"chart_correction_date":null,"name":"Port lateral mark 048","structure":"Not specified in export","colour":"red","light":null,"wind_farm":null,"source_file":"TZiBoatData_2026-10-8_1920(1).gpx","source_sha256":"ef4169669b8aefad9dd9a7ff2c0b8b0754777db5cf3371475af4053278236492","source":"User-supplied TimeZero GPX export; classification confirmed by Clifton Taylor","raw_position":"53.933330663, -3.013287235","confirmed_on":"2026-10-08","cross_reference_id":"confirmed-5135c4ec1146f002c7d8","nearby_record_count":3,"colour_basis":"Port lateral classification; physical colour not exported separately","description_status":"Port lateral type and latest TimeZero chart update provenance confirmed by Clifton Taylor; light rhythm and physical structure not supplied"}},{"type":"Feature","id":"confirmed-ee50887666fc561d40ca","geometry":{"type":"Point","coordinates":[-3.00633360718649,53.9300000441128]},"properties":{"mark_type":"port","position_status":"Coordinates confirmed accurate by Clifton Taylor on 8 October 2026; not independently surveyed","classification_source":"User confirmation: all points in this export are port lateral markers","display_label_generated":true,"physical_structure":null,"body_colour":null,"light_characteristics":null,"gpx_display_colour_is_not_navigation_colour":true,"chart_update_status":"Latest TimeZero chart update, confirmed by Clifton Taylor on 8 October 2026","chart_edition":null,"chart_correction_date":null,"name":"Port lateral mark 049","structure":"Not specified in export","colour":"red","light":null,"wind_farm":null,"source_file":"TZiBoatData_2026-10-8_1920(1).gpx","source_sha256":"ef4169669b8aefad9dd9a7ff2c0b8b0754777db5cf3371475af4053278236492","source":"User-supplied TimeZero GPX export; classification confirmed by Clifton Taylor","raw_position":"53.930000044, -3.006333607","confirmed_on":"2026-10-08","cross_reference_id":"confirmed-ee50887666fc561d40ca","nearby_record_count":2,"colour_basis":"Port lateral classification; physical colour not exported separately","description_status":"Port lateral type and latest TimeZero chart update provenance confirmed by Clifton Taylor; light rhythm and physical structure not supplied"}},{"type":"Feature","id":"confirmed-23d928bccda59f8a3f84","geometry":{"type":"Point","coordinates":[-3.00221229354853,53.9280353324516]},"properties":{"mark_type":"port","position_status":"Coordinates confirmed accurate by Clifton Taylor on 8 October 2026; not independently surveyed","classification_source":"User confirmation: all points in this export are port lateral markers","display_label_generated":true,"physical_structure":null,"body_colour":null,"light_characteristics":null,"gpx_display_colour_is_not_navigation_colour":true,"chart_update_status":"Latest TimeZero chart update, confirmed by Clifton Taylor on 8 October 2026","chart_edition":null,"chart_correction_date":null,"name":"Port lateral mark 050","structure":"Not specified in export","colour":"red","light":null,"wind_farm":null,"source_file":"TZiBoatData_2026-10-8_1920(1).gpx","source_sha256":"ef4169669b8aefad9dd9a7ff2c0b8b0754777db5cf3371475af4053278236492","source":"User-supplied TimeZero GPX export; classification confirmed by Clifton Taylor","raw_position":"53.928035332, -3.002212294","confirmed_on":"2026-10-08","cross_reference_id":"confirmed-23d928bccda59f8a3f84","nearby_record_count":2,"colour_basis":"Port lateral classification; physical colour not exported separately","description_status":"Port lateral type and latest TimeZero chart update provenance confirmed by Clifton Taylor; light rhythm and physical structure not supplied"}},{"type":"Feature","id":"confirmed-9e14e71d8223f29f1ef1","geometry":{"type":"Point","coordinates":[-3.00067385559204,53.9236368047598]},"properties":{"mark_type":"port","position_status":"Coordinates confirmed accurate by Clifton Taylor on 8 October 2026; not independently surveyed","classification_source":"User confirmation: all points in this export are port lateral markers","display_label_generated":true,"physical_structure":null,"body_colour":null,"light_characteristics":null,"gpx_display_colour_is_not_navigation_colour":true,"chart_update_status":"Latest TimeZero chart update, confirmed by Clifton Taylor on 8 October 2026","chart_edition":null,"chart_correction_date":null,"name":"Port lateral mark 051","structure":"Not specified in export","colour":"red","light":null,"wind_farm":null,"source_file":"TZiBoatData_2026-10-8_1920(1).gpx","source_sha256":"ef4169669b8aefad9dd9a7ff2c0b8b0754777db5cf3371475af4053278236492","source":"User-supplied TimeZero GPX export; classification confirmed by Clifton Taylor","raw_position":"53.923636805, -3.000673856","confirmed_on":"2026-10-08","cross_reference_id":"confirmed-9e14e71d8223f29f1ef1","nearby_record_count":2,"colour_basis":"Port lateral classification; physical colour not exported separately","description_status":"Port lateral type and latest TimeZero chart update provenance confirmed by Clifton Taylor; light rhythm and physical structure not supplied"}},{"type":"Feature","id":"confirmed-4caba6882311cbf637a6","geometry":{"type":"Point","coordinates":[-3.00309996110132,53.9205576405583]},"properties":{"mark_type":"port","position_status":"Coordinates confirmed accurate by Clifton Taylor on 8 October 2026; not independently surveyed","classification_source":"User confirmation: all points in this export are port lateral markers","display_label_generated":true,"physical_structure":null,"body_colour":null,"light_characteristics":null,"gpx_display_colour_is_not_navigation_colour":true,"chart_update_status":"Latest TimeZero chart update, confirmed by Clifton Taylor on 8 October 2026","chart_edition":null,"chart_correction_date":null,"name":"Port lateral mark 052","structure":"Not specified in export","colour":"red","light":null,"wind_farm":null,"source_file":"TZiBoatData_2026-10-8_1920(1).gpx","source_sha256":"ef4169669b8aefad9dd9a7ff2c0b8b0754777db5cf3371475af4053278236492","source":"User-supplied TimeZero GPX export; classification confirmed by Clifton Taylor","raw_position":"53.920557641, -3.003099961","confirmed_on":"2026-10-08","cross_reference_id":"confirmed-4caba6882311cbf637a6","nearby_record_count":2,"colour_basis":"Port lateral classification; physical colour not exported separately","description_status":"Port lateral type and latest TimeZero chart update provenance confirmed by Clifton Taylor; light rhythm and physical structure not supplied"}},{"type":"Feature","id":"confirmed-7fdbfc8b117304736763","geometry":{"type":"Point","coordinates":[-3.00648619682076,53.9198243159115]},"properties":{"mark_type":"port","position_status":"Coordinates confirmed accurate by Clifton Taylor on 8 October 2026; not independently surveyed","classification_source":"User confirmation: all points in this export are port lateral markers","display_label_generated":true,"physical_structure":null,"body_colour":null,"light_characteristics":null,"gpx_display_colour_is_not_navigation_colour":true,"chart_update_status":"Latest TimeZero chart update, confirmed by Clifton Taylor on 8 October 2026","chart_edition":null,"chart_correction_date":null,"name":"Port lateral mark 053","structure":"Not specified in export","colour":"red","light":null,"wind_farm":null,"source_file":"TZiBoatData_2026-10-8_1920(1).gpx","source_sha256":"ef4169669b8aefad9dd9a7ff2c0b8b0754777db5cf3371475af4053278236492","source":"User-supplied TimeZero GPX export; classification confirmed by Clifton Taylor","raw_position":"53.919824316, -3.006486197","confirmed_on":"2026-10-08","cross_reference_id":"confirmed-7fdbfc8b117304736763","nearby_record_count":1,"colour_basis":"Port lateral classification; physical colour not exported separately","description_status":"Port lateral type and latest TimeZero chart update provenance confirmed by Clifton Taylor; light rhythm and physical structure not supplied"}},{"type":"Feature","id":"confirmed-52569c9ebd45a73e8671","geometry":{"type":"Point","coordinates":[-6.19086680789374,53.3425972837661]},"properties":{"mark_type":"port","position_status":"Coordinates confirmed accurate by Clifton Taylor on 8 October 2026; not independently surveyed","classification_source":"User confirmation: all points in this export are port lateral markers","display_label_generated":true,"physical_structure":null,"body_colour":null,"light_characteristics":null,"gpx_display_colour_is_not_navigation_colour":true,"chart_update_status":"Latest TimeZero chart update, confirmed by Clifton Taylor on 8 October 2026","chart_edition":null,"chart_correction_date":null,"name":"Port lateral mark 054","structure":"Not specified in export","colour":"red","light":null,"wind_farm":null,"source_file":"TZiBoatData_2026-10-8_1920(1).gpx","source_sha256":"ef4169669b8aefad9dd9a7ff2c0b8b0754777db5cf3371475af4053278236492","source":"User-supplied TimeZero GPX export; classification confirmed by Clifton Taylor","raw_position":"53.342597284, -6.190866808","confirmed_on":"2026-10-08","cross_reference_id":"confirmed-52569c9ebd45a73e8671","nearby_record_count":1,"colour_basis":"Port lateral classification; physical colour not exported separately","description_status":"Port lateral type and latest TimeZero chart update provenance confirmed by Clifton Taylor; light rhythm and physical structure not supplied"}},{"type":"Feature","id":"confirmed-10d190bbd04648ddc3fb","geometry":{"type":"Point","coordinates":[-6.21743014045693,53.3443135508842]},"properties":{"mark_type":"port","position_status":"Coordinates confirmed accurate by Clifton Taylor on 8 October 2026; not independently surveyed","classification_source":"User confirmation: all points in this export are port lateral markers","display_label_generated":true,"physical_structure":null,"body_colour":null,"light_characteristics":null,"gpx_display_colour_is_not_navigation_colour":true,"chart_update_status":"Latest TimeZero chart update, confirmed by Clifton Taylor on 8 October 2026","chart_edition":null,"chart_correction_date":null,"name":"Port lateral mark 055","structure":"Not specified in export","colour":"red","light":null,"wind_farm":null,"source_file":"TZiBoatData_2026-10-8_1920(1).gpx","source_sha256":"ef4169669b8aefad9dd9a7ff2c0b8b0754777db5cf3371475af4053278236492","source":"User-supplied TimeZero GPX export; classification confirmed by Clifton Taylor","raw_position":"53.344313551, -6.217430140","confirmed_on":"2026-10-08","cross_reference_id":"confirmed-10d190bbd04648ddc3fb","nearby_record_count":1,"colour_basis":"Port lateral classification; physical colour not exported separately","description_status":"Port lateral type and latest TimeZero chart update provenance confirmed by Clifton Taylor; light rhythm and physical structure not supplied"}},{"type":"Feature","id":"confirmed-2d16ebfc593532ecdfc8","geometry":{"type":"Point","coordinates":[-6.22042131534244,53.3452471276823]},"properties":{"mark_type":"port","position_status":"Coordinates confirmed accurate by Clifton Taylor on 8 October 2026; not independently surveyed","classification_source":"User confirmation: all points in this export are port lateral markers","display_label_generated":true,"physical_structure":null,"body_colour":null,"light_characteristics":null,"gpx_display_colour_is_not_navigation_colour":true,"chart_update_status":"Latest TimeZero chart update, confirmed by Clifton Taylor on 8 October 2026","chart_edition":null,"chart_correction_date":null,"name":"Port lateral mark 056","structure":"Not specified in export","colour":"red","light":null,"wind_farm":null,"source_file":"TZiBoatData_2026-10-8_1920(1).gpx","source_sha256":"ef4169669b8aefad9dd9a7ff2c0b8b0754777db5cf3371475af4053278236492","source":"User-supplied TimeZero GPX export; classification confirmed by Clifton Taylor","raw_position":"53.345247128, -6.220421315","confirmed_on":"2026-10-08","cross_reference_id":"confirmed-2d16ebfc593532ecdfc8","nearby_record_count":1,"colour_basis":"Port lateral classification; physical colour not exported separately","description_status":"Port lateral type and latest TimeZero chart update provenance confirmed by Clifton Taylor; light rhythm and physical structure not supplied"}},{"type":"Feature","id":"confirmed-c436a00d25bca47cb6bc","geometry":{"type":"Point","coordinates":[-6.08499986981523,53.2774998150375]},"properties":{"mark_type":"port","position_status":"Coordinates confirmed accurate by Clifton Taylor on 8 October 2026; not independently surveyed","classification_source":"User confirmation: all points in this export are port lateral markers","display_label_generated":true,"physical_structure":null,"body_colour":null,"light_characteristics":null,"gpx_display_colour_is_not_navigation_colour":true,"chart_update_status":"Latest TimeZero chart update, confirmed by Clifton Taylor on 8 October 2026","chart_edition":null,"chart_correction_date":null,"name":"Port lateral mark 057","structure":"Not specified in export","colour":"red","light":null,"wind_farm":null,"source_file":"TZiBoatData_2026-10-8_1920(1).gpx","source_sha256":"ef4169669b8aefad9dd9a7ff2c0b8b0754777db5cf3371475af4053278236492","source":"User-supplied TimeZero GPX export; classification confirmed by Clifton Taylor","raw_position":"53.277499815, -6.084999870","confirmed_on":"2026-10-08","cross_reference_id":"confirmed-c436a00d25bca47cb6bc","nearby_record_count":0,"colour_basis":"Port lateral classification; physical colour not exported separately","description_status":"Port lateral type and latest TimeZero chart update provenance confirmed by Clifton Taylor; light rhythm and physical structure not supplied"}},{"type":"Feature","id":"confirmed-f6c6457942bfcd7495fc","geometry":{"type":"Point","coordinates":[-6.02050005126324,53.1404999686444]},"properties":{"mark_type":"port","position_status":"Coordinates confirmed accurate by Clifton Taylor on 8 October 2026; not independently surveyed","classification_source":"User confirmation: all points in this export are port lateral markers","display_label_generated":true,"physical_structure":null,"body_colour":null,"light_characteristics":null,"gpx_display_colour_is_not_navigation_colour":true,"chart_update_status":"Latest TimeZero chart update, confirmed by Clifton Taylor on 8 October 2026","chart_edition":null,"chart_correction_date":null,"name":"Port lateral mark 058","structure":"Not specified in export","colour":"red","light":null,"wind_farm":null,"source_file":"TZiBoatData_2026-10-8_1920(1).gpx","source_sha256":"ef4169669b8aefad9dd9a7ff2c0b8b0754777db5cf3371475af4053278236492","source":"User-supplied TimeZero GPX export; classification confirmed by Clifton Taylor","raw_position":"53.140499969, -6.020500051","confirmed_on":"2026-10-08","cross_reference_id":"confirmed-f6c6457942bfcd7495fc","nearby_record_count":1,"colour_basis":"Port lateral classification; physical colour not exported separately","description_status":"Port lateral type and latest TimeZero chart update provenance confirmed by Clifton Taylor; light rhythm and physical structure not supplied"}},{"type":"Feature","id":"confirmed-1b6cd3d3f9d6d4e5d8f0","geometry":{"type":"Point","coordinates":[-5.997271589038,53.0951994521035]},"properties":{"mark_type":"port","position_status":"Coordinates confirmed accurate by Clifton Taylor on 8 October 2026; not independently surveyed","classification_source":"User confirmation: all points in this export are port lateral markers","display_label_generated":true,"physical_structure":null,"body_colour":null,"light_characteristics":null,"gpx_display_colour_is_not_navigation_colour":true,"chart_update_status":"Latest TimeZero chart update, confirmed by Clifton Taylor on 8 October 2026","chart_edition":null,"chart_correction_date":null,"name":"Port lateral mark 059","structure":"Not specified in export","colour":"red","light":null,"wind_farm":null,"source_file":"TZiBoatData_2026-10-8_1920(1).gpx","source_sha256":"ef4169669b8aefad9dd9a7ff2c0b8b0754777db5cf3371475af4053278236492","source":"User-supplied TimeZero GPX export; classification confirmed by Clifton Taylor","raw_position":"53.095199452, -5.997271589","confirmed_on":"2026-10-08","cross_reference_id":"confirmed-1b6cd3d3f9d6d4e5d8f0","nearby_record_count":1,"colour_basis":"Port lateral classification; physical colour not exported separately","description_status":"Port lateral type and latest TimeZero chart update provenance confirmed by Clifton Taylor; light rhythm and physical structure not supplied"}},{"type":"Feature","id":"confirmed-55d728ce7925c66bbd22","geometry":{"type":"Point","coordinates":[-6.1733929537916,52.5444219165264]},"properties":{"mark_type":"port","position_status":"Coordinates confirmed accurate by Clifton Taylor on 8 October 2026; not independently surveyed","classification_source":"User confirmation: all points in this export are port lateral markers","display_label_generated":true,"physical_structure":null,"body_colour":null,"light_characteristics":null,"gpx_display_colour_is_not_navigation_colour":true,"chart_update_status":"Latest TimeZero chart update, confirmed by Clifton Taylor on 8 October 2026","chart_edition":null,"chart_correction_date":null,"name":"Port lateral mark 060","structure":"Not specified in export","colour":"red","light":null,"wind_farm":null,"source_file":"TZiBoatData_2026-10-8_1920(1).gpx","source_sha256":"ef4169669b8aefad9dd9a7ff2c0b8b0754777db5cf3371475af4053278236492","source":"User-supplied TimeZero GPX export; classification confirmed by Clifton Taylor","raw_position":"52.544421917, -6.173392954","confirmed_on":"2026-10-08","cross_reference_id":"confirmed-55d728ce7925c66bbd22","nearby_record_count":1,"colour_basis":"Port lateral classification; physical colour not exported separately","description_status":"Port lateral type and latest TimeZero chart update provenance confirmed by Clifton Taylor; light rhythm and physical structure not supplied"}},{"type":"Feature","id":"confirmed-4827129b0f8de463ee6a","geometry":{"type":"Point","coordinates":[-6.18100292632816,52.5178332784516]},"properties":{"mark_type":"port","position_status":"Coordinates confirmed accurate by Clifton Taylor on 8 October 2026; not independently surveyed","classification_source":"User confirmation: all points in this export are port lateral markers","display_label_generated":true,"physical_structure":null,"body_colour":null,"light_characteristics":null,"gpx_display_colour_is_not_navigation_colour":true,"chart_update_status":"Latest TimeZero chart update, confirmed by Clifton Taylor on 8 October 2026","chart_edition":null,"chart_correction_date":null,"name":"Port lateral mark 061","structure":"Not specified in export","colour":"red","light":null,"wind_farm":null,"source_file":"TZiBoatData_2026-10-8_1920(1).gpx","source_sha256":"ef4169669b8aefad9dd9a7ff2c0b8b0754777db5cf3371475af4053278236492","source":"User-supplied TimeZero GPX export; classification confirmed by Clifton Taylor","raw_position":"52.517833278, -6.181002926","confirmed_on":"2026-10-08","cross_reference_id":"confirmed-4827129b0f8de463ee6a","nearby_record_count":2,"colour_basis":"Port lateral classification; physical colour not exported separately","description_status":"Port lateral type and latest TimeZero chart update provenance confirmed by Clifton Taylor; light rhythm and physical structure not supplied"}},{"type":"Feature","id":"confirmed-e7923782521caa720df1","geometry":{"type":"Point","coordinates":[-6.20998380873853,52.4770735509909]},"properties":{"mark_type":"port","position_status":"Coordinates confirmed accurate by Clifton Taylor on 8 October 2026; not independently surveyed","classification_source":"User confirmation: all points in this export are port lateral markers","display_label_generated":true,"physical_structure":null,"body_colour":null,"light_characteristics":null,"gpx_display_colour_is_not_navigation_colour":true,"chart_update_status":"Latest TimeZero chart update, confirmed by Clifton Taylor on 8 October 2026","chart_edition":null,"chart_correction_date":null,"name":"Port lateral mark 062","structure":"Not specified in export","colour":"red","light":null,"wind_farm":null,"source_file":"TZiBoatData_2026-10-8_1920(1).gpx","source_sha256":"ef4169669b8aefad9dd9a7ff2c0b8b0754777db5cf3371475af4053278236492","source":"User-supplied TimeZero GPX export; classification confirmed by Clifton Taylor","raw_position":"52.477073551, -6.209983809","confirmed_on":"2026-10-08","cross_reference_id":"confirmed-e7923782521caa720df1","nearby_record_count":1,"colour_basis":"Port lateral classification; physical colour not exported separately","description_status":"Port lateral type and latest TimeZero chart update provenance confirmed by Clifton Taylor; light rhythm and physical structure not supplied"}},{"type":"Feature","id":"confirmed-dc01a7825675dc389759","geometry":{"type":"Point","coordinates":[-6.2963500278257,52.2499500081676]},"properties":{"mark_type":"port","position_status":"Coordinates confirmed accurate by Clifton Taylor on 8 October 2026; not independently surveyed","classification_source":"User confirmation: all points in this export are port lateral markers","display_label_generated":true,"physical_structure":null,"body_colour":null,"light_characteristics":null,"gpx_display_colour_is_not_navigation_colour":true,"chart_update_status":"Latest TimeZero chart update, confirmed by Clifton Taylor on 8 October 2026","chart_edition":null,"chart_correction_date":null,"name":"Port lateral mark 063","structure":"Not specified in export","colour":"red","light":null,"wind_farm":null,"source_file":"TZiBoatData_2026-10-8_1920(1).gpx","source_sha256":"ef4169669b8aefad9dd9a7ff2c0b8b0754777db5cf3371475af4053278236492","source":"User-supplied TimeZero GPX export; classification confirmed by Clifton Taylor","raw_position":"52.249950008, -6.296350028","confirmed_on":"2026-10-08","cross_reference_id":"confirmed-dc01a7825675dc389759","nearby_record_count":1,"colour_basis":"Port lateral classification; physical colour not exported separately","description_status":"Port lateral type and latest TimeZero chart update provenance confirmed by Clifton Taylor; light rhythm and physical structure not supplied"}},{"type":"Feature","id":"confirmed-e25e0f30687a428a2332","geometry":{"type":"Point","coordinates":[-6.27973358849928,52.239383364507]},"properties":{"mark_type":"port","position_status":"Coordinates confirmed accurate by Clifton Taylor on 8 October 2026; not independently surveyed","classification_source":"User confirmation: all points in this export are port lateral markers","display_label_generated":true,"physical_structure":null,"body_colour":null,"light_characteristics":null,"gpx_display_colour_is_not_navigation_colour":true,"chart_update_status":"Latest TimeZero chart update, confirmed by Clifton Taylor on 8 October 2026","chart_edition":null,"chart_correction_date":null,"name":"Port lateral mark 064","structure":"Not specified in export","colour":"red","light":null,"wind_farm":null,"source_file":"TZiBoatData_2026-10-8_1920(1).gpx","source_sha256":"ef4169669b8aefad9dd9a7ff2c0b8b0754777db5cf3371475af4053278236492","source":"User-supplied TimeZero GPX export; classification confirmed by Clifton Taylor","raw_position":"52.239383365, -6.279733588","confirmed_on":"2026-10-08","cross_reference_id":"confirmed-e25e0f30687a428a2332","nearby_record_count":0,"colour_basis":"Port lateral classification; physical colour not exported separately","description_status":"Port lateral type and latest TimeZero chart update provenance confirmed by Clifton Taylor; light rhythm and physical structure not supplied"}},{"type":"Feature","id":"confirmed-ec0ac0117fd3463cd2a0","geometry":{"type":"Point","coordinates":[-6.32962461494055,52.1840552255646]},"properties":{"mark_type":"port","position_status":"Coordinates confirmed accurate by Clifton Taylor on 8 October 2026; not independently surveyed","classification_source":"User confirmation: all points in this export are port lateral markers","display_label_generated":true,"physical_structure":null,"body_colour":null,"light_characteristics":null,"gpx_display_colour_is_not_navigation_colour":true,"chart_update_status":"Latest TimeZero chart update, confirmed by Clifton Taylor on 8 October 2026","chart_edition":null,"chart_correction_date":null,"name":"Port lateral mark 065","structure":"Not specified in export","colour":"red","light":null,"wind_farm":null,"source_file":"TZiBoatData_2026-10-8_1920(1).gpx","source_sha256":"ef4169669b8aefad9dd9a7ff2c0b8b0754777db5cf3371475af4053278236492","source":"User-supplied TimeZero GPX export; classification confirmed by Clifton Taylor","raw_position":"52.184055226, -6.329624615","confirmed_on":"2026-10-08","cross_reference_id":"confirmed-ec0ac0117fd3463cd2a0","nearby_record_count":1,"colour_basis":"Port lateral classification; physical colour not exported separately","description_status":"Port lateral type and latest TimeZero chart update provenance confirmed by Clifton Taylor; light rhythm and physical structure not supplied"}},{"type":"Feature","id":"confirmed-1281add2d42f126e4307","geometry":{"type":"Point","coordinates":[-6.57856049825514,52.1550209476126]},"properties":{"mark_type":"port","position_status":"Coordinates confirmed accurate by Clifton Taylor on 8 October 2026; not independently surveyed","classification_source":"User confirmation: all points in this export are port lateral markers","display_label_generated":true,"physical_structure":null,"body_colour":null,"light_characteristics":null,"gpx_display_colour_is_not_navigation_colour":true,"chart_update_status":"Latest TimeZero chart update, confirmed by Clifton Taylor on 8 October 2026","chart_edition":null,"chart_correction_date":null,"name":"Port lateral mark 066","structure":"Not specified in export","colour":"red","light":null,"wind_farm":null,"source_file":"TZiBoatData_2026-10-8_1920(1).gpx","source_sha256":"ef4169669b8aefad9dd9a7ff2c0b8b0754777db5cf3371475af4053278236492","source":"User-supplied TimeZero GPX export; classification confirmed by Clifton Taylor","raw_position":"52.155020948, -6.578560498","confirmed_on":"2026-10-08","cross_reference_id":"confirmed-1281add2d42f126e4307","nearby_record_count":2,"colour_basis":"Port lateral classification; physical colour not exported separately","description_status":"Port lateral type and latest TimeZero chart update provenance confirmed by Clifton Taylor; light rhythm and physical structure not supplied"}},{"type":"Feature","id":"confirmed-45c33293137e8535bed6","geometry":{"type":"Point","coordinates":[-6.94586640191153,52.1580667624992]},"properties":{"mark_type":"port","position_status":"Coordinates confirmed accurate by Clifton Taylor on 8 October 2026; not independently surveyed","classification_source":"User confirmation: all points in this export are port lateral markers","display_label_generated":true,"physical_structure":null,"body_colour":null,"light_characteristics":null,"gpx_display_colour_is_not_navigation_colour":true,"chart_update_status":"Latest TimeZero chart update, confirmed by Clifton Taylor on 8 October 2026","chart_edition":null,"chart_correction_date":null,"name":"Port lateral mark 067","structure":"Not specified in export","colour":"red","light":null,"wind_farm":null,"source_file":"TZiBoatData_2026-10-8_1920(1).gpx","source_sha256":"ef4169669b8aefad9dd9a7ff2c0b8b0754777db5cf3371475af4053278236492","source":"User-supplied TimeZero GPX export; classification confirmed by Clifton Taylor","raw_position":"52.158066762, -6.945866402","confirmed_on":"2026-10-08","cross_reference_id":"confirmed-45c33293137e8535bed6","nearby_record_count":0,"colour_basis":"Port lateral classification; physical colour not exported separately","description_status":"Port lateral type and latest TimeZero chart update provenance confirmed by Clifton Taylor; light rhythm and physical structure not supplied"}},{"type":"Feature","id":"confirmed-a9b84f0d15c9676becfb","geometry":{"type":"Point","coordinates":[-6.9410098157688,52.1836882460719]},"properties":{"mark_type":"port","position_status":"Coordinates confirmed accurate by Clifton Taylor on 8 October 2026; not independently surveyed","classification_source":"User confirmation: all points in this export are port lateral markers","display_label_generated":true,"physical_structure":null,"body_colour":null,"light_characteristics":null,"gpx_display_colour_is_not_navigation_colour":true,"chart_update_status":"Latest TimeZero chart update, confirmed by Clifton Taylor on 8 October 2026","chart_edition":null,"chart_correction_date":null,"name":"Port lateral mark 068","structure":"Not specified in export","colour":"red","light":null,"wind_farm":null,"source_file":"TZiBoatData_2026-10-8_1920(1).gpx","source_sha256":"ef4169669b8aefad9dd9a7ff2c0b8b0754777db5cf3371475af4053278236492","source":"User-supplied TimeZero GPX export; classification confirmed by Clifton Taylor","raw_position":"52.183688246, -6.941009816","confirmed_on":"2026-10-08","cross_reference_id":"confirmed-a9b84f0d15c9676becfb","nearby_record_count":1,"colour_basis":"Port lateral classification; physical colour not exported separately","description_status":"Port lateral type and latest TimeZero chart update provenance confirmed by Clifton Taylor; light rhythm and physical structure not supplied"}},{"type":"Feature","id":"confirmed-2db043582b3075bf2858","geometry":{"type":"Point","coordinates":[-6.94017022440215,52.2003626771891]},"properties":{"mark_type":"port","position_status":"Coordinates confirmed accurate by Clifton Taylor on 8 October 2026; not independently surveyed","classification_source":"User confirmation: all points in this export are port lateral markers","display_label_generated":true,"physical_structure":null,"body_colour":null,"light_characteristics":null,"gpx_display_colour_is_not_navigation_colour":true,"chart_update_status":"Latest TimeZero chart update, confirmed by Clifton Taylor on 8 October 2026","chart_edition":null,"chart_correction_date":null,"name":"Port lateral mark 069","structure":"Not specified in export","colour":"red","light":null,"wind_farm":null,"source_file":"TZiBoatData_2026-10-8_1920(1).gpx","source_sha256":"ef4169669b8aefad9dd9a7ff2c0b8b0754777db5cf3371475af4053278236492","source":"User-supplied TimeZero GPX export; classification confirmed by Clifton Taylor","raw_position":"52.200362677, -6.940170224","confirmed_on":"2026-10-08","cross_reference_id":"confirmed-2db043582b3075bf2858","nearby_record_count":1,"colour_basis":"Port lateral classification; physical colour not exported separately","description_status":"Port lateral type and latest TimeZero chart update provenance confirmed by Clifton Taylor; light rhythm and physical structure not supplied"}},{"type":"Feature","id":"confirmed-13cccdbfa252167d0266","geometry":{"type":"Point","coordinates":[-6.94011169687119,52.2069852674957]},"properties":{"mark_type":"port","position_status":"Coordinates confirmed accurate by Clifton Taylor on 8 October 2026; not independently surveyed","classification_source":"User confirmation: all points in this export are port lateral markers","display_label_generated":true,"physical_structure":null,"body_colour":null,"light_characteristics":null,"gpx_display_colour_is_not_navigation_colour":true,"chart_update_status":"Latest TimeZero chart update, confirmed by Clifton Taylor on 8 October 2026","chart_edition":null,"chart_correction_date":null,"name":"Port lateral mark 070","structure":"Not specified in export","colour":"red","light":null,"wind_farm":null,"source_file":"TZiBoatData_2026-10-8_1920(1).gpx","source_sha256":"ef4169669b8aefad9dd9a7ff2c0b8b0754777db5cf3371475af4053278236492","source":"User-supplied TimeZero GPX export; classification confirmed by Clifton Taylor","raw_position":"52.206985267, -6.940111697","confirmed_on":"2026-10-08","cross_reference_id":"confirmed-13cccdbfa252167d0266","nearby_record_count":1,"colour_basis":"Port lateral classification; physical colour not exported separately","description_status":"Port lateral type and latest TimeZero chart update provenance confirmed by Clifton Taylor; light rhythm and physical structure not supplied"}},{"type":"Feature","id":"confirmed-4b271141274e3c571a09","geometry":{"type":"Point","coordinates":[-6.94498639867827,52.2260085772122]},"properties":{"mark_type":"port","position_status":"Coordinates confirmed accurate by Clifton Taylor on 8 October 2026; not independently surveyed","classification_source":"User confirmation: all points in this export are port lateral markers","display_label_generated":true,"physical_structure":null,"body_colour":null,"light_characteristics":null,"gpx_display_colour_is_not_navigation_colour":true,"chart_update_status":"Latest TimeZero chart update, confirmed by Clifton Taylor on 8 October 2026","chart_edition":null,"chart_correction_date":null,"name":"Port lateral mark 071","structure":"Not specified in export","colour":"red","light":null,"wind_farm":null,"source_file":"TZiBoatData_2026-10-8_1920(1).gpx","source_sha256":"ef4169669b8aefad9dd9a7ff2c0b8b0754777db5cf3371475af4053278236492","source":"User-supplied TimeZero GPX export; classification confirmed by Clifton Taylor","raw_position":"52.226008577, -6.944986399","confirmed_on":"2026-10-08","cross_reference_id":"confirmed-4b271141274e3c571a09","nearby_record_count":1,"colour_basis":"Port lateral classification; physical colour not exported separately","description_status":"Port lateral type and latest TimeZero chart update provenance confirmed by Clifton Taylor; light rhythm and physical structure not supplied"}},{"type":"Feature","id":"confirmed-77afbf0d7fe0c39e939e","geometry":{"type":"Point","coordinates":[-7.01089974121906,52.2877167574378]},"properties":{"mark_type":"port","position_status":"Coordinates confirmed accurate by Clifton Taylor on 8 October 2026; not independently surveyed","classification_source":"User confirmation: all points in this export are port lateral markers","display_label_generated":true,"physical_structure":null,"body_colour":null,"light_characteristics":null,"gpx_display_colour_is_not_navigation_colour":true,"chart_update_status":"Latest TimeZero chart update, confirmed by Clifton Taylor on 8 October 2026","chart_edition":null,"chart_correction_date":null,"name":"Port lateral mark 072","structure":"Not specified in export","colour":"red","light":null,"wind_farm":null,"source_file":"TZiBoatData_2026-10-8_1920(1).gpx","source_sha256":"ef4169669b8aefad9dd9a7ff2c0b8b0754777db5cf3371475af4053278236492","source":"User-supplied TimeZero GPX export; classification confirmed by Clifton Taylor","raw_position":"52.287716757, -7.010899741","confirmed_on":"2026-10-08","cross_reference_id":"confirmed-77afbf0d7fe0c39e939e","nearby_record_count":1,"colour_basis":"Port lateral classification; physical colour not exported separately","description_status":"Port lateral type and latest TimeZero chart update provenance confirmed by Clifton Taylor; light rhythm and physical structure not supplied"}},{"type":"Feature","id":"confirmed-85f9e8ae5d512e001297","geometry":{"type":"Point","coordinates":[-7.01866648392782,52.2970502098072]},"properties":{"mark_type":"port","position_status":"Coordinates confirmed accurate by Clifton Taylor on 8 October 2026; not independently surveyed","classification_source":"User confirmation: all points in this export are port lateral markers","display_label_generated":true,"physical_structure":null,"body_colour":null,"light_characteristics":null,"gpx_display_colour_is_not_navigation_colour":true,"chart_update_status":"Latest TimeZero chart update, confirmed by Clifton Taylor on 8 October 2026","chart_edition":null,"chart_correction_date":null,"name":"Port lateral mark 073","structure":"Not specified in export","colour":"red","light":null,"wind_farm":null,"source_file":"TZiBoatData_2026-10-8_1920(1).gpx","source_sha256":"ef4169669b8aefad9dd9a7ff2c0b8b0754777db5cf3371475af4053278236492","source":"User-supplied TimeZero GPX export; classification confirmed by Clifton Taylor","raw_position":"52.297050210, -7.018666484","confirmed_on":"2026-10-08","cross_reference_id":"confirmed-85f9e8ae5d512e001297","nearby_record_count":1,"colour_basis":"Port lateral classification; physical colour not exported separately","description_status":"Port lateral type and latest TimeZero chart update provenance confirmed by Clifton Taylor; light rhythm and physical structure not supplied"}},{"type":"Feature","id":"confirmed-8b1a6de27022bdc30c93","geometry":{"type":"Point","coordinates":[-7.01621668870363,52.2980997977469]},"properties":{"mark_type":"port","position_status":"Coordinates confirmed accurate by Clifton Taylor on 8 October 2026; not independently surveyed","classification_source":"User confirmation: all points in this export are port lateral markers","display_label_generated":true,"physical_structure":null,"body_colour":null,"light_characteristics":null,"gpx_display_colour_is_not_navigation_colour":true,"chart_update_status":"Latest TimeZero chart update, confirmed by Clifton Taylor on 8 October 2026","chart_edition":null,"chart_correction_date":null,"name":"Port lateral mark 074","structure":"Not specified in export","colour":"red","light":null,"wind_farm":null,"source_file":"TZiBoatData_2026-10-8_1920(1).gpx","source_sha256":"ef4169669b8aefad9dd9a7ff2c0b8b0754777db5cf3371475af4053278236492","source":"User-supplied TimeZero GPX export; classification confirmed by Clifton Taylor","raw_position":"52.298099798, -7.016216689","confirmed_on":"2026-10-08","cross_reference_id":"confirmed-8b1a6de27022bdc30c93","nearby_record_count":1,"colour_basis":"Port lateral classification; physical colour not exported separately","description_status":"Port lateral type and latest TimeZero chart update provenance confirmed by Clifton Taylor; light rhythm and physical structure not supplied"}},{"type":"Feature","id":"confirmed-ff6a2ca57cb532db80d3","geometry":{"type":"Point","coordinates":[-7.01205008590482,52.2999165467593]},"properties":{"mark_type":"port","position_status":"Coordinates confirmed accurate by Clifton Taylor on 8 October 2026; not independently surveyed","classification_source":"User confirmation: all points in this export are port lateral markers","display_label_generated":true,"physical_structure":null,"body_colour":null,"light_characteristics":null,"gpx_display_colour_is_not_navigation_colour":true,"chart_update_status":"Latest TimeZero chart update, confirmed by Clifton Taylor on 8 October 2026","chart_edition":null,"chart_correction_date":null,"name":"Port lateral mark 075","structure":"Not specified in export","colour":"red","light":null,"wind_farm":null,"source_file":"TZiBoatData_2026-10-8_1920(1).gpx","source_sha256":"ef4169669b8aefad9dd9a7ff2c0b8b0754777db5cf3371475af4053278236492","source":"User-supplied TimeZero GPX export; classification confirmed by Clifton Taylor","raw_position":"52.299916547, -7.012050086","confirmed_on":"2026-10-08","cross_reference_id":"confirmed-ff6a2ca57cb532db80d3","nearby_record_count":1,"colour_basis":"Port lateral classification; physical colour not exported separately","description_status":"Port lateral type and latest TimeZero chart update provenance confirmed by Clifton Taylor; light rhythm and physical structure not supplied"}},{"type":"Feature","id":"confirmed-ba01d4552f81cb7e0351","geometry":{"type":"Point","coordinates":[-7.00891677272985,52.3060168238107]},"properties":{"mark_type":"port","position_status":"Coordinates confirmed accurate by Clifton Taylor on 8 October 2026; not independently surveyed","classification_source":"User confirmation: all points in this export are port lateral markers","display_label_generated":true,"physical_structure":null,"body_colour":null,"light_characteristics":null,"gpx_display_colour_is_not_navigation_colour":true,"chart_update_status":"Latest TimeZero chart update, confirmed by Clifton Taylor on 8 October 2026","chart_edition":null,"chart_correction_date":null,"name":"Port lateral mark 076","structure":"Not specified in export","colour":"red","light":null,"wind_farm":null,"source_file":"TZiBoatData_2026-10-8_1920(1).gpx","source_sha256":"ef4169669b8aefad9dd9a7ff2c0b8b0754777db5cf3371475af4053278236492","source":"User-supplied TimeZero GPX export; classification confirmed by Clifton Taylor","raw_position":"52.306016824, -7.008916773","confirmed_on":"2026-10-08","cross_reference_id":"confirmed-ba01d4552f81cb7e0351","nearby_record_count":1,"colour_basis":"Port lateral classification; physical colour not exported separately","description_status":"Port lateral type and latest TimeZero chart update provenance confirmed by Clifton Taylor; light rhythm and physical structure not supplied"}},{"type":"Feature","id":"confirmed-6e2140051afa5a4bdf96","geometry":{"type":"Point","coordinates":[-7.00459967056573,52.3141502090544]},"properties":{"mark_type":"port","position_status":"Coordinates confirmed accurate by Clifton Taylor on 8 October 2026; not independently surveyed","classification_source":"User confirmation: all points in this export are port lateral markers","display_label_generated":true,"physical_structure":null,"body_colour":null,"light_characteristics":null,"gpx_display_colour_is_not_navigation_colour":true,"chart_update_status":"Latest TimeZero chart update, confirmed by Clifton Taylor on 8 October 2026","chart_edition":null,"chart_correction_date":null,"name":"Port lateral mark 077","structure":"Not specified in export","colour":"red","light":null,"wind_farm":null,"source_file":"TZiBoatData_2026-10-8_1920(1).gpx","source_sha256":"ef4169669b8aefad9dd9a7ff2c0b8b0754777db5cf3371475af4053278236492","source":"User-supplied TimeZero GPX export; classification confirmed by Clifton Taylor","raw_position":"52.314150209, -7.004599671","confirmed_on":"2026-10-08","cross_reference_id":"confirmed-6e2140051afa5a4bdf96","nearby_record_count":1,"colour_basis":"Port lateral classification; physical colour not exported separately","description_status":"Port lateral type and latest TimeZero chart update provenance confirmed by Clifton Taylor; light rhythm and physical structure not supplied"}},{"type":"Feature","id":"confirmed-b14610c9539c13d03c63","geometry":{"type":"Point","coordinates":[-6.99043322104975,52.3170000617793]},"properties":{"mark_type":"port","position_status":"Coordinates confirmed accurate by Clifton Taylor on 8 October 2026; not independently surveyed","classification_source":"User confirmation: all points in this export are port lateral markers","display_label_generated":true,"physical_structure":null,"body_colour":null,"light_characteristics":null,"gpx_display_colour_is_not_navigation_colour":true,"chart_update_status":"Latest TimeZero chart update, confirmed by Clifton Taylor on 8 October 2026","chart_edition":null,"chart_correction_date":null,"name":"Port lateral mark 078","structure":"Not specified in export","colour":"red","light":null,"wind_farm":null,"source_file":"TZiBoatData_2026-10-8_1920(1).gpx","source_sha256":"ef4169669b8aefad9dd9a7ff2c0b8b0754777db5cf3371475af4053278236492","source":"User-supplied TimeZero GPX export; classification confirmed by Clifton Taylor","raw_position":"52.317000062, -6.990433221","confirmed_on":"2026-10-08","cross_reference_id":"confirmed-b14610c9539c13d03c63","nearby_record_count":1,"colour_basis":"Port lateral classification; physical colour not exported separately","description_status":"Port lateral type and latest TimeZero chart update provenance confirmed by Clifton Taylor; light rhythm and physical structure not supplied"}},{"type":"Feature","id":"confirmed-f5facd3e8fa9755e402a","geometry":{"type":"Point","coordinates":[-6.98475028191046,52.3231292587826]},"properties":{"mark_type":"port","position_status":"Coordinates confirmed accurate by Clifton Taylor on 8 October 2026; not independently surveyed","classification_source":"User confirmation: all points in this export are port lateral markers","display_label_generated":true,"physical_structure":null,"body_colour":null,"light_characteristics":null,"gpx_display_colour_is_not_navigation_colour":true,"chart_update_status":"Latest TimeZero chart update, confirmed by Clifton Taylor on 8 October 2026","chart_edition":null,"chart_correction_date":null,"name":"Port lateral mark 079","structure":"Not specified in export","colour":"red","light":null,"wind_farm":null,"source_file":"TZiBoatData_2026-10-8_1920(1).gpx","source_sha256":"ef4169669b8aefad9dd9a7ff2c0b8b0754777db5cf3371475af4053278236492","source":"User-supplied TimeZero GPX export; classification confirmed by Clifton Taylor","raw_position":"52.323129259, -6.984750282","confirmed_on":"2026-10-08","cross_reference_id":"confirmed-f5facd3e8fa9755e402a","nearby_record_count":1,"colour_basis":"Port lateral classification; physical colour not exported separately","description_status":"Port lateral type and latest TimeZero chart update provenance confirmed by Clifton Taylor; light rhythm and physical structure not supplied"}},{"type":"Feature","id":"confirmed-dcec621dd30400ec9d2b","geometry":{"type":"Point","coordinates":[-6.98646639272877,52.3252762622779]},"properties":{"mark_type":"port","position_status":"Coordinates confirmed accurate by Clifton Taylor on 8 October 2026; not independently surveyed","classification_source":"User confirmation: all points in this export are port lateral markers","display_label_generated":true,"physical_structure":null,"body_colour":null,"light_characteristics":null,"gpx_display_colour_is_not_navigation_colour":true,"chart_update_status":"Latest TimeZero chart update, confirmed by Clifton Taylor on 8 October 2026","chart_edition":null,"chart_correction_date":null,"name":"Port lateral mark 080","structure":"Not specified in export","colour":"red","light":null,"wind_farm":null,"source_file":"TZiBoatData_2026-10-8_1920(1).gpx","source_sha256":"ef4169669b8aefad9dd9a7ff2c0b8b0754777db5cf3371475af4053278236492","source":"User-supplied TimeZero GPX export; classification confirmed by Clifton Taylor","raw_position":"52.325276262, -6.986466393","confirmed_on":"2026-10-08","cross_reference_id":"confirmed-dcec621dd30400ec9d2b","nearby_record_count":1,"colour_basis":"Port lateral classification; physical colour not exported separately","description_status":"Port lateral type and latest TimeZero chart update provenance confirmed by Clifton Taylor; light rhythm and physical structure not supplied"}},{"type":"Feature","id":"confirmed-b2ffc1b00294aba94964","geometry":{"type":"Point","coordinates":[-6.99471687891047,52.3296331322315]},"properties":{"mark_type":"port","position_status":"Coordinates confirmed accurate by Clifton Taylor on 8 October 2026; not independently surveyed","classification_source":"User confirmation: all points in this export are port lateral markers","display_label_generated":true,"physical_structure":null,"body_colour":null,"light_characteristics":null,"gpx_display_colour_is_not_navigation_colour":true,"chart_update_status":"Latest TimeZero chart update, confirmed by Clifton Taylor on 8 October 2026","chart_edition":null,"chart_correction_date":null,"name":"Port lateral mark 081","structure":"Not specified in export","colour":"red","light":null,"wind_farm":null,"source_file":"TZiBoatData_2026-10-8_1920(1).gpx","source_sha256":"ef4169669b8aefad9dd9a7ff2c0b8b0754777db5cf3371475af4053278236492","source":"User-supplied TimeZero GPX export; classification confirmed by Clifton Taylor","raw_position":"52.329633132, -6.994716879","confirmed_on":"2026-10-08","cross_reference_id":"confirmed-b2ffc1b00294aba94964","nearby_record_count":1,"colour_basis":"Port lateral classification; physical colour not exported separately","description_status":"Port lateral type and latest TimeZero chart update provenance confirmed by Clifton Taylor; light rhythm and physical structure not supplied"}},{"type":"Feature","id":"confirmed-3e6676385ff462314d1c","geometry":{"type":"Point","coordinates":[-6.9940835274148,52.3355833239046]},"properties":{"mark_type":"port","position_status":"Coordinates confirmed accurate by Clifton Taylor on 8 October 2026; not independently surveyed","classification_source":"User confirmation: all points in this export are port lateral markers","display_label_generated":true,"physical_structure":null,"body_colour":null,"light_characteristics":null,"gpx_display_colour_is_not_navigation_colour":true,"chart_update_status":"Latest TimeZero chart update, confirmed by Clifton Taylor on 8 October 2026","chart_edition":null,"chart_correction_date":null,"name":"Port lateral mark 082","structure":"Not specified in export","colour":"red","light":null,"wind_farm":null,"source_file":"TZiBoatData_2026-10-8_1920(1).gpx","source_sha256":"ef4169669b8aefad9dd9a7ff2c0b8b0754777db5cf3371475af4053278236492","source":"User-supplied TimeZero GPX export; classification confirmed by Clifton Taylor","raw_position":"52.335583324, -6.994083527","confirmed_on":"2026-10-08","cross_reference_id":"confirmed-3e6676385ff462314d1c","nearby_record_count":1,"colour_basis":"Port lateral classification; physical colour not exported separately","description_status":"Port lateral type and latest TimeZero chart update provenance confirmed by Clifton Taylor; light rhythm and physical structure not supplied"}},{"type":"Feature","id":"confirmed-96af47c782cef32434c7","geometry":{"type":"Point","coordinates":[-6.99786691423714,52.3483668041313]},"properties":{"mark_type":"port","position_status":"Coordinates confirmed accurate by Clifton Taylor on 8 October 2026; not independently surveyed","classification_source":"User confirmation: all points in this export are port lateral markers","display_label_generated":true,"physical_structure":null,"body_colour":null,"light_characteristics":null,"gpx_display_colour_is_not_navigation_colour":true,"chart_update_status":"Latest TimeZero chart update, confirmed by Clifton Taylor on 8 October 2026","chart_edition":null,"chart_correction_date":null,"name":"Port lateral mark 083","structure":"Not specified in export","colour":"red","light":null,"wind_farm":null,"source_file":"TZiBoatData_2026-10-8_1920(1).gpx","source_sha256":"ef4169669b8aefad9dd9a7ff2c0b8b0754777db5cf3371475af4053278236492","source":"User-supplied TimeZero GPX export; classification confirmed by Clifton Taylor","raw_position":"52.348366804, -6.997866914","confirmed_on":"2026-10-08","cross_reference_id":"confirmed-96af47c782cef32434c7","nearby_record_count":1,"colour_basis":"Port lateral classification; physical colour not exported separately","description_status":"Port lateral type and latest TimeZero chart update provenance confirmed by Clifton Taylor; light rhythm and physical structure not supplied"}},{"type":"Feature","id":"confirmed-ceb3eeab252e2e378511","geometry":{"type":"Point","coordinates":[-6.99466671245537,52.3615333448636]},"properties":{"mark_type":"port","position_status":"Coordinates confirmed accurate by Clifton Taylor on 8 October 2026; not independently surveyed","classification_source":"User confirmation: all points in this export are port lateral markers","display_label_generated":true,"physical_structure":null,"body_colour":null,"light_characteristics":null,"gpx_display_colour_is_not_navigation_colour":true,"chart_update_status":"Latest TimeZero chart update, confirmed by Clifton Taylor on 8 October 2026","chart_edition":null,"chart_correction_date":null,"name":"Port lateral mark 084","structure":"Not specified in export","colour":"red","light":null,"wind_farm":null,"source_file":"TZiBoatData_2026-10-8_1920(1).gpx","source_sha256":"ef4169669b8aefad9dd9a7ff2c0b8b0754777db5cf3371475af4053278236492","source":"User-supplied TimeZero GPX export; classification confirmed by Clifton Taylor","raw_position":"52.361533345, -6.994666712","confirmed_on":"2026-10-08","cross_reference_id":"confirmed-ceb3eeab252e2e378511","nearby_record_count":1,"colour_basis":"Port lateral classification; physical colour not exported separately","description_status":"Port lateral type and latest TimeZero chart update provenance confirmed by Clifton Taylor; light rhythm and physical structure not supplied"}},{"type":"Feature","id":"confirmed-48dfe0d5155c0d15c5ab","geometry":{"type":"Point","coordinates":[-6.96438339789504,52.3698667316804]},"properties":{"mark_type":"port","position_status":"Coordinates confirmed accurate by Clifton Taylor on 8 October 2026; not independently surveyed","classification_source":"User confirmation: all points in this export are port lateral markers","display_label_generated":true,"physical_structure":null,"body_colour":null,"light_characteristics":null,"gpx_display_colour_is_not_navigation_colour":true,"chart_update_status":"Latest TimeZero chart update, confirmed by Clifton Taylor on 8 October 2026","chart_edition":null,"chart_correction_date":null,"name":"Port lateral mark 085","structure":"Not specified in export","colour":"red","light":null,"wind_farm":null,"source_file":"TZiBoatData_2026-10-8_1920(1).gpx","source_sha256":"ef4169669b8aefad9dd9a7ff2c0b8b0754777db5cf3371475af4053278236492","source":"User-supplied TimeZero GPX export; classification confirmed by Clifton Taylor","raw_position":"52.369866732, -6.964383398","confirmed_on":"2026-10-08","cross_reference_id":"confirmed-48dfe0d5155c0d15c5ab","nearby_record_count":1,"colour_basis":"Port lateral classification; physical colour not exported separately","description_status":"Port lateral type and latest TimeZero chart update provenance confirmed by Clifton Taylor; light rhythm and physical structure not supplied"}},{"type":"Feature","id":"confirmed-dd7d87b70241f352dab3","geometry":{"type":"Point","coordinates":[-6.96594970610436,52.3731667221778]},"properties":{"mark_type":"port","position_status":"Coordinates confirmed accurate by Clifton Taylor on 8 October 2026; not independently surveyed","classification_source":"User confirmation: all points in this export are port lateral markers","display_label_generated":true,"physical_structure":null,"body_colour":null,"light_characteristics":null,"gpx_display_colour_is_not_navigation_colour":true,"chart_update_status":"Latest TimeZero chart update, confirmed by Clifton Taylor on 8 October 2026","chart_edition":null,"chart_correction_date":null,"name":"Port lateral mark 086","structure":"Not specified in export","colour":"red","light":null,"wind_farm":null,"source_file":"TZiBoatData_2026-10-8_1920(1).gpx","source_sha256":"ef4169669b8aefad9dd9a7ff2c0b8b0754777db5cf3371475af4053278236492","source":"User-supplied TimeZero GPX export; classification confirmed by Clifton Taylor","raw_position":"52.373166722, -6.965949706","confirmed_on":"2026-10-08","cross_reference_id":"confirmed-dd7d87b70241f352dab3","nearby_record_count":1,"colour_basis":"Port lateral classification; physical colour not exported separately","description_status":"Port lateral type and latest TimeZero chart update provenance confirmed by Clifton Taylor; light rhythm and physical structure not supplied"}},{"type":"Feature","id":"confirmed-3806d881352ac4cf0f40","geometry":{"type":"Point","coordinates":[-7.02885793863322,52.2657033214616]},"properties":{"mark_type":"port","position_status":"Coordinates confirmed accurate by Clifton Taylor on 8 October 2026; not independently surveyed","classification_source":"User confirmation: all points in this export are port lateral markers","display_label_generated":true,"physical_structure":null,"body_colour":null,"light_characteristics":null,"gpx_display_colour_is_not_navigation_colour":true,"chart_update_status":"Latest TimeZero chart update, confirmed by Clifton Taylor on 8 October 2026","chart_edition":null,"chart_correction_date":null,"name":"Port lateral mark 087","structure":"Not specified in export","colour":"red","light":null,"wind_farm":null,"source_file":"TZiBoatData_2026-10-8_1920(1).gpx","source_sha256":"ef4169669b8aefad9dd9a7ff2c0b8b0754777db5cf3371475af4053278236492","source":"User-supplied TimeZero GPX export; classification confirmed by Clifton Taylor","raw_position":"52.265703321, -7.028857939","confirmed_on":"2026-10-08","cross_reference_id":"confirmed-3806d881352ac4cf0f40","nearby_record_count":1,"colour_basis":"Port lateral classification; physical colour not exported separately","description_status":"Port lateral type and latest TimeZero chart update provenance confirmed by Clifton Taylor; light rhythm and physical structure not supplied"}},{"type":"Feature","id":"confirmed-0fc8698d831fe0e37b3c","geometry":{"type":"Point","coordinates":[-7.03364972643812,52.2617167819364]},"properties":{"mark_type":"port","position_status":"Coordinates confirmed accurate by Clifton Taylor on 8 October 2026; not independently surveyed","classification_source":"User confirmation: all points in this export are port lateral markers","display_label_generated":true,"physical_structure":null,"body_colour":null,"light_characteristics":null,"gpx_display_colour_is_not_navigation_colour":true,"chart_update_status":"Latest TimeZero chart update, confirmed by Clifton Taylor on 8 October 2026","chart_edition":null,"chart_correction_date":null,"name":"Port lateral mark 088","structure":"Not specified in export","colour":"red","light":null,"wind_farm":null,"source_file":"TZiBoatData_2026-10-8_1920(1).gpx","source_sha256":"ef4169669b8aefad9dd9a7ff2c0b8b0754777db5cf3371475af4053278236492","source":"User-supplied TimeZero GPX export; classification confirmed by Clifton Taylor","raw_position":"52.261716782, -7.033649726","confirmed_on":"2026-10-08","cross_reference_id":"confirmed-0fc8698d831fe0e37b3c","nearby_record_count":1,"colour_basis":"Port lateral classification; physical colour not exported separately","description_status":"Port lateral type and latest TimeZero chart update provenance confirmed by Clifton Taylor; light rhythm and physical structure not supplied"}},{"type":"Feature","id":"confirmed-c70d83c2f61d768b5cfa","geometry":{"type":"Point","coordinates":[-7.0349777439857,52.2582848631106]},"properties":{"mark_type":"port","position_status":"Coordinates confirmed accurate by Clifton Taylor on 8 October 2026; not independently surveyed","classification_source":"User confirmation: all points in this export are port lateral markers","display_label_generated":true,"physical_structure":null,"body_colour":null,"light_characteristics":null,"gpx_display_colour_is_not_navigation_colour":true,"chart_update_status":"Latest TimeZero chart update, confirmed by Clifton Taylor on 8 October 2026","chart_edition":null,"chart_correction_date":null,"name":"Port lateral mark 089","structure":"Not specified in export","colour":"red","light":null,"wind_farm":null,"source_file":"TZiBoatData_2026-10-8_1920(1).gpx","source_sha256":"ef4169669b8aefad9dd9a7ff2c0b8b0754777db5cf3371475af4053278236492","source":"User-supplied TimeZero GPX export; classification confirmed by Clifton Taylor","raw_position":"52.258284863, -7.034977744","confirmed_on":"2026-10-08","cross_reference_id":"confirmed-c70d83c2f61d768b5cfa","nearby_record_count":1,"colour_basis":"Port lateral classification; physical colour not exported separately","description_status":"Port lateral type and latest TimeZero chart update provenance confirmed by Clifton Taylor; light rhythm and physical structure not supplied"}},{"type":"Feature","id":"confirmed-114d4b87bfc0b0c86a2e","geometry":{"type":"Point","coordinates":[-7.0361259984025,52.257345923655]},"properties":{"mark_type":"port","position_status":"Coordinates confirmed accurate by Clifton Taylor on 8 October 2026; not independently surveyed","classification_source":"User confirmation: all points in this export are port lateral markers","display_label_generated":true,"physical_structure":null,"body_colour":null,"light_characteristics":null,"gpx_display_colour_is_not_navigation_colour":true,"chart_update_status":"Latest TimeZero chart update, confirmed by Clifton Taylor on 8 October 2026","chart_edition":null,"chart_correction_date":null,"name":"Port lateral mark 090","structure":"Not specified in export","colour":"red","light":null,"wind_farm":null,"source_file":"TZiBoatData_2026-10-8_1920(1).gpx","source_sha256":"ef4169669b8aefad9dd9a7ff2c0b8b0754777db5cf3371475af4053278236492","source":"User-supplied TimeZero GPX export; classification confirmed by Clifton Taylor","raw_position":"52.257345924, -7.036125998","confirmed_on":"2026-10-08","cross_reference_id":"confirmed-114d4b87bfc0b0c86a2e","nearby_record_count":1,"colour_basis":"Port lateral classification; physical colour not exported separately","description_status":"Port lateral type and latest TimeZero chart update provenance confirmed by Clifton Taylor; light rhythm and physical structure not supplied"}},{"type":"Feature","id":"confirmed-d31596199a3f782ec50f","geometry":{"type":"Point","coordinates":[-7.05217090295955,52.2556924694088]},"properties":{"mark_type":"port","position_status":"Coordinates confirmed accurate by Clifton Taylor on 8 October 2026; not independently surveyed","classification_source":"User confirmation: all points in this export are port lateral markers","display_label_generated":true,"physical_structure":null,"body_colour":null,"light_characteristics":null,"gpx_display_colour_is_not_navigation_colour":true,"chart_update_status":"Latest TimeZero chart update, confirmed by Clifton Taylor on 8 October 2026","chart_edition":null,"chart_correction_date":null,"name":"Port lateral mark 091","structure":"Not specified in export","colour":"red","light":null,"wind_farm":null,"source_file":"TZiBoatData_2026-10-8_1920(1).gpx","source_sha256":"ef4169669b8aefad9dd9a7ff2c0b8b0754777db5cf3371475af4053278236492","source":"User-supplied TimeZero GPX export; classification confirmed by Clifton Taylor","raw_position":"52.255692469, -7.052170903","confirmed_on":"2026-10-08","cross_reference_id":"confirmed-d31596199a3f782ec50f","nearby_record_count":1,"colour_basis":"Port lateral classification; physical colour not exported separately","description_status":"Port lateral type and latest TimeZero chart update provenance confirmed by Clifton Taylor; light rhythm and physical structure not supplied"}},{"type":"Feature","id":"confirmed-d74edbb8972aef172f6c","geometry":{"type":"Point","coordinates":[-7.05933216442547,52.2566917327175]},"properties":{"mark_type":"port","position_status":"Coordinates confirmed accurate by Clifton Taylor on 8 October 2026; not independently surveyed","classification_source":"User confirmation: all points in this export are port lateral markers","display_label_generated":true,"physical_structure":null,"body_colour":null,"light_characteristics":null,"gpx_display_colour_is_not_navigation_colour":true,"chart_update_status":"Latest TimeZero chart update, confirmed by Clifton Taylor on 8 October 2026","chart_edition":null,"chart_correction_date":null,"name":"Port lateral mark 092","structure":"Not specified in export","colour":"red","light":null,"wind_farm":null,"source_file":"TZiBoatData_2026-10-8_1920(1).gpx","source_sha256":"ef4169669b8aefad9dd9a7ff2c0b8b0754777db5cf3371475af4053278236492","source":"User-supplied TimeZero GPX export; classification confirmed by Clifton Taylor","raw_position":"52.256691733, -7.059332164","confirmed_on":"2026-10-08","cross_reference_id":"confirmed-d74edbb8972aef172f6c","nearby_record_count":0,"colour_basis":"Port lateral classification; physical colour not exported separately","description_status":"Port lateral type and latest TimeZero chart update provenance confirmed by Clifton Taylor; light rhythm and physical structure not supplied"}},{"type":"Feature","id":"confirmed-f22223e8e83ea44f1b23","geometry":{"type":"Point","coordinates":[-7.06268983313576,52.2570205397016]},"properties":{"mark_type":"port","position_status":"Coordinates confirmed accurate by Clifton Taylor on 8 October 2026; not independently surveyed","classification_source":"User confirmation: all points in this export are port lateral markers","display_label_generated":true,"physical_structure":null,"body_colour":null,"light_characteristics":null,"gpx_display_colour_is_not_navigation_colour":true,"chart_update_status":"Latest TimeZero chart update, confirmed by Clifton Taylor on 8 October 2026","chart_edition":null,"chart_correction_date":null,"name":"Port lateral mark 093","structure":"Not specified in export","colour":"red","light":null,"wind_farm":null,"source_file":"TZiBoatData_2026-10-8_1920(1).gpx","source_sha256":"ef4169669b8aefad9dd9a7ff2c0b8b0754777db5cf3371475af4053278236492","source":"User-supplied TimeZero GPX export; classification confirmed by Clifton Taylor","raw_position":"52.257020540, -7.062689833","confirmed_on":"2026-10-08","cross_reference_id":"confirmed-f22223e8e83ea44f1b23","nearby_record_count":2,"colour_basis":"Port lateral classification; physical colour not exported separately","description_status":"Port lateral type and latest TimeZero chart update provenance confirmed by Clifton Taylor; light rhythm and physical structure not supplied"}},{"type":"Feature","id":"confirmed-cf94b5cd0d541aa31bcd","geometry":{"type":"Point","coordinates":[-7.06557719132945,52.2558233113348]},"properties":{"mark_type":"port","position_status":"Coordinates confirmed accurate by Clifton Taylor on 8 October 2026; not independently surveyed","classification_source":"User confirmation: all points in this export are port lateral markers","display_label_generated":true,"physical_structure":null,"body_colour":null,"light_characteristics":null,"gpx_display_colour_is_not_navigation_colour":true,"chart_update_status":"Latest TimeZero chart update, confirmed by Clifton Taylor on 8 October 2026","chart_edition":null,"chart_correction_date":null,"name":"Port lateral mark 094","structure":"Not specified in export","colour":"red","light":null,"wind_farm":null,"source_file":"TZiBoatData_2026-10-8_1920(1).gpx","source_sha256":"ef4169669b8aefad9dd9a7ff2c0b8b0754777db5cf3371475af4053278236492","source":"User-supplied TimeZero GPX export; classification confirmed by Clifton Taylor","raw_position":"52.255823311, -7.065577191","confirmed_on":"2026-10-08","cross_reference_id":"confirmed-cf94b5cd0d541aa31bcd","nearby_record_count":0,"colour_basis":"Port lateral classification; physical colour not exported separately","description_status":"Port lateral type and latest TimeZero chart update provenance confirmed by Clifton Taylor; light rhythm and physical structure not supplied"}},{"type":"Feature","id":"confirmed-03ef3076a94a28895475","geometry":{"type":"Point","coordinates":[-7.56687409978626,52.0790107228043]},"properties":{"mark_type":"port","position_status":"Coordinates confirmed accurate by Clifton Taylor on 8 October 2026; not independently surveyed","classification_source":"User confirmation: all points in this export are port lateral markers","display_label_generated":true,"physical_structure":null,"body_colour":null,"light_characteristics":null,"gpx_display_colour_is_not_navigation_colour":true,"chart_update_status":"Latest TimeZero chart update, confirmed by Clifton Taylor on 8 October 2026","chart_edition":null,"chart_correction_date":null,"name":"Port lateral mark 095","structure":"Not specified in export","colour":"red","light":null,"wind_farm":null,"source_file":"TZiBoatData_2026-10-8_1920(1).gpx","source_sha256":"ef4169669b8aefad9dd9a7ff2c0b8b0754777db5cf3371475af4053278236492","source":"User-supplied TimeZero GPX export; classification confirmed by Clifton Taylor","raw_position":"52.079010723, -7.566874100","confirmed_on":"2026-10-08","cross_reference_id":"confirmed-03ef3076a94a28895475","nearby_record_count":0,"colour_basis":"Port lateral classification; physical colour not exported separately","description_status":"Port lateral type and latest TimeZero chart update provenance confirmed by Clifton Taylor; light rhythm and physical structure not supplied"}},{"type":"Feature","id":"confirmed-96a03749b068d57b57ad","geometry":{"type":"Point","coordinates":[-7.61398826003359,52.087162782103]},"properties":{"mark_type":"port","position_status":"Coordinates confirmed accurate by Clifton Taylor on 8 October 2026; not independently surveyed","classification_source":"User confirmation: all points in this export are port lateral markers","display_label_generated":true,"physical_structure":null,"body_colour":null,"light_characteristics":null,"gpx_display_colour_is_not_navigation_colour":true,"chart_update_status":"Latest TimeZero chart update, confirmed by Clifton Taylor on 8 October 2026","chart_edition":null,"chart_correction_date":null,"name":"Port lateral mark 096","structure":"Not specified in export","colour":"red","light":null,"wind_farm":null,"source_file":"TZiBoatData_2026-10-8_1920(1).gpx","source_sha256":"ef4169669b8aefad9dd9a7ff2c0b8b0754777db5cf3371475af4053278236492","source":"User-supplied TimeZero GPX export; classification confirmed by Clifton Taylor","raw_position":"52.087162782, -7.613988260","confirmed_on":"2026-10-08","cross_reference_id":"confirmed-96a03749b068d57b57ad","nearby_record_count":0,"colour_basis":"Port lateral classification; physical colour not exported separately","description_status":"Port lateral type and latest TimeZero chart update provenance confirmed by Clifton Taylor; light rhythm and physical structure not supplied"}},{"type":"Feature","id":"confirmed-00e5a54a4e4d22fe90f5","geometry":{"type":"Point","coordinates":[-7.61492261025988,52.08901010519]},"properties":{"mark_type":"port","position_status":"Coordinates confirmed accurate by Clifton Taylor on 8 October 2026; not independently surveyed","classification_source":"User confirmation: all points in this export are port lateral markers","display_label_generated":true,"physical_structure":null,"body_colour":null,"light_characteristics":null,"gpx_display_colour_is_not_navigation_colour":true,"chart_update_status":"Latest TimeZero chart update, confirmed by Clifton Taylor on 8 October 2026","chart_edition":null,"chart_correction_date":null,"name":"Port lateral mark 097","structure":"Not specified in export","colour":"red","light":null,"wind_farm":null,"source_file":"TZiBoatData_2026-10-8_1920(1).gpx","source_sha256":"ef4169669b8aefad9dd9a7ff2c0b8b0754777db5cf3371475af4053278236492","source":"User-supplied TimeZero GPX export; classification confirmed by Clifton Taylor","raw_position":"52.089010105, -7.614922610","confirmed_on":"2026-10-08","cross_reference_id":"confirmed-00e5a54a4e4d22fe90f5","nearby_record_count":0,"colour_basis":"Port lateral classification; physical colour not exported separately","description_status":"Port lateral type and latest TimeZero chart update provenance confirmed by Clifton Taylor; light rhythm and physical structure not supplied"}},{"type":"Feature","id":"confirmed-398b742a032f9dd754c5","geometry":{"type":"Point","coordinates":[-8.01116689419106,51.8071666397581]},"properties":{"mark_type":"port","position_status":"Coordinates confirmed accurate by Clifton Taylor on 8 October 2026; not independently surveyed","classification_source":"User confirmation: all points in this export are port lateral markers","display_label_generated":true,"physical_structure":null,"body_colour":null,"light_characteristics":null,"gpx_display_colour_is_not_navigation_colour":true,"chart_update_status":"Latest TimeZero chart update, confirmed by Clifton Taylor on 8 October 2026","chart_edition":null,"chart_correction_date":null,"name":"Port lateral mark 098","structure":"Not specified in export","colour":"red","light":null,"wind_farm":null,"source_file":"TZiBoatData_2026-10-8_1920(1).gpx","source_sha256":"ef4169669b8aefad9dd9a7ff2c0b8b0754777db5cf3371475af4053278236492","source":"User-supplied TimeZero GPX export; classification confirmed by Clifton Taylor","raw_position":"51.807166640, -8.011166894","confirmed_on":"2026-10-08","cross_reference_id":"confirmed-398b742a032f9dd754c5","nearby_record_count":0,"colour_basis":"Port lateral classification; physical colour not exported separately","description_status":"Port lateral type and latest TimeZero chart update provenance confirmed by Clifton Taylor; light rhythm and physical structure not supplied"}},{"type":"Feature","id":"confirmed-5f09a6a1c9f01d3f949e","geometry":{"type":"Point","coordinates":[-8.26120793069958,51.792682285441]},"properties":{"mark_type":"port","position_status":"Coordinates confirmed accurate by Clifton Taylor on 8 October 2026; not independently surveyed","classification_source":"User confirmation: all points in this export are port lateral markers","display_label_generated":true,"physical_structure":null,"body_colour":null,"light_characteristics":null,"gpx_display_colour_is_not_navigation_colour":true,"chart_update_status":"Latest TimeZero chart update, confirmed by Clifton Taylor on 8 October 2026","chart_edition":null,"chart_correction_date":null,"name":"Port lateral mark 099","structure":"Not specified in export","colour":"red","light":null,"wind_farm":null,"source_file":"TZiBoatData_2026-10-8_1920(1).gpx","source_sha256":"ef4169669b8aefad9dd9a7ff2c0b8b0754777db5cf3371475af4053278236492","source":"User-supplied TimeZero GPX export; classification confirmed by Clifton Taylor","raw_position":"51.792682285, -8.261207931","confirmed_on":"2026-10-08","cross_reference_id":"confirmed-5f09a6a1c9f01d3f949e","nearby_record_count":3,"colour_basis":"Port lateral classification; physical colour not exported separately","description_status":"Port lateral type and latest TimeZero chart update provenance confirmed by Clifton Taylor; light rhythm and physical structure not supplied"}},{"type":"Feature","id":"confirmed-10278770025106cf0a81","geometry":{"type":"Point","coordinates":[-8.2724635268932,51.7946714500457]},"properties":{"mark_type":"port","position_status":"Coordinates confirmed accurate by Clifton Taylor on 8 October 2026; not independently surveyed","classification_source":"User confirmation: all points in this export are port lateral markers","display_label_generated":true,"physical_structure":null,"body_colour":null,"light_characteristics":null,"gpx_display_colour_is_not_navigation_colour":true,"chart_update_status":"Latest TimeZero chart update, confirmed by Clifton Taylor on 8 October 2026","chart_edition":null,"chart_correction_date":null,"name":"Port lateral mark 100","structure":"Not specified in export","colour":"red","light":null,"wind_farm":null,"source_file":"TZiBoatData_2026-10-8_1920(1).gpx","source_sha256":"ef4169669b8aefad9dd9a7ff2c0b8b0754777db5cf3371475af4053278236492","source":"User-supplied TimeZero GPX export; classification confirmed by Clifton Taylor","raw_position":"51.794671450, -8.272463527","confirmed_on":"2026-10-08","cross_reference_id":"confirmed-10278770025106cf0a81","nearby_record_count":3,"colour_basis":"Port lateral classification; physical colour not exported separately","description_status":"Port lateral type and latest TimeZero chart update provenance confirmed by Clifton Taylor; light rhythm and physical structure not supplied"}},{"type":"Feature","id":"confirmed-d918255070e70fa8f160","geometry":{"type":"Point","coordinates":[-8.26536218647087,51.800507955271]},"properties":{"mark_type":"port","position_status":"Coordinates confirmed accurate by Clifton Taylor on 8 October 2026; not independently surveyed","classification_source":"User confirmation: all points in this export are port lateral markers","display_label_generated":true,"physical_structure":null,"body_colour":null,"light_characteristics":null,"gpx_display_colour_is_not_navigation_colour":true,"chart_update_status":"Latest TimeZero chart update, confirmed by Clifton Taylor on 8 October 2026","chart_edition":null,"chart_correction_date":null,"name":"Port lateral mark 101","structure":"Not specified in export","colour":"red","light":null,"wind_farm":null,"source_file":"TZiBoatData_2026-10-8_1920(1).gpx","source_sha256":"ef4169669b8aefad9dd9a7ff2c0b8b0754777db5cf3371475af4053278236492","source":"User-supplied TimeZero GPX export; classification confirmed by Clifton Taylor","raw_position":"51.800507955, -8.265362186","confirmed_on":"2026-10-08","cross_reference_id":"confirmed-d918255070e70fa8f160","nearby_record_count":3,"colour_basis":"Port lateral classification; physical colour not exported separately","description_status":"Port lateral type and latest TimeZero chart update provenance confirmed by Clifton Taylor; light rhythm and physical structure not supplied"}},{"type":"Feature","id":"confirmed-191a8a7971145a9dba11","geometry":{"type":"Point","coordinates":[-8.26557609066138,51.8043839946465]},"properties":{"mark_type":"port","position_status":"Coordinates confirmed accurate by Clifton Taylor on 8 October 2026; not independently surveyed","classification_source":"User confirmation: all points in this export are port lateral markers","display_label_generated":true,"physical_structure":null,"body_colour":null,"light_characteristics":null,"gpx_display_colour_is_not_navigation_colour":true,"chart_update_status":"Latest TimeZero chart update, confirmed by Clifton Taylor on 8 October 2026","chart_edition":null,"chart_correction_date":null,"name":"Port lateral mark 102","structure":"Not specified in export","colour":"red","light":null,"wind_farm":null,"source_file":"TZiBoatData_2026-10-8_1920(1).gpx","source_sha256":"ef4169669b8aefad9dd9a7ff2c0b8b0754777db5cf3371475af4053278236492","source":"User-supplied TimeZero GPX export; classification confirmed by Clifton Taylor","raw_position":"51.804383995, -8.265576091","confirmed_on":"2026-10-08","cross_reference_id":"confirmed-191a8a7971145a9dba11","nearby_record_count":1,"colour_basis":"Port lateral classification; physical colour not exported separately","description_status":"Port lateral type and latest TimeZero chart update provenance confirmed by Clifton Taylor; light rhythm and physical structure not supplied"}},{"type":"Feature","id":"confirmed-e7286b9c822a0782860c","geometry":{"type":"Point","coordinates":[-8.28395094835543,51.8122988689756]},"properties":{"mark_type":"port","position_status":"Coordinates confirmed accurate by Clifton Taylor on 8 October 2026; not independently surveyed","classification_source":"User confirmation: all points in this export are port lateral markers","display_label_generated":true,"physical_structure":null,"body_colour":null,"light_characteristics":null,"gpx_display_colour_is_not_navigation_colour":true,"chart_update_status":"Latest TimeZero chart update, confirmed by Clifton Taylor on 8 October 2026","chart_edition":null,"chart_correction_date":null,"name":"Port lateral mark 103","structure":"Not specified in export","colour":"red","light":null,"wind_farm":null,"source_file":"TZiBoatData_2026-10-8_1920(1).gpx","source_sha256":"ef4169669b8aefad9dd9a7ff2c0b8b0754777db5cf3371475af4053278236492","source":"User-supplied TimeZero GPX export; classification confirmed by Clifton Taylor","raw_position":"51.812298869, -8.283950948","confirmed_on":"2026-10-08","cross_reference_id":"confirmed-e7286b9c822a0782860c","nearby_record_count":4,"colour_basis":"Port lateral classification; physical colour not exported separately","description_status":"Port lateral type and latest TimeZero chart update provenance confirmed by Clifton Taylor; light rhythm and physical structure not supplied"}},{"type":"Feature","id":"confirmed-5a22c79c8b4c0f6388d8","geometry":{"type":"Point","coordinates":[-8.28906444299431,51.8116221203729]},"properties":{"mark_type":"port","position_status":"Coordinates confirmed accurate by Clifton Taylor on 8 October 2026; not independently surveyed","classification_source":"User confirmation: all points in this export are port lateral markers","display_label_generated":true,"physical_structure":null,"body_colour":null,"light_characteristics":null,"gpx_display_colour_is_not_navigation_colour":true,"chart_update_status":"Latest TimeZero chart update, confirmed by Clifton Taylor on 8 October 2026","chart_edition":null,"chart_correction_date":null,"name":"Port lateral mark 104","structure":"Not specified in export","colour":"red","light":null,"wind_farm":null,"source_file":"TZiBoatData_2026-10-8_1920(1).gpx","source_sha256":"ef4169669b8aefad9dd9a7ff2c0b8b0754777db5cf3371475af4053278236492","source":"User-supplied TimeZero GPX export; classification confirmed by Clifton Taylor","raw_position":"51.811622120, -8.289064443","confirmed_on":"2026-10-08","cross_reference_id":"confirmed-5a22c79c8b4c0f6388d8","nearby_record_count":2,"colour_basis":"Port lateral classification; physical colour not exported separately","description_status":"Port lateral type and latest TimeZero chart update provenance confirmed by Clifton Taylor; light rhythm and physical structure not supplied"}},{"type":"Feature","id":"confirmed-1fb58a91242a81cf8516","geometry":{"type":"Point","coordinates":[-8.29150727065529,51.8093849336012]},"properties":{"mark_type":"port","position_status":"Coordinates confirmed accurate by Clifton Taylor on 8 October 2026; not independently surveyed","classification_source":"User confirmation: all points in this export are port lateral markers","display_label_generated":true,"physical_structure":null,"body_colour":null,"light_characteristics":null,"gpx_display_colour_is_not_navigation_colour":true,"chart_update_status":"Latest TimeZero chart update, confirmed by Clifton Taylor on 8 October 2026","chart_edition":null,"chart_correction_date":null,"name":"Port lateral mark 105","structure":"Not specified in export","colour":"red","light":null,"wind_farm":null,"source_file":"TZiBoatData_2026-10-8_1920(1).gpx","source_sha256":"ef4169669b8aefad9dd9a7ff2c0b8b0754777db5cf3371475af4053278236492","source":"User-supplied TimeZero GPX export; classification confirmed by Clifton Taylor","raw_position":"51.809384934, -8.291507271","confirmed_on":"2026-10-08","cross_reference_id":"confirmed-1fb58a91242a81cf8516","nearby_record_count":2,"colour_basis":"Port lateral classification; physical colour not exported separately","description_status":"Port lateral type and latest TimeZero chart update provenance confirmed by Clifton Taylor; light rhythm and physical structure not supplied"}},{"type":"Feature","id":"confirmed-5adfb9165b3450aae9a6","geometry":{"type":"Point","coordinates":[-8.27738262651856,51.8215486139255]},"properties":{"mark_type":"port","position_status":"Coordinates confirmed accurate by Clifton Taylor on 8 October 2026; not independently surveyed","classification_source":"User confirmation: all points in this export are port lateral markers","display_label_generated":true,"physical_structure":null,"body_colour":null,"light_characteristics":null,"gpx_display_colour_is_not_navigation_colour":true,"chart_update_status":"Latest TimeZero chart update, confirmed by Clifton Taylor on 8 October 2026","chart_edition":null,"chart_correction_date":null,"name":"Port lateral mark 106","structure":"Not specified in export","colour":"red","light":null,"wind_farm":null,"source_file":"TZiBoatData_2026-10-8_1920(1).gpx","source_sha256":"ef4169669b8aefad9dd9a7ff2c0b8b0754777db5cf3371475af4053278236492","source":"User-supplied TimeZero GPX export; classification confirmed by Clifton Taylor","raw_position":"51.821548614, -8.277382627","confirmed_on":"2026-10-08","cross_reference_id":"confirmed-5adfb9165b3450aae9a6","nearby_record_count":2,"colour_basis":"Port lateral classification; physical colour not exported separately","description_status":"Port lateral type and latest TimeZero chart update provenance confirmed by Clifton Taylor; light rhythm and physical structure not supplied"}},{"type":"Feature","id":"confirmed-5b85fac89b3ed4ca3de8","geometry":{"type":"Point","coordinates":[-8.27588390367236,51.8290687783333]},"properties":{"mark_type":"port","position_status":"Coordinates confirmed accurate by Clifton Taylor on 8 October 2026; not independently surveyed","classification_source":"User confirmation: all points in this export are port lateral markers","display_label_generated":true,"physical_structure":null,"body_colour":null,"light_characteristics":null,"gpx_display_colour_is_not_navigation_colour":true,"chart_update_status":"Latest TimeZero chart update, confirmed by Clifton Taylor on 8 October 2026","chart_edition":null,"chart_correction_date":null,"name":"Port lateral mark 107","structure":"Not specified in export","colour":"red","light":null,"wind_farm":null,"source_file":"TZiBoatData_2026-10-8_1920(1).gpx","source_sha256":"ef4169669b8aefad9dd9a7ff2c0b8b0754777db5cf3371475af4053278236492","source":"User-supplied TimeZero GPX export; classification confirmed by Clifton Taylor","raw_position":"51.829068778, -8.275883904","confirmed_on":"2026-10-08","cross_reference_id":"confirmed-5b85fac89b3ed4ca3de8","nearby_record_count":2,"colour_basis":"Port lateral classification; physical colour not exported separately","description_status":"Port lateral type and latest TimeZero chart update provenance confirmed by Clifton Taylor; light rhythm and physical structure not supplied"}},{"type":"Feature","id":"confirmed-d75ebc501860ac8735be","geometry":{"type":"Point","coordinates":[-8.26968904322349,51.8327028905062]},"properties":{"mark_type":"port","position_status":"Coordinates confirmed accurate by Clifton Taylor on 8 October 2026; not independently surveyed","classification_source":"User confirmation: all points in this export are port lateral markers","display_label_generated":true,"physical_structure":null,"body_colour":null,"light_characteristics":null,"gpx_display_colour_is_not_navigation_colour":true,"chart_update_status":"Latest TimeZero chart update, confirmed by Clifton Taylor on 8 October 2026","chart_edition":null,"chart_correction_date":null,"name":"Port lateral mark 108","structure":"Not specified in export","colour":"red","light":null,"wind_farm":null,"source_file":"TZiBoatData_2026-10-8_1920(1).gpx","source_sha256":"ef4169669b8aefad9dd9a7ff2c0b8b0754777db5cf3371475af4053278236492","source":"User-supplied TimeZero GPX export; classification confirmed by Clifton Taylor","raw_position":"51.832702891, -8.269689043","confirmed_on":"2026-10-08","cross_reference_id":"confirmed-d75ebc501860ac8735be","nearby_record_count":2,"colour_basis":"Port lateral classification; physical colour not exported separately","description_status":"Port lateral type and latest TimeZero chart update provenance confirmed by Clifton Taylor; light rhythm and physical structure not supplied"}},{"type":"Feature","id":"confirmed-b1b525fea504cd5785ca","geometry":{"type":"Point","coordinates":[-8.26715354697183,51.8356873954118]},"properties":{"mark_type":"port","position_status":"Coordinates confirmed accurate by Clifton Taylor on 8 October 2026; not independently surveyed","classification_source":"User confirmation: all points in this export are port lateral markers","display_label_generated":true,"physical_structure":null,"body_colour":null,"light_characteristics":null,"gpx_display_colour_is_not_navigation_colour":true,"chart_update_status":"Latest TimeZero chart update, confirmed by Clifton Taylor on 8 October 2026","chart_edition":null,"chart_correction_date":null,"name":"Port lateral mark 109","structure":"Not specified in export","colour":"red","light":null,"wind_farm":null,"source_file":"TZiBoatData_2026-10-8_1920(1).gpx","source_sha256":"ef4169669b8aefad9dd9a7ff2c0b8b0754777db5cf3371475af4053278236492","source":"User-supplied TimeZero GPX export; classification confirmed by Clifton Taylor","raw_position":"51.835687395, -8.267153547","confirmed_on":"2026-10-08","cross_reference_id":"confirmed-b1b525fea504cd5785ca","nearby_record_count":2,"colour_basis":"Port lateral classification; physical colour not exported separately","description_status":"Port lateral type and latest TimeZero chart update provenance confirmed by Clifton Taylor; light rhythm and physical structure not supplied"}},{"type":"Feature","id":"confirmed-73e69383cdd496b5cd52","geometry":{"type":"Point","coordinates":[-8.26425364716436,51.8448706015371]},"properties":{"mark_type":"port","position_status":"Coordinates confirmed accurate by Clifton Taylor on 8 October 2026; not independently surveyed","classification_source":"User confirmation: all points in this export are port lateral markers","display_label_generated":true,"physical_structure":null,"body_colour":null,"light_characteristics":null,"gpx_display_colour_is_not_navigation_colour":true,"chart_update_status":"Latest TimeZero chart update, confirmed by Clifton Taylor on 8 October 2026","chart_edition":null,"chart_correction_date":null,"name":"Port lateral mark 110","structure":"Not specified in export","colour":"red","light":null,"wind_farm":null,"source_file":"TZiBoatData_2026-10-8_1920(1).gpx","source_sha256":"ef4169669b8aefad9dd9a7ff2c0b8b0754777db5cf3371475af4053278236492","source":"User-supplied TimeZero GPX export; classification confirmed by Clifton Taylor","raw_position":"51.844870602, -8.264253647","confirmed_on":"2026-10-08","cross_reference_id":"confirmed-73e69383cdd496b5cd52","nearby_record_count":2,"colour_basis":"Port lateral classification; physical colour not exported separately","description_status":"Port lateral type and latest TimeZero chart update provenance confirmed by Clifton Taylor; light rhythm and physical structure not supplied"}},{"type":"Feature","id":"confirmed-ac888be68cd931415f13","geometry":{"type":"Point","coordinates":[-8.27131248545112,51.8485585464404]},"properties":{"mark_type":"port","position_status":"Coordinates confirmed accurate by Clifton Taylor on 8 October 2026; not independently surveyed","classification_source":"User confirmation: all points in this export are port lateral markers","display_label_generated":true,"physical_structure":null,"body_colour":null,"light_characteristics":null,"gpx_display_colour_is_not_navigation_colour":true,"chart_update_status":"Latest TimeZero chart update, confirmed by Clifton Taylor on 8 October 2026","chart_edition":null,"chart_correction_date":null,"name":"Port lateral mark 111","structure":"Not specified in export","colour":"red","light":null,"wind_farm":null,"source_file":"TZiBoatData_2026-10-8_1920(1).gpx","source_sha256":"ef4169669b8aefad9dd9a7ff2c0b8b0754777db5cf3371475af4053278236492","source":"User-supplied TimeZero GPX export; classification confirmed by Clifton Taylor","raw_position":"51.848558546, -8.271312485","confirmed_on":"2026-10-08","cross_reference_id":"confirmed-ac888be68cd931415f13","nearby_record_count":2,"colour_basis":"Port lateral classification; physical colour not exported separately","description_status":"Port lateral type and latest TimeZero chart update provenance confirmed by Clifton Taylor; light rhythm and physical structure not supplied"}},{"type":"Feature","id":"confirmed-9b48b412e12fe94dcf29","geometry":{"type":"Point","coordinates":[-8.28808898414509,51.8471245735282]},"properties":{"mark_type":"port","position_status":"Coordinates confirmed accurate by Clifton Taylor on 8 October 2026; not independently surveyed","classification_source":"User confirmation: all points in this export are port lateral markers","display_label_generated":true,"physical_structure":null,"body_colour":null,"light_characteristics":null,"gpx_display_colour_is_not_navigation_colour":true,"chart_update_status":"Latest TimeZero chart update, confirmed by Clifton Taylor on 8 October 2026","chart_edition":null,"chart_correction_date":null,"name":"Port lateral mark 112","structure":"Not specified in export","colour":"red","light":null,"wind_farm":null,"source_file":"TZiBoatData_2026-10-8_1920(1).gpx","source_sha256":"ef4169669b8aefad9dd9a7ff2c0b8b0754777db5cf3371475af4053278236492","source":"User-supplied TimeZero GPX export; classification confirmed by Clifton Taylor","raw_position":"51.847124574, -8.288088984","confirmed_on":"2026-10-08","cross_reference_id":"confirmed-9b48b412e12fe94dcf29","nearby_record_count":2,"colour_basis":"Port lateral classification; physical colour not exported separately","description_status":"Port lateral type and latest TimeZero chart update provenance confirmed by Clifton Taylor; light rhythm and physical structure not supplied"}},{"type":"Feature","id":"confirmed-0308d10d1e15b08faf06","geometry":{"type":"Point","coordinates":[-8.31492265816078,51.8387562985495]},"properties":{"mark_type":"port","position_status":"Coordinates confirmed accurate by Clifton Taylor on 8 October 2026; not independently surveyed","classification_source":"User confirmation: all points in this export are port lateral markers","display_label_generated":true,"physical_structure":null,"body_colour":null,"light_characteristics":null,"gpx_display_colour_is_not_navigation_colour":true,"chart_update_status":"Latest TimeZero chart update, confirmed by Clifton Taylor on 8 October 2026","chart_edition":null,"chart_correction_date":null,"name":"Port lateral mark 113","structure":"Not specified in export","colour":"red","light":null,"wind_farm":null,"source_file":"TZiBoatData_2026-10-8_1920(1).gpx","source_sha256":"ef4169669b8aefad9dd9a7ff2c0b8b0754777db5cf3371475af4053278236492","source":"User-supplied TimeZero GPX export; classification confirmed by Clifton Taylor","raw_position":"51.838756299, -8.314922658","confirmed_on":"2026-10-08","cross_reference_id":"confirmed-0308d10d1e15b08faf06","nearby_record_count":2,"colour_basis":"Port lateral classification; physical colour not exported separately","description_status":"Port lateral type and latest TimeZero chart update provenance confirmed by Clifton Taylor; light rhythm and physical structure not supplied"}},{"type":"Feature","id":"confirmed-fc9b5831dc451882132e","geometry":{"type":"Point","coordinates":[-8.33943106174747,51.8782630309713]},"properties":{"mark_type":"port","position_status":"Coordinates confirmed accurate by Clifton Taylor on 8 October 2026; not independently surveyed","classification_source":"User confirmation: all points in this export are port lateral markers","display_label_generated":true,"physical_structure":null,"body_colour":null,"light_characteristics":null,"gpx_display_colour_is_not_navigation_colour":true,"chart_update_status":"Latest TimeZero chart update, confirmed by Clifton Taylor on 8 October 2026","chart_edition":null,"chart_correction_date":null,"name":"Port lateral mark 114","structure":"Not specified in export","colour":"red","light":null,"wind_farm":null,"source_file":"TZiBoatData_2026-10-8_1920(1).gpx","source_sha256":"ef4169669b8aefad9dd9a7ff2c0b8b0754777db5cf3371475af4053278236492","source":"User-supplied TimeZero GPX export; classification confirmed by Clifton Taylor","raw_position":"51.878263031, -8.339431062","confirmed_on":"2026-10-08","cross_reference_id":"confirmed-fc9b5831dc451882132e","nearby_record_count":2,"colour_basis":"Port lateral classification; physical colour not exported separately","description_status":"Port lateral type and latest TimeZero chart update provenance confirmed by Clifton Taylor; light rhythm and physical structure not supplied"}},{"type":"Feature","id":"confirmed-4be327e870c2cd8fd192","geometry":{"type":"Point","coordinates":[-8.3484617204223,51.8805472318355]},"properties":{"mark_type":"port","position_status":"Coordinates confirmed accurate by Clifton Taylor on 8 October 2026; not independently surveyed","classification_source":"User confirmation: all points in this export are port lateral markers","display_label_generated":true,"physical_structure":null,"body_colour":null,"light_characteristics":null,"gpx_display_colour_is_not_navigation_colour":true,"chart_update_status":"Latest TimeZero chart update, confirmed by Clifton Taylor on 8 October 2026","chart_edition":null,"chart_correction_date":null,"name":"Port lateral mark 115","structure":"Not specified in export","colour":"red","light":null,"wind_farm":null,"source_file":"TZiBoatData_2026-10-8_1920(1).gpx","source_sha256":"ef4169669b8aefad9dd9a7ff2c0b8b0754777db5cf3371475af4053278236492","source":"User-supplied TimeZero GPX export; classification confirmed by Clifton Taylor","raw_position":"51.880547232, -8.348461720","confirmed_on":"2026-10-08","cross_reference_id":"confirmed-4be327e870c2cd8fd192","nearby_record_count":2,"colour_basis":"Port lateral classification; physical colour not exported separately","description_status":"Port lateral type and latest TimeZero chart update provenance confirmed by Clifton Taylor; light rhythm and physical structure not supplied"}},{"type":"Feature","id":"confirmed-8b9cbc8ba0d35a94ff99","geometry":{"type":"Point","coordinates":[-8.36390760912965,51.8837143892761]},"properties":{"mark_type":"port","position_status":"Coordinates confirmed accurate by Clifton Taylor on 8 October 2026; not independently surveyed","classification_source":"User confirmation: all points in this export are port lateral markers","display_label_generated":true,"physical_structure":null,"body_colour":null,"light_characteristics":null,"gpx_display_colour_is_not_navigation_colour":true,"chart_update_status":"Latest TimeZero chart update, confirmed by Clifton Taylor on 8 October 2026","chart_edition":null,"chart_correction_date":null,"name":"Port lateral mark 116","structure":"Not specified in export","colour":"red","light":null,"wind_farm":null,"source_file":"TZiBoatData_2026-10-8_1920(1).gpx","source_sha256":"ef4169669b8aefad9dd9a7ff2c0b8b0754777db5cf3371475af4053278236492","source":"User-supplied TimeZero GPX export; classification confirmed by Clifton Taylor","raw_position":"51.883714389, -8.363907609","confirmed_on":"2026-10-08","cross_reference_id":"confirmed-8b9cbc8ba0d35a94ff99","nearby_record_count":2,"colour_basis":"Port lateral classification; physical colour not exported separately","description_status":"Port lateral type and latest TimeZero chart update provenance confirmed by Clifton Taylor; light rhythm and physical structure not supplied"}},{"type":"Feature","id":"confirmed-bfd089da937a6a19e8a4","geometry":{"type":"Point","coordinates":[-8.36917578367177,51.8863471203058]},"properties":{"mark_type":"port","position_status":"Coordinates confirmed accurate by Clifton Taylor on 8 October 2026; not independently surveyed","classification_source":"User confirmation: all points in this export are port lateral markers","display_label_generated":true,"physical_structure":null,"body_colour":null,"light_characteristics":null,"gpx_display_colour_is_not_navigation_colour":true,"chart_update_status":"Latest TimeZero chart update, confirmed by Clifton Taylor on 8 October 2026","chart_edition":null,"chart_correction_date":null,"name":"Port lateral mark 117","structure":"Not specified in export","colour":"red","light":null,"wind_farm":null,"source_file":"TZiBoatData_2026-10-8_1920(1).gpx","source_sha256":"ef4169669b8aefad9dd9a7ff2c0b8b0754777db5cf3371475af4053278236492","source":"User-supplied TimeZero GPX export; classification confirmed by Clifton Taylor","raw_position":"51.886347120, -8.369175784","confirmed_on":"2026-10-08","cross_reference_id":"confirmed-bfd089da937a6a19e8a4","nearby_record_count":2,"colour_basis":"Port lateral classification; physical colour not exported separately","description_status":"Port lateral type and latest TimeZero chart update provenance confirmed by Clifton Taylor; light rhythm and physical structure not supplied"}},{"type":"Feature","id":"confirmed-cb669c0636abe041365a","geometry":{"type":"Point","coordinates":[-8.37629454300212,51.8905159175034]},"properties":{"mark_type":"port","position_status":"Coordinates confirmed accurate by Clifton Taylor on 8 October 2026; not independently surveyed","classification_source":"User confirmation: all points in this export are port lateral markers","display_label_generated":true,"physical_structure":null,"body_colour":null,"light_characteristics":null,"gpx_display_colour_is_not_navigation_colour":true,"chart_update_status":"Latest TimeZero chart update, confirmed by Clifton Taylor on 8 October 2026","chart_edition":null,"chart_correction_date":null,"name":"Port lateral mark 118","structure":"Not specified in export","colour":"red","light":null,"wind_farm":null,"source_file":"TZiBoatData_2026-10-8_1920(1).gpx","source_sha256":"ef4169669b8aefad9dd9a7ff2c0b8b0754777db5cf3371475af4053278236492","source":"User-supplied TimeZero GPX export; classification confirmed by Clifton Taylor","raw_position":"51.890515918, -8.376294543","confirmed_on":"2026-10-08","cross_reference_id":"confirmed-cb669c0636abe041365a","nearby_record_count":2,"colour_basis":"Port lateral classification; physical colour not exported separately","description_status":"Port lateral type and latest TimeZero chart update provenance confirmed by Clifton Taylor; light rhythm and physical structure not supplied"}},{"type":"Feature","id":"confirmed-3e3f201a0e09e68be51e","geometry":{"type":"Point","coordinates":[-8.38340703152559,51.8947898196656]},"properties":{"mark_type":"port","position_status":"Coordinates confirmed accurate by Clifton Taylor on 8 October 2026; not independently surveyed","classification_source":"User confirmation: all points in this export are port lateral markers","display_label_generated":true,"physical_structure":null,"body_colour":null,"light_characteristics":null,"gpx_display_colour_is_not_navigation_colour":true,"chart_update_status":"Latest TimeZero chart update, confirmed by Clifton Taylor on 8 October 2026","chart_edition":null,"chart_correction_date":null,"name":"Port lateral mark 119","structure":"Not specified in export","colour":"red","light":null,"wind_farm":null,"source_file":"TZiBoatData_2026-10-8_1920(1).gpx","source_sha256":"ef4169669b8aefad9dd9a7ff2c0b8b0754777db5cf3371475af4053278236492","source":"User-supplied TimeZero GPX export; classification confirmed by Clifton Taylor","raw_position":"51.894789820, -8.383407032","confirmed_on":"2026-10-08","cross_reference_id":"confirmed-3e3f201a0e09e68be51e","nearby_record_count":2,"colour_basis":"Port lateral classification; physical colour not exported separately","description_status":"Port lateral type and latest TimeZero chart update provenance confirmed by Clifton Taylor; light rhythm and physical structure not supplied"}},{"type":"Feature","id":"confirmed-ce69f2abcd2b3b565e2c","geometry":{"type":"Point","coordinates":[-8.39067698697757,51.8987663285915]},"properties":{"mark_type":"port","position_status":"Coordinates confirmed accurate by Clifton Taylor on 8 October 2026; not independently surveyed","classification_source":"User confirmation: all points in this export are port lateral markers","display_label_generated":true,"physical_structure":null,"body_colour":null,"light_characteristics":null,"gpx_display_colour_is_not_navigation_colour":true,"chart_update_status":"Latest TimeZero chart update, confirmed by Clifton Taylor on 8 October 2026","chart_edition":null,"chart_correction_date":null,"name":"Port lateral mark 120","structure":"Not specified in export","colour":"red","light":null,"wind_farm":null,"source_file":"TZiBoatData_2026-10-8_1920(1).gpx","source_sha256":"ef4169669b8aefad9dd9a7ff2c0b8b0754777db5cf3371475af4053278236492","source":"User-supplied TimeZero GPX export; classification confirmed by Clifton Taylor","raw_position":"51.898766329, -8.390676987","confirmed_on":"2026-10-08","cross_reference_id":"confirmed-ce69f2abcd2b3b565e2c","nearby_record_count":2,"colour_basis":"Port lateral classification; physical colour not exported separately","description_status":"Port lateral type and latest TimeZero chart update provenance confirmed by Clifton Taylor; light rhythm and physical structure not supplied"}},{"type":"Feature","id":"confirmed-bcc6ee232c0e342d647b","geometry":{"type":"Point","coordinates":[-8.39766704097482,51.900727080657]},"properties":{"mark_type":"port","position_status":"Coordinates confirmed accurate by Clifton Taylor on 8 October 2026; not independently surveyed","classification_source":"User confirmation: all points in this export are port lateral markers","display_label_generated":true,"physical_structure":null,"body_colour":null,"light_characteristics":null,"gpx_display_colour_is_not_navigation_colour":true,"chart_update_status":"Latest TimeZero chart update, confirmed by Clifton Taylor on 8 October 2026","chart_edition":null,"chart_correction_date":null,"name":"Port lateral mark 121","structure":"Not specified in export","colour":"red","light":null,"wind_farm":null,"source_file":"TZiBoatData_2026-10-8_1920(1).gpx","source_sha256":"ef4169669b8aefad9dd9a7ff2c0b8b0754777db5cf3371475af4053278236492","source":"User-supplied TimeZero GPX export; classification confirmed by Clifton Taylor","raw_position":"51.900727081, -8.397667041","confirmed_on":"2026-10-08","cross_reference_id":"confirmed-bcc6ee232c0e342d647b","nearby_record_count":2,"colour_basis":"Port lateral classification; physical colour not exported separately","description_status":"Port lateral type and latest TimeZero chart update provenance confirmed by Clifton Taylor; light rhythm and physical structure not supplied"}},{"type":"Feature","id":"confirmed-802b14a3cd9f9a289f7d","geometry":{"type":"Point","coordinates":[-8.41178750457362,51.8991831410766]},"properties":{"mark_type":"port","position_status":"Coordinates confirmed accurate by Clifton Taylor on 8 October 2026; not independently surveyed","classification_source":"User confirmation: all points in this export are port lateral markers","display_label_generated":true,"physical_structure":null,"body_colour":null,"light_characteristics":null,"gpx_display_colour_is_not_navigation_colour":true,"chart_update_status":"Latest TimeZero chart update, confirmed by Clifton Taylor on 8 October 2026","chart_edition":null,"chart_correction_date":null,"name":"Port lateral mark 122","structure":"Not specified in export","colour":"red","light":null,"wind_farm":null,"source_file":"TZiBoatData_2026-10-8_1920(1).gpx","source_sha256":"ef4169669b8aefad9dd9a7ff2c0b8b0754777db5cf3371475af4053278236492","source":"User-supplied TimeZero GPX export; classification confirmed by Clifton Taylor","raw_position":"51.899183141, -8.411787505","confirmed_on":"2026-10-08","cross_reference_id":"confirmed-802b14a3cd9f9a289f7d","nearby_record_count":5,"colour_basis":"Port lateral classification; physical colour not exported separately","description_status":"Port lateral type and latest TimeZero chart update provenance confirmed by Clifton Taylor; light rhythm and physical structure not supplied"}},{"type":"Feature","id":"confirmed-ace97d06d7a44c35a7d9","geometry":{"type":"Point","coordinates":[-8.41708354936857,51.8989999509595]},"properties":{"mark_type":"port","position_status":"Coordinates confirmed accurate by Clifton Taylor on 8 October 2026; not independently surveyed","classification_source":"User confirmation: all points in this export are port lateral markers","display_label_generated":true,"physical_structure":null,"body_colour":null,"light_characteristics":null,"gpx_display_colour_is_not_navigation_colour":true,"chart_update_status":"Latest TimeZero chart update, confirmed by Clifton Taylor on 8 October 2026","chart_edition":null,"chart_correction_date":null,"name":"Port lateral mark 123","structure":"Not specified in export","colour":"red","light":null,"wind_farm":null,"source_file":"TZiBoatData_2026-10-8_1920(1).gpx","source_sha256":"ef4169669b8aefad9dd9a7ff2c0b8b0754777db5cf3371475af4053278236492","source":"User-supplied TimeZero GPX export; classification confirmed by Clifton Taylor","raw_position":"51.898999951, -8.417083549","confirmed_on":"2026-10-08","cross_reference_id":"confirmed-ace97d06d7a44c35a7d9","nearby_record_count":2,"colour_basis":"Port lateral classification; physical colour not exported separately","description_status":"Port lateral type and latest TimeZero chart update provenance confirmed by Clifton Taylor; light rhythm and physical structure not supplied"}},{"type":"Feature","id":"confirmed-4c05c05009e04ddeac92","geometry":{"type":"Point","coordinates":[-8.4253631047295,51.9003964872497]},"properties":{"mark_type":"port","position_status":"Coordinates confirmed accurate by Clifton Taylor on 8 October 2026; not independently surveyed","classification_source":"User confirmation: all points in this export are port lateral markers","display_label_generated":true,"physical_structure":null,"body_colour":null,"light_characteristics":null,"gpx_display_colour_is_not_navigation_colour":true,"chart_update_status":"Latest TimeZero chart update, confirmed by Clifton Taylor on 8 October 2026","chart_edition":null,"chart_correction_date":null,"name":"Port lateral mark 124","structure":"Not specified in export","colour":"red","light":null,"wind_farm":null,"source_file":"TZiBoatData_2026-10-8_1920(1).gpx","source_sha256":"ef4169669b8aefad9dd9a7ff2c0b8b0754777db5cf3371475af4053278236492","source":"User-supplied TimeZero GPX export; classification confirmed by Clifton Taylor","raw_position":"51.900396487, -8.425363105","confirmed_on":"2026-10-08","cross_reference_id":"confirmed-4c05c05009e04ddeac92","nearby_record_count":2,"colour_basis":"Port lateral classification; physical colour not exported separately","description_status":"Port lateral type and latest TimeZero chart update provenance confirmed by Clifton Taylor; light rhythm and physical structure not supplied"}},{"type":"Feature","id":"confirmed-10df828fc4c795fdf0bf","geometry":{"type":"Point","coordinates":[-8.43067517491983,51.9011986138282]},"properties":{"mark_type":"port","position_status":"Coordinates confirmed accurate by Clifton Taylor on 8 October 2026; not independently surveyed","classification_source":"User confirmation: all points in this export are port lateral markers","display_label_generated":true,"physical_structure":null,"body_colour":null,"light_characteristics":null,"gpx_display_colour_is_not_navigation_colour":true,"chart_update_status":"Latest TimeZero chart update, confirmed by Clifton Taylor on 8 October 2026","chart_edition":null,"chart_correction_date":null,"name":"Port lateral mark 125","structure":"Not specified in export","colour":"red","light":null,"wind_farm":null,"source_file":"TZiBoatData_2026-10-8_1920(1).gpx","source_sha256":"ef4169669b8aefad9dd9a7ff2c0b8b0754777db5cf3371475af4053278236492","source":"User-supplied TimeZero GPX export; classification confirmed by Clifton Taylor","raw_position":"51.901198614, -8.430675175","confirmed_on":"2026-10-08","cross_reference_id":"confirmed-10df828fc4c795fdf0bf","nearby_record_count":2,"colour_basis":"Port lateral classification; physical colour not exported separately","description_status":"Port lateral type and latest TimeZero chart update provenance confirmed by Clifton Taylor; light rhythm and physical structure not supplied"}},{"type":"Feature","id":"confirmed-f0fb1ca473810ed6f2f6","geometry":{"type":"Point","coordinates":[-8.29171699430787,51.7255167831023]},"properties":{"mark_type":"port","position_status":"Coordinates confirmed accurate by Clifton Taylor on 8 October 2026; not independently surveyed","classification_source":"User confirmation: all points in this export are port lateral markers","display_label_generated":true,"physical_structure":null,"body_colour":null,"light_characteristics":null,"gpx_display_colour_is_not_navigation_colour":true,"chart_update_status":"Latest TimeZero chart update, confirmed by Clifton Taylor on 8 October 2026","chart_edition":null,"chart_correction_date":null,"name":"Port lateral mark 126","structure":"Not specified in export","colour":"red","light":null,"wind_farm":null,"source_file":"TZiBoatData_2026-10-8_1920(1).gpx","source_sha256":"ef4169669b8aefad9dd9a7ff2c0b8b0754777db5cf3371475af4053278236492","source":"User-supplied TimeZero GPX export; classification confirmed by Clifton Taylor","raw_position":"51.725516783, -8.291716994","confirmed_on":"2026-10-08","cross_reference_id":"confirmed-f0fb1ca473810ed6f2f6","nearby_record_count":2,"colour_basis":"Port lateral classification; physical colour not exported separately","description_status":"Port lateral type and latest TimeZero chart update provenance confirmed by Clifton Taylor; light rhythm and physical structure not supplied"}},{"type":"Feature","id":"confirmed-260b1e9cd579e3526c64","geometry":{"type":"Point","coordinates":[-8.50510864833849,51.6966116083575]},"properties":{"mark_type":"port","position_status":"Coordinates confirmed accurate by Clifton Taylor on 8 October 2026; not independently surveyed","classification_source":"User confirmation: all points in this export are port lateral markers","display_label_generated":true,"physical_structure":null,"body_colour":null,"light_characteristics":null,"gpx_display_colour_is_not_navigation_colour":true,"chart_update_status":"Latest TimeZero chart update, confirmed by Clifton Taylor on 8 October 2026","chart_edition":null,"chart_correction_date":null,"name":"Port lateral mark 127","structure":"Not specified in export","colour":"red","light":null,"wind_farm":null,"source_file":"TZiBoatData_2026-10-8_1920(1).gpx","source_sha256":"ef4169669b8aefad9dd9a7ff2c0b8b0754777db5cf3371475af4053278236492","source":"User-supplied TimeZero GPX export; classification confirmed by Clifton Taylor","raw_position":"51.696611608, -8.505108648","confirmed_on":"2026-10-08","cross_reference_id":"confirmed-260b1e9cd579e3526c64","nearby_record_count":4,"colour_basis":"Port lateral classification; physical colour not exported separately","description_status":"Port lateral type and latest TimeZero chart update provenance confirmed by Clifton Taylor; light rhythm and physical structure not supplied"}},{"type":"Feature","id":"confirmed-a06979a0a72e98564c33","geometry":{"type":"Point","coordinates":[-8.50798346491841,51.7027985458084]},"properties":{"mark_type":"port","position_status":"Coordinates confirmed accurate by Clifton Taylor on 8 October 2026; not independently surveyed","classification_source":"User confirmation: all points in this export are port lateral markers","display_label_generated":true,"physical_structure":null,"body_colour":null,"light_characteristics":null,"gpx_display_colour_is_not_navigation_colour":true,"chart_update_status":"Latest TimeZero chart update, confirmed by Clifton Taylor on 8 October 2026","chart_edition":null,"chart_correction_date":null,"name":"Port lateral mark 128","structure":"Not specified in export","colour":"red","light":null,"wind_farm":null,"source_file":"TZiBoatData_2026-10-8_1920(1).gpx","source_sha256":"ef4169669b8aefad9dd9a7ff2c0b8b0754777db5cf3371475af4053278236492","source":"User-supplied TimeZero GPX export; classification confirmed by Clifton Taylor","raw_position":"51.702798546, -8.507983465","confirmed_on":"2026-10-08","cross_reference_id":"confirmed-a06979a0a72e98564c33","nearby_record_count":4,"colour_basis":"Port lateral classification; physical colour not exported separately","description_status":"Port lateral type and latest TimeZero chart update provenance confirmed by Clifton Taylor; light rhythm and physical structure not supplied"}},{"type":"Feature","id":"confirmed-ae0be0f07c27a0c91848","geometry":{"type":"Point","coordinates":[-8.51352825171992,51.7034890574559]},"properties":{"mark_type":"port","position_status":"Coordinates confirmed accurate by Clifton Taylor on 8 October 2026; not independently surveyed","classification_source":"User confirmation: all points in this export are port lateral markers","display_label_generated":true,"physical_structure":null,"body_colour":null,"light_characteristics":null,"gpx_display_colour_is_not_navigation_colour":true,"chart_update_status":"Latest TimeZero chart update, confirmed by Clifton Taylor on 8 October 2026","chart_edition":null,"chart_correction_date":null,"name":"Port lateral mark 129","structure":"Not specified in export","colour":"red","light":null,"wind_farm":null,"source_file":"TZiBoatData_2026-10-8_1920(1).gpx","source_sha256":"ef4169669b8aefad9dd9a7ff2c0b8b0754777db5cf3371475af4053278236492","source":"User-supplied TimeZero GPX export; classification confirmed by Clifton Taylor","raw_position":"51.703489057, -8.513528252","confirmed_on":"2026-10-08","cross_reference_id":"confirmed-ae0be0f07c27a0c91848","nearby_record_count":4,"colour_basis":"Port lateral classification; physical colour not exported separately","description_status":"Port lateral type and latest TimeZero chart update provenance confirmed by Clifton Taylor; light rhythm and physical structure not supplied"}},{"type":"Feature","id":"confirmed-1d88b27956a19de66b4a","geometry":{"type":"Point","coordinates":[-8.53213602061139,51.6921463196855]},"properties":{"mark_type":"port","position_status":"Coordinates confirmed accurate by Clifton Taylor on 8 October 2026; not independently surveyed","classification_source":"User confirmation: all points in this export are port lateral markers","display_label_generated":true,"physical_structure":null,"body_colour":null,"light_characteristics":null,"gpx_display_colour_is_not_navigation_colour":true,"chart_update_status":"Latest TimeZero chart update, confirmed by Clifton Taylor on 8 October 2026","chart_edition":null,"chart_correction_date":null,"name":"Port lateral mark 130","structure":"Not specified in export","colour":"red","light":null,"wind_farm":null,"source_file":"TZiBoatData_2026-10-8_1920(1).gpx","source_sha256":"ef4169669b8aefad9dd9a7ff2c0b8b0754777db5cf3371475af4053278236492","source":"User-supplied TimeZero GPX export; classification confirmed by Clifton Taylor","raw_position":"51.692146320, -8.532136021","confirmed_on":"2026-10-08","cross_reference_id":"confirmed-1d88b27956a19de66b4a","nearby_record_count":0,"colour_basis":"Port lateral classification; physical colour not exported separately","description_status":"Port lateral type and latest TimeZero chart update provenance confirmed by Clifton Taylor; light rhythm and physical structure not supplied"}},{"type":"Feature","id":"confirmed-71049eeafb2bccd4fe48","geometry":{"type":"Point","coordinates":[-8.53608732570706,51.6950111446315]},"properties":{"mark_type":"port","position_status":"Coordinates confirmed accurate by Clifton Taylor on 8 October 2026; not independently surveyed","classification_source":"User confirmation: all points in this export are port lateral markers","display_label_generated":true,"physical_structure":null,"body_colour":null,"light_characteristics":null,"gpx_display_colour_is_not_navigation_colour":true,"chart_update_status":"Latest TimeZero chart update, confirmed by Clifton Taylor on 8 October 2026","chart_edition":null,"chart_correction_date":null,"name":"Port lateral mark 131","structure":"Not specified in export","colour":"red","light":null,"wind_farm":null,"source_file":"TZiBoatData_2026-10-8_1920(1).gpx","source_sha256":"ef4169669b8aefad9dd9a7ff2c0b8b0754777db5cf3371475af4053278236492","source":"User-supplied TimeZero GPX export; classification confirmed by Clifton Taylor","raw_position":"51.695011145, -8.536087326","confirmed_on":"2026-10-08","cross_reference_id":"confirmed-71049eeafb2bccd4fe48","nearby_record_count":0,"colour_basis":"Port lateral classification; physical colour not exported separately","description_status":"Port lateral type and latest TimeZero chart update provenance confirmed by Clifton Taylor; light rhythm and physical structure not supplied"}},{"type":"Feature","id":"confirmed-09eb650a2bc3cfa6213a","geometry":{"type":"Point","coordinates":[-8.54235534556962,51.6970216437461]},"properties":{"mark_type":"port","position_status":"Coordinates confirmed accurate by Clifton Taylor on 8 October 2026; not independently surveyed","classification_source":"User confirmation: all points in this export are port lateral markers","display_label_generated":true,"physical_structure":null,"body_colour":null,"light_characteristics":null,"gpx_display_colour_is_not_navigation_colour":true,"chart_update_status":"Latest TimeZero chart update, confirmed by Clifton Taylor on 8 October 2026","chart_edition":null,"chart_correction_date":null,"name":"Port lateral mark 132","structure":"Not specified in export","colour":"red","light":null,"wind_farm":null,"source_file":"TZiBoatData_2026-10-8_1920(1).gpx","source_sha256":"ef4169669b8aefad9dd9a7ff2c0b8b0754777db5cf3371475af4053278236492","source":"User-supplied TimeZero GPX export; classification confirmed by Clifton Taylor","raw_position":"51.697021644, -8.542355346","confirmed_on":"2026-10-08","cross_reference_id":"confirmed-09eb650a2bc3cfa6213a","nearby_record_count":0,"colour_basis":"Port lateral classification; physical colour not exported separately","description_status":"Port lateral type and latest TimeZero chart update provenance confirmed by Clifton Taylor; light rhythm and physical structure not supplied"}},{"type":"Feature","id":"confirmed-eb436499cd0de110f3b3","geometry":{"type":"Point","coordinates":[-8.69784058611267,51.6375007088738]},"properties":{"mark_type":"port","position_status":"Coordinates confirmed accurate by Clifton Taylor on 8 October 2026; not independently surveyed","classification_source":"User confirmation: all points in this export are port lateral markers","display_label_generated":true,"physical_structure":null,"body_colour":null,"light_characteristics":null,"gpx_display_colour_is_not_navigation_colour":true,"chart_update_status":"Latest TimeZero chart update, confirmed by Clifton Taylor on 8 October 2026","chart_edition":null,"chart_correction_date":null,"name":"Port lateral mark 133","structure":"Not specified in export","colour":"red","light":null,"wind_farm":null,"source_file":"TZiBoatData_2026-10-8_1920(1).gpx","source_sha256":"ef4169669b8aefad9dd9a7ff2c0b8b0754777db5cf3371475af4053278236492","source":"User-supplied TimeZero GPX export; classification confirmed by Clifton Taylor","raw_position":"51.637500709, -8.697840586","confirmed_on":"2026-10-08","cross_reference_id":"confirmed-eb436499cd0de110f3b3","nearby_record_count":0,"colour_basis":"Port lateral classification; physical colour not exported separately","description_status":"Port lateral type and latest TimeZero chart update provenance confirmed by Clifton Taylor; light rhythm and physical structure not supplied"}},{"type":"Feature","id":"confirmed-cad05b55c5094f676d51","geometry":{"type":"Point","coordinates":[-9.38355155538512,51.4826668039786]},"properties":{"mark_type":"port","position_status":"Coordinates confirmed accurate by Clifton Taylor on 8 October 2026; not independently surveyed","classification_source":"User confirmation: all points in this export are port lateral markers","display_label_generated":true,"physical_structure":null,"body_colour":null,"light_characteristics":null,"gpx_display_colour_is_not_navigation_colour":true,"chart_update_status":"Latest TimeZero chart update, confirmed by Clifton Taylor on 8 October 2026","chart_edition":null,"chart_correction_date":null,"name":"Port lateral mark 134","structure":"Not specified in export","colour":"red","light":null,"wind_farm":null,"source_file":"TZiBoatData_2026-10-8_1920(1).gpx","source_sha256":"ef4169669b8aefad9dd9a7ff2c0b8b0754777db5cf3371475af4053278236492","source":"User-supplied TimeZero GPX export; classification confirmed by Clifton Taylor","raw_position":"51.482666804, -9.383551555","confirmed_on":"2026-10-08","cross_reference_id":"confirmed-cad05b55c5094f676d51","nearby_record_count":0,"colour_basis":"Port lateral classification; physical colour not exported separately","description_status":"Port lateral type and latest TimeZero chart update provenance confirmed by Clifton Taylor; light rhythm and physical structure not supplied"}},{"type":"Feature","id":"confirmed-0b8e65baafe7b552aa0d","geometry":{"type":"Point","coordinates":[-9.82089977953976,51.6406833145933]},"properties":{"mark_type":"port","position_status":"Coordinates confirmed accurate by Clifton Taylor on 8 October 2026; not independently surveyed","classification_source":"User confirmation: all points in this export are port lateral markers","display_label_generated":true,"physical_structure":null,"body_colour":null,"light_characteristics":null,"gpx_display_colour_is_not_navigation_colour":true,"chart_update_status":"Latest TimeZero chart update, confirmed by Clifton Taylor on 8 October 2026","chart_edition":null,"chart_correction_date":null,"name":"Port lateral mark 135","structure":"Not specified in export","colour":"red","light":null,"wind_farm":null,"source_file":"TZiBoatData_2026-10-8_1920(1).gpx","source_sha256":"ef4169669b8aefad9dd9a7ff2c0b8b0754777db5cf3371475af4053278236492","source":"User-supplied TimeZero GPX export; classification confirmed by Clifton Taylor","raw_position":"51.640683315, -9.820899780","confirmed_on":"2026-10-08","cross_reference_id":"confirmed-0b8e65baafe7b552aa0d","nearby_record_count":0,"colour_basis":"Port lateral classification; physical colour not exported separately","description_status":"Port lateral type and latest TimeZero chart update provenance confirmed by Clifton Taylor; light rhythm and physical structure not supplied"}},{"type":"Feature","id":"confirmed-a4002d01313e91d332f2","geometry":{"type":"Point","coordinates":[-9.8221330382277,51.6366331595068]},"properties":{"mark_type":"port","position_status":"Coordinates confirmed accurate by Clifton Taylor on 8 October 2026; not independently surveyed","classification_source":"User confirmation: all points in this export are port lateral markers","display_label_generated":true,"physical_structure":null,"body_colour":null,"light_characteristics":null,"gpx_display_colour_is_not_navigation_colour":true,"chart_update_status":"Latest TimeZero chart update, confirmed by Clifton Taylor on 8 October 2026","chart_edition":null,"chart_correction_date":null,"name":"Port lateral mark 136","structure":"Not specified in export","colour":"red","light":null,"wind_farm":null,"source_file":"TZiBoatData_2026-10-8_1920(1).gpx","source_sha256":"ef4169669b8aefad9dd9a7ff2c0b8b0754777db5cf3371475af4053278236492","source":"User-supplied TimeZero GPX export; classification confirmed by Clifton Taylor","raw_position":"51.636633160, -9.822133038","confirmed_on":"2026-10-08","cross_reference_id":"confirmed-a4002d01313e91d332f2","nearby_record_count":0,"colour_basis":"Port lateral classification; physical colour not exported separately","description_status":"Port lateral type and latest TimeZero chart update provenance confirmed by Clifton Taylor; light rhythm and physical structure not supplied"}},{"type":"Feature","id":"confirmed-60a365c3d737c293a4e0","geometry":{"type":"Point","coordinates":[-9.82509982664198,51.6349500401473]},"properties":{"mark_type":"port","position_status":"Coordinates confirmed accurate by Clifton Taylor on 8 October 2026; not independently surveyed","classification_source":"User confirmation: all points in this export are port lateral markers","display_label_generated":true,"physical_structure":null,"body_colour":null,"light_characteristics":null,"gpx_display_colour_is_not_navigation_colour":true,"chart_update_status":"Latest TimeZero chart update, confirmed by Clifton Taylor on 8 October 2026","chart_edition":null,"chart_correction_date":null,"name":"Port lateral mark 137","structure":"Not specified in export","colour":"red","light":null,"wind_farm":null,"source_file":"TZiBoatData_2026-10-8_1920(1).gpx","source_sha256":"ef4169669b8aefad9dd9a7ff2c0b8b0754777db5cf3371475af4053278236492","source":"User-supplied TimeZero GPX export; classification confirmed by Clifton Taylor","raw_position":"51.634950040, -9.825099827","confirmed_on":"2026-10-08","cross_reference_id":"confirmed-60a365c3d737c293a4e0","nearby_record_count":0,"colour_basis":"Port lateral classification; physical colour not exported separately","description_status":"Port lateral type and latest TimeZero chart update provenance confirmed by Clifton Taylor; light rhythm and physical structure not supplied"}},{"type":"Feature","id":"confirmed-abe4b94fcd0744e6f387","geometry":{"type":"Point","coordinates":[-9.91150496716587,51.6392752094188]},"properties":{"mark_type":"port","position_status":"Coordinates confirmed accurate by Clifton Taylor on 8 October 2026; not independently surveyed","classification_source":"User confirmation: all points in this export are port lateral markers","display_label_generated":true,"physical_structure":null,"body_colour":null,"light_characteristics":null,"gpx_display_colour_is_not_navigation_colour":true,"chart_update_status":"Latest TimeZero chart update, confirmed by Clifton Taylor on 8 October 2026","chart_edition":null,"chart_correction_date":null,"name":"Port lateral mark 138","structure":"Not specified in export","colour":"red","light":null,"wind_farm":null,"source_file":"TZiBoatData_2026-10-8_1920(1).gpx","source_sha256":"ef4169669b8aefad9dd9a7ff2c0b8b0754777db5cf3371475af4053278236492","source":"User-supplied TimeZero GPX export; classification confirmed by Clifton Taylor","raw_position":"51.639275209, -9.911504967","confirmed_on":"2026-10-08","cross_reference_id":"confirmed-abe4b94fcd0744e6f387","nearby_record_count":0,"colour_basis":"Port lateral classification; physical colour not exported separately","description_status":"Port lateral type and latest TimeZero chart update provenance confirmed by Clifton Taylor; light rhythm and physical structure not supplied"}},{"type":"Feature","id":"confirmed-05ce7841604d63fb4de5","geometry":{"type":"Point","coordinates":[-9.91814853868539,51.6344770038009]},"properties":{"mark_type":"port","position_status":"Coordinates confirmed accurate by Clifton Taylor on 8 October 2026; not independently surveyed","classification_source":"User confirmation: all points in this export are port lateral markers","display_label_generated":true,"physical_structure":null,"body_colour":null,"light_characteristics":null,"gpx_display_colour_is_not_navigation_colour":true,"chart_update_status":"Latest TimeZero chart update, confirmed by Clifton Taylor on 8 October 2026","chart_edition":null,"chart_correction_date":null,"name":"Port lateral mark 139","structure":"Not specified in export","colour":"red","light":null,"wind_farm":null,"source_file":"TZiBoatData_2026-10-8_1920(1).gpx","source_sha256":"ef4169669b8aefad9dd9a7ff2c0b8b0754777db5cf3371475af4053278236492","source":"User-supplied TimeZero GPX export; classification confirmed by Clifton Taylor","raw_position":"51.634477004, -9.918148539","confirmed_on":"2026-10-08","cross_reference_id":"confirmed-05ce7841604d63fb4de5","nearby_record_count":1,"colour_basis":"Port lateral classification; physical colour not exported separately","description_status":"Port lateral type and latest TimeZero chart update provenance confirmed by Clifton Taylor; light rhythm and physical structure not supplied"}},{"type":"Feature","id":"confirmed-156a79d8d7d8692973e0","geometry":{"type":"Point","coordinates":[-9.8146589331737,51.7745876926306]},"properties":{"mark_type":"port","position_status":"Coordinates confirmed accurate by Clifton Taylor on 8 October 2026; not independently surveyed","classification_source":"User confirmation: all points in this export are port lateral markers","display_label_generated":true,"physical_structure":null,"body_colour":null,"light_characteristics":null,"gpx_display_colour_is_not_navigation_colour":true,"chart_update_status":"Latest TimeZero chart update, confirmed by Clifton Taylor on 8 October 2026","chart_edition":null,"chart_correction_date":null,"name":"Port lateral mark 140","structure":"Not specified in export","colour":"red","light":null,"wind_farm":null,"source_file":"TZiBoatData_2026-10-8_1920(1).gpx","source_sha256":"ef4169669b8aefad9dd9a7ff2c0b8b0754777db5cf3371475af4053278236492","source":"User-supplied TimeZero GPX export; classification confirmed by Clifton Taylor","raw_position":"51.774587693, -9.814658933","confirmed_on":"2026-10-08","cross_reference_id":"confirmed-156a79d8d7d8692973e0","nearby_record_count":0,"colour_basis":"Port lateral classification; physical colour not exported separately","description_status":"Port lateral type and latest TimeZero chart update provenance confirmed by Clifton Taylor; light rhythm and physical structure not supplied"}},{"type":"Feature","id":"confirmed-26da0c6136f438cdffee","geometry":{"type":"Point","coordinates":[-9.82949008821979,51.7760875236863]},"properties":{"mark_type":"port","position_status":"Coordinates confirmed accurate by Clifton Taylor on 8 October 2026; not independently surveyed","classification_source":"User confirmation: all points in this export are port lateral markers","display_label_generated":true,"physical_structure":null,"body_colour":null,"light_characteristics":null,"gpx_display_colour_is_not_navigation_colour":true,"chart_update_status":"Latest TimeZero chart update, confirmed by Clifton Taylor on 8 October 2026","chart_edition":null,"chart_correction_date":null,"name":"Port lateral mark 141","structure":"Not specified in export","colour":"red","light":null,"wind_farm":null,"source_file":"TZiBoatData_2026-10-8_1920(1).gpx","source_sha256":"ef4169669b8aefad9dd9a7ff2c0b8b0754777db5cf3371475af4053278236492","source":"User-supplied TimeZero GPX export; classification confirmed by Clifton Taylor","raw_position":"51.776087524, -9.829490088","confirmed_on":"2026-10-08","cross_reference_id":"confirmed-26da0c6136f438cdffee","nearby_record_count":0,"colour_basis":"Port lateral classification; physical colour not exported separately","description_status":"Port lateral type and latest TimeZero chart update provenance confirmed by Clifton Taylor; light rhythm and physical structure not supplied"}},{"type":"Feature","id":"confirmed-2afb8becbfd1d4972aa3","geometry":{"type":"Point","coordinates":[-9.69050891464925,51.8504114666031]},"properties":{"mark_type":"port","position_status":"Coordinates confirmed accurate by Clifton Taylor on 8 October 2026; not independently surveyed","classification_source":"User confirmation: all points in this export are port lateral markers","display_label_generated":true,"physical_structure":null,"body_colour":null,"light_characteristics":null,"gpx_display_colour_is_not_navigation_colour":true,"chart_update_status":"Latest TimeZero chart update, confirmed by Clifton Taylor on 8 October 2026","chart_edition":null,"chart_correction_date":null,"name":"Port lateral mark 142","structure":"Not specified in export","colour":"red","light":null,"wind_farm":null,"source_file":"TZiBoatData_2026-10-8_1920(1).gpx","source_sha256":"ef4169669b8aefad9dd9a7ff2c0b8b0754777db5cf3371475af4053278236492","source":"User-supplied TimeZero GPX export; classification confirmed by Clifton Taylor","raw_position":"51.850411467, -9.690508915","confirmed_on":"2026-10-08","cross_reference_id":"confirmed-2afb8becbfd1d4972aa3","nearby_record_count":0,"colour_basis":"Port lateral classification; physical colour not exported separately","description_status":"Port lateral type and latest TimeZero chart update provenance confirmed by Clifton Taylor; light rhythm and physical structure not supplied"}},{"type":"Feature","id":"confirmed-45898f484fb04c934990","geometry":{"type":"Point","coordinates":[-10.2727983659432,51.9352833454157]},"properties":{"mark_type":"port","position_status":"Coordinates confirmed accurate by Clifton Taylor on 8 October 2026; not independently surveyed","classification_source":"User confirmation: all points in this export are port lateral markers","display_label_generated":true,"physical_structure":null,"body_colour":null,"light_characteristics":null,"gpx_display_colour_is_not_navigation_colour":true,"chart_update_status":"Latest TimeZero chart update, confirmed by Clifton Taylor on 8 October 2026","chart_edition":null,"chart_correction_date":null,"name":"Port lateral mark 143","structure":"Not specified in export","colour":"red","light":null,"wind_farm":null,"source_file":"TZiBoatData_2026-10-8_1920(1).gpx","source_sha256":"ef4169669b8aefad9dd9a7ff2c0b8b0754777db5cf3371475af4053278236492","source":"User-supplied TimeZero GPX export; classification confirmed by Clifton Taylor","raw_position":"51.935283345, -10.272798366","confirmed_on":"2026-10-08","cross_reference_id":"confirmed-45898f484fb04c934990","nearby_record_count":4,"colour_basis":"Port lateral classification; physical colour not exported separately","description_status":"Port lateral type and latest TimeZero chart update provenance confirmed by Clifton Taylor; light rhythm and physical structure not supplied"}},{"type":"Feature","id":"confirmed-ab2f7c95cd53bda7dc74","geometry":{"type":"Point","coordinates":[-10.2575373122471,51.9381533478529]},"properties":{"mark_type":"port","position_status":"Coordinates confirmed accurate by Clifton Taylor on 8 October 2026; not independently surveyed","classification_source":"User confirmation: all points in this export are port lateral markers","display_label_generated":true,"physical_structure":null,"body_colour":null,"light_characteristics":null,"gpx_display_colour_is_not_navigation_colour":true,"chart_update_status":"Latest TimeZero chart update, confirmed by Clifton Taylor on 8 October 2026","chart_edition":null,"chart_correction_date":null,"name":"Port lateral mark 144","structure":"Not specified in export","colour":"red","light":null,"wind_farm":null,"source_file":"TZiBoatData_2026-10-8_1920(1).gpx","source_sha256":"ef4169669b8aefad9dd9a7ff2c0b8b0754777db5cf3371475af4053278236492","source":"User-supplied TimeZero GPX export; classification confirmed by Clifton Taylor","raw_position":"51.938153348, -10.257537312","confirmed_on":"2026-10-08","cross_reference_id":"confirmed-ab2f7c95cd53bda7dc74","nearby_record_count":2,"colour_basis":"Port lateral classification; physical colour not exported separately","description_status":"Port lateral type and latest TimeZero chart update provenance confirmed by Clifton Taylor; light rhythm and physical structure not supplied"}},{"type":"Feature","id":"confirmed-11075d8d736a68441a5f","geometry":{"type":"Point","coordinates":[-10.2514211852625,51.9408194767912]},"properties":{"mark_type":"port","position_status":"Coordinates confirmed accurate by Clifton Taylor on 8 October 2026; not independently surveyed","classification_source":"User confirmation: all points in this export are port lateral markers","display_label_generated":true,"physical_structure":null,"body_colour":null,"light_characteristics":null,"gpx_display_colour_is_not_navigation_colour":true,"chart_update_status":"Latest TimeZero chart update, confirmed by Clifton Taylor on 8 October 2026","chart_edition":null,"chart_correction_date":null,"name":"Port lateral mark 145","structure":"Not specified in export","colour":"red","light":null,"wind_farm":null,"source_file":"TZiBoatData_2026-10-8_1920(1).gpx","source_sha256":"ef4169669b8aefad9dd9a7ff2c0b8b0754777db5cf3371475af4053278236492","source":"User-supplied TimeZero GPX export; classification confirmed by Clifton Taylor","raw_position":"51.940819477, -10.251421185","confirmed_on":"2026-10-08","cross_reference_id":"confirmed-11075d8d736a68441a5f","nearby_record_count":0,"colour_basis":"Port lateral classification; physical colour not exported separately","description_status":"Port lateral type and latest TimeZero chart update provenance confirmed by Clifton Taylor; light rhythm and physical structure not supplied"}},{"type":"Feature","id":"confirmed-5fd42e6474fea77e64fd","geometry":{"type":"Point","coordinates":[-10.2466149601611,51.944968984368]},"properties":{"mark_type":"port","position_status":"Coordinates confirmed accurate by Clifton Taylor on 8 October 2026; not independently surveyed","classification_source":"User confirmation: all points in this export are port lateral markers","display_label_generated":true,"physical_structure":null,"body_colour":null,"light_characteristics":null,"gpx_display_colour_is_not_navigation_colour":true,"chart_update_status":"Latest TimeZero chart update, confirmed by Clifton Taylor on 8 October 2026","chart_edition":null,"chart_correction_date":null,"name":"Port lateral mark 146","structure":"Not specified in export","colour":"red","light":null,"wind_farm":null,"source_file":"TZiBoatData_2026-10-8_1920(1).gpx","source_sha256":"ef4169669b8aefad9dd9a7ff2c0b8b0754777db5cf3371475af4053278236492","source":"User-supplied TimeZero GPX export; classification confirmed by Clifton Taylor","raw_position":"51.944968984, -10.246614960","confirmed_on":"2026-10-08","cross_reference_id":"confirmed-5fd42e6474fea77e64fd","nearby_record_count":0,"colour_basis":"Port lateral classification; physical colour not exported separately","description_status":"Port lateral type and latest TimeZero chart update provenance confirmed by Clifton Taylor; light rhythm and physical structure not supplied"}},{"type":"Feature","id":"confirmed-facb5aee924df9b775bf","geometry":{"type":"Point","coordinates":[-10.2443093934953,51.9471016606711]},"properties":{"mark_type":"port","position_status":"Coordinates confirmed accurate by Clifton Taylor on 8 October 2026; not independently surveyed","classification_source":"User confirmation: all points in this export are port lateral markers","display_label_generated":true,"physical_structure":null,"body_colour":null,"light_characteristics":null,"gpx_display_colour_is_not_navigation_colour":true,"chart_update_status":"Latest TimeZero chart update, confirmed by Clifton Taylor on 8 October 2026","chart_edition":null,"chart_correction_date":null,"name":"Port lateral mark 147","structure":"Not specified in export","colour":"red","light":null,"wind_farm":null,"source_file":"TZiBoatData_2026-10-8_1920(1).gpx","source_sha256":"ef4169669b8aefad9dd9a7ff2c0b8b0754777db5cf3371475af4053278236492","source":"User-supplied TimeZero GPX export; classification confirmed by Clifton Taylor","raw_position":"51.947101661, -10.244309393","confirmed_on":"2026-10-08","cross_reference_id":"confirmed-facb5aee924df9b775bf","nearby_record_count":0,"colour_basis":"Port lateral classification; physical colour not exported separately","description_status":"Port lateral type and latest TimeZero chart update provenance confirmed by Clifton Taylor; light rhythm and physical structure not supplied"}},{"type":"Feature","id":"confirmed-5e5c4493de5db9f325d5","geometry":{"type":"Point","coordinates":[-10.2359146787552,51.9485474995301]},"properties":{"mark_type":"port","position_status":"Coordinates confirmed accurate by Clifton Taylor on 8 October 2026; not independently surveyed","classification_source":"User confirmation: all points in this export are port lateral markers","display_label_generated":true,"physical_structure":null,"body_colour":null,"light_characteristics":null,"gpx_display_colour_is_not_navigation_colour":true,"chart_update_status":"Latest TimeZero chart update, confirmed by Clifton Taylor on 8 October 2026","chart_edition":null,"chart_correction_date":null,"name":"Port lateral mark 148","structure":"Not specified in export","colour":"red","light":null,"wind_farm":null,"source_file":"TZiBoatData_2026-10-8_1920(1).gpx","source_sha256":"ef4169669b8aefad9dd9a7ff2c0b8b0754777db5cf3371475af4053278236492","source":"User-supplied TimeZero GPX export; classification confirmed by Clifton Taylor","raw_position":"51.948547500, -10.235914679","confirmed_on":"2026-10-08","cross_reference_id":"confirmed-5e5c4493de5db9f325d5","nearby_record_count":2,"colour_basis":"Port lateral classification; physical colour not exported separately","description_status":"Port lateral type and latest TimeZero chart update provenance confirmed by Clifton Taylor; light rhythm and physical structure not supplied"}},{"type":"Feature","id":"confirmed-529e6b9cf501b8e1f7a7","geometry":{"type":"Point","coordinates":[-10.2807016728908,51.9365516990793]},"properties":{"mark_type":"port","position_status":"Coordinates confirmed accurate by Clifton Taylor on 8 October 2026; not independently surveyed","classification_source":"User confirmation: all points in this export are port lateral markers","display_label_generated":true,"physical_structure":null,"body_colour":null,"light_characteristics":null,"gpx_display_colour_is_not_navigation_colour":true,"chart_update_status":"Latest TimeZero chart update, confirmed by Clifton Taylor on 8 October 2026","chart_edition":null,"chart_correction_date":null,"name":"Port lateral mark 149","structure":"Not specified in export","colour":"red","light":null,"wind_farm":null,"source_file":"TZiBoatData_2026-10-8_1920(1).gpx","source_sha256":"ef4169669b8aefad9dd9a7ff2c0b8b0754777db5cf3371475af4053278236492","source":"User-supplied TimeZero GPX export; classification confirmed by Clifton Taylor","raw_position":"51.936551699, -10.280701673","confirmed_on":"2026-10-08","cross_reference_id":"confirmed-529e6b9cf501b8e1f7a7","nearby_record_count":0,"colour_basis":"Port lateral classification; physical colour not exported separately","description_status":"Port lateral type and latest TimeZero chart update provenance confirmed by Clifton Taylor; light rhythm and physical structure not supplied"}},{"type":"Feature","id":"confirmed-11234a8af5a18aa840c6","geometry":{"type":"Point","coordinates":[-10.2673880531116,52.1252149357406]},"properties":{"mark_type":"port","position_status":"Coordinates confirmed accurate by Clifton Taylor on 8 October 2026; not independently surveyed","classification_source":"User confirmation: all points in this export are port lateral markers","display_label_generated":true,"physical_structure":null,"body_colour":null,"light_characteristics":null,"gpx_display_colour_is_not_navigation_colour":true,"chart_update_status":"Latest TimeZero chart update, confirmed by Clifton Taylor on 8 October 2026","chart_edition":null,"chart_correction_date":null,"name":"Port lateral mark 150","structure":"Not specified in export","colour":"red","light":null,"wind_farm":null,"source_file":"TZiBoatData_2026-10-8_1920(1).gpx","source_sha256":"ef4169669b8aefad9dd9a7ff2c0b8b0754777db5cf3371475af4053278236492","source":"User-supplied TimeZero GPX export; classification confirmed by Clifton Taylor","raw_position":"52.125214936, -10.267388053","confirmed_on":"2026-10-08","cross_reference_id":"confirmed-11234a8af5a18aa840c6","nearby_record_count":3,"colour_basis":"Port lateral classification; physical colour not exported separately","description_status":"Port lateral type and latest TimeZero chart update provenance confirmed by Clifton Taylor; light rhythm and physical structure not supplied"}},{"type":"Feature","id":"confirmed-c67aee880e37487775ec","geometry":{"type":"Point","coordinates":[-10.2768667261007,52.1265332063509]},"properties":{"mark_type":"port","position_status":"Coordinates confirmed accurate by Clifton Taylor on 8 October 2026; not independently surveyed","classification_source":"User confirmation: all points in this export are port lateral markers","display_label_generated":true,"physical_structure":null,"body_colour":null,"light_characteristics":null,"gpx_display_colour_is_not_navigation_colour":true,"chart_update_status":"Latest TimeZero chart update, confirmed by Clifton Taylor on 8 October 2026","chart_edition":null,"chart_correction_date":null,"name":"Port lateral mark 151","structure":"Not specified in export","colour":"red","light":null,"wind_farm":null,"source_file":"TZiBoatData_2026-10-8_1920(1).gpx","source_sha256":"ef4169669b8aefad9dd9a7ff2c0b8b0754777db5cf3371475af4053278236492","source":"User-supplied TimeZero GPX export; classification confirmed by Clifton Taylor","raw_position":"52.126533206, -10.276866726","confirmed_on":"2026-10-08","cross_reference_id":"confirmed-c67aee880e37487775ec","nearby_record_count":1,"colour_basis":"Port lateral classification; physical colour not exported separately","description_status":"Port lateral type and latest TimeZero chart update provenance confirmed by Clifton Taylor; light rhythm and physical structure not supplied"}},{"type":"Feature","id":"confirmed-f0566df8a829a0dfd127","geometry":{"type":"Point","coordinates":[-10.2767434002319,52.1273166882374]},"properties":{"mark_type":"port","position_status":"Coordinates confirmed accurate by Clifton Taylor on 8 October 2026; not independently surveyed","classification_source":"User confirmation: all points in this export are port lateral markers","display_label_generated":true,"physical_structure":null,"body_colour":null,"light_characteristics":null,"gpx_display_colour_is_not_navigation_colour":true,"chart_update_status":"Latest TimeZero chart update, confirmed by Clifton Taylor on 8 October 2026","chart_edition":null,"chart_correction_date":null,"name":"Port lateral mark 152","structure":"Not specified in export","colour":"red","light":null,"wind_farm":null,"source_file":"TZiBoatData_2026-10-8_1920(1).gpx","source_sha256":"ef4169669b8aefad9dd9a7ff2c0b8b0754777db5cf3371475af4053278236492","source":"User-supplied TimeZero GPX export; classification confirmed by Clifton Taylor","raw_position":"52.127316688, -10.276743400","confirmed_on":"2026-10-08","cross_reference_id":"confirmed-f0566df8a829a0dfd127","nearby_record_count":0,"colour_basis":"Port lateral classification; physical colour not exported separately","description_status":"Port lateral type and latest TimeZero chart update provenance confirmed by Clifton Taylor; light rhythm and physical structure not supplied"}},{"type":"Feature","id":"confirmed-18f93ee3ab14fcaf8a3e","geometry":{"type":"Point","coordinates":[-10.2764667879726,52.1340498072651]},"properties":{"mark_type":"port","position_status":"Coordinates confirmed accurate by Clifton Taylor on 8 October 2026; not independently surveyed","classification_source":"User confirmation: all points in this export are port lateral markers","display_label_generated":true,"physical_structure":null,"body_colour":null,"light_characteristics":null,"gpx_display_colour_is_not_navigation_colour":true,"chart_update_status":"Latest TimeZero chart update, confirmed by Clifton Taylor on 8 October 2026","chart_edition":null,"chart_correction_date":null,"name":"Port lateral mark 153","structure":"Not specified in export","colour":"red","light":null,"wind_farm":null,"source_file":"TZiBoatData_2026-10-8_1920(1).gpx","source_sha256":"ef4169669b8aefad9dd9a7ff2c0b8b0754777db5cf3371475af4053278236492","source":"User-supplied TimeZero GPX export; classification confirmed by Clifton Taylor","raw_position":"52.134049807, -10.276466788","confirmed_on":"2026-10-08","cross_reference_id":"confirmed-18f93ee3ab14fcaf8a3e","nearby_record_count":1,"colour_basis":"Port lateral classification; physical colour not exported separately","description_status":"Port lateral type and latest TimeZero chart update provenance confirmed by Clifton Taylor; light rhythm and physical structure not supplied"}},{"type":"Feature","id":"confirmed-fa5a7b5191b456aafd0b","geometry":{"type":"Point","coordinates":[-9.73051825069264,52.5633536686671]},"properties":{"mark_type":"port","position_status":"Coordinates confirmed accurate by Clifton Taylor on 8 October 2026; not independently surveyed","classification_source":"User confirmation: all points in this export are port lateral markers","display_label_generated":true,"physical_structure":null,"body_colour":null,"light_characteristics":null,"gpx_display_colour_is_not_navigation_colour":true,"chart_update_status":"Latest TimeZero chart update, confirmed by Clifton Taylor on 8 October 2026","chart_edition":null,"chart_correction_date":null,"name":"Port lateral mark 154","structure":"Not specified in export","colour":"red","light":null,"wind_farm":null,"source_file":"TZiBoatData_2026-10-8_1920(1).gpx","source_sha256":"ef4169669b8aefad9dd9a7ff2c0b8b0754777db5cf3371475af4053278236492","source":"User-supplied TimeZero GPX export; classification confirmed by Clifton Taylor","raw_position":"52.563353669, -9.730518251","confirmed_on":"2026-10-08","cross_reference_id":"confirmed-fa5a7b5191b456aafd0b","nearby_record_count":3,"colour_basis":"Port lateral classification; physical colour not exported separately","description_status":"Port lateral type and latest TimeZero chart update provenance confirmed by Clifton Taylor; light rhythm and physical structure not supplied"}},{"type":"Feature","id":"confirmed-110534f013abda64198c","geometry":{"type":"Point","coordinates":[-9.68655133874669,52.5739440728876]},"properties":{"mark_type":"port","position_status":"Coordinates confirmed accurate by Clifton Taylor on 8 October 2026; not independently surveyed","classification_source":"User confirmation: all points in this export are port lateral markers","display_label_generated":true,"physical_structure":null,"body_colour":null,"light_characteristics":null,"gpx_display_colour_is_not_navigation_colour":true,"chart_update_status":"Latest TimeZero chart update, confirmed by Clifton Taylor on 8 October 2026","chart_edition":null,"chart_correction_date":null,"name":"Port lateral mark 155","structure":"Not specified in export","colour":"red","light":null,"wind_farm":null,"source_file":"TZiBoatData_2026-10-8_1920(1).gpx","source_sha256":"ef4169669b8aefad9dd9a7ff2c0b8b0754777db5cf3371475af4053278236492","source":"User-supplied TimeZero GPX export; classification confirmed by Clifton Taylor","raw_position":"52.573944073, -9.686551339","confirmed_on":"2026-10-08","cross_reference_id":"confirmed-110534f013abda64198c","nearby_record_count":3,"colour_basis":"Port lateral classification; physical colour not exported separately","description_status":"Port lateral type and latest TimeZero chart update provenance confirmed by Clifton Taylor; light rhythm and physical structure not supplied"}},{"type":"Feature","id":"confirmed-3db5fdfb1867eb18332b","geometry":{"type":"Point","coordinates":[-9.67502977622475,52.5819765461026]},"properties":{"mark_type":"port","position_status":"Coordinates confirmed accurate by Clifton Taylor on 8 October 2026; not independently surveyed","classification_source":"User confirmation: all points in this export are port lateral markers","display_label_generated":true,"physical_structure":null,"body_colour":null,"light_characteristics":null,"gpx_display_colour_is_not_navigation_colour":true,"chart_update_status":"Latest TimeZero chart update, confirmed by Clifton Taylor on 8 October 2026","chart_edition":null,"chart_correction_date":null,"name":"Port lateral mark 156","structure":"Not specified in export","colour":"red","light":null,"wind_farm":null,"source_file":"TZiBoatData_2026-10-8_1920(1).gpx","source_sha256":"ef4169669b8aefad9dd9a7ff2c0b8b0754777db5cf3371475af4053278236492","source":"User-supplied TimeZero GPX export; classification confirmed by Clifton Taylor","raw_position":"52.581976546, -9.675029776","confirmed_on":"2026-10-08","cross_reference_id":"confirmed-3db5fdfb1867eb18332b","nearby_record_count":5,"colour_basis":"Port lateral classification; physical colour not exported separately","description_status":"Port lateral type and latest TimeZero chart update provenance confirmed by Clifton Taylor; light rhythm and physical structure not supplied"}},{"type":"Feature","id":"confirmed-4446801d3dd9b2ef6a08","geometry":{"type":"Point","coordinates":[-9.65019021879939,52.5924806560181]},"properties":{"mark_type":"port","position_status":"Coordinates confirmed accurate by Clifton Taylor on 8 October 2026; not independently surveyed","classification_source":"User confirmation: all points in this export are port lateral markers","display_label_generated":true,"physical_structure":null,"body_colour":null,"light_characteristics":null,"gpx_display_colour_is_not_navigation_colour":true,"chart_update_status":"Latest TimeZero chart update, confirmed by Clifton Taylor on 8 October 2026","chart_edition":null,"chart_correction_date":null,"name":"Port lateral mark 157","structure":"Not specified in export","colour":"red","light":null,"wind_farm":null,"source_file":"TZiBoatData_2026-10-8_1920(1).gpx","source_sha256":"ef4169669b8aefad9dd9a7ff2c0b8b0754777db5cf3371475af4053278236492","source":"User-supplied TimeZero GPX export; classification confirmed by Clifton Taylor","raw_position":"52.592480656, -9.650190219","confirmed_on":"2026-10-08","cross_reference_id":"confirmed-4446801d3dd9b2ef6a08","nearby_record_count":1,"colour_basis":"Port lateral classification; physical colour not exported separately","description_status":"Port lateral type and latest TimeZero chart update provenance confirmed by Clifton Taylor; light rhythm and physical structure not supplied"}},{"type":"Feature","id":"confirmed-bfc71b3d901ad489fdec","geometry":{"type":"Point","coordinates":[-9.59798276984649,52.5906136155555]},"properties":{"mark_type":"port","position_status":"Coordinates confirmed accurate by Clifton Taylor on 8 October 2026; not independently surveyed","classification_source":"User confirmation: all points in this export are port lateral markers","display_label_generated":true,"physical_structure":null,"body_colour":null,"light_characteristics":null,"gpx_display_colour_is_not_navigation_colour":true,"chart_update_status":"Latest TimeZero chart update, confirmed by Clifton Taylor on 8 October 2026","chart_edition":null,"chart_correction_date":null,"name":"Port lateral mark 158","structure":"Not specified in export","colour":"red","light":null,"wind_farm":null,"source_file":"TZiBoatData_2026-10-8_1920(1).gpx","source_sha256":"ef4169669b8aefad9dd9a7ff2c0b8b0754777db5cf3371475af4053278236492","source":"User-supplied TimeZero GPX export; classification confirmed by Clifton Taylor","raw_position":"52.590613616, -9.597982770","confirmed_on":"2026-10-08","cross_reference_id":"confirmed-bfc71b3d901ad489fdec","nearby_record_count":4,"colour_basis":"Port lateral classification; physical colour not exported separately","description_status":"Port lateral type and latest TimeZero chart update provenance confirmed by Clifton Taylor; light rhythm and physical structure not supplied"}},{"type":"Feature","id":"confirmed-c6d371aa3f1c64d7eb9a","geometry":{"type":"Point","coordinates":[-9.57569543082448,52.5847996999627]},"properties":{"mark_type":"port","position_status":"Coordinates confirmed accurate by Clifton Taylor on 8 October 2026; not independently surveyed","classification_source":"User confirmation: all points in this export are port lateral markers","display_label_generated":true,"physical_structure":null,"body_colour":null,"light_characteristics":null,"gpx_display_colour_is_not_navigation_colour":true,"chart_update_status":"Latest TimeZero chart update, confirmed by Clifton Taylor on 8 October 2026","chart_edition":null,"chart_correction_date":null,"name":"Port lateral mark 159","structure":"Not specified in export","colour":"red","light":null,"wind_farm":null,"source_file":"TZiBoatData_2026-10-8_1920(1).gpx","source_sha256":"ef4169669b8aefad9dd9a7ff2c0b8b0754777db5cf3371475af4053278236492","source":"User-supplied TimeZero GPX export; classification confirmed by Clifton Taylor","raw_position":"52.584799700, -9.575695431","confirmed_on":"2026-10-08","cross_reference_id":"confirmed-c6d371aa3f1c64d7eb9a","nearby_record_count":3,"colour_basis":"Port lateral classification; physical colour not exported separately","description_status":"Port lateral type and latest TimeZero chart update provenance confirmed by Clifton Taylor; light rhythm and physical structure not supplied"}},{"type":"Feature","id":"confirmed-1d92c392251221a62274","geometry":{"type":"Point","coordinates":[-9.52064461699512,52.5931544087825]},"properties":{"mark_type":"port","position_status":"Coordinates confirmed accurate by Clifton Taylor on 8 October 2026; not independently surveyed","classification_source":"User confirmation: all points in this export are port lateral markers","display_label_generated":true,"physical_structure":null,"body_colour":null,"light_characteristics":null,"gpx_display_colour_is_not_navigation_colour":true,"chart_update_status":"Latest TimeZero chart update, confirmed by Clifton Taylor on 8 October 2026","chart_edition":null,"chart_correction_date":null,"name":"Port lateral mark 160","structure":"Not specified in export","colour":"red","light":null,"wind_farm":null,"source_file":"TZiBoatData_2026-10-8_1920(1).gpx","source_sha256":"ef4169669b8aefad9dd9a7ff2c0b8b0754777db5cf3371475af4053278236492","source":"User-supplied TimeZero GPX export; classification confirmed by Clifton Taylor","raw_position":"52.593154409, -9.520644617","confirmed_on":"2026-10-08","cross_reference_id":"confirmed-1d92c392251221a62274","nearby_record_count":3,"colour_basis":"Port lateral classification; physical colour not exported separately","description_status":"Port lateral type and latest TimeZero chart update provenance confirmed by Clifton Taylor; light rhythm and physical structure not supplied"}},{"type":"Feature","id":"confirmed-2508ba44e4852c24fde1","geometry":{"type":"Point","coordinates":[-9.35023177677843,52.5922260642989]},"properties":{"mark_type":"port","position_status":"Coordinates confirmed accurate by Clifton Taylor on 8 October 2026; not independently surveyed","classification_source":"User confirmation: all points in this export are port lateral markers","display_label_generated":true,"physical_structure":null,"body_colour":null,"light_characteristics":null,"gpx_display_colour_is_not_navigation_colour":true,"chart_update_status":"Latest TimeZero chart update, confirmed by Clifton Taylor on 8 October 2026","chart_edition":null,"chart_correction_date":null,"name":"Port lateral mark 161","structure":"Not specified in export","colour":"red","light":null,"wind_farm":null,"source_file":"TZiBoatData_2026-10-8_1920(1).gpx","source_sha256":"ef4169669b8aefad9dd9a7ff2c0b8b0754777db5cf3371475af4053278236492","source":"User-supplied TimeZero GPX export; classification confirmed by Clifton Taylor","raw_position":"52.592226064, -9.350231777","confirmed_on":"2026-10-08","cross_reference_id":"confirmed-2508ba44e4852c24fde1","nearby_record_count":0,"colour_basis":"Port lateral classification; physical colour not exported separately","description_status":"Port lateral type and latest TimeZero chart update provenance confirmed by Clifton Taylor; light rhythm and physical structure not supplied"}},{"type":"Feature","id":"confirmed-f3d675474cac1393df43","geometry":{"type":"Point","coordinates":[-9.32700610157847,52.5827566240233]},"properties":{"mark_type":"port","position_status":"Coordinates confirmed accurate by Clifton Taylor on 8 October 2026; not independently surveyed","classification_source":"User confirmation: all points in this export are port lateral markers","display_label_generated":true,"physical_structure":null,"body_colour":null,"light_characteristics":null,"gpx_display_colour_is_not_navigation_colour":true,"chart_update_status":"Latest TimeZero chart update, confirmed by Clifton Taylor on 8 October 2026","chart_edition":null,"chart_correction_date":null,"name":"Port lateral mark 162","structure":"Not specified in export","colour":"red","light":null,"wind_farm":null,"source_file":"TZiBoatData_2026-10-8_1920(1).gpx","source_sha256":"ef4169669b8aefad9dd9a7ff2c0b8b0754777db5cf3371475af4053278236492","source":"User-supplied TimeZero GPX export; classification confirmed by Clifton Taylor","raw_position":"52.582756624, -9.327006102","confirmed_on":"2026-10-08","cross_reference_id":"confirmed-f3d675474cac1393df43","nearby_record_count":2,"colour_basis":"Port lateral classification; physical colour not exported separately","description_status":"Port lateral type and latest TimeZero chart update provenance confirmed by Clifton Taylor; light rhythm and physical structure not supplied"}},{"type":"Feature","id":"confirmed-127da336ab01503ce38b","geometry":{"type":"Point","coordinates":[-9.12864278463271,52.6196414106761]},"properties":{"mark_type":"port","position_status":"Coordinates confirmed accurate by Clifton Taylor on 8 October 2026; not independently surveyed","classification_source":"User confirmation: all points in this export are port lateral markers","display_label_generated":true,"physical_structure":null,"body_colour":null,"light_characteristics":null,"gpx_display_colour_is_not_navigation_colour":true,"chart_update_status":"Latest TimeZero chart update, confirmed by Clifton Taylor on 8 October 2026","chart_edition":null,"chart_correction_date":null,"name":"Port lateral mark 163","structure":"Not specified in export","colour":"red","light":null,"wind_farm":null,"source_file":"TZiBoatData_2026-10-8_1920(1).gpx","source_sha256":"ef4169669b8aefad9dd9a7ff2c0b8b0754777db5cf3371475af4053278236492","source":"User-supplied TimeZero GPX export; classification confirmed by Clifton Taylor","raw_position":"52.619641411, -9.128642785","confirmed_on":"2026-10-08","cross_reference_id":"confirmed-127da336ab01503ce38b","nearby_record_count":1,"colour_basis":"Port lateral classification; physical colour not exported separately","description_status":"Port lateral type and latest TimeZero chart update provenance confirmed by Clifton Taylor; light rhythm and physical structure not supplied"}},{"type":"Feature","id":"confirmed-144836b69f735d2f0152","geometry":{"type":"Point","coordinates":[-9.12322620099425,52.6185884720538]},"properties":{"mark_type":"port","position_status":"Coordinates confirmed accurate by Clifton Taylor on 8 October 2026; not independently surveyed","classification_source":"User confirmation: all points in this export are port lateral markers","display_label_generated":true,"physical_structure":null,"body_colour":null,"light_characteristics":null,"gpx_display_colour_is_not_navigation_colour":true,"chart_update_status":"Latest TimeZero chart update, confirmed by Clifton Taylor on 8 October 2026","chart_edition":null,"chart_correction_date":null,"name":"Port lateral mark 164","structure":"Not specified in export","colour":"red","light":null,"wind_farm":null,"source_file":"TZiBoatData_2026-10-8_1920(1).gpx","source_sha256":"ef4169669b8aefad9dd9a7ff2c0b8b0754777db5cf3371475af4053278236492","source":"User-supplied TimeZero GPX export; classification confirmed by Clifton Taylor","raw_position":"52.618588472, -9.123226201","confirmed_on":"2026-10-08","cross_reference_id":"confirmed-144836b69f735d2f0152","nearby_record_count":1,"colour_basis":"Port lateral classification; physical colour not exported separately","description_status":"Port lateral type and latest TimeZero chart update provenance confirmed by Clifton Taylor; light rhythm and physical structure not supplied"}},{"type":"Feature","id":"confirmed-cfd46fed8c3c65007dd8","geometry":{"type":"Point","coordinates":[-9.11647323873235,52.6170779292702]},"properties":{"mark_type":"port","position_status":"Coordinates confirmed accurate by Clifton Taylor on 8 October 2026; not independently surveyed","classification_source":"User confirmation: all points in this export are port lateral markers","display_label_generated":true,"physical_structure":null,"body_colour":null,"light_characteristics":null,"gpx_display_colour_is_not_navigation_colour":true,"chart_update_status":"Latest TimeZero chart update, confirmed by Clifton Taylor on 8 October 2026","chart_edition":null,"chart_correction_date":null,"name":"Port lateral mark 165","structure":"Not specified in export","colour":"red","light":null,"wind_farm":null,"source_file":"TZiBoatData_2026-10-8_1920(1).gpx","source_sha256":"ef4169669b8aefad9dd9a7ff2c0b8b0754777db5cf3371475af4053278236492","source":"User-supplied TimeZero GPX export; classification confirmed by Clifton Taylor","raw_position":"52.617077929, -9.116473239","confirmed_on":"2026-10-08","cross_reference_id":"confirmed-cfd46fed8c3c65007dd8","nearby_record_count":1,"colour_basis":"Port lateral classification; physical colour not exported separately","description_status":"Port lateral type and latest TimeZero chart update provenance confirmed by Clifton Taylor; light rhythm and physical structure not supplied"}},{"type":"Feature","id":"confirmed-19d65b4b61cfd7ba4961","geometry":{"type":"Point","coordinates":[-9.11331135854823,52.616494392822]},"properties":{"mark_type":"port","position_status":"Coordinates confirmed accurate by Clifton Taylor on 8 October 2026; not independently surveyed","classification_source":"User confirmation: all points in this export are port lateral markers","display_label_generated":true,"physical_structure":null,"body_colour":null,"light_characteristics":null,"gpx_display_colour_is_not_navigation_colour":true,"chart_update_status":"Latest TimeZero chart update, confirmed by Clifton Taylor on 8 October 2026","chart_edition":null,"chart_correction_date":null,"name":"Port lateral mark 166","structure":"Not specified in export","colour":"red","light":null,"wind_farm":null,"source_file":"TZiBoatData_2026-10-8_1920(1).gpx","source_sha256":"ef4169669b8aefad9dd9a7ff2c0b8b0754777db5cf3371475af4053278236492","source":"User-supplied TimeZero GPX export; classification confirmed by Clifton Taylor","raw_position":"52.616494393, -9.113311359","confirmed_on":"2026-10-08","cross_reference_id":"confirmed-19d65b4b61cfd7ba4961","nearby_record_count":1,"colour_basis":"Port lateral classification; physical colour not exported separately","description_status":"Port lateral type and latest TimeZero chart update provenance confirmed by Clifton Taylor; light rhythm and physical structure not supplied"}},{"type":"Feature","id":"confirmed-3799e66ced678df85186","geometry":{"type":"Point","coordinates":[-9.10366337377311,52.6158824345018]},"properties":{"mark_type":"port","position_status":"Coordinates confirmed accurate by Clifton Taylor on 8 October 2026; not independently surveyed","classification_source":"User confirmation: all points in this export are port lateral markers","display_label_generated":true,"physical_structure":null,"body_colour":null,"light_characteristics":null,"gpx_display_colour_is_not_navigation_colour":true,"chart_update_status":"Latest TimeZero chart update, confirmed by Clifton Taylor on 8 October 2026","chart_edition":null,"chart_correction_date":null,"name":"Port lateral mark 167","structure":"Not specified in export","colour":"red","light":null,"wind_farm":null,"source_file":"TZiBoatData_2026-10-8_1920(1).gpx","source_sha256":"ef4169669b8aefad9dd9a7ff2c0b8b0754777db5cf3371475af4053278236492","source":"User-supplied TimeZero GPX export; classification confirmed by Clifton Taylor","raw_position":"52.615882435, -9.103663374","confirmed_on":"2026-10-08","cross_reference_id":"confirmed-3799e66ced678df85186","nearby_record_count":1,"colour_basis":"Port lateral classification; physical colour not exported separately","description_status":"Port lateral type and latest TimeZero chart update provenance confirmed by Clifton Taylor; light rhythm and physical structure not supplied"}},{"type":"Feature","id":"confirmed-6d333f94ddb3477c6e05","geometry":{"type":"Point","coordinates":[-9.09651445933471,52.6192576401832]},"properties":{"mark_type":"port","position_status":"Coordinates confirmed accurate by Clifton Taylor on 8 October 2026; not independently surveyed","classification_source":"User confirmation: all points in this export are port lateral markers","display_label_generated":true,"physical_structure":null,"body_colour":null,"light_characteristics":null,"gpx_display_colour_is_not_navigation_colour":true,"chart_update_status":"Latest TimeZero chart update, confirmed by Clifton Taylor on 8 October 2026","chart_edition":null,"chart_correction_date":null,"name":"Port lateral mark 168","structure":"Not specified in export","colour":"red","light":null,"wind_farm":null,"source_file":"TZiBoatData_2026-10-8_1920(1).gpx","source_sha256":"ef4169669b8aefad9dd9a7ff2c0b8b0754777db5cf3371475af4053278236492","source":"User-supplied TimeZero GPX export; classification confirmed by Clifton Taylor","raw_position":"52.619257640, -9.096514459","confirmed_on":"2026-10-08","cross_reference_id":"confirmed-6d333f94ddb3477c6e05","nearby_record_count":1,"colour_basis":"Port lateral classification; physical colour not exported separately","description_status":"Port lateral type and latest TimeZero chart update provenance confirmed by Clifton Taylor; light rhythm and physical structure not supplied"}},{"type":"Feature","id":"confirmed-6cc690fdd2e0e56baef5","geometry":{"type":"Point","coordinates":[-9.03778049392419,52.6506254522262]},"properties":{"mark_type":"port","position_status":"Coordinates confirmed accurate by Clifton Taylor on 8 October 2026; not independently surveyed","classification_source":"User confirmation: all points in this export are port lateral markers","display_label_generated":true,"physical_structure":null,"body_colour":null,"light_characteristics":null,"gpx_display_colour_is_not_navigation_colour":true,"chart_update_status":"Latest TimeZero chart update, confirmed by Clifton Taylor on 8 October 2026","chart_edition":null,"chart_correction_date":null,"name":"Port lateral mark 169","structure":"Not specified in export","colour":"red","light":null,"wind_farm":null,"source_file":"TZiBoatData_2026-10-8_1920(1).gpx","source_sha256":"ef4169669b8aefad9dd9a7ff2c0b8b0754777db5cf3371475af4053278236492","source":"User-supplied TimeZero GPX export; classification confirmed by Clifton Taylor","raw_position":"52.650625452, -9.037780494","confirmed_on":"2026-10-08","cross_reference_id":"confirmed-6cc690fdd2e0e56baef5","nearby_record_count":1,"colour_basis":"Port lateral classification; physical colour not exported separately","description_status":"Port lateral type and latest TimeZero chart update provenance confirmed by Clifton Taylor; light rhythm and physical structure not supplied"}},{"type":"Feature","id":"confirmed-fc473e196d9328e4bbf8","geometry":{"type":"Point","coordinates":[-9.05775181493561,52.6521255092601]},"properties":{"mark_type":"port","position_status":"Coordinates confirmed accurate by Clifton Taylor on 8 October 2026; not independently surveyed","classification_source":"User confirmation: all points in this export are port lateral markers","display_label_generated":true,"physical_structure":null,"body_colour":null,"light_characteristics":null,"gpx_display_colour_is_not_navigation_colour":true,"chart_update_status":"Latest TimeZero chart update, confirmed by Clifton Taylor on 8 October 2026","chart_edition":null,"chart_correction_date":null,"name":"Port lateral mark 170","structure":"Not specified in export","colour":"red","light":null,"wind_farm":null,"source_file":"TZiBoatData_2026-10-8_1920(1).gpx","source_sha256":"ef4169669b8aefad9dd9a7ff2c0b8b0754777db5cf3371475af4053278236492","source":"User-supplied TimeZero GPX export; classification confirmed by Clifton Taylor","raw_position":"52.652125509, -9.057751815","confirmed_on":"2026-10-08","cross_reference_id":"confirmed-fc473e196d9328e4bbf8","nearby_record_count":1,"colour_basis":"Port lateral classification; physical colour not exported separately","description_status":"Port lateral type and latest TimeZero chart update provenance confirmed by Clifton Taylor; light rhythm and physical structure not supplied"}},{"type":"Feature","id":"confirmed-48fa9139c68dfbf3f787","geometry":{"type":"Point","coordinates":[-9.09277357464794,52.6492978162365]},"properties":{"mark_type":"port","position_status":"Coordinates confirmed accurate by Clifton Taylor on 8 October 2026; not independently surveyed","classification_source":"User confirmation: all points in this export are port lateral markers","display_label_generated":true,"physical_structure":null,"body_colour":null,"light_characteristics":null,"gpx_display_colour_is_not_navigation_colour":true,"chart_update_status":"Latest TimeZero chart update, confirmed by Clifton Taylor on 8 October 2026","chart_edition":null,"chart_correction_date":null,"name":"Port lateral mark 171","structure":"Not specified in export","colour":"red","light":null,"wind_farm":null,"source_file":"TZiBoatData_2026-10-8_1920(1).gpx","source_sha256":"ef4169669b8aefad9dd9a7ff2c0b8b0754777db5cf3371475af4053278236492","source":"User-supplied TimeZero GPX export; classification confirmed by Clifton Taylor","raw_position":"52.649297816, -9.092773575","confirmed_on":"2026-10-08","cross_reference_id":"confirmed-48fa9139c68dfbf3f787","nearby_record_count":0,"colour_basis":"Port lateral classification; physical colour not exported separately","description_status":"Port lateral type and latest TimeZero chart update provenance confirmed by Clifton Taylor; light rhythm and physical structure not supplied"}},{"type":"Feature","id":"confirmed-b868242e10d202ed3b49","geometry":{"type":"Point","coordinates":[-9.11194780642828,52.6409805118511]},"properties":{"mark_type":"port","position_status":"Coordinates confirmed accurate by Clifton Taylor on 8 October 2026; not independently surveyed","classification_source":"User confirmation: all points in this export are port lateral markers","display_label_generated":true,"physical_structure":null,"body_colour":null,"light_characteristics":null,"gpx_display_colour_is_not_navigation_colour":true,"chart_update_status":"Latest TimeZero chart update, confirmed by Clifton Taylor on 8 October 2026","chart_edition":null,"chart_correction_date":null,"name":"Port lateral mark 172","structure":"Not specified in export","colour":"red","light":null,"wind_farm":null,"source_file":"TZiBoatData_2026-10-8_1920(1).gpx","source_sha256":"ef4169669b8aefad9dd9a7ff2c0b8b0754777db5cf3371475af4053278236492","source":"User-supplied TimeZero GPX export; classification confirmed by Clifton Taylor","raw_position":"52.640980512, -9.111947806","confirmed_on":"2026-10-08","cross_reference_id":"confirmed-b868242e10d202ed3b49","nearby_record_count":1,"colour_basis":"Port lateral classification; physical colour not exported separately","description_status":"Port lateral type and latest TimeZero chart update provenance confirmed by Clifton Taylor; light rhythm and physical structure not supplied"}},{"type":"Feature","id":"confirmed-1d84ccb18a3c15d50bcd","geometry":{"type":"Point","coordinates":[-8.86865535705749,52.6848419652224]},"properties":{"mark_type":"port","position_status":"Coordinates confirmed accurate by Clifton Taylor on 8 October 2026; not independently surveyed","classification_source":"User confirmation: all points in this export are port lateral markers","display_label_generated":true,"physical_structure":null,"body_colour":null,"light_characteristics":null,"gpx_display_colour_is_not_navigation_colour":true,"chart_update_status":"Latest TimeZero chart update, confirmed by Clifton Taylor on 8 October 2026","chart_edition":null,"chart_correction_date":null,"name":"Port lateral mark 173","structure":"Not specified in export","colour":"red","light":null,"wind_farm":null,"source_file":"TZiBoatData_2026-10-8_1920(1).gpx","source_sha256":"ef4169669b8aefad9dd9a7ff2c0b8b0754777db5cf3371475af4053278236492","source":"User-supplied TimeZero GPX export; classification confirmed by Clifton Taylor","raw_position":"52.684841965, -8.868655357","confirmed_on":"2026-10-08","cross_reference_id":"confirmed-1d84ccb18a3c15d50bcd","nearby_record_count":1,"colour_basis":"Port lateral classification; physical colour not exported separately","description_status":"Port lateral type and latest TimeZero chart update provenance confirmed by Clifton Taylor; light rhythm and physical structure not supplied"}},{"type":"Feature","id":"confirmed-68c30082fc922f5dd344","geometry":{"type":"Point","coordinates":[-8.79612979703162,52.6693213145483]},"properties":{"mark_type":"port","position_status":"Coordinates confirmed accurate by Clifton Taylor on 8 October 2026; not independently surveyed","classification_source":"User confirmation: all points in this export are port lateral markers","display_label_generated":true,"physical_structure":null,"body_colour":null,"light_characteristics":null,"gpx_display_colour_is_not_navigation_colour":true,"chart_update_status":"Latest TimeZero chart update, confirmed by Clifton Taylor on 8 October 2026","chart_edition":null,"chart_correction_date":null,"name":"Port lateral mark 174","structure":"Not specified in export","colour":"red","light":null,"wind_farm":null,"source_file":"TZiBoatData_2026-10-8_1920(1).gpx","source_sha256":"ef4169669b8aefad9dd9a7ff2c0b8b0754777db5cf3371475af4053278236492","source":"User-supplied TimeZero GPX export; classification confirmed by Clifton Taylor","raw_position":"52.669321315, -8.796129797","confirmed_on":"2026-10-08","cross_reference_id":"confirmed-68c30082fc922f5dd344","nearby_record_count":1,"colour_basis":"Port lateral classification; physical colour not exported separately","description_status":"Port lateral type and latest TimeZero chart update provenance confirmed by Clifton Taylor; light rhythm and physical structure not supplied"}},{"type":"Feature","id":"confirmed-dc7039e18f1597560182","geometry":{"type":"Point","coordinates":[-8.78541209671771,52.6686779067654]},"properties":{"mark_type":"port","position_status":"Coordinates confirmed accurate by Clifton Taylor on 8 October 2026; not independently surveyed","classification_source":"User confirmation: all points in this export are port lateral markers","display_label_generated":true,"physical_structure":null,"body_colour":null,"light_characteristics":null,"gpx_display_colour_is_not_navigation_colour":true,"chart_update_status":"Latest TimeZero chart update, confirmed by Clifton Taylor on 8 October 2026","chart_edition":null,"chart_correction_date":null,"name":"Port lateral mark 175","structure":"Not specified in export","colour":"red","light":null,"wind_farm":null,"source_file":"TZiBoatData_2026-10-8_1920(1).gpx","source_sha256":"ef4169669b8aefad9dd9a7ff2c0b8b0754777db5cf3371475af4053278236492","source":"User-supplied TimeZero GPX export; classification confirmed by Clifton Taylor","raw_position":"52.668677907, -8.785412097","confirmed_on":"2026-10-08","cross_reference_id":"confirmed-dc7039e18f1597560182","nearby_record_count":0,"colour_basis":"Port lateral classification; physical colour not exported separately","description_status":"Port lateral type and latest TimeZero chart update provenance confirmed by Clifton Taylor; light rhythm and physical structure not supplied"}},{"type":"Feature","id":"confirmed-147a8e5a96a817d4e89d","geometry":{"type":"Point","coordinates":[-8.77382643261424,52.6707660882467]},"properties":{"mark_type":"port","position_status":"Coordinates confirmed accurate by Clifton Taylor on 8 October 2026; not independently surveyed","classification_source":"User confirmation: all points in this export are port lateral markers","display_label_generated":true,"physical_structure":null,"body_colour":null,"light_characteristics":null,"gpx_display_colour_is_not_navigation_colour":true,"chart_update_status":"Latest TimeZero chart update, confirmed by Clifton Taylor on 8 October 2026","chart_edition":null,"chart_correction_date":null,"name":"Port lateral mark 176","structure":"Not specified in export","colour":"red","light":null,"wind_farm":null,"source_file":"TZiBoatData_2026-10-8_1920(1).gpx","source_sha256":"ef4169669b8aefad9dd9a7ff2c0b8b0754777db5cf3371475af4053278236492","source":"User-supplied TimeZero GPX export; classification confirmed by Clifton Taylor","raw_position":"52.670766088, -8.773826433","confirmed_on":"2026-10-08","cross_reference_id":"confirmed-147a8e5a96a817d4e89d","nearby_record_count":0,"colour_basis":"Port lateral classification; physical colour not exported separately","description_status":"Port lateral type and latest TimeZero chart update provenance confirmed by Clifton Taylor; light rhythm and physical structure not supplied"}},{"type":"Feature","id":"confirmed-b16f58c9a48ee094949a","geometry":{"type":"Point","coordinates":[-8.72997378870492,52.6741361931365]},"properties":{"mark_type":"port","position_status":"Coordinates confirmed accurate by Clifton Taylor on 8 October 2026; not independently surveyed","classification_source":"User confirmation: all points in this export are port lateral markers","display_label_generated":true,"physical_structure":null,"body_colour":null,"light_characteristics":null,"gpx_display_colour_is_not_navigation_colour":true,"chart_update_status":"Latest TimeZero chart update, confirmed by Clifton Taylor on 8 October 2026","chart_edition":null,"chart_correction_date":null,"name":"Port lateral mark 177","structure":"Not specified in export","colour":"red","light":null,"wind_farm":null,"source_file":"TZiBoatData_2026-10-8_1920(1).gpx","source_sha256":"ef4169669b8aefad9dd9a7ff2c0b8b0754777db5cf3371475af4053278236492","source":"User-supplied TimeZero GPX export; classification confirmed by Clifton Taylor","raw_position":"52.674136193, -8.729973789","confirmed_on":"2026-10-08","cross_reference_id":"confirmed-b16f58c9a48ee094949a","nearby_record_count":1,"colour_basis":"Port lateral classification; physical colour not exported separately","description_status":"Port lateral type and latest TimeZero chart update provenance confirmed by Clifton Taylor; light rhythm and physical structure not supplied"}},{"type":"Feature","id":"confirmed-96ce867d574c06157aaf","geometry":{"type":"Point","coordinates":[-8.71534051245396,52.6727550619735]},"properties":{"mark_type":"port","position_status":"Coordinates confirmed accurate by Clifton Taylor on 8 October 2026; not independently surveyed","classification_source":"User confirmation: all points in this export are port lateral markers","display_label_generated":true,"physical_structure":null,"body_colour":null,"light_characteristics":null,"gpx_display_colour_is_not_navigation_colour":true,"chart_update_status":"Latest TimeZero chart update, confirmed by Clifton Taylor on 8 October 2026","chart_edition":null,"chart_correction_date":null,"name":"Port lateral mark 178","structure":"Not specified in export","colour":"red","light":null,"wind_farm":null,"source_file":"TZiBoatData_2026-10-8_1920(1).gpx","source_sha256":"ef4169669b8aefad9dd9a7ff2c0b8b0754777db5cf3371475af4053278236492","source":"User-supplied TimeZero GPX export; classification confirmed by Clifton Taylor","raw_position":"52.672755062, -8.715340512","confirmed_on":"2026-10-08","cross_reference_id":"confirmed-96ce867d574c06157aaf","nearby_record_count":0,"colour_basis":"Port lateral classification; physical colour not exported separately","description_status":"Port lateral type and latest TimeZero chart update provenance confirmed by Clifton Taylor; light rhythm and physical structure not supplied"}},{"type":"Feature","id":"confirmed-d345ca710615d05e280f","geometry":{"type":"Point","coordinates":[-8.70445021115872,52.6597059385545]},"properties":{"mark_type":"port","position_status":"Coordinates confirmed accurate by Clifton Taylor on 8 October 2026; not independently surveyed","classification_source":"User confirmation: all points in this export are port lateral markers","display_label_generated":true,"physical_structure":null,"body_colour":null,"light_characteristics":null,"gpx_display_colour_is_not_navigation_colour":true,"chart_update_status":"Latest TimeZero chart update, confirmed by Clifton Taylor on 8 October 2026","chart_edition":null,"chart_correction_date":null,"name":"Port lateral mark 179","structure":"Not specified in export","colour":"red","light":null,"wind_farm":null,"source_file":"TZiBoatData_2026-10-8_1920(1).gpx","source_sha256":"ef4169669b8aefad9dd9a7ff2c0b8b0754777db5cf3371475af4053278236492","source":"User-supplied TimeZero GPX export; classification confirmed by Clifton Taylor","raw_position":"52.659705939, -8.704450211","confirmed_on":"2026-10-08","cross_reference_id":"confirmed-d345ca710615d05e280f","nearby_record_count":1,"colour_basis":"Port lateral classification; physical colour not exported separately","description_status":"Port lateral type and latest TimeZero chart update provenance confirmed by Clifton Taylor; light rhythm and physical structure not supplied"}},{"type":"Feature","id":"confirmed-af6456416dd808937d57","geometry":{"type":"Point","coordinates":[-8.70038026290225,52.6550119141789]},"properties":{"mark_type":"port","position_status":"Coordinates confirmed accurate by Clifton Taylor on 8 October 2026; not independently surveyed","classification_source":"User confirmation: all points in this export are port lateral markers","display_label_generated":true,"physical_structure":null,"body_colour":null,"light_characteristics":null,"gpx_display_colour_is_not_navigation_colour":true,"chart_update_status":"Latest TimeZero chart update, confirmed by Clifton Taylor on 8 October 2026","chart_edition":null,"chart_correction_date":null,"name":"Port lateral mark 180","structure":"Not specified in export","colour":"red","light":null,"wind_farm":null,"source_file":"TZiBoatData_2026-10-8_1920(1).gpx","source_sha256":"ef4169669b8aefad9dd9a7ff2c0b8b0754777db5cf3371475af4053278236492","source":"User-supplied TimeZero GPX export; classification confirmed by Clifton Taylor","raw_position":"52.655011914, -8.700380263","confirmed_on":"2026-10-08","cross_reference_id":"confirmed-af6456416dd808937d57","nearby_record_count":1,"colour_basis":"Port lateral classification; physical colour not exported separately","description_status":"Port lateral type and latest TimeZero chart update provenance confirmed by Clifton Taylor; light rhythm and physical structure not supplied"}},{"type":"Feature","id":"confirmed-37ae2efdb5f4f8fbc5bf","geometry":{"type":"Point","coordinates":[-8.69091204125792,52.6536102605464]},"properties":{"mark_type":"port","position_status":"Coordinates confirmed accurate by Clifton Taylor on 8 October 2026; not independently surveyed","classification_source":"User confirmation: all points in this export are port lateral markers","display_label_generated":true,"physical_structure":null,"body_colour":null,"light_characteristics":null,"gpx_display_colour_is_not_navigation_colour":true,"chart_update_status":"Latest TimeZero chart update, confirmed by Clifton Taylor on 8 October 2026","chart_edition":null,"chart_correction_date":null,"name":"Port lateral mark 181","structure":"Not specified in export","colour":"red","light":null,"wind_farm":null,"source_file":"TZiBoatData_2026-10-8_1920(1).gpx","source_sha256":"ef4169669b8aefad9dd9a7ff2c0b8b0754777db5cf3371475af4053278236492","source":"User-supplied TimeZero GPX export; classification confirmed by Clifton Taylor","raw_position":"52.653610261, -8.690912041","confirmed_on":"2026-10-08","cross_reference_id":"confirmed-37ae2efdb5f4f8fbc5bf","nearby_record_count":1,"colour_basis":"Port lateral classification; physical colour not exported separately","description_status":"Port lateral type and latest TimeZero chart update provenance confirmed by Clifton Taylor; light rhythm and physical structure not supplied"}},{"type":"Feature","id":"confirmed-a52ce0d293942d1a308d","geometry":{"type":"Point","coordinates":[-8.66082749683529,52.6569677133033]},"properties":{"mark_type":"port","position_status":"Coordinates confirmed accurate by Clifton Taylor on 8 October 2026; not independently surveyed","classification_source":"User confirmation: all points in this export are port lateral markers","display_label_generated":true,"physical_structure":null,"body_colour":null,"light_characteristics":null,"gpx_display_colour_is_not_navigation_colour":true,"chart_update_status":"Latest TimeZero chart update, confirmed by Clifton Taylor on 8 October 2026","chart_edition":null,"chart_correction_date":null,"name":"Port lateral mark 182","structure":"Not specified in export","colour":"red","light":null,"wind_farm":null,"source_file":"TZiBoatData_2026-10-8_1920(1).gpx","source_sha256":"ef4169669b8aefad9dd9a7ff2c0b8b0754777db5cf3371475af4053278236492","source":"User-supplied TimeZero GPX export; classification confirmed by Clifton Taylor","raw_position":"52.656967713, -8.660827497","confirmed_on":"2026-10-08","cross_reference_id":"confirmed-a52ce0d293942d1a308d","nearby_record_count":1,"colour_basis":"Port lateral classification; physical colour not exported separately","description_status":"Port lateral type and latest TimeZero chart update provenance confirmed by Clifton Taylor; light rhythm and physical structure not supplied"}},{"type":"Feature","id":"confirmed-714fcbf047a7dc4aa25c","geometry":{"type":"Point","coordinates":[-9.50389658764129,52.6280686671041]},"properties":{"mark_type":"port","position_status":"Coordinates confirmed accurate by Clifton Taylor on 8 October 2026; not independently surveyed","classification_source":"User confirmation: all points in this export are port lateral markers","display_label_generated":true,"physical_structure":null,"body_colour":null,"light_characteristics":null,"gpx_display_colour_is_not_navigation_colour":true,"chart_update_status":"Latest TimeZero chart update, confirmed by Clifton Taylor on 8 October 2026","chart_edition":null,"chart_correction_date":null,"name":"Port lateral mark 183","structure":"Not specified in export","colour":"red","light":null,"wind_farm":null,"source_file":"TZiBoatData_2026-10-8_1920(1).gpx","source_sha256":"ef4169669b8aefad9dd9a7ff2c0b8b0754777db5cf3371475af4053278236492","source":"User-supplied TimeZero GPX export; classification confirmed by Clifton Taylor","raw_position":"52.628068667, -9.503896588","confirmed_on":"2026-10-08","cross_reference_id":"confirmed-714fcbf047a7dc4aa25c","nearby_record_count":1,"colour_basis":"Port lateral classification; physical colour not exported separately","description_status":"Port lateral type and latest TimeZero chart update provenance confirmed by Clifton Taylor; light rhythm and physical structure not supplied"}},{"type":"Feature","id":"confirmed-1cbe9b3f929d42376767","geometry":{"type":"Point","coordinates":[-9.5042742295672,52.6313505097503]},"properties":{"mark_type":"port","position_status":"Coordinates confirmed accurate by Clifton Taylor on 8 October 2026; not independently surveyed","classification_source":"User confirmation: all points in this export are port lateral markers","display_label_generated":true,"physical_structure":null,"body_colour":null,"light_characteristics":null,"gpx_display_colour_is_not_navigation_colour":true,"chart_update_status":"Latest TimeZero chart update, confirmed by Clifton Taylor on 8 October 2026","chart_edition":null,"chart_correction_date":null,"name":"Port lateral mark 184","structure":"Not specified in export","colour":"red","light":null,"wind_farm":null,"source_file":"TZiBoatData_2026-10-8_1920(1).gpx","source_sha256":"ef4169669b8aefad9dd9a7ff2c0b8b0754777db5cf3371475af4053278236492","source":"User-supplied TimeZero GPX export; classification confirmed by Clifton Taylor","raw_position":"52.631350510, -9.504274230","confirmed_on":"2026-10-08","cross_reference_id":"confirmed-1cbe9b3f929d42376767","nearby_record_count":2,"colour_basis":"Port lateral classification; physical colour not exported separately","description_status":"Port lateral type and latest TimeZero chart update provenance confirmed by Clifton Taylor; light rhythm and physical structure not supplied"}},{"type":"Feature","id":"confirmed-7926392321e34323b888","geometry":{"type":"Point","coordinates":[-9.50402270053537,52.6320856153772]},"properties":{"mark_type":"port","position_status":"Coordinates confirmed accurate by Clifton Taylor on 8 October 2026; not independently surveyed","classification_source":"User confirmation: all points in this export are port lateral markers","display_label_generated":true,"physical_structure":null,"body_colour":null,"light_characteristics":null,"gpx_display_colour_is_not_navigation_colour":true,"chart_update_status":"Latest TimeZero chart update, confirmed by Clifton Taylor on 8 October 2026","chart_edition":null,"chart_correction_date":null,"name":"Port lateral mark 185","structure":"Not specified in export","colour":"red","light":null,"wind_farm":null,"source_file":"TZiBoatData_2026-10-8_1920(1).gpx","source_sha256":"ef4169669b8aefad9dd9a7ff2c0b8b0754777db5cf3371475af4053278236492","source":"User-supplied TimeZero GPX export; classification confirmed by Clifton Taylor","raw_position":"52.632085615, -9.504022701","confirmed_on":"2026-10-08","cross_reference_id":"confirmed-7926392321e34323b888","nearby_record_count":0,"colour_basis":"Port lateral classification; physical colour not exported separately","description_status":"Port lateral type and latest TimeZero chart update provenance confirmed by Clifton Taylor; light rhythm and physical structure not supplied"}},{"type":"Feature","id":"confirmed-2b6cf1c6b689204b76ab","geometry":{"type":"Point","coordinates":[-9.49903044149632,52.6328792102882]},"properties":{"mark_type":"port","position_status":"Coordinates confirmed accurate by Clifton Taylor on 8 October 2026; not independently surveyed","classification_source":"User confirmation: all points in this export are port lateral markers","display_label_generated":true,"physical_structure":null,"body_colour":null,"light_characteristics":null,"gpx_display_colour_is_not_navigation_colour":true,"chart_update_status":"Latest TimeZero chart update, confirmed by Clifton Taylor on 8 October 2026","chart_edition":null,"chart_correction_date":null,"name":"Port lateral mark 186","structure":"Not specified in export","colour":"red","light":null,"wind_farm":null,"source_file":"TZiBoatData_2026-10-8_1920(1).gpx","source_sha256":"ef4169669b8aefad9dd9a7ff2c0b8b0754777db5cf3371475af4053278236492","source":"User-supplied TimeZero GPX export; classification confirmed by Clifton Taylor","raw_position":"52.632879210, -9.499030441","confirmed_on":"2026-10-08","cross_reference_id":"confirmed-2b6cf1c6b689204b76ab","nearby_record_count":1,"colour_basis":"Port lateral classification; physical colour not exported separately","description_status":"Port lateral type and latest TimeZero chart update provenance confirmed by Clifton Taylor; light rhythm and physical structure not supplied"}},{"type":"Feature","id":"confirmed-0878383822c0e130a4fc","geometry":{"type":"Point","coordinates":[-9.49633469129086,52.6334879623925]},"properties":{"mark_type":"port","position_status":"Coordinates confirmed accurate by Clifton Taylor on 8 October 2026; not independently surveyed","classification_source":"User confirmation: all points in this export are port lateral markers","display_label_generated":true,"physical_structure":null,"body_colour":null,"light_characteristics":null,"gpx_display_colour_is_not_navigation_colour":true,"chart_update_status":"Latest TimeZero chart update, confirmed by Clifton Taylor on 8 October 2026","chart_edition":null,"chart_correction_date":null,"name":"Port lateral mark 187","structure":"Not specified in export","colour":"red","light":null,"wind_farm":null,"source_file":"TZiBoatData_2026-10-8_1920(1).gpx","source_sha256":"ef4169669b8aefad9dd9a7ff2c0b8b0754777db5cf3371475af4053278236492","source":"User-supplied TimeZero GPX export; classification confirmed by Clifton Taylor","raw_position":"52.633487962, -9.496334691","confirmed_on":"2026-10-08","cross_reference_id":"confirmed-0878383822c0e130a4fc","nearby_record_count":0,"colour_basis":"Port lateral classification; physical colour not exported separately","description_status":"Port lateral type and latest TimeZero chart update provenance confirmed by Clifton Taylor; light rhythm and physical structure not supplied"}},{"type":"Feature","id":"confirmed-8be5e253587de508a08c","geometry":{"type":"Point","coordinates":[-9.66677859328672,53.11780262018]},"properties":{"mark_type":"port","position_status":"Coordinates confirmed accurate by Clifton Taylor on 8 October 2026; not independently surveyed","classification_source":"User confirmation: all points in this export are port lateral markers","display_label_generated":true,"physical_structure":null,"body_colour":null,"light_characteristics":null,"gpx_display_colour_is_not_navigation_colour":true,"chart_update_status":"Latest TimeZero chart update, confirmed by Clifton Taylor on 8 October 2026","chart_edition":null,"chart_correction_date":null,"name":"Port lateral mark 188","structure":"Not specified in export","colour":"red","light":null,"wind_farm":null,"source_file":"TZiBoatData_2026-10-8_1920(1).gpx","source_sha256":"ef4169669b8aefad9dd9a7ff2c0b8b0754777db5cf3371475af4053278236492","source":"User-supplied TimeZero GPX export; classification confirmed by Clifton Taylor","raw_position":"53.117802620, -9.666778593","confirmed_on":"2026-10-08","cross_reference_id":"confirmed-8be5e253587de508a08c","nearby_record_count":1,"colour_basis":"Port lateral classification; physical colour not exported separately","description_status":"Port lateral type and latest TimeZero chart update provenance confirmed by Clifton Taylor; light rhythm and physical structure not supplied"}},{"type":"Feature","id":"confirmed-c5b370efb1c141c891be","geometry":{"type":"Point","coordinates":[-9.0416732714889,53.2530058990236]},"properties":{"mark_type":"port","position_status":"Coordinates confirmed accurate by Clifton Taylor on 8 October 2026; not independently surveyed","classification_source":"User confirmation: all points in this export are port lateral markers","display_label_generated":true,"physical_structure":null,"body_colour":null,"light_characteristics":null,"gpx_display_colour_is_not_navigation_colour":true,"chart_update_status":"Latest TimeZero chart update, confirmed by Clifton Taylor on 8 October 2026","chart_edition":null,"chart_correction_date":null,"name":"Port lateral mark 189","structure":"Not specified in export","colour":"red","light":null,"wind_farm":null,"source_file":"TZiBoatData_2026-10-8_1920(1).gpx","source_sha256":"ef4169669b8aefad9dd9a7ff2c0b8b0754777db5cf3371475af4053278236492","source":"User-supplied TimeZero GPX export; classification confirmed by Clifton Taylor","raw_position":"53.253005899, -9.041673271","confirmed_on":"2026-10-08","cross_reference_id":"confirmed-c5b370efb1c141c891be","nearby_record_count":4,"colour_basis":"Port lateral classification; physical colour not exported separately","description_status":"Port lateral type and latest TimeZero chart update provenance confirmed by Clifton Taylor; light rhythm and physical structure not supplied"}},{"type":"Feature","id":"confirmed-0702839a1e675c33b00f","geometry":{"type":"Point","coordinates":[-9.03850721076686,53.2581670270132]},"properties":{"mark_type":"port","position_status":"Coordinates confirmed accurate by Clifton Taylor on 8 October 2026; not independently surveyed","classification_source":"User confirmation: all points in this export are port lateral markers","display_label_generated":true,"physical_structure":null,"body_colour":null,"light_characteristics":null,"gpx_display_colour_is_not_navigation_colour":true,"chart_update_status":"Latest TimeZero chart update, confirmed by Clifton Taylor on 8 October 2026","chart_edition":null,"chart_correction_date":null,"name":"Port lateral mark 190","structure":"Not specified in export","colour":"red","light":null,"wind_farm":null,"source_file":"TZiBoatData_2026-10-8_1920(1).gpx","source_sha256":"ef4169669b8aefad9dd9a7ff2c0b8b0754777db5cf3371475af4053278236492","source":"User-supplied TimeZero GPX export; classification confirmed by Clifton Taylor","raw_position":"53.258167027, -9.038507211","confirmed_on":"2026-10-08","cross_reference_id":"confirmed-0702839a1e675c33b00f","nearby_record_count":4,"colour_basis":"Port lateral classification; physical colour not exported separately","description_status":"Port lateral type and latest TimeZero chart update provenance confirmed by Clifton Taylor; light rhythm and physical structure not supplied"}},{"type":"Feature","id":"confirmed-9a4f052eab1161335911","geometry":{"type":"Point","coordinates":[-9.03883329272503,53.2608998482723]},"properties":{"mark_type":"port","position_status":"Coordinates confirmed accurate by Clifton Taylor on 8 October 2026; not independently surveyed","classification_source":"User confirmation: all points in this export are port lateral markers","display_label_generated":true,"physical_structure":null,"body_colour":null,"light_characteristics":null,"gpx_display_colour_is_not_navigation_colour":true,"chart_update_status":"Latest TimeZero chart update, confirmed by Clifton Taylor on 8 October 2026","chart_edition":null,"chart_correction_date":null,"name":"Port lateral mark 191","structure":"Not specified in export","colour":"red","light":null,"wind_farm":null,"source_file":"TZiBoatData_2026-10-8_1920(1).gpx","source_sha256":"ef4169669b8aefad9dd9a7ff2c0b8b0754777db5cf3371475af4053278236492","source":"User-supplied TimeZero GPX export; classification confirmed by Clifton Taylor","raw_position":"53.260899848, -9.038833293","confirmed_on":"2026-10-08","cross_reference_id":"confirmed-9a4f052eab1161335911","nearby_record_count":0,"colour_basis":"Port lateral classification; physical colour not exported separately","description_status":"Port lateral type and latest TimeZero chart update provenance confirmed by Clifton Taylor; light rhythm and physical structure not supplied"}},{"type":"Feature","id":"confirmed-4fd2c4f39a6dff19d965","geometry":{"type":"Point","coordinates":[-9.04216657496408,53.26333337797]},"properties":{"mark_type":"port","position_status":"Coordinates confirmed accurate by Clifton Taylor on 8 October 2026; not independently surveyed","classification_source":"User confirmation: all points in this export are port lateral markers","display_label_generated":true,"physical_structure":null,"body_colour":null,"light_characteristics":null,"gpx_display_colour_is_not_navigation_colour":true,"chart_update_status":"Latest TimeZero chart update, confirmed by Clifton Taylor on 8 October 2026","chart_edition":null,"chart_correction_date":null,"name":"Port lateral mark 192","structure":"Not specified in export","colour":"red","light":null,"wind_farm":null,"source_file":"TZiBoatData_2026-10-8_1920(1).gpx","source_sha256":"ef4169669b8aefad9dd9a7ff2c0b8b0754777db5cf3371475af4053278236492","source":"User-supplied TimeZero GPX export; classification confirmed by Clifton Taylor","raw_position":"53.263333378, -9.042166575","confirmed_on":"2026-10-08","cross_reference_id":"confirmed-4fd2c4f39a6dff19d965","nearby_record_count":0,"colour_basis":"Port lateral classification; physical colour not exported separately","description_status":"Port lateral type and latest TimeZero chart update provenance confirmed by Clifton Taylor; light rhythm and physical structure not supplied"}},{"type":"Feature","id":"confirmed-f0afb1afde4d5020fe54","geometry":{"type":"Point","coordinates":[-9.10908065416789,53.2333821870371]},"properties":{"mark_type":"port","position_status":"Coordinates confirmed accurate by Clifton Taylor on 8 October 2026; not independently surveyed","classification_source":"User confirmation: all points in this export are port lateral markers","display_label_generated":true,"physical_structure":null,"body_colour":null,"light_characteristics":null,"gpx_display_colour_is_not_navigation_colour":true,"chart_update_status":"Latest TimeZero chart update, confirmed by Clifton Taylor on 8 October 2026","chart_edition":null,"chart_correction_date":null,"name":"Port lateral mark 193","structure":"Not specified in export","colour":"red","light":null,"wind_farm":null,"source_file":"TZiBoatData_2026-10-8_1920(1).gpx","source_sha256":"ef4169669b8aefad9dd9a7ff2c0b8b0754777db5cf3371475af4053278236492","source":"User-supplied TimeZero GPX export; classification confirmed by Clifton Taylor","raw_position":"53.233382187, -9.109080654","confirmed_on":"2026-10-08","cross_reference_id":"confirmed-f0afb1afde4d5020fe54","nearby_record_count":5,"colour_basis":"Port lateral classification; physical colour not exported separately","description_status":"Port lateral type and latest TimeZero chart update provenance confirmed by Clifton Taylor; light rhythm and physical structure not supplied"}},{"type":"Feature","id":"confirmed-4f1d86c949b5f4c28b08","geometry":{"type":"Point","coordinates":[-9.14828314639175,53.2466667502064]},"properties":{"mark_type":"port","position_status":"Coordinates confirmed accurate by Clifton Taylor on 8 October 2026; not independently surveyed","classification_source":"User confirmation: all points in this export are port lateral markers","display_label_generated":true,"physical_structure":null,"body_colour":null,"light_characteristics":null,"gpx_display_colour_is_not_navigation_colour":true,"chart_update_status":"Latest TimeZero chart update, confirmed by Clifton Taylor on 8 October 2026","chart_edition":null,"chart_correction_date":null,"name":"Port lateral mark 194","structure":"Not specified in export","colour":"red","light":null,"wind_farm":null,"source_file":"TZiBoatData_2026-10-8_1920(1).gpx","source_sha256":"ef4169669b8aefad9dd9a7ff2c0b8b0754777db5cf3371475af4053278236492","source":"User-supplied TimeZero GPX export; classification confirmed by Clifton Taylor","raw_position":"53.246666750, -9.148283146","confirmed_on":"2026-10-08","cross_reference_id":"confirmed-4f1d86c949b5f4c28b08","nearby_record_count":4,"colour_basis":"Port lateral classification; physical colour not exported separately","description_status":"Port lateral type and latest TimeZero chart update provenance confirmed by Clifton Taylor; light rhythm and physical structure not supplied"}},{"type":"Feature","id":"confirmed-d3a58ae4738525c61740","geometry":{"type":"Point","coordinates":[-9.57122852605138,53.2628283014463]},"properties":{"mark_type":"port","position_status":"Coordinates confirmed accurate by Clifton Taylor on 8 October 2026; not independently surveyed","classification_source":"User confirmation: all points in this export are port lateral markers","display_label_generated":true,"physical_structure":null,"body_colour":null,"light_characteristics":null,"gpx_display_colour_is_not_navigation_colour":true,"chart_update_status":"Latest TimeZero chart update, confirmed by Clifton Taylor on 8 October 2026","chart_edition":null,"chart_correction_date":null,"name":"Port lateral mark 195","structure":"Not specified in export","colour":"red","light":null,"wind_farm":null,"source_file":"TZiBoatData_2026-10-8_1920(1).gpx","source_sha256":"ef4169669b8aefad9dd9a7ff2c0b8b0754777db5cf3371475af4053278236492","source":"User-supplied TimeZero GPX export; classification confirmed by Clifton Taylor","raw_position":"53.262828301, -9.571228526","confirmed_on":"2026-10-08","cross_reference_id":"confirmed-d3a58ae4738525c61740","nearby_record_count":4,"colour_basis":"Port lateral classification; physical colour not exported separately","description_status":"Port lateral type and latest TimeZero chart update provenance confirmed by Clifton Taylor; light rhythm and physical structure not supplied"}},{"type":"Feature","id":"confirmed-43c7c2148fa686bcfd09","geometry":{"type":"Point","coordinates":[-9.57063210264071,53.2674017617265]},"properties":{"mark_type":"port","position_status":"Coordinates confirmed accurate by Clifton Taylor on 8 October 2026; not independently surveyed","classification_source":"User confirmation: all points in this export are port lateral markers","display_label_generated":true,"physical_structure":null,"body_colour":null,"light_characteristics":null,"gpx_display_colour_is_not_navigation_colour":true,"chart_update_status":"Latest TimeZero chart update, confirmed by Clifton Taylor on 8 October 2026","chart_edition":null,"chart_correction_date":null,"name":"Port lateral mark 196","structure":"Not specified in export","colour":"red","light":null,"wind_farm":null,"source_file":"TZiBoatData_2026-10-8_1920(1).gpx","source_sha256":"ef4169669b8aefad9dd9a7ff2c0b8b0754777db5cf3371475af4053278236492","source":"User-supplied TimeZero GPX export; classification confirmed by Clifton Taylor","raw_position":"53.267401762, -9.570632103","confirmed_on":"2026-10-08","cross_reference_id":"confirmed-43c7c2148fa686bcfd09","nearby_record_count":4,"colour_basis":"Port lateral classification; physical colour not exported separately","description_status":"Port lateral type and latest TimeZero chart update provenance confirmed by Clifton Taylor; light rhythm and physical structure not supplied"}},{"type":"Feature","id":"confirmed-2283985d2fc528538d67","geometry":{"type":"Point","coordinates":[-9.94311420900482,53.8685967370645]},"properties":{"mark_type":"port","position_status":"Coordinates confirmed accurate by Clifton Taylor on 8 October 2026; not independently surveyed","classification_source":"User confirmation: all points in this export are port lateral markers","display_label_generated":true,"physical_structure":null,"body_colour":null,"light_characteristics":null,"gpx_display_colour_is_not_navigation_colour":true,"chart_update_status":"Latest TimeZero chart update, confirmed by Clifton Taylor on 8 October 2026","chart_edition":null,"chart_correction_date":null,"name":"Port lateral mark 197","structure":"Not specified in export","colour":"red","light":null,"wind_farm":null,"source_file":"TZiBoatData_2026-10-8_1920(1).gpx","source_sha256":"ef4169669b8aefad9dd9a7ff2c0b8b0754777db5cf3371475af4053278236492","source":"User-supplied TimeZero GPX export; classification confirmed by Clifton Taylor","raw_position":"53.868596737, -9.943114209","confirmed_on":"2026-10-08","cross_reference_id":"confirmed-2283985d2fc528538d67","nearby_record_count":5,"colour_basis":"Port lateral classification; physical colour not exported separately","description_status":"Port lateral type and latest TimeZero chart update provenance confirmed by Clifton Taylor; light rhythm and physical structure not supplied"}},{"type":"Feature","id":"confirmed-c861029afdb4369f8946","geometry":{"type":"Point","coordinates":[-9.94610190010873,53.8713981007408]},"properties":{"mark_type":"port","position_status":"Coordinates confirmed accurate by Clifton Taylor on 8 October 2026; not independently surveyed","classification_source":"User confirmation: all points in this export are port lateral markers","display_label_generated":true,"physical_structure":null,"body_colour":null,"light_characteristics":null,"gpx_display_colour_is_not_navigation_colour":true,"chart_update_status":"Latest TimeZero chart update, confirmed by Clifton Taylor on 8 October 2026","chart_edition":null,"chart_correction_date":null,"name":"Port lateral mark 198","structure":"Not specified in export","colour":"red","light":null,"wind_farm":null,"source_file":"TZiBoatData_2026-10-8_1920(1).gpx","source_sha256":"ef4169669b8aefad9dd9a7ff2c0b8b0754777db5cf3371475af4053278236492","source":"User-supplied TimeZero GPX export; classification confirmed by Clifton Taylor","raw_position":"53.871398101, -9.946101900","confirmed_on":"2026-10-08","cross_reference_id":"confirmed-c861029afdb4369f8946","nearby_record_count":2,"colour_basis":"Port lateral classification; physical colour not exported separately","description_status":"Port lateral type and latest TimeZero chart update provenance confirmed by Clifton Taylor; light rhythm and physical structure not supplied"}},{"type":"Feature","id":"confirmed-e300316c497da460226a","geometry":{"type":"Point","coordinates":[-9.94393011065656,53.8822679288034]},"properties":{"mark_type":"port","position_status":"Coordinates confirmed accurate by Clifton Taylor on 8 October 2026; not independently surveyed","classification_source":"User confirmation: all points in this export are port lateral markers","display_label_generated":true,"physical_structure":null,"body_colour":null,"light_characteristics":null,"gpx_display_colour_is_not_navigation_colour":true,"chart_update_status":"Latest TimeZero chart update, confirmed by Clifton Taylor on 8 October 2026","chart_edition":null,"chart_correction_date":null,"name":"Port lateral mark 199","structure":"Not specified in export","colour":"red","light":null,"wind_farm":null,"source_file":"TZiBoatData_2026-10-8_1920(1).gpx","source_sha256":"ef4169669b8aefad9dd9a7ff2c0b8b0754777db5cf3371475af4053278236492","source":"User-supplied TimeZero GPX export; classification confirmed by Clifton Taylor","raw_position":"53.882267929, -9.943930111","confirmed_on":"2026-10-08","cross_reference_id":"confirmed-e300316c497da460226a","nearby_record_count":2,"colour_basis":"Port lateral classification; physical colour not exported separately","description_status":"Port lateral type and latest TimeZero chart update provenance confirmed by Clifton Taylor; light rhythm and physical structure not supplied"}},{"type":"Feature","id":"confirmed-dbf3f0d3e470e4a69326","geometry":{"type":"Point","coordinates":[-9.94124620530856,53.8862168169156]},"properties":{"mark_type":"port","position_status":"Coordinates confirmed accurate by Clifton Taylor on 8 October 2026; not independently surveyed","classification_source":"User confirmation: all points in this export are port lateral markers","display_label_generated":true,"physical_structure":null,"body_colour":null,"light_characteristics":null,"gpx_display_colour_is_not_navigation_colour":true,"chart_update_status":"Latest TimeZero chart update, confirmed by Clifton Taylor on 8 October 2026","chart_edition":null,"chart_correction_date":null,"name":"Port lateral mark 200","structure":"Not specified in export","colour":"red","light":null,"wind_farm":null,"source_file":"TZiBoatData_2026-10-8_1920(1).gpx","source_sha256":"ef4169669b8aefad9dd9a7ff2c0b8b0754777db5cf3371475af4053278236492","source":"User-supplied TimeZero GPX export; classification confirmed by Clifton Taylor","raw_position":"53.886216817, -9.941246205","confirmed_on":"2026-10-08","cross_reference_id":"confirmed-dbf3f0d3e470e4a69326","nearby_record_count":2,"colour_basis":"Port lateral classification; physical colour not exported separately","description_status":"Port lateral type and latest TimeZero chart update provenance confirmed by Clifton Taylor; light rhythm and physical structure not supplied"}},{"type":"Feature","id":"confirmed-d4afc78df8e08677591d","geometry":{"type":"Point","coordinates":[-9.93649432720022,53.8952052835028]},"properties":{"mark_type":"port","position_status":"Coordinates confirmed accurate by Clifton Taylor on 8 October 2026; not independently surveyed","classification_source":"User confirmation: all points in this export are port lateral markers","display_label_generated":true,"physical_structure":null,"body_colour":null,"light_characteristics":null,"gpx_display_colour_is_not_navigation_colour":true,"chart_update_status":"Latest TimeZero chart update, confirmed by Clifton Taylor on 8 October 2026","chart_edition":null,"chart_correction_date":null,"name":"Port lateral mark 201","structure":"Not specified in export","colour":"red","light":null,"wind_farm":null,"source_file":"TZiBoatData_2026-10-8_1920(1).gpx","source_sha256":"ef4169669b8aefad9dd9a7ff2c0b8b0754777db5cf3371475af4053278236492","source":"User-supplied TimeZero GPX export; classification confirmed by Clifton Taylor","raw_position":"53.895205284, -9.936494327","confirmed_on":"2026-10-08","cross_reference_id":"confirmed-d4afc78df8e08677591d","nearby_record_count":2,"colour_basis":"Port lateral classification; physical colour not exported separately","description_status":"Port lateral type and latest TimeZero chart update provenance confirmed by Clifton Taylor; light rhythm and physical structure not supplied"}},{"type":"Feature","id":"confirmed-93d1ff1aed9dbe578e0d","geometry":{"type":"Point","coordinates":[-9.93402920333697,53.9100887501282]},"properties":{"mark_type":"port","position_status":"Coordinates confirmed accurate by Clifton Taylor on 8 October 2026; not independently surveyed","classification_source":"User confirmation: all points in this export are port lateral markers","display_label_generated":true,"physical_structure":null,"body_colour":null,"light_characteristics":null,"gpx_display_colour_is_not_navigation_colour":true,"chart_update_status":"Latest TimeZero chart update, confirmed by Clifton Taylor on 8 October 2026","chart_edition":null,"chart_correction_date":null,"name":"Port lateral mark 202","structure":"Not specified in export","colour":"red","light":null,"wind_farm":null,"source_file":"TZiBoatData_2026-10-8_1920(1).gpx","source_sha256":"ef4169669b8aefad9dd9a7ff2c0b8b0754777db5cf3371475af4053278236492","source":"User-supplied TimeZero GPX export; classification confirmed by Clifton Taylor","raw_position":"53.910088750, -9.934029203","confirmed_on":"2026-10-08","cross_reference_id":"confirmed-93d1ff1aed9dbe578e0d","nearby_record_count":2,"colour_basis":"Port lateral classification; physical colour not exported separately","description_status":"Port lateral type and latest TimeZero chart update provenance confirmed by Clifton Taylor; light rhythm and physical structure not supplied"}},{"type":"Feature","id":"confirmed-937cbd1761bf11d2633f","geometry":{"type":"Point","coordinates":[-9.93065461788873,53.917563801365]},"properties":{"mark_type":"port","position_status":"Coordinates confirmed accurate by Clifton Taylor on 8 October 2026; not independently surveyed","classification_source":"User confirmation: all points in this export are port lateral markers","display_label_generated":true,"physical_structure":null,"body_colour":null,"light_characteristics":null,"gpx_display_colour_is_not_navigation_colour":true,"chart_update_status":"Latest TimeZero chart update, confirmed by Clifton Taylor on 8 October 2026","chart_edition":null,"chart_correction_date":null,"name":"Port lateral mark 203","structure":"Not specified in export","colour":"red","light":null,"wind_farm":null,"source_file":"TZiBoatData_2026-10-8_1920(1).gpx","source_sha256":"ef4169669b8aefad9dd9a7ff2c0b8b0754777db5cf3371475af4053278236492","source":"User-supplied TimeZero GPX export; classification confirmed by Clifton Taylor","raw_position":"53.917563801, -9.930654618","confirmed_on":"2026-10-08","cross_reference_id":"confirmed-937cbd1761bf11d2633f","nearby_record_count":2,"colour_basis":"Port lateral classification; physical colour not exported separately","description_status":"Port lateral type and latest TimeZero chart update provenance confirmed by Clifton Taylor; light rhythm and physical structure not supplied"}},{"type":"Feature","id":"confirmed-e4c8672c8bd26c217913","geometry":{"type":"Point","coordinates":[-9.92445418338928,53.9282540952328]},"properties":{"mark_type":"port","position_status":"Coordinates confirmed accurate by Clifton Taylor on 8 October 2026; not independently surveyed","classification_source":"User confirmation: all points in this export are port lateral markers","display_label_generated":true,"physical_structure":null,"body_colour":null,"light_characteristics":null,"gpx_display_colour_is_not_navigation_colour":true,"chart_update_status":"Latest TimeZero chart update, confirmed by Clifton Taylor on 8 October 2026","chart_edition":null,"chart_correction_date":null,"name":"Port lateral mark 204","structure":"Not specified in export","colour":"red","light":null,"wind_farm":null,"source_file":"TZiBoatData_2026-10-8_1920(1).gpx","source_sha256":"ef4169669b8aefad9dd9a7ff2c0b8b0754777db5cf3371475af4053278236492","source":"User-supplied TimeZero GPX export; classification confirmed by Clifton Taylor","raw_position":"53.928254095, -9.924454183","confirmed_on":"2026-10-08","cross_reference_id":"confirmed-e4c8672c8bd26c217913","nearby_record_count":2,"colour_basis":"Port lateral classification; physical colour not exported separately","description_status":"Port lateral type and latest TimeZero chart update provenance confirmed by Clifton Taylor; light rhythm and physical structure not supplied"}},{"type":"Feature","id":"confirmed-1fb165258a0fb3665af1","geometry":{"type":"Point","coordinates":[-9.92150342037039,53.9342870033176]},"properties":{"mark_type":"port","position_status":"Coordinates confirmed accurate by Clifton Taylor on 8 October 2026; not independently surveyed","classification_source":"User confirmation: all points in this export are port lateral markers","display_label_generated":true,"physical_structure":null,"body_colour":null,"light_characteristics":null,"gpx_display_colour_is_not_navigation_colour":true,"chart_update_status":"Latest TimeZero chart update, confirmed by Clifton Taylor on 8 October 2026","chart_edition":null,"chart_correction_date":null,"name":"Port lateral mark 205","structure":"Not specified in export","colour":"red","light":null,"wind_farm":null,"source_file":"TZiBoatData_2026-10-8_1920(1).gpx","source_sha256":"ef4169669b8aefad9dd9a7ff2c0b8b0754777db5cf3371475af4053278236492","source":"User-supplied TimeZero GPX export; classification confirmed by Clifton Taylor","raw_position":"53.934287003, -9.921503420","confirmed_on":"2026-10-08","cross_reference_id":"confirmed-1fb165258a0fb3665af1","nearby_record_count":2,"colour_basis":"Port lateral classification; physical colour not exported separately","description_status":"Port lateral type and latest TimeZero chart update provenance confirmed by Clifton Taylor; light rhythm and physical structure not supplied"}},{"type":"Feature","id":"confirmed-1a097dd8784eb8703b42","geometry":{"type":"Point","coordinates":[-9.92001723913797,54.221404546684]},"properties":{"mark_type":"port","position_status":"Coordinates confirmed accurate by Clifton Taylor on 8 October 2026; not independently surveyed","classification_source":"User confirmation: all points in this export are port lateral markers","display_label_generated":true,"physical_structure":null,"body_colour":null,"light_characteristics":null,"gpx_display_colour_is_not_navigation_colour":true,"chart_update_status":"Latest TimeZero chart update, confirmed by Clifton Taylor on 8 October 2026","chart_edition":null,"chart_correction_date":null,"name":"Port lateral mark 206","structure":"Not specified in export","colour":"red","light":null,"wind_farm":null,"source_file":"TZiBoatData_2026-10-8_1920(1).gpx","source_sha256":"ef4169669b8aefad9dd9a7ff2c0b8b0754777db5cf3371475af4053278236492","source":"User-supplied TimeZero GPX export; classification confirmed by Clifton Taylor","raw_position":"54.221404547, -9.920017239","confirmed_on":"2026-10-08","cross_reference_id":"confirmed-1a097dd8784eb8703b42","nearby_record_count":2,"colour_basis":"Port lateral classification; physical colour not exported separately","description_status":"Port lateral type and latest TimeZero chart update provenance confirmed by Clifton Taylor; light rhythm and physical structure not supplied"}},{"type":"Feature","id":"confirmed-9a56509f1a584f784eae","geometry":{"type":"Point","coordinates":[-9.89617075405611,54.2358399162861]},"properties":{"mark_type":"port","position_status":"Coordinates confirmed accurate by Clifton Taylor on 8 October 2026; not independently surveyed","classification_source":"User confirmation: all points in this export are port lateral markers","display_label_generated":true,"physical_structure":null,"body_colour":null,"light_characteristics":null,"gpx_display_colour_is_not_navigation_colour":true,"chart_update_status":"Latest TimeZero chart update, confirmed by Clifton Taylor on 8 October 2026","chart_edition":null,"chart_correction_date":null,"name":"Port lateral mark 207","structure":"Not specified in export","colour":"red","light":null,"wind_farm":null,"source_file":"TZiBoatData_2026-10-8_1920(1).gpx","source_sha256":"ef4169669b8aefad9dd9a7ff2c0b8b0754777db5cf3371475af4053278236492","source":"User-supplied TimeZero GPX export; classification confirmed by Clifton Taylor","raw_position":"54.235839916, -9.896170754","confirmed_on":"2026-10-08","cross_reference_id":"confirmed-9a56509f1a584f784eae","nearby_record_count":2,"colour_basis":"Port lateral classification; physical colour not exported separately","description_status":"Port lateral type and latest TimeZero chart update provenance confirmed by Clifton Taylor; light rhythm and physical structure not supplied"}},{"type":"Feature","id":"confirmed-e8ba68670e952ed07565","geometry":{"type":"Point","coordinates":[-9.70487045593507,54.3251445749649]},"properties":{"mark_type":"port","position_status":"Coordinates confirmed accurate by Clifton Taylor on 8 October 2026; not independently surveyed","classification_source":"User confirmation: all points in this export are port lateral markers","display_label_generated":true,"physical_structure":null,"body_colour":null,"light_characteristics":null,"gpx_display_colour_is_not_navigation_colour":true,"chart_update_status":"Latest TimeZero chart update, confirmed by Clifton Taylor on 8 October 2026","chart_edition":null,"chart_correction_date":null,"name":"Port lateral mark 208","structure":"Not specified in export","colour":"red","light":null,"wind_farm":null,"source_file":"TZiBoatData_2026-10-8_1920(1).gpx","source_sha256":"ef4169669b8aefad9dd9a7ff2c0b8b0754777db5cf3371475af4053278236492","source":"User-supplied TimeZero GPX export; classification confirmed by Clifton Taylor","raw_position":"54.325144575, -9.704870456","confirmed_on":"2026-10-08","cross_reference_id":"confirmed-e8ba68670e952ed07565","nearby_record_count":2,"colour_basis":"Port lateral classification; physical colour not exported separately","description_status":"Port lateral type and latest TimeZero chart update provenance confirmed by Clifton Taylor; light rhythm and physical structure not supplied"}},{"type":"Feature","id":"confirmed-8b2fb1024690e9c82a5a","geometry":{"type":"Point","coordinates":[-8.57634749402596,54.3048659955735]},"properties":{"mark_type":"port","position_status":"Coordinates confirmed accurate by Clifton Taylor on 8 October 2026; not independently surveyed","classification_source":"User confirmation: all points in this export are port lateral markers","display_label_generated":true,"physical_structure":null,"body_colour":null,"light_characteristics":null,"gpx_display_colour_is_not_navigation_colour":true,"chart_update_status":"Latest TimeZero chart update, confirmed by Clifton Taylor on 8 October 2026","chart_edition":null,"chart_correction_date":null,"name":"Port lateral mark 209","structure":"Not specified in export","colour":"red","light":null,"wind_farm":null,"source_file":"TZiBoatData_2026-10-8_1920(1).gpx","source_sha256":"ef4169669b8aefad9dd9a7ff2c0b8b0754777db5cf3371475af4053278236492","source":"User-supplied TimeZero GPX export; classification confirmed by Clifton Taylor","raw_position":"54.304865996, -8.576347494","confirmed_on":"2026-10-08","cross_reference_id":"confirmed-8b2fb1024690e9c82a5a","nearby_record_count":3,"colour_basis":"Port lateral classification; physical colour not exported separately","description_status":"Port lateral type and latest TimeZero chart update provenance confirmed by Clifton Taylor; light rhythm and physical structure not supplied"}},{"type":"Feature","id":"confirmed-de99ef731ebbb532ea07","geometry":{"type":"Point","coordinates":[-8.55335782463252,54.3030828648633]},"properties":{"mark_type":"port","position_status":"Coordinates confirmed accurate by Clifton Taylor on 8 October 2026; not independently surveyed","classification_source":"User confirmation: all points in this export are port lateral markers","display_label_generated":true,"physical_structure":null,"body_colour":null,"light_characteristics":null,"gpx_display_colour_is_not_navigation_colour":true,"chart_update_status":"Latest TimeZero chart update, confirmed by Clifton Taylor on 8 October 2026","chart_edition":null,"chart_correction_date":null,"name":"Port lateral mark 210","structure":"Not specified in export","colour":"red","light":null,"wind_farm":null,"source_file":"TZiBoatData_2026-10-8_1920(1).gpx","source_sha256":"ef4169669b8aefad9dd9a7ff2c0b8b0754777db5cf3371475af4053278236492","source":"User-supplied TimeZero GPX export; classification confirmed by Clifton Taylor","raw_position":"54.303082865, -8.553357825","confirmed_on":"2026-10-08","cross_reference_id":"confirmed-de99ef731ebbb532ea07","nearby_record_count":0,"colour_basis":"Port lateral classification; physical colour not exported separately","description_status":"Port lateral type and latest TimeZero chart update provenance confirmed by Clifton Taylor; light rhythm and physical structure not supplied"}},{"type":"Feature","id":"confirmed-5403f22210c76aa85bc6","geometry":{"type":"Point","coordinates":[-8.55620407420329,54.3045253486274]},"properties":{"mark_type":"port","position_status":"Coordinates confirmed accurate by Clifton Taylor on 8 October 2026; not independently surveyed","classification_source":"User confirmation: all points in this export are port lateral markers","display_label_generated":true,"physical_structure":null,"body_colour":null,"light_characteristics":null,"gpx_display_colour_is_not_navigation_colour":true,"chart_update_status":"Latest TimeZero chart update, confirmed by Clifton Taylor on 8 October 2026","chart_edition":null,"chart_correction_date":null,"name":"Port lateral mark 211","structure":"Not specified in export","colour":"red","light":null,"wind_farm":null,"source_file":"TZiBoatData_2026-10-8_1920(1).gpx","source_sha256":"ef4169669b8aefad9dd9a7ff2c0b8b0754777db5cf3371475af4053278236492","source":"User-supplied TimeZero GPX export; classification confirmed by Clifton Taylor","raw_position":"54.304525349, -8.556204074","confirmed_on":"2026-10-08","cross_reference_id":"confirmed-5403f22210c76aa85bc6","nearby_record_count":0,"colour_basis":"Port lateral classification; physical colour not exported separately","description_status":"Port lateral type and latest TimeZero chart update provenance confirmed by Clifton Taylor; light rhythm and physical structure not supplied"}},{"type":"Feature","id":"confirmed-2bd91594300b87b5f936","geometry":{"type":"Point","coordinates":[-8.55091430021522,54.3022418000481]},"properties":{"mark_type":"port","position_status":"Coordinates confirmed accurate by Clifton Taylor on 8 October 2026; not independently surveyed","classification_source":"User confirmation: all points in this export are port lateral markers","display_label_generated":true,"physical_structure":null,"body_colour":null,"light_characteristics":null,"gpx_display_colour_is_not_navigation_colour":true,"chart_update_status":"Latest TimeZero chart update, confirmed by Clifton Taylor on 8 October 2026","chart_edition":null,"chart_correction_date":null,"name":"Port lateral mark 212","structure":"Not specified in export","colour":"red","light":null,"wind_farm":null,"source_file":"TZiBoatData_2026-10-8_1920(1).gpx","source_sha256":"ef4169669b8aefad9dd9a7ff2c0b8b0754777db5cf3371475af4053278236492","source":"User-supplied TimeZero GPX export; classification confirmed by Clifton Taylor","raw_position":"54.302241800, -8.550914300","confirmed_on":"2026-10-08","cross_reference_id":"confirmed-2bd91594300b87b5f936","nearby_record_count":0,"colour_basis":"Port lateral classification; physical colour not exported separately","description_status":"Port lateral type and latest TimeZero chart update provenance confirmed by Clifton Taylor; light rhythm and physical structure not supplied"}},{"type":"Feature","id":"confirmed-46162bfdb9c5a703d533","geometry":{"type":"Point","coordinates":[-8.57335283535885,54.3045457223282]},"properties":{"mark_type":"port","position_status":"Coordinates confirmed accurate by Clifton Taylor on 8 October 2026; not independently surveyed","classification_source":"User confirmation: all points in this export are port lateral markers","display_label_generated":true,"physical_structure":null,"body_colour":null,"light_characteristics":null,"gpx_display_colour_is_not_navigation_colour":true,"chart_update_status":"Latest TimeZero chart update, confirmed by Clifton Taylor on 8 October 2026","chart_edition":null,"chart_correction_date":null,"name":"Port lateral mark 213","structure":"Not specified in export","colour":"red","light":null,"wind_farm":null,"source_file":"TZiBoatData_2026-10-8_1920(1).gpx","source_sha256":"ef4169669b8aefad9dd9a7ff2c0b8b0754777db5cf3371475af4053278236492","source":"User-supplied TimeZero GPX export; classification confirmed by Clifton Taylor","raw_position":"54.304545722, -8.573352835","confirmed_on":"2026-10-08","cross_reference_id":"confirmed-46162bfdb9c5a703d533","nearby_record_count":2,"colour_basis":"Port lateral classification; physical colour not exported separately","description_status":"Port lateral type and latest TimeZero chart update provenance confirmed by Clifton Taylor; light rhythm and physical structure not supplied"}},{"type":"Feature","id":"confirmed-cb6f135c340cd7b08780","geometry":{"type":"Point","coordinates":[-8.52178551087858,54.3009390119918]},"properties":{"mark_type":"port","position_status":"Coordinates confirmed accurate by Clifton Taylor on 8 October 2026; not independently surveyed","classification_source":"User confirmation: all points in this export are port lateral markers","display_label_generated":true,"physical_structure":null,"body_colour":null,"light_characteristics":null,"gpx_display_colour_is_not_navigation_colour":true,"chart_update_status":"Latest TimeZero chart update, confirmed by Clifton Taylor on 8 October 2026","chart_edition":null,"chart_correction_date":null,"name":"Port lateral mark 214","structure":"Not specified in export","colour":"red","light":null,"wind_farm":null,"source_file":"TZiBoatData_2026-10-8_1920(1).gpx","source_sha256":"ef4169669b8aefad9dd9a7ff2c0b8b0754777db5cf3371475af4053278236492","source":"User-supplied TimeZero GPX export; classification confirmed by Clifton Taylor","raw_position":"54.300939012, -8.521785511","confirmed_on":"2026-10-08","cross_reference_id":"confirmed-cb6f135c340cd7b08780","nearby_record_count":2,"colour_basis":"Port lateral classification; physical colour not exported separately","description_status":"Port lateral type and latest TimeZero chart update provenance confirmed by Clifton Taylor; light rhythm and physical structure not supplied"}},{"type":"Feature","id":"confirmed-c326de75004d7d267dbe","geometry":{"type":"Point","coordinates":[-8.50508008132934,54.2953679746943]},"properties":{"mark_type":"port","position_status":"Coordinates confirmed accurate by Clifton Taylor on 8 October 2026; not independently surveyed","classification_source":"User confirmation: all points in this export are port lateral markers","display_label_generated":true,"physical_structure":null,"body_colour":null,"light_characteristics":null,"gpx_display_colour_is_not_navigation_colour":true,"chart_update_status":"Latest TimeZero chart update, confirmed by Clifton Taylor on 8 October 2026","chart_edition":null,"chart_correction_date":null,"name":"Port lateral mark 215","structure":"Not specified in export","colour":"red","light":null,"wind_farm":null,"source_file":"TZiBoatData_2026-10-8_1920(1).gpx","source_sha256":"ef4169669b8aefad9dd9a7ff2c0b8b0754777db5cf3371475af4053278236492","source":"User-supplied TimeZero GPX export; classification confirmed by Clifton Taylor","raw_position":"54.295367975, -8.505080081","confirmed_on":"2026-10-08","cross_reference_id":"confirmed-c326de75004d7d267dbe","nearby_record_count":2,"colour_basis":"Port lateral classification; physical colour not exported separately","description_status":"Port lateral type and latest TimeZero chart update provenance confirmed by Clifton Taylor; light rhythm and physical structure not supplied"}},{"type":"Feature","id":"confirmed-c5c9c103ac6c79a5563c","geometry":{"type":"Point","coordinates":[-8.50265815635798,54.2945361257347]},"properties":{"mark_type":"port","position_status":"Coordinates confirmed accurate by Clifton Taylor on 8 October 2026; not independently surveyed","classification_source":"User confirmation: all points in this export are port lateral markers","display_label_generated":true,"physical_structure":null,"body_colour":null,"light_characteristics":null,"gpx_display_colour_is_not_navigation_colour":true,"chart_update_status":"Latest TimeZero chart update, confirmed by Clifton Taylor on 8 October 2026","chart_edition":null,"chart_correction_date":null,"name":"Port lateral mark 216","structure":"Not specified in export","colour":"red","light":null,"wind_farm":null,"source_file":"TZiBoatData_2026-10-8_1920(1).gpx","source_sha256":"ef4169669b8aefad9dd9a7ff2c0b8b0754777db5cf3371475af4053278236492","source":"User-supplied TimeZero GPX export; classification confirmed by Clifton Taylor","raw_position":"54.294536126, -8.502658156","confirmed_on":"2026-10-08","cross_reference_id":"confirmed-c5c9c103ac6c79a5563c","nearby_record_count":2,"colour_basis":"Port lateral classification; physical colour not exported separately","description_status":"Port lateral type and latest TimeZero chart update provenance confirmed by Clifton Taylor; light rhythm and physical structure not supplied"}},{"type":"Feature","id":"confirmed-950894043a7403f25bc4","geometry":{"type":"Point","coordinates":[-8.5009929087511,54.292907723656]},"properties":{"mark_type":"port","position_status":"Coordinates confirmed accurate by Clifton Taylor on 8 October 2026; not independently surveyed","classification_source":"User confirmation: all points in this export are port lateral markers","display_label_generated":true,"physical_structure":null,"body_colour":null,"light_characteristics":null,"gpx_display_colour_is_not_navigation_colour":true,"chart_update_status":"Latest TimeZero chart update, confirmed by Clifton Taylor on 8 October 2026","chart_edition":null,"chart_correction_date":null,"name":"Port lateral mark 217","structure":"Not specified in export","colour":"red","light":null,"wind_farm":null,"source_file":"TZiBoatData_2026-10-8_1920(1).gpx","source_sha256":"ef4169669b8aefad9dd9a7ff2c0b8b0754777db5cf3371475af4053278236492","source":"User-supplied TimeZero GPX export; classification confirmed by Clifton Taylor","raw_position":"54.292907724, -8.500992909","confirmed_on":"2026-10-08","cross_reference_id":"confirmed-950894043a7403f25bc4","nearby_record_count":2,"colour_basis":"Port lateral classification; physical colour not exported separately","description_status":"Port lateral type and latest TimeZero chart update provenance confirmed by Clifton Taylor; light rhythm and physical structure not supplied"}},{"type":"Feature","id":"confirmed-61faebc0d9f900abc64c","geometry":{"type":"Point","coordinates":[-8.49880509390356,54.2908660563338]},"properties":{"mark_type":"port","position_status":"Coordinates confirmed accurate by Clifton Taylor on 8 October 2026; not independently surveyed","classification_source":"User confirmation: all points in this export are port lateral markers","display_label_generated":true,"physical_structure":null,"body_colour":null,"light_characteristics":null,"gpx_display_colour_is_not_navigation_colour":true,"chart_update_status":"Latest TimeZero chart update, confirmed by Clifton Taylor on 8 October 2026","chart_edition":null,"chart_correction_date":null,"name":"Port lateral mark 218","structure":"Not specified in export","colour":"red","light":null,"wind_farm":null,"source_file":"TZiBoatData_2026-10-8_1920(1).gpx","source_sha256":"ef4169669b8aefad9dd9a7ff2c0b8b0754777db5cf3371475af4053278236492","source":"User-supplied TimeZero GPX export; classification confirmed by Clifton Taylor","raw_position":"54.290866056, -8.498805094","confirmed_on":"2026-10-08","cross_reference_id":"confirmed-61faebc0d9f900abc64c","nearby_record_count":4,"colour_basis":"Port lateral classification; physical colour not exported separately","description_status":"Port lateral type and latest TimeZero chart update provenance confirmed by Clifton Taylor; light rhythm and physical structure not supplied"}},{"type":"Feature","id":"confirmed-d9e710a7867c4062634d","geometry":{"type":"Point","coordinates":[-8.49702627501637,54.2892143876096]},"properties":{"mark_type":"port","position_status":"Coordinates confirmed accurate by Clifton Taylor on 8 October 2026; not independently surveyed","classification_source":"User confirmation: all points in this export are port lateral markers","display_label_generated":true,"physical_structure":null,"body_colour":null,"light_characteristics":null,"gpx_display_colour_is_not_navigation_colour":true,"chart_update_status":"Latest TimeZero chart update, confirmed by Clifton Taylor on 8 October 2026","chart_edition":null,"chart_correction_date":null,"name":"Port lateral mark 219","structure":"Not specified in export","colour":"red","light":null,"wind_farm":null,"source_file":"TZiBoatData_2026-10-8_1920(1).gpx","source_sha256":"ef4169669b8aefad9dd9a7ff2c0b8b0754777db5cf3371475af4053278236492","source":"User-supplied TimeZero GPX export; classification confirmed by Clifton Taylor","raw_position":"54.289214388, -8.497026275","confirmed_on":"2026-10-08","cross_reference_id":"confirmed-d9e710a7867c4062634d","nearby_record_count":2,"colour_basis":"Port lateral classification; physical colour not exported separately","description_status":"Port lateral type and latest TimeZero chart update provenance confirmed by Clifton Taylor; light rhythm and physical structure not supplied"}},{"type":"Feature","id":"confirmed-6a3b0ad1b03cc58f6993","geometry":{"type":"Point","coordinates":[-8.49566411640907,54.2878634916116]},"properties":{"mark_type":"port","position_status":"Coordinates confirmed accurate by Clifton Taylor on 8 October 2026; not independently surveyed","classification_source":"User confirmation: all points in this export are port lateral markers","display_label_generated":true,"physical_structure":null,"body_colour":null,"light_characteristics":null,"gpx_display_colour_is_not_navigation_colour":true,"chart_update_status":"Latest TimeZero chart update, confirmed by Clifton Taylor on 8 October 2026","chart_edition":null,"chart_correction_date":null,"name":"Port lateral mark 220","structure":"Not specified in export","colour":"red","light":null,"wind_farm":null,"source_file":"TZiBoatData_2026-10-8_1920(1).gpx","source_sha256":"ef4169669b8aefad9dd9a7ff2c0b8b0754777db5cf3371475af4053278236492","source":"User-supplied TimeZero GPX export; classification confirmed by Clifton Taylor","raw_position":"54.287863492, -8.495664116","confirmed_on":"2026-10-08","cross_reference_id":"confirmed-6a3b0ad1b03cc58f6993","nearby_record_count":4,"colour_basis":"Port lateral classification; physical colour not exported separately","description_status":"Port lateral type and latest TimeZero chart update provenance confirmed by Clifton Taylor; light rhythm and physical structure not supplied"}},{"type":"Feature","id":"confirmed-3a2e7319445f67c94136","geometry":{"type":"Point","coordinates":[-8.48755108580883,54.281259195251]},"properties":{"mark_type":"port","position_status":"Coordinates confirmed accurate by Clifton Taylor on 8 October 2026; not independently surveyed","classification_source":"User confirmation: all points in this export are port lateral markers","display_label_generated":true,"physical_structure":null,"body_colour":null,"light_characteristics":null,"gpx_display_colour_is_not_navigation_colour":true,"chart_update_status":"Latest TimeZero chart update, confirmed by Clifton Taylor on 8 October 2026","chart_edition":null,"chart_correction_date":null,"name":"Port lateral mark 221","structure":"Not specified in export","colour":"red","light":null,"wind_farm":null,"source_file":"TZiBoatData_2026-10-8_1920(1).gpx","source_sha256":"ef4169669b8aefad9dd9a7ff2c0b8b0754777db5cf3371475af4053278236492","source":"User-supplied TimeZero GPX export; classification confirmed by Clifton Taylor","raw_position":"54.281259195, -8.487551086","confirmed_on":"2026-10-08","cross_reference_id":"confirmed-3a2e7319445f67c94136","nearby_record_count":2,"colour_basis":"Port lateral classification; physical colour not exported separately","description_status":"Port lateral type and latest TimeZero chart update provenance confirmed by Clifton Taylor; light rhythm and physical structure not supplied"}},{"type":"Feature","id":"confirmed-f5857acabe193477b079","geometry":{"type":"Point","coordinates":[-8.43827280042887,54.6318002869943]},"properties":{"mark_type":"port","position_status":"Coordinates confirmed accurate by Clifton Taylor on 8 October 2026; not independently surveyed","classification_source":"User confirmation: all points in this export are port lateral markers","display_label_generated":true,"physical_structure":null,"body_colour":null,"light_characteristics":null,"gpx_display_colour_is_not_navigation_colour":true,"chart_update_status":"Latest TimeZero chart update, confirmed by Clifton Taylor on 8 October 2026","chart_edition":null,"chart_correction_date":null,"name":"Port lateral mark 222","structure":"Not specified in export","colour":"red","light":null,"wind_farm":null,"source_file":"TZiBoatData_2026-10-8_1920(1).gpx","source_sha256":"ef4169669b8aefad9dd9a7ff2c0b8b0754777db5cf3371475af4053278236492","source":"User-supplied TimeZero GPX export; classification confirmed by Clifton Taylor","raw_position":"54.631800287, -8.438272800","confirmed_on":"2026-10-08","cross_reference_id":"confirmed-f5857acabe193477b079","nearby_record_count":2,"colour_basis":"Port lateral classification; physical colour not exported separately","description_status":"Port lateral type and latest TimeZero chart update provenance confirmed by Clifton Taylor; light rhythm and physical structure not supplied"}},{"type":"Feature","id":"confirmed-e70a0667007b0713b49e","geometry":{"type":"Point","coordinates":[-8.44087309501837,54.624112521926]},"properties":{"mark_type":"port","position_status":"Coordinates confirmed accurate by Clifton Taylor on 8 October 2026; not independently surveyed","classification_source":"User confirmation: all points in this export are port lateral markers","display_label_generated":true,"physical_structure":null,"body_colour":null,"light_characteristics":null,"gpx_display_colour_is_not_navigation_colour":true,"chart_update_status":"Latest TimeZero chart update, confirmed by Clifton Taylor on 8 October 2026","chart_edition":null,"chart_correction_date":null,"name":"Port lateral mark 223","structure":"Not specified in export","colour":"red","light":null,"wind_farm":null,"source_file":"TZiBoatData_2026-10-8_1920(1).gpx","source_sha256":"ef4169669b8aefad9dd9a7ff2c0b8b0754777db5cf3371475af4053278236492","source":"User-supplied TimeZero GPX export; classification confirmed by Clifton Taylor","raw_position":"54.624112522, -8.440873095","confirmed_on":"2026-10-08","cross_reference_id":"confirmed-e70a0667007b0713b49e","nearby_record_count":2,"colour_basis":"Port lateral classification; physical colour not exported separately","description_status":"Port lateral type and latest TimeZero chart update provenance confirmed by Clifton Taylor; light rhythm and physical structure not supplied"}},{"type":"Feature","id":"confirmed-1714bfb5cddb0791f518","geometry":{"type":"Point","coordinates":[-8.62928932414106,54.6221229622243]},"properties":{"mark_type":"port","position_status":"Coordinates confirmed accurate by Clifton Taylor on 8 October 2026; not independently surveyed","classification_source":"User confirmation: all points in this export are port lateral markers","display_label_generated":true,"physical_structure":null,"body_colour":null,"light_characteristics":null,"gpx_display_colour_is_not_navigation_colour":true,"chart_update_status":"Latest TimeZero chart update, confirmed by Clifton Taylor on 8 October 2026","chart_edition":null,"chart_correction_date":null,"name":"Port lateral mark 224","structure":"Not specified in export","colour":"red","light":null,"wind_farm":null,"source_file":"TZiBoatData_2026-10-8_1920(1).gpx","source_sha256":"ef4169669b8aefad9dd9a7ff2c0b8b0754777db5cf3371475af4053278236492","source":"User-supplied TimeZero GPX export; classification confirmed by Clifton Taylor","raw_position":"54.622122962, -8.629289324","confirmed_on":"2026-10-08","cross_reference_id":"confirmed-1714bfb5cddb0791f518","nearby_record_count":2,"colour_basis":"Port lateral classification; physical colour not exported separately","description_status":"Port lateral type and latest TimeZero chart update provenance confirmed by Clifton Taylor; light rhythm and physical structure not supplied"}},{"type":"Feature","id":"confirmed-c7c434fed1f1df4a1134","geometry":{"type":"Point","coordinates":[-8.47600006493515,54.9623331141598]},"properties":{"mark_type":"port","position_status":"Coordinates confirmed accurate by Clifton Taylor on 8 October 2026; not independently surveyed","classification_source":"User confirmation: all points in this export are port lateral markers","display_label_generated":true,"physical_structure":null,"body_colour":null,"light_characteristics":null,"gpx_display_colour_is_not_navigation_colour":true,"chart_update_status":"Latest TimeZero chart update, confirmed by Clifton Taylor on 8 October 2026","chart_edition":null,"chart_correction_date":null,"name":"Port lateral mark 225","structure":"Not specified in export","colour":"red","light":null,"wind_farm":null,"source_file":"TZiBoatData_2026-10-8_1920(1).gpx","source_sha256":"ef4169669b8aefad9dd9a7ff2c0b8b0754777db5cf3371475af4053278236492","source":"User-supplied TimeZero GPX export; classification confirmed by Clifton Taylor","raw_position":"54.962333114, -8.476000065","confirmed_on":"2026-10-08","cross_reference_id":"confirmed-c7c434fed1f1df4a1134","nearby_record_count":0,"colour_basis":"Port lateral classification; physical colour not exported separately","description_status":"Port lateral type and latest TimeZero chart update provenance confirmed by Clifton Taylor; light rhythm and physical structure not supplied"}},{"type":"Feature","id":"confirmed-1e152bcbbc9966d96ddb","geometry":{"type":"Point","coordinates":[-8.44548353159358,54.9686328673196]},"properties":{"mark_type":"port","position_status":"Coordinates confirmed accurate by Clifton Taylor on 8 October 2026; not independently surveyed","classification_source":"User confirmation: all points in this export are port lateral markers","display_label_generated":true,"physical_structure":null,"body_colour":null,"light_characteristics":null,"gpx_display_colour_is_not_navigation_colour":true,"chart_update_status":"Latest TimeZero chart update, confirmed by Clifton Taylor on 8 October 2026","chart_edition":null,"chart_correction_date":null,"name":"Port lateral mark 226","structure":"Not specified in export","colour":"red","light":null,"wind_farm":null,"source_file":"TZiBoatData_2026-10-8_1920(1).gpx","source_sha256":"ef4169669b8aefad9dd9a7ff2c0b8b0754777db5cf3371475af4053278236492","source":"User-supplied TimeZero GPX export; classification confirmed by Clifton Taylor","raw_position":"54.968632867, -8.445483532","confirmed_on":"2026-10-08","cross_reference_id":"confirmed-1e152bcbbc9966d96ddb","nearby_record_count":3,"colour_basis":"Port lateral classification; physical colour not exported separately","description_status":"Port lateral type and latest TimeZero chart update provenance confirmed by Clifton Taylor; light rhythm and physical structure not supplied"}},{"type":"Feature","id":"confirmed-a2123428ca4628ab7c40","geometry":{"type":"Point","coordinates":[-8.44616426251908,54.981302327301]},"properties":{"mark_type":"port","position_status":"Coordinates confirmed accurate by Clifton Taylor on 8 October 2026; not independently surveyed","classification_source":"User confirmation: all points in this export are port lateral markers","display_label_generated":true,"physical_structure":null,"body_colour":null,"light_characteristics":null,"gpx_display_colour_is_not_navigation_colour":true,"chart_update_status":"Latest TimeZero chart update, confirmed by Clifton Taylor on 8 October 2026","chart_edition":null,"chart_correction_date":null,"name":"Port lateral mark 227","structure":"Not specified in export","colour":"red","light":null,"wind_farm":null,"source_file":"TZiBoatData_2026-10-8_1920(1).gpx","source_sha256":"ef4169669b8aefad9dd9a7ff2c0b8b0754777db5cf3371475af4053278236492","source":"User-supplied TimeZero GPX export; classification confirmed by Clifton Taylor","raw_position":"54.981302327, -8.446164263","confirmed_on":"2026-10-08","cross_reference_id":"confirmed-a2123428ca4628ab7c40","nearby_record_count":3,"colour_basis":"Port lateral classification; physical colour not exported separately","description_status":"Port lateral type and latest TimeZero chart update provenance confirmed by Clifton Taylor; light rhythm and physical structure not supplied"}},{"type":"Feature","id":"confirmed-fceea833e7e2f0e2d52b","geometry":{"type":"Point","coordinates":[-8.45021659728127,54.9803498126392]},"properties":{"mark_type":"port","position_status":"Coordinates confirmed accurate by Clifton Taylor on 8 October 2026; not independently surveyed","classification_source":"User confirmation: all points in this export are port lateral markers","display_label_generated":true,"physical_structure":null,"body_colour":null,"light_characteristics":null,"gpx_display_colour_is_not_navigation_colour":true,"chart_update_status":"Latest TimeZero chart update, confirmed by Clifton Taylor on 8 October 2026","chart_edition":null,"chart_correction_date":null,"name":"Port lateral mark 228","structure":"Not specified in export","colour":"red","light":null,"wind_farm":null,"source_file":"TZiBoatData_2026-10-8_1920(1).gpx","source_sha256":"ef4169669b8aefad9dd9a7ff2c0b8b0754777db5cf3371475af4053278236492","source":"User-supplied TimeZero GPX export; classification confirmed by Clifton Taylor","raw_position":"54.980349813, -8.450216597","confirmed_on":"2026-10-08","cross_reference_id":"confirmed-fceea833e7e2f0e2d52b","nearby_record_count":0,"colour_basis":"Port lateral classification; physical colour not exported separately","description_status":"Port lateral type and latest TimeZero chart update provenance confirmed by Clifton Taylor; light rhythm and physical structure not supplied"}},{"type":"Feature","id":"confirmed-a034f8fff24badac3492","geometry":{"type":"Point","coordinates":[-8.45619755353964,54.9815459622396]},"properties":{"mark_type":"port","position_status":"Coordinates confirmed accurate by Clifton Taylor on 8 October 2026; not independently surveyed","classification_source":"User confirmation: all points in this export are port lateral markers","display_label_generated":true,"physical_structure":null,"body_colour":null,"light_characteristics":null,"gpx_display_colour_is_not_navigation_colour":true,"chart_update_status":"Latest TimeZero chart update, confirmed by Clifton Taylor on 8 October 2026","chart_edition":null,"chart_correction_date":null,"name":"Port lateral mark 229","structure":"Not specified in export","colour":"red","light":null,"wind_farm":null,"source_file":"TZiBoatData_2026-10-8_1920(1).gpx","source_sha256":"ef4169669b8aefad9dd9a7ff2c0b8b0754777db5cf3371475af4053278236492","source":"User-supplied TimeZero GPX export; classification confirmed by Clifton Taylor","raw_position":"54.981545962, -8.456197554","confirmed_on":"2026-10-08","cross_reference_id":"confirmed-a034f8fff24badac3492","nearby_record_count":2,"colour_basis":"Port lateral classification; physical colour not exported separately","description_status":"Port lateral type and latest TimeZero chart update provenance confirmed by Clifton Taylor; light rhythm and physical structure not supplied"}},{"type":"Feature","id":"confirmed-d25f44da44208a37c82b","geometry":{"type":"Point","coordinates":[-8.46113546558566,54.9836100993732]},"properties":{"mark_type":"port","position_status":"Coordinates confirmed accurate by Clifton Taylor on 8 October 2026; not independently surveyed","classification_source":"User confirmation: all points in this export are port lateral markers","display_label_generated":true,"physical_structure":null,"body_colour":null,"light_characteristics":null,"gpx_display_colour_is_not_navigation_colour":true,"chart_update_status":"Latest TimeZero chart update, confirmed by Clifton Taylor on 8 October 2026","chart_edition":null,"chart_correction_date":null,"name":"Port lateral mark 230","structure":"Not specified in export","colour":"red","light":null,"wind_farm":null,"source_file":"TZiBoatData_2026-10-8_1920(1).gpx","source_sha256":"ef4169669b8aefad9dd9a7ff2c0b8b0754777db5cf3371475af4053278236492","source":"User-supplied TimeZero GPX export; classification confirmed by Clifton Taylor","raw_position":"54.983610099, -8.461135466","confirmed_on":"2026-10-08","cross_reference_id":"confirmed-d25f44da44208a37c82b","nearby_record_count":2,"colour_basis":"Port lateral classification; physical colour not exported separately","description_status":"Port lateral type and latest TimeZero chart update provenance confirmed by Clifton Taylor; light rhythm and physical structure not supplied"}},{"type":"Feature","id":"confirmed-7557704eeb88db830786","geometry":{"type":"Point","coordinates":[-8.4682235676379,54.9874906269724]},"properties":{"mark_type":"port","position_status":"Coordinates confirmed accurate by Clifton Taylor on 8 October 2026; not independently surveyed","classification_source":"User confirmation: all points in this export are port lateral markers","display_label_generated":true,"physical_structure":null,"body_colour":null,"light_characteristics":null,"gpx_display_colour_is_not_navigation_colour":true,"chart_update_status":"Latest TimeZero chart update, confirmed by Clifton Taylor on 8 October 2026","chart_edition":null,"chart_correction_date":null,"name":"Port lateral mark 231","structure":"Not specified in export","colour":"red","light":null,"wind_farm":null,"source_file":"TZiBoatData_2026-10-8_1920(1).gpx","source_sha256":"ef4169669b8aefad9dd9a7ff2c0b8b0754777db5cf3371475af4053278236492","source":"User-supplied TimeZero GPX export; classification confirmed by Clifton Taylor","raw_position":"54.987490627, -8.468223568","confirmed_on":"2026-10-08","cross_reference_id":"confirmed-7557704eeb88db830786","nearby_record_count":2,"colour_basis":"Port lateral classification; physical colour not exported separately","description_status":"Port lateral type and latest TimeZero chart update provenance confirmed by Clifton Taylor; light rhythm and physical structure not supplied"}},{"type":"Feature","id":"confirmed-71e04a91d31aa4b84ff2","geometry":{"type":"Point","coordinates":[-8.49386996888282,54.9905018330174]},"properties":{"mark_type":"port","position_status":"Coordinates confirmed accurate by Clifton Taylor on 8 October 2026; not independently surveyed","classification_source":"User confirmation: all points in this export are port lateral markers","display_label_generated":true,"physical_structure":null,"body_colour":null,"light_characteristics":null,"gpx_display_colour_is_not_navigation_colour":true,"chart_update_status":"Latest TimeZero chart update, confirmed by Clifton Taylor on 8 October 2026","chart_edition":null,"chart_correction_date":null,"name":"Port lateral mark 232","structure":"Not specified in export","colour":"red","light":null,"wind_farm":null,"source_file":"TZiBoatData_2026-10-8_1920(1).gpx","source_sha256":"ef4169669b8aefad9dd9a7ff2c0b8b0754777db5cf3371475af4053278236492","source":"User-supplied TimeZero GPX export; classification confirmed by Clifton Taylor","raw_position":"54.990501833, -8.493869969","confirmed_on":"2026-10-08","cross_reference_id":"confirmed-71e04a91d31aa4b84ff2","nearby_record_count":3,"colour_basis":"Port lateral classification; physical colour not exported separately","description_status":"Port lateral type and latest TimeZero chart update provenance confirmed by Clifton Taylor; light rhythm and physical structure not supplied"}},{"type":"Feature","id":"confirmed-d39663d163605ae82db3","geometry":{"type":"Point","coordinates":[-8.48042655784166,54.9696369679026]},"properties":{"mark_type":"port","position_status":"Coordinates confirmed accurate by Clifton Taylor on 8 October 2026; not independently surveyed","classification_source":"User confirmation: all points in this export are port lateral markers","display_label_generated":true,"physical_structure":null,"body_colour":null,"light_characteristics":null,"gpx_display_colour_is_not_navigation_colour":true,"chart_update_status":"Latest TimeZero chart update, confirmed by Clifton Taylor on 8 October 2026","chart_edition":null,"chart_correction_date":null,"name":"Port lateral mark 233","structure":"Not specified in export","colour":"red","light":null,"wind_farm":null,"source_file":"TZiBoatData_2026-10-8_1920(1).gpx","source_sha256":"ef4169669b8aefad9dd9a7ff2c0b8b0754777db5cf3371475af4053278236492","source":"User-supplied TimeZero GPX export; classification confirmed by Clifton Taylor","raw_position":"54.969636968, -8.480426558","confirmed_on":"2026-10-08","cross_reference_id":"confirmed-d39663d163605ae82db3","nearby_record_count":3,"colour_basis":"Port lateral classification; physical colour not exported separately","description_status":"Port lateral type and latest TimeZero chart update provenance confirmed by Clifton Taylor; light rhythm and physical structure not supplied"}},{"type":"Feature","id":"confirmed-2bcbd3f6c51eab58b1b8","geometry":{"type":"Point","coordinates":[-8.35034594410019,55.0750228763411]},"properties":{"mark_type":"port","position_status":"Coordinates confirmed accurate by Clifton Taylor on 8 October 2026; not independently surveyed","classification_source":"User confirmation: all points in this export are port lateral markers","display_label_generated":true,"physical_structure":null,"body_colour":null,"light_characteristics":null,"gpx_display_colour_is_not_navigation_colour":true,"chart_update_status":"Latest TimeZero chart update, confirmed by Clifton Taylor on 8 October 2026","chart_edition":null,"chart_correction_date":null,"name":"Port lateral mark 234","structure":"Not specified in export","colour":"red","light":null,"wind_farm":null,"source_file":"TZiBoatData_2026-10-8_1920(1).gpx","source_sha256":"ef4169669b8aefad9dd9a7ff2c0b8b0754777db5cf3371475af4053278236492","source":"User-supplied TimeZero GPX export; classification confirmed by Clifton Taylor","raw_position":"55.075022876, -8.350345944","confirmed_on":"2026-10-08","cross_reference_id":"confirmed-2bcbd3f6c51eab58b1b8","nearby_record_count":2,"colour_basis":"Port lateral classification; physical colour not exported separately","description_status":"Port lateral type and latest TimeZero chart update provenance confirmed by Clifton Taylor; light rhythm and physical structure not supplied"}},{"type":"Feature","id":"confirmed-376075b176f2d34f4555","geometry":{"type":"Point","coordinates":[-8.33966447511496,55.0819028347903]},"properties":{"mark_type":"port","position_status":"Coordinates confirmed accurate by Clifton Taylor on 8 October 2026; not independently surveyed","classification_source":"User confirmation: all points in this export are port lateral markers","display_label_generated":true,"physical_structure":null,"body_colour":null,"light_characteristics":null,"gpx_display_colour_is_not_navigation_colour":true,"chart_update_status":"Latest TimeZero chart update, confirmed by Clifton Taylor on 8 October 2026","chart_edition":null,"chart_correction_date":null,"name":"Port lateral mark 235","structure":"Not specified in export","colour":"red","light":null,"wind_farm":null,"source_file":"TZiBoatData_2026-10-8_1920(1).gpx","source_sha256":"ef4169669b8aefad9dd9a7ff2c0b8b0754777db5cf3371475af4053278236492","source":"User-supplied TimeZero GPX export; classification confirmed by Clifton Taylor","raw_position":"55.081902835, -8.339664475","confirmed_on":"2026-10-08","cross_reference_id":"confirmed-376075b176f2d34f4555","nearby_record_count":2,"colour_basis":"Port lateral classification; physical colour not exported separately","description_status":"Port lateral type and latest TimeZero chart update provenance confirmed by Clifton Taylor; light rhythm and physical structure not supplied"}},{"type":"Feature","id":"confirmed-73928df4de2792ba277d","geometry":{"type":"Point","coordinates":[-8.33204544474622,55.0730243436661]},"properties":{"mark_type":"port","position_status":"Coordinates confirmed accurate by Clifton Taylor on 8 October 2026; not independently surveyed","classification_source":"User confirmation: all points in this export are port lateral markers","display_label_generated":true,"physical_structure":null,"body_colour":null,"light_characteristics":null,"gpx_display_colour_is_not_navigation_colour":true,"chart_update_status":"Latest TimeZero chart update, confirmed by Clifton Taylor on 8 October 2026","chart_edition":null,"chart_correction_date":null,"name":"Port lateral mark 236","structure":"Not specified in export","colour":"red","light":null,"wind_farm":null,"source_file":"TZiBoatData_2026-10-8_1920(1).gpx","source_sha256":"ef4169669b8aefad9dd9a7ff2c0b8b0754777db5cf3371475af4053278236492","source":"User-supplied TimeZero GPX export; classification confirmed by Clifton Taylor","raw_position":"55.073024344, -8.332045445","confirmed_on":"2026-10-08","cross_reference_id":"confirmed-73928df4de2792ba277d","nearby_record_count":1,"colour_basis":"Port lateral classification; physical colour not exported separately","description_status":"Port lateral type and latest TimeZero chart update provenance confirmed by Clifton Taylor; light rhythm and physical structure not supplied"}},{"type":"Feature","id":"confirmed-f711358e61596dc1670b","geometry":{"type":"Point","coordinates":[-8.32643794987584,55.07308911065]},"properties":{"mark_type":"port","position_status":"Coordinates confirmed accurate by Clifton Taylor on 8 October 2026; not independently surveyed","classification_source":"User confirmation: all points in this export are port lateral markers","display_label_generated":true,"physical_structure":null,"body_colour":null,"light_characteristics":null,"gpx_display_colour_is_not_navigation_colour":true,"chart_update_status":"Latest TimeZero chart update, confirmed by Clifton Taylor on 8 October 2026","chart_edition":null,"chart_correction_date":null,"name":"Port lateral mark 237","structure":"Not specified in export","colour":"red","light":null,"wind_farm":null,"source_file":"TZiBoatData_2026-10-8_1920(1).gpx","source_sha256":"ef4169669b8aefad9dd9a7ff2c0b8b0754777db5cf3371475af4053278236492","source":"User-supplied TimeZero GPX export; classification confirmed by Clifton Taylor","raw_position":"55.073089111, -8.326437950","confirmed_on":"2026-10-08","cross_reference_id":"confirmed-f711358e61596dc1670b","nearby_record_count":2,"colour_basis":"Port lateral classification; physical colour not exported separately","description_status":"Port lateral type and latest TimeZero chart update provenance confirmed by Clifton Taylor; light rhythm and physical structure not supplied"}},{"type":"Feature","id":"confirmed-e9e18120b4e4043e7197","geometry":{"type":"Point","coordinates":[-8.31489548466427,55.065263937177]},"properties":{"mark_type":"port","position_status":"Coordinates confirmed accurate by Clifton Taylor on 8 October 2026; not independently surveyed","classification_source":"User confirmation: all points in this export are port lateral markers","display_label_generated":true,"physical_structure":null,"body_colour":null,"light_characteristics":null,"gpx_display_colour_is_not_navigation_colour":true,"chart_update_status":"Latest TimeZero chart update, confirmed by Clifton Taylor on 8 October 2026","chart_edition":null,"chart_correction_date":null,"name":"Port lateral mark 238","structure":"Not specified in export","colour":"red","light":null,"wind_farm":null,"source_file":"TZiBoatData_2026-10-8_1920(1).gpx","source_sha256":"ef4169669b8aefad9dd9a7ff2c0b8b0754777db5cf3371475af4053278236492","source":"User-supplied TimeZero GPX export; classification confirmed by Clifton Taylor","raw_position":"55.065263937, -8.314895485","confirmed_on":"2026-10-08","cross_reference_id":"confirmed-e9e18120b4e4043e7197","nearby_record_count":2,"colour_basis":"Port lateral classification; physical colour not exported separately","description_status":"Port lateral type and latest TimeZero chart update provenance confirmed by Clifton Taylor; light rhythm and physical structure not supplied"}},{"type":"Feature","id":"confirmed-f964185852c181a75f29","geometry":{"type":"Point","coordinates":[-8.31556855127023,55.0610378403776]},"properties":{"mark_type":"port","position_status":"Coordinates confirmed accurate by Clifton Taylor on 8 October 2026; not independently surveyed","classification_source":"User confirmation: all points in this export are port lateral markers","display_label_generated":true,"physical_structure":null,"body_colour":null,"light_characteristics":null,"gpx_display_colour_is_not_navigation_colour":true,"chart_update_status":"Latest TimeZero chart update, confirmed by Clifton Taylor on 8 October 2026","chart_edition":null,"chart_correction_date":null,"name":"Port lateral mark 239","structure":"Not specified in export","colour":"red","light":null,"wind_farm":null,"source_file":"TZiBoatData_2026-10-8_1920(1).gpx","source_sha256":"ef4169669b8aefad9dd9a7ff2c0b8b0754777db5cf3371475af4053278236492","source":"User-supplied TimeZero GPX export; classification confirmed by Clifton Taylor","raw_position":"55.061037840, -8.315568551","confirmed_on":"2026-10-08","cross_reference_id":"confirmed-f964185852c181a75f29","nearby_record_count":1,"colour_basis":"Port lateral classification; physical colour not exported separately","description_status":"Port lateral type and latest TimeZero chart update provenance confirmed by Clifton Taylor; light rhythm and physical structure not supplied"}},{"type":"Feature","id":"confirmed-875576cd44fffaad3004","geometry":{"type":"Point","coordinates":[-8.31659696359984,55.0585146853253]},"properties":{"mark_type":"port","position_status":"Coordinates confirmed accurate by Clifton Taylor on 8 October 2026; not independently surveyed","classification_source":"User confirmation: all points in this export are port lateral markers","display_label_generated":true,"physical_structure":null,"body_colour":null,"light_characteristics":null,"gpx_display_colour_is_not_navigation_colour":true,"chart_update_status":"Latest TimeZero chart update, confirmed by Clifton Taylor on 8 October 2026","chart_edition":null,"chart_correction_date":null,"name":"Port lateral mark 240","structure":"Not specified in export","colour":"red","light":null,"wind_farm":null,"source_file":"TZiBoatData_2026-10-8_1920(1).gpx","source_sha256":"ef4169669b8aefad9dd9a7ff2c0b8b0754777db5cf3371475af4053278236492","source":"User-supplied TimeZero GPX export; classification confirmed by Clifton Taylor","raw_position":"55.058514685, -8.316596964","confirmed_on":"2026-10-08","cross_reference_id":"confirmed-875576cd44fffaad3004","nearby_record_count":0,"colour_basis":"Port lateral classification; physical colour not exported separately","description_status":"Port lateral type and latest TimeZero chart update provenance confirmed by Clifton Taylor; light rhythm and physical structure not supplied"}},{"type":"Feature","id":"confirmed-aa467635715afe604b63","geometry":{"type":"Point","coordinates":[-7.7680165831097,55.1888833562417]},"properties":{"mark_type":"port","position_status":"Coordinates confirmed accurate by Clifton Taylor on 8 October 2026; not independently surveyed","classification_source":"User confirmation: all points in this export are port lateral markers","display_label_generated":true,"physical_structure":null,"body_colour":null,"light_characteristics":null,"gpx_display_colour_is_not_navigation_colour":true,"chart_update_status":"Latest TimeZero chart update, confirmed by Clifton Taylor on 8 October 2026","chart_edition":null,"chart_correction_date":null,"name":"Port lateral mark 241","structure":"Not specified in export","colour":"red","light":null,"wind_farm":null,"source_file":"TZiBoatData_2026-10-8_1920(1).gpx","source_sha256":"ef4169669b8aefad9dd9a7ff2c0b8b0754777db5cf3371475af4053278236492","source":"User-supplied TimeZero GPX export; classification confirmed by Clifton Taylor","raw_position":"55.188883356, -7.768016583","confirmed_on":"2026-10-08","cross_reference_id":"confirmed-aa467635715afe604b63","nearby_record_count":0,"colour_basis":"Port lateral classification; physical colour not exported separately","description_status":"Port lateral type and latest TimeZero chart update provenance confirmed by Clifton Taylor; light rhythm and physical structure not supplied"}},{"type":"Feature","id":"confirmed-4c312016e9120bdcdb00","geometry":{"type":"Point","coordinates":[-7.77779973861106,55.1901167073026]},"properties":{"mark_type":"port","position_status":"Coordinates confirmed accurate by Clifton Taylor on 8 October 2026; not independently surveyed","classification_source":"User confirmation: all points in this export are port lateral markers","display_label_generated":true,"physical_structure":null,"body_colour":null,"light_characteristics":null,"gpx_display_colour_is_not_navigation_colour":true,"chart_update_status":"Latest TimeZero chart update, confirmed by Clifton Taylor on 8 October 2026","chart_edition":null,"chart_correction_date":null,"name":"Port lateral mark 242","structure":"Not specified in export","colour":"red","light":null,"wind_farm":null,"source_file":"TZiBoatData_2026-10-8_1920(1).gpx","source_sha256":"ef4169669b8aefad9dd9a7ff2c0b8b0754777db5cf3371475af4053278236492","source":"User-supplied TimeZero GPX export; classification confirmed by Clifton Taylor","raw_position":"55.190116707, -7.777799739","confirmed_on":"2026-10-08","cross_reference_id":"confirmed-4c312016e9120bdcdb00","nearby_record_count":0,"colour_basis":"Port lateral classification; physical colour not exported separately","description_status":"Port lateral type and latest TimeZero chart update provenance confirmed by Clifton Taylor; light rhythm and physical structure not supplied"}},{"type":"Feature","id":"confirmed-0414f7d1c5262adda62d","geometry":{"type":"Point","coordinates":[-7.78129974019706,55.1942665284103]},"properties":{"mark_type":"port","position_status":"Coordinates confirmed accurate by Clifton Taylor on 8 October 2026; not independently surveyed","classification_source":"User confirmation: all points in this export are port lateral markers","display_label_generated":true,"physical_structure":null,"body_colour":null,"light_characteristics":null,"gpx_display_colour_is_not_navigation_colour":true,"chart_update_status":"Latest TimeZero chart update, confirmed by Clifton Taylor on 8 October 2026","chart_edition":null,"chart_correction_date":null,"name":"Port lateral mark 243","structure":"Not specified in export","colour":"red","light":null,"wind_farm":null,"source_file":"TZiBoatData_2026-10-8_1920(1).gpx","source_sha256":"ef4169669b8aefad9dd9a7ff2c0b8b0754777db5cf3371475af4053278236492","source":"User-supplied TimeZero GPX export; classification confirmed by Clifton Taylor","raw_position":"55.194266528, -7.781299740","confirmed_on":"2026-10-08","cross_reference_id":"confirmed-0414f7d1c5262adda62d","nearby_record_count":0,"colour_basis":"Port lateral classification; physical colour not exported separately","description_status":"Port lateral type and latest TimeZero chart update provenance confirmed by Clifton Taylor; light rhythm and physical structure not supplied"}},{"type":"Feature","id":"confirmed-5959116eb995ed0574a2","geometry":{"type":"Point","coordinates":[-7.80418330804347,55.1994999214142]},"properties":{"mark_type":"port","position_status":"Coordinates confirmed accurate by Clifton Taylor on 8 October 2026; not independently surveyed","classification_source":"User confirmation: all points in this export are port lateral markers","display_label_generated":true,"physical_structure":null,"body_colour":null,"light_characteristics":null,"gpx_display_colour_is_not_navigation_colour":true,"chart_update_status":"Latest TimeZero chart update, confirmed by Clifton Taylor on 8 October 2026","chart_edition":null,"chart_correction_date":null,"name":"Port lateral mark 244","structure":"Not specified in export","colour":"red","light":null,"wind_farm":null,"source_file":"TZiBoatData_2026-10-8_1920(1).gpx","source_sha256":"ef4169669b8aefad9dd9a7ff2c0b8b0754777db5cf3371475af4053278236492","source":"User-supplied TimeZero GPX export; classification confirmed by Clifton Taylor","raw_position":"55.199499921, -7.804183308","confirmed_on":"2026-10-08","cross_reference_id":"confirmed-5959116eb995ed0574a2","nearby_record_count":0,"colour_basis":"Port lateral classification; physical colour not exported separately","description_status":"Port lateral type and latest TimeZero chart update provenance confirmed by Clifton Taylor; light rhythm and physical structure not supplied"}},{"type":"Feature","id":"confirmed-77d587bd2763dcd795e0","geometry":{"type":"Point","coordinates":[-7.80641641205187,55.2028334530079]},"properties":{"mark_type":"port","position_status":"Coordinates confirmed accurate by Clifton Taylor on 8 October 2026; not independently surveyed","classification_source":"User confirmation: all points in this export are port lateral markers","display_label_generated":true,"physical_structure":null,"body_colour":null,"light_characteristics":null,"gpx_display_colour_is_not_navigation_colour":true,"chart_update_status":"Latest TimeZero chart update, confirmed by Clifton Taylor on 8 October 2026","chart_edition":null,"chart_correction_date":null,"name":"Port lateral mark 245","structure":"Not specified in export","colour":"red","light":null,"wind_farm":null,"source_file":"TZiBoatData_2026-10-8_1920(1).gpx","source_sha256":"ef4169669b8aefad9dd9a7ff2c0b8b0754777db5cf3371475af4053278236492","source":"User-supplied TimeZero GPX export; classification confirmed by Clifton Taylor","raw_position":"55.202833453, -7.806416412","confirmed_on":"2026-10-08","cross_reference_id":"confirmed-77d587bd2763dcd795e0","nearby_record_count":0,"colour_basis":"Port lateral classification; physical colour not exported separately","description_status":"Port lateral type and latest TimeZero chart update provenance confirmed by Clifton Taylor; light rhythm and physical structure not supplied"}},{"type":"Feature","id":"confirmed-cbc783c678b9cea9b283","geometry":{"type":"Point","coordinates":[-7.77816692919216,55.2297832272172]},"properties":{"mark_type":"port","position_status":"Coordinates confirmed accurate by Clifton Taylor on 8 October 2026; not independently surveyed","classification_source":"User confirmation: all points in this export are port lateral markers","display_label_generated":true,"physical_structure":null,"body_colour":null,"light_characteristics":null,"gpx_display_colour_is_not_navigation_colour":true,"chart_update_status":"Latest TimeZero chart update, confirmed by Clifton Taylor on 8 October 2026","chart_edition":null,"chart_correction_date":null,"name":"Port lateral mark 246","structure":"Not specified in export","colour":"red","light":null,"wind_farm":null,"source_file":"TZiBoatData_2026-10-8_1920(1).gpx","source_sha256":"ef4169669b8aefad9dd9a7ff2c0b8b0754777db5cf3371475af4053278236492","source":"User-supplied TimeZero GPX export; classification confirmed by Clifton Taylor","raw_position":"55.229783227, -7.778166929","confirmed_on":"2026-10-08","cross_reference_id":"confirmed-cbc783c678b9cea9b283","nearby_record_count":0,"colour_basis":"Port lateral classification; physical colour not exported separately","description_status":"Port lateral type and latest TimeZero chart update provenance confirmed by Clifton Taylor; light rhythm and physical structure not supplied"}},{"type":"Feature","id":"confirmed-bcee3240e5a113ea3275","geometry":{"type":"Point","coordinates":[-7.5130471945574,55.0942607808746]},"properties":{"mark_type":"port","position_status":"Coordinates confirmed accurate by Clifton Taylor on 8 October 2026; not independently surveyed","classification_source":"User confirmation: all points in this export are port lateral markers","display_label_generated":true,"physical_structure":null,"body_colour":null,"light_characteristics":null,"gpx_display_colour_is_not_navigation_colour":true,"chart_update_status":"Latest TimeZero chart update, confirmed by Clifton Taylor on 8 October 2026","chart_edition":null,"chart_correction_date":null,"name":"Port lateral mark 247","structure":"Not specified in export","colour":"red","light":null,"wind_farm":null,"source_file":"TZiBoatData_2026-10-8_1920(1).gpx","source_sha256":"ef4169669b8aefad9dd9a7ff2c0b8b0754777db5cf3371475af4053278236492","source":"User-supplied TimeZero GPX export; classification confirmed by Clifton Taylor","raw_position":"55.094260781, -7.513047195","confirmed_on":"2026-10-08","cross_reference_id":"confirmed-bcee3240e5a113ea3275","nearby_record_count":2,"colour_basis":"Port lateral classification; physical colour not exported separately","description_status":"Port lateral type and latest TimeZero chart update provenance confirmed by Clifton Taylor; light rhythm and physical structure not supplied"}},{"type":"Feature","id":"confirmed-d944609bb37b2c80ac1e","geometry":{"type":"Point","coordinates":[-7.49347530950409,55.113859225458]},"properties":{"mark_type":"port","position_status":"Coordinates confirmed accurate by Clifton Taylor on 8 October 2026; not independently surveyed","classification_source":"User confirmation: all points in this export are port lateral markers","display_label_generated":true,"physical_structure":null,"body_colour":null,"light_characteristics":null,"gpx_display_colour_is_not_navigation_colour":true,"chart_update_status":"Latest TimeZero chart update, confirmed by Clifton Taylor on 8 October 2026","chart_edition":null,"chart_correction_date":null,"name":"Port lateral mark 248","structure":"Not specified in export","colour":"red","light":null,"wind_farm":null,"source_file":"TZiBoatData_2026-10-8_1920(1).gpx","source_sha256":"ef4169669b8aefad9dd9a7ff2c0b8b0754777db5cf3371475af4053278236492","source":"User-supplied TimeZero GPX export; classification confirmed by Clifton Taylor","raw_position":"55.113859225, -7.493475310","confirmed_on":"2026-10-08","cross_reference_id":"confirmed-d944609bb37b2c80ac1e","nearby_record_count":2,"colour_basis":"Port lateral classification; physical colour not exported separately","description_status":"Port lateral type and latest TimeZero chart update provenance confirmed by Clifton Taylor; light rhythm and physical structure not supplied"}},{"type":"Feature","id":"confirmed-14e056ff84ab9935d788","geometry":{"type":"Point","coordinates":[-7.49884312020009,55.1509354718018]},"properties":{"mark_type":"port","position_status":"Coordinates confirmed accurate by Clifton Taylor on 8 October 2026; not independently surveyed","classification_source":"User confirmation: all points in this export are port lateral markers","display_label_generated":true,"physical_structure":null,"body_colour":null,"light_characteristics":null,"gpx_display_colour_is_not_navigation_colour":true,"chart_update_status":"Latest TimeZero chart update, confirmed by Clifton Taylor on 8 October 2026","chart_edition":null,"chart_correction_date":null,"name":"Port lateral mark 249","structure":"Not specified in export","colour":"red","light":null,"wind_farm":null,"source_file":"TZiBoatData_2026-10-8_1920(1).gpx","source_sha256":"ef4169669b8aefad9dd9a7ff2c0b8b0754777db5cf3371475af4053278236492","source":"User-supplied TimeZero GPX export; classification confirmed by Clifton Taylor","raw_position":"55.150935472, -7.498843120","confirmed_on":"2026-10-08","cross_reference_id":"confirmed-14e056ff84ab9935d788","nearby_record_count":2,"colour_basis":"Port lateral classification; physical colour not exported separately","description_status":"Port lateral type and latest TimeZero chart update provenance confirmed by Clifton Taylor; light rhythm and physical structure not supplied"}},{"type":"Feature","id":"confirmed-cf2aee010cbae6305500","geometry":{"type":"Point","coordinates":[-7.52616661390936,55.1723333383209]},"properties":{"mark_type":"port","position_status":"Coordinates confirmed accurate by Clifton Taylor on 8 October 2026; not independently surveyed","classification_source":"User confirmation: all points in this export are port lateral markers","display_label_generated":true,"physical_structure":null,"body_colour":null,"light_characteristics":null,"gpx_display_colour_is_not_navigation_colour":true,"chart_update_status":"Latest TimeZero chart update, confirmed by Clifton Taylor on 8 October 2026","chart_edition":null,"chart_correction_date":null,"name":"Port lateral mark 250","structure":"Not specified in export","colour":"red","light":null,"wind_farm":null,"source_file":"TZiBoatData_2026-10-8_1920(1).gpx","source_sha256":"ef4169669b8aefad9dd9a7ff2c0b8b0754777db5cf3371475af4053278236492","source":"User-supplied TimeZero GPX export; classification confirmed by Clifton Taylor","raw_position":"55.172333338, -7.526166614","confirmed_on":"2026-10-08","cross_reference_id":"confirmed-cf2aee010cbae6305500","nearby_record_count":0,"colour_basis":"Port lateral classification; physical colour not exported separately","description_status":"Port lateral type and latest TimeZero chart update provenance confirmed by Clifton Taylor; light rhythm and physical structure not supplied"}},{"type":"Feature","id":"confirmed-c61fa833da28b3e7179c","geometry":{"type":"Point","coordinates":[-7.31039484028664,55.0103683721703]},"properties":{"mark_type":"port","position_status":"Coordinates confirmed accurate by Clifton Taylor on 8 October 2026; not independently surveyed","classification_source":"User confirmation: all points in this export are port lateral markers","display_label_generated":true,"physical_structure":null,"body_colour":null,"light_characteristics":null,"gpx_display_colour_is_not_navigation_colour":true,"chart_update_status":"Latest TimeZero chart update, confirmed by Clifton Taylor on 8 October 2026","chart_edition":null,"chart_correction_date":null,"name":"Port lateral mark 251","structure":"Not specified in export","colour":"red","light":null,"wind_farm":null,"source_file":"TZiBoatData_2026-10-8_1920(1).gpx","source_sha256":"ef4169669b8aefad9dd9a7ff2c0b8b0754777db5cf3371475af4053278236492","source":"User-supplied TimeZero GPX export; classification confirmed by Clifton Taylor","raw_position":"55.010368372, -7.310394840","confirmed_on":"2026-10-08","cross_reference_id":"confirmed-c61fa833da28b3e7179c","nearby_record_count":0,"colour_basis":"Port lateral classification; physical colour not exported separately","description_status":"Port lateral type and latest TimeZero chart update provenance confirmed by Clifton Taylor; light rhythm and physical structure not supplied"}},{"type":"Feature","id":"confirmed-6f165981bc91aeb2aa17","geometry":{"type":"Point","coordinates":[-7.30238701989085,55.0108656970833]},"properties":{"mark_type":"port","position_status":"Coordinates confirmed accurate by Clifton Taylor on 8 October 2026; not independently surveyed","classification_source":"User confirmation: all points in this export are port lateral markers","display_label_generated":true,"physical_structure":null,"body_colour":null,"light_characteristics":null,"gpx_display_colour_is_not_navigation_colour":true,"chart_update_status":"Latest TimeZero chart update, confirmed by Clifton Taylor on 8 October 2026","chart_edition":null,"chart_correction_date":null,"name":"Port lateral mark 252","structure":"Not specified in export","colour":"red","light":null,"wind_farm":null,"source_file":"TZiBoatData_2026-10-8_1920(1).gpx","source_sha256":"ef4169669b8aefad9dd9a7ff2c0b8b0754777db5cf3371475af4053278236492","source":"User-supplied TimeZero GPX export; classification confirmed by Clifton Taylor","raw_position":"55.010865697, -7.302387020","confirmed_on":"2026-10-08","cross_reference_id":"confirmed-6f165981bc91aeb2aa17","nearby_record_count":3,"colour_basis":"Port lateral classification; physical colour not exported separately","description_status":"Port lateral type and latest TimeZero chart update provenance confirmed by Clifton Taylor; light rhythm and physical structure not supplied"}},{"type":"Feature","id":"confirmed-974943e38c02f2635e15","geometry":{"type":"Point","coordinates":[-7.29252493633897,55.0178428087543]},"properties":{"mark_type":"port","position_status":"Coordinates confirmed accurate by Clifton Taylor on 8 October 2026; not independently surveyed","classification_source":"User confirmation: all points in this export are port lateral markers","display_label_generated":true,"physical_structure":null,"body_colour":null,"light_characteristics":null,"gpx_display_colour_is_not_navigation_colour":true,"chart_update_status":"Latest TimeZero chart update, confirmed by Clifton Taylor on 8 October 2026","chart_edition":null,"chart_correction_date":null,"name":"Port lateral mark 253","structure":"Not specified in export","colour":"red","light":null,"wind_farm":null,"source_file":"TZiBoatData_2026-10-8_1920(1).gpx","source_sha256":"ef4169669b8aefad9dd9a7ff2c0b8b0754777db5cf3371475af4053278236492","source":"User-supplied TimeZero GPX export; classification confirmed by Clifton Taylor","raw_position":"55.017842809, -7.292524936","confirmed_on":"2026-10-08","cross_reference_id":"confirmed-974943e38c02f2635e15","nearby_record_count":1,"colour_basis":"Port lateral classification; physical colour not exported separately","description_status":"Port lateral type and latest TimeZero chart update provenance confirmed by Clifton Taylor; light rhythm and physical structure not supplied"}},{"type":"Feature","id":"confirmed-d0d24b2fa267569ac42c","geometry":{"type":"Point","coordinates":[-7.29263781086295,55.0191002888148]},"properties":{"mark_type":"port","position_status":"Coordinates confirmed accurate by Clifton Taylor on 8 October 2026; not independently surveyed","classification_source":"User confirmation: all points in this export are port lateral markers","display_label_generated":true,"physical_structure":null,"body_colour":null,"light_characteristics":null,"gpx_display_colour_is_not_navigation_colour":true,"chart_update_status":"Latest TimeZero chart update, confirmed by Clifton Taylor on 8 October 2026","chart_edition":null,"chart_correction_date":null,"name":"Port lateral mark 254","structure":"Not specified in export","colour":"red","light":null,"wind_farm":null,"source_file":"TZiBoatData_2026-10-8_1920(1).gpx","source_sha256":"ef4169669b8aefad9dd9a7ff2c0b8b0754777db5cf3371475af4053278236492","source":"User-supplied TimeZero GPX export; classification confirmed by Clifton Taylor","raw_position":"55.019100289, -7.292637811","confirmed_on":"2026-10-08","cross_reference_id":"confirmed-d0d24b2fa267569ac42c","nearby_record_count":1,"colour_basis":"Port lateral classification; physical colour not exported separately","description_status":"Port lateral type and latest TimeZero chart update provenance confirmed by Clifton Taylor; light rhythm and physical structure not supplied"}},{"type":"Feature","id":"confirmed-24549f68329a168f62aa","geometry":{"type":"Point","coordinates":[-7.29193896427311,55.021158771427]},"properties":{"mark_type":"port","position_status":"Coordinates confirmed accurate by Clifton Taylor on 8 October 2026; not independently surveyed","classification_source":"User confirmation: all points in this export are port lateral markers","display_label_generated":true,"physical_structure":null,"body_colour":null,"light_characteristics":null,"gpx_display_colour_is_not_navigation_colour":true,"chart_update_status":"Latest TimeZero chart update, confirmed by Clifton Taylor on 8 October 2026","chart_edition":null,"chart_correction_date":null,"name":"Port lateral mark 255","structure":"Not specified in export","colour":"red","light":null,"wind_farm":null,"source_file":"TZiBoatData_2026-10-8_1920(1).gpx","source_sha256":"ef4169669b8aefad9dd9a7ff2c0b8b0754777db5cf3371475af4053278236492","source":"User-supplied TimeZero GPX export; classification confirmed by Clifton Taylor","raw_position":"55.021158771, -7.291938964","confirmed_on":"2026-10-08","cross_reference_id":"confirmed-24549f68329a168f62aa","nearby_record_count":1,"colour_basis":"Port lateral classification; physical colour not exported separately","description_status":"Port lateral type and latest TimeZero chart update provenance confirmed by Clifton Taylor; light rhythm and physical structure not supplied"}},{"type":"Feature","id":"confirmed-9888b353b14435b43160","geometry":{"type":"Point","coordinates":[-7.24114384038262,55.0520573847986]},"properties":{"mark_type":"port","position_status":"Coordinates confirmed accurate by Clifton Taylor on 8 October 2026; not independently surveyed","classification_source":"User confirmation: all points in this export are port lateral markers","display_label_generated":true,"physical_structure":null,"body_colour":null,"light_characteristics":null,"gpx_display_colour_is_not_navigation_colour":true,"chart_update_status":"Latest TimeZero chart update, confirmed by Clifton Taylor on 8 October 2026","chart_edition":null,"chart_correction_date":null,"name":"Port lateral mark 256","structure":"Not specified in export","colour":"red","light":null,"wind_farm":null,"source_file":"TZiBoatData_2026-10-8_1920(1).gpx","source_sha256":"ef4169669b8aefad9dd9a7ff2c0b8b0754777db5cf3371475af4053278236492","source":"User-supplied TimeZero GPX export; classification confirmed by Clifton Taylor","raw_position":"55.052057385, -7.241143840","confirmed_on":"2026-10-08","cross_reference_id":"confirmed-9888b353b14435b43160","nearby_record_count":7,"colour_basis":"Port lateral classification; physical colour not exported separately","description_status":"Port lateral type and latest TimeZero chart update provenance confirmed by Clifton Taylor; light rhythm and physical structure not supplied"}},{"type":"Feature","id":"confirmed-60a3329e84c81fc357c3","geometry":{"type":"Point","coordinates":[-7.23337152362329,55.0638199645389]},"properties":{"mark_type":"port","position_status":"Coordinates confirmed accurate by Clifton Taylor on 8 October 2026; not independently surveyed","classification_source":"User confirmation: all points in this export are port lateral markers","display_label_generated":true,"physical_structure":null,"body_colour":null,"light_characteristics":null,"gpx_display_colour_is_not_navigation_colour":true,"chart_update_status":"Latest TimeZero chart update, confirmed by Clifton Taylor on 8 October 2026","chart_edition":null,"chart_correction_date":null,"name":"Port lateral mark 257","structure":"Not specified in export","colour":"red","light":null,"wind_farm":null,"source_file":"TZiBoatData_2026-10-8_1920(1).gpx","source_sha256":"ef4169669b8aefad9dd9a7ff2c0b8b0754777db5cf3371475af4053278236492","source":"User-supplied TimeZero GPX export; classification confirmed by Clifton Taylor","raw_position":"55.063819965, -7.233371524","confirmed_on":"2026-10-08","cross_reference_id":"confirmed-60a3329e84c81fc357c3","nearby_record_count":4,"colour_basis":"Port lateral classification; physical colour not exported separately","description_status":"Port lateral type and latest TimeZero chart update provenance confirmed by Clifton Taylor; light rhythm and physical structure not supplied"}},{"type":"Feature","id":"confirmed-da0eca24d0aae4bbb7f9","geometry":{"type":"Point","coordinates":[-7.23121506281018,55.0676767062812]},"properties":{"mark_type":"port","position_status":"Coordinates confirmed accurate by Clifton Taylor on 8 October 2026; not independently surveyed","classification_source":"User confirmation: all points in this export are port lateral markers","display_label_generated":true,"physical_structure":null,"body_colour":null,"light_characteristics":null,"gpx_display_colour_is_not_navigation_colour":true,"chart_update_status":"Latest TimeZero chart update, confirmed by Clifton Taylor on 8 October 2026","chart_edition":null,"chart_correction_date":null,"name":"Port lateral mark 258","structure":"Not specified in export","colour":"red","light":null,"wind_farm":null,"source_file":"TZiBoatData_2026-10-8_1920(1).gpx","source_sha256":"ef4169669b8aefad9dd9a7ff2c0b8b0754777db5cf3371475af4053278236492","source":"User-supplied TimeZero GPX export; classification confirmed by Clifton Taylor","raw_position":"55.067676706, -7.231215063","confirmed_on":"2026-10-08","cross_reference_id":"confirmed-da0eca24d0aae4bbb7f9","nearby_record_count":4,"colour_basis":"Port lateral classification; physical colour not exported separately","description_status":"Port lateral type and latest TimeZero chart update provenance confirmed by Clifton Taylor; light rhythm and physical structure not supplied"}},{"type":"Feature","id":"confirmed-6f39b52668eb9dbfba56","geometry":{"type":"Point","coordinates":[-7.22437639952082,55.077514605095]},"properties":{"mark_type":"port","position_status":"Coordinates confirmed accurate by Clifton Taylor on 8 October 2026; not independently surveyed","classification_source":"User confirmation: all points in this export are port lateral markers","display_label_generated":true,"physical_structure":null,"body_colour":null,"light_characteristics":null,"gpx_display_colour_is_not_navigation_colour":true,"chart_update_status":"Latest TimeZero chart update, confirmed by Clifton Taylor on 8 October 2026","chart_edition":null,"chart_correction_date":null,"name":"Port lateral mark 259","structure":"Not specified in export","colour":"red","light":null,"wind_farm":null,"source_file":"TZiBoatData_2026-10-8_1920(1).gpx","source_sha256":"ef4169669b8aefad9dd9a7ff2c0b8b0754777db5cf3371475af4053278236492","source":"User-supplied TimeZero GPX export; classification confirmed by Clifton Taylor","raw_position":"55.077514605, -7.224376400","confirmed_on":"2026-10-08","cross_reference_id":"confirmed-6f39b52668eb9dbfba56","nearby_record_count":0,"colour_basis":"Port lateral classification; physical colour not exported separately","description_status":"Port lateral type and latest TimeZero chart update provenance confirmed by Clifton Taylor; light rhythm and physical structure not supplied"}},{"type":"Feature","id":"confirmed-3b64d33f5417446d7ddb","geometry":{"type":"Point","coordinates":[-7.21600069178762,55.0926915861011]},"properties":{"mark_type":"port","position_status":"Coordinates confirmed accurate by Clifton Taylor on 8 October 2026; not independently surveyed","classification_source":"User confirmation: all points in this export are port lateral markers","display_label_generated":true,"physical_structure":null,"body_colour":null,"light_characteristics":null,"gpx_display_colour_is_not_navigation_colour":true,"chart_update_status":"Latest TimeZero chart update, confirmed by Clifton Taylor on 8 October 2026","chart_edition":null,"chart_correction_date":null,"name":"Port lateral mark 260","structure":"Not specified in export","colour":"red","light":null,"wind_farm":null,"source_file":"TZiBoatData_2026-10-8_1920(1).gpx","source_sha256":"ef4169669b8aefad9dd9a7ff2c0b8b0754777db5cf3371475af4053278236492","source":"User-supplied TimeZero GPX export; classification confirmed by Clifton Taylor","raw_position":"55.092691586, -7.216000692","confirmed_on":"2026-10-08","cross_reference_id":"confirmed-3b64d33f5417446d7ddb","nearby_record_count":5,"colour_basis":"Port lateral classification; physical colour not exported separately","description_status":"Port lateral type and latest TimeZero chart update provenance confirmed by Clifton Taylor; light rhythm and physical structure not supplied"}},{"type":"Feature","id":"confirmed-375b1ed72ec83ee3e14d","geometry":{"type":"Point","coordinates":[-7.21237616540644,55.0962358724028]},"properties":{"mark_type":"port","position_status":"Coordinates confirmed accurate by Clifton Taylor on 8 October 2026; not independently surveyed","classification_source":"User confirmation: all points in this export are port lateral markers","display_label_generated":true,"physical_structure":null,"body_colour":null,"light_characteristics":null,"gpx_display_colour_is_not_navigation_colour":true,"chart_update_status":"Latest TimeZero chart update, confirmed by Clifton Taylor on 8 October 2026","chart_edition":null,"chart_correction_date":null,"name":"Port lateral mark 261","structure":"Not specified in export","colour":"red","light":null,"wind_farm":null,"source_file":"TZiBoatData_2026-10-8_1920(1).gpx","source_sha256":"ef4169669b8aefad9dd9a7ff2c0b8b0754777db5cf3371475af4053278236492","source":"User-supplied TimeZero GPX export; classification confirmed by Clifton Taylor","raw_position":"55.096235872, -7.212376165","confirmed_on":"2026-10-08","cross_reference_id":"confirmed-375b1ed72ec83ee3e14d","nearby_record_count":1,"colour_basis":"Port lateral classification; physical colour not exported separately","description_status":"Port lateral type and latest TimeZero chart update provenance confirmed by Clifton Taylor; light rhythm and physical structure not supplied"}},{"type":"Feature","id":"confirmed-703878dd505d157ad0ee","geometry":{"type":"Point","coordinates":[-7.20649604422834,55.1015924601333]},"properties":{"mark_type":"port","position_status":"Coordinates confirmed accurate by Clifton Taylor on 8 October 2026; not independently surveyed","classification_source":"User confirmation: all points in this export are port lateral markers","display_label_generated":true,"physical_structure":null,"body_colour":null,"light_characteristics":null,"gpx_display_colour_is_not_navigation_colour":true,"chart_update_status":"Latest TimeZero chart update, confirmed by Clifton Taylor on 8 October 2026","chart_edition":null,"chart_correction_date":null,"name":"Port lateral mark 262","structure":"Not specified in export","colour":"red","light":null,"wind_farm":null,"source_file":"TZiBoatData_2026-10-8_1920(1).gpx","source_sha256":"ef4169669b8aefad9dd9a7ff2c0b8b0754777db5cf3371475af4053278236492","source":"User-supplied TimeZero GPX export; classification confirmed by Clifton Taylor","raw_position":"55.101592460, -7.206496044","confirmed_on":"2026-10-08","cross_reference_id":"confirmed-703878dd505d157ad0ee","nearby_record_count":5,"colour_basis":"Port lateral classification; physical colour not exported separately","description_status":"Port lateral type and latest TimeZero chart update provenance confirmed by Clifton Taylor; light rhythm and physical structure not supplied"}},{"type":"Feature","id":"confirmed-8180fc54205bfae1502c","geometry":{"type":"Point","coordinates":[-7.19937380111638,55.1068228975206]},"properties":{"mark_type":"port","position_status":"Coordinates confirmed accurate by Clifton Taylor on 8 October 2026; not independently surveyed","classification_source":"User confirmation: all points in this export are port lateral markers","display_label_generated":true,"physical_structure":null,"body_colour":null,"light_characteristics":null,"gpx_display_colour_is_not_navigation_colour":true,"chart_update_status":"Latest TimeZero chart update, confirmed by Clifton Taylor on 8 October 2026","chart_edition":null,"chart_correction_date":null,"name":"Port lateral mark 263","structure":"Not specified in export","colour":"red","light":null,"wind_farm":null,"source_file":"TZiBoatData_2026-10-8_1920(1).gpx","source_sha256":"ef4169669b8aefad9dd9a7ff2c0b8b0754777db5cf3371475af4053278236492","source":"User-supplied TimeZero GPX export; classification confirmed by Clifton Taylor","raw_position":"55.106822898, -7.199373801","confirmed_on":"2026-10-08","cross_reference_id":"confirmed-8180fc54205bfae1502c","nearby_record_count":5,"colour_basis":"Port lateral classification; physical colour not exported separately","description_status":"Port lateral type and latest TimeZero chart update provenance confirmed by Clifton Taylor; light rhythm and physical structure not supplied"}},{"type":"Feature","id":"confirmed-8d8b65af45d7b6acf806","geometry":{"type":"Point","coordinates":[-7.18612149589339,55.1171939636513]},"properties":{"mark_type":"port","position_status":"Coordinates confirmed accurate by Clifton Taylor on 8 October 2026; not independently surveyed","classification_source":"User confirmation: all points in this export are port lateral markers","display_label_generated":true,"physical_structure":null,"body_colour":null,"light_characteristics":null,"gpx_display_colour_is_not_navigation_colour":true,"chart_update_status":"Latest TimeZero chart update, confirmed by Clifton Taylor on 8 October 2026","chart_edition":null,"chart_correction_date":null,"name":"Port lateral mark 264","structure":"Not specified in export","colour":"red","light":null,"wind_farm":null,"source_file":"TZiBoatData_2026-10-8_1920(1).gpx","source_sha256":"ef4169669b8aefad9dd9a7ff2c0b8b0754777db5cf3371475af4053278236492","source":"User-supplied TimeZero GPX export; classification confirmed by Clifton Taylor","raw_position":"55.117193964, -7.186121496","confirmed_on":"2026-10-08","cross_reference_id":"confirmed-8d8b65af45d7b6acf806","nearby_record_count":5,"colour_basis":"Port lateral classification; physical colour not exported separately","description_status":"Port lateral type and latest TimeZero chart update provenance confirmed by Clifton Taylor; light rhythm and physical structure not supplied"}},{"type":"Feature","id":"confirmed-f64696ca5b86fe0830ac","geometry":{"type":"Point","coordinates":[-7.1726657378247,55.1245857018654]},"properties":{"mark_type":"port","position_status":"Coordinates confirmed accurate by Clifton Taylor on 8 October 2026; not independently surveyed","classification_source":"User confirmation: all points in this export are port lateral markers","display_label_generated":true,"physical_structure":null,"body_colour":null,"light_characteristics":null,"gpx_display_colour_is_not_navigation_colour":true,"chart_update_status":"Latest TimeZero chart update, confirmed by Clifton Taylor on 8 October 2026","chart_edition":null,"chart_correction_date":null,"name":"Port lateral mark 265","structure":"Not specified in export","colour":"red","light":null,"wind_farm":null,"source_file":"TZiBoatData_2026-10-8_1920(1).gpx","source_sha256":"ef4169669b8aefad9dd9a7ff2c0b8b0754777db5cf3371475af4053278236492","source":"User-supplied TimeZero GPX export; classification confirmed by Clifton Taylor","raw_position":"55.124585702, -7.172665738","confirmed_on":"2026-10-08","cross_reference_id":"confirmed-f64696ca5b86fe0830ac","nearby_record_count":5,"colour_basis":"Port lateral classification; physical colour not exported separately","description_status":"Port lateral type and latest TimeZero chart update provenance confirmed by Clifton Taylor; light rhythm and physical structure not supplied"}},{"type":"Feature","id":"confirmed-fea0d1a6ae63bd79933d","geometry":{"type":"Point","coordinates":[-7.15752711865485,55.1331586041728]},"properties":{"mark_type":"port","position_status":"Coordinates confirmed accurate by Clifton Taylor on 8 October 2026; not independently surveyed","classification_source":"User confirmation: all points in this export are port lateral markers","display_label_generated":true,"physical_structure":null,"body_colour":null,"light_characteristics":null,"gpx_display_colour_is_not_navigation_colour":true,"chart_update_status":"Latest TimeZero chart update, confirmed by Clifton Taylor on 8 October 2026","chart_edition":null,"chart_correction_date":null,"name":"Port lateral mark 266","structure":"Not specified in export","colour":"red","light":null,"wind_farm":null,"source_file":"TZiBoatData_2026-10-8_1920(1).gpx","source_sha256":"ef4169669b8aefad9dd9a7ff2c0b8b0754777db5cf3371475af4053278236492","source":"User-supplied TimeZero GPX export; classification confirmed by Clifton Taylor","raw_position":"55.133158604, -7.157527119","confirmed_on":"2026-10-08","cross_reference_id":"confirmed-fea0d1a6ae63bd79933d","nearby_record_count":5,"colour_basis":"Port lateral classification; physical colour not exported separately","description_status":"Port lateral type and latest TimeZero chart update provenance confirmed by Clifton Taylor; light rhythm and physical structure not supplied"}},{"type":"Feature","id":"confirmed-fb775c6c836e167bc79b","geometry":{"type":"Point","coordinates":[-7.14210720451762,55.1403458193392]},"properties":{"mark_type":"port","position_status":"Coordinates confirmed accurate by Clifton Taylor on 8 October 2026; not independently surveyed","classification_source":"User confirmation: all points in this export are port lateral markers","display_label_generated":true,"physical_structure":null,"body_colour":null,"light_characteristics":null,"gpx_display_colour_is_not_navigation_colour":true,"chart_update_status":"Latest TimeZero chart update, confirmed by Clifton Taylor on 8 October 2026","chart_edition":null,"chart_correction_date":null,"name":"Port lateral mark 267","structure":"Not specified in export","colour":"red","light":null,"wind_farm":null,"source_file":"TZiBoatData_2026-10-8_1920(1).gpx","source_sha256":"ef4169669b8aefad9dd9a7ff2c0b8b0754777db5cf3371475af4053278236492","source":"User-supplied TimeZero GPX export; classification confirmed by Clifton Taylor","raw_position":"55.140345819, -7.142107205","confirmed_on":"2026-10-08","cross_reference_id":"confirmed-fb775c6c836e167bc79b","nearby_record_count":4,"colour_basis":"Port lateral classification; physical colour not exported separately","description_status":"Port lateral type and latest TimeZero chart update provenance confirmed by Clifton Taylor; light rhythm and physical structure not supplied"}},{"type":"Feature","id":"confirmed-bd7dbf75fc1ad2d190e8","geometry":{"type":"Point","coordinates":[-7.13114095678341,55.1430597466361]},"properties":{"mark_type":"port","position_status":"Coordinates confirmed accurate by Clifton Taylor on 8 October 2026; not independently surveyed","classification_source":"User confirmation: all points in this export are port lateral markers","display_label_generated":true,"physical_structure":null,"body_colour":null,"light_characteristics":null,"gpx_display_colour_is_not_navigation_colour":true,"chart_update_status":"Latest TimeZero chart update, confirmed by Clifton Taylor on 8 October 2026","chart_edition":null,"chart_correction_date":null,"name":"Port lateral mark 268","structure":"Not specified in export","colour":"red","light":null,"wind_farm":null,"source_file":"TZiBoatData_2026-10-8_1920(1).gpx","source_sha256":"ef4169669b8aefad9dd9a7ff2c0b8b0754777db5cf3371475af4053278236492","source":"User-supplied TimeZero GPX export; classification confirmed by Clifton Taylor","raw_position":"55.143059747, -7.131140957","confirmed_on":"2026-10-08","cross_reference_id":"confirmed-bd7dbf75fc1ad2d190e8","nearby_record_count":5,"colour_basis":"Port lateral classification; physical colour not exported separately","description_status":"Port lateral type and latest TimeZero chart update provenance confirmed by Clifton Taylor; light rhythm and physical structure not supplied"}},{"type":"Feature","id":"confirmed-42d0a6777addaf8f2826","geometry":{"type":"Point","coordinates":[-7.08415778672441,55.1656225752298]},"properties":{"mark_type":"port","position_status":"Coordinates confirmed accurate by Clifton Taylor on 8 October 2026; not independently surveyed","classification_source":"User confirmation: all points in this export are port lateral markers","display_label_generated":true,"physical_structure":null,"body_colour":null,"light_characteristics":null,"gpx_display_colour_is_not_navigation_colour":true,"chart_update_status":"Latest TimeZero chart update, confirmed by Clifton Taylor on 8 October 2026","chart_edition":null,"chart_correction_date":null,"name":"Port lateral mark 269","structure":"Not specified in export","colour":"red","light":null,"wind_farm":null,"source_file":"TZiBoatData_2026-10-8_1920(1).gpx","source_sha256":"ef4169669b8aefad9dd9a7ff2c0b8b0754777db5cf3371475af4053278236492","source":"User-supplied TimeZero GPX export; classification confirmed by Clifton Taylor","raw_position":"55.165622575, -7.084157787","confirmed_on":"2026-10-08","cross_reference_id":"confirmed-42d0a6777addaf8f2826","nearby_record_count":5,"colour_basis":"Port lateral classification; physical colour not exported separately","description_status":"Port lateral type and latest TimeZero chart update provenance confirmed by Clifton Taylor; light rhythm and physical structure not supplied"}},{"type":"Feature","id":"confirmed-e05e682fad7b87bd9b38","geometry":{"type":"Point","coordinates":[-7.05190902025192,55.1754036302894]},"properties":{"mark_type":"port","position_status":"Coordinates confirmed accurate by Clifton Taylor on 8 October 2026; not independently surveyed","classification_source":"User confirmation: all points in this export are port lateral markers","display_label_generated":true,"physical_structure":null,"body_colour":null,"light_characteristics":null,"gpx_display_colour_is_not_navigation_colour":true,"chart_update_status":"Latest TimeZero chart update, confirmed by Clifton Taylor on 8 October 2026","chart_edition":null,"chart_correction_date":null,"name":"Port lateral mark 270","structure":"Not specified in export","colour":"red","light":null,"wind_farm":null,"source_file":"TZiBoatData_2026-10-8_1920(1).gpx","source_sha256":"ef4169669b8aefad9dd9a7ff2c0b8b0754777db5cf3371475af4053278236492","source":"User-supplied TimeZero GPX export; classification confirmed by Clifton Taylor","raw_position":"55.175403630, -7.051909020","confirmed_on":"2026-10-08","cross_reference_id":"confirmed-e05e682fad7b87bd9b38","nearby_record_count":5,"colour_basis":"Port lateral classification; physical colour not exported separately","description_status":"Port lateral type and latest TimeZero chart update provenance confirmed by Clifton Taylor; light rhythm and physical structure not supplied"}},{"type":"Feature","id":"confirmed-7ed30176985de4f9af78","geometry":{"type":"Point","coordinates":[-7.02627496603452,55.1740198798959]},"properties":{"mark_type":"port","position_status":"Coordinates confirmed accurate by Clifton Taylor on 8 October 2026; not independently surveyed","classification_source":"User confirmation: all points in this export are port lateral markers","display_label_generated":true,"physical_structure":null,"body_colour":null,"light_characteristics":null,"gpx_display_colour_is_not_navigation_colour":true,"chart_update_status":"Latest TimeZero chart update, confirmed by Clifton Taylor on 8 October 2026","chart_edition":null,"chart_correction_date":null,"name":"Port lateral mark 271","structure":"Not specified in export","colour":"red","light":null,"wind_farm":null,"source_file":"TZiBoatData_2026-10-8_1920(1).gpx","source_sha256":"ef4169669b8aefad9dd9a7ff2c0b8b0754777db5cf3371475af4053278236492","source":"User-supplied TimeZero GPX export; classification confirmed by Clifton Taylor","raw_position":"55.174019880, -7.026274966","confirmed_on":"2026-10-08","cross_reference_id":"confirmed-7ed30176985de4f9af78","nearby_record_count":5,"colour_basis":"Port lateral classification; physical colour not exported separately","description_status":"Port lateral type and latest TimeZero chart update provenance confirmed by Clifton Taylor; light rhythm and physical structure not supplied"}},{"type":"Feature","id":"confirmed-530c3721ba0620b634fa","geometry":{"type":"Point","coordinates":[-7.00143281617013,55.1883670673785]},"properties":{"mark_type":"port","position_status":"Coordinates confirmed accurate by Clifton Taylor on 8 October 2026; not independently surveyed","classification_source":"User confirmation: all points in this export are port lateral markers","display_label_generated":true,"physical_structure":null,"body_colour":null,"light_characteristics":null,"gpx_display_colour_is_not_navigation_colour":true,"chart_update_status":"Latest TimeZero chart update, confirmed by Clifton Taylor on 8 October 2026","chart_edition":null,"chart_correction_date":null,"name":"Port lateral mark 272","structure":"Not specified in export","colour":"red","light":null,"wind_farm":null,"source_file":"TZiBoatData_2026-10-8_1920(1).gpx","source_sha256":"ef4169669b8aefad9dd9a7ff2c0b8b0754777db5cf3371475af4053278236492","source":"User-supplied TimeZero GPX export; classification confirmed by Clifton Taylor","raw_position":"55.188367067, -7.001432816","confirmed_on":"2026-10-08","cross_reference_id":"confirmed-530c3721ba0620b634fa","nearby_record_count":1,"colour_basis":"Port lateral classification; physical colour not exported separately","description_status":"Port lateral type and latest TimeZero chart update provenance confirmed by Clifton Taylor; light rhythm and physical structure not supplied"}},{"type":"Feature","id":"confirmed-943cf2c711eab6cc6c52","geometry":{"type":"Point","coordinates":[-6.96736481819205,55.1957029804273]},"properties":{"mark_type":"port","position_status":"Coordinates confirmed accurate by Clifton Taylor on 8 October 2026; not independently surveyed","classification_source":"User confirmation: all points in this export are port lateral markers","display_label_generated":true,"physical_structure":null,"body_colour":null,"light_characteristics":null,"gpx_display_colour_is_not_navigation_colour":true,"chart_update_status":"Latest TimeZero chart update, confirmed by Clifton Taylor on 8 October 2026","chart_edition":null,"chart_correction_date":null,"name":"Port lateral mark 273","structure":"Not specified in export","colour":"red","light":null,"wind_farm":null,"source_file":"TZiBoatData_2026-10-8_1920(1).gpx","source_sha256":"ef4169669b8aefad9dd9a7ff2c0b8b0754777db5cf3371475af4053278236492","source":"User-supplied TimeZero GPX export; classification confirmed by Clifton Taylor","raw_position":"55.195702980, -6.967364818","confirmed_on":"2026-10-08","cross_reference_id":"confirmed-943cf2c711eab6cc6c52","nearby_record_count":5,"colour_basis":"Port lateral classification; physical colour not exported separately","description_status":"Port lateral type and latest TimeZero chart update provenance confirmed by Clifton Taylor; light rhythm and physical structure not supplied"}},{"type":"Feature","id":"confirmed-cf5555b2f33a826b4f89","geometry":{"type":"Point","coordinates":[-6.89083062446595,55.2333276405204]},"properties":{"mark_type":"port","position_status":"Coordinates confirmed accurate by Clifton Taylor on 8 October 2026; not independently surveyed","classification_source":"User confirmation: all points in this export are port lateral markers","display_label_generated":true,"physical_structure":null,"body_colour":null,"light_characteristics":null,"gpx_display_colour_is_not_navigation_colour":true,"chart_update_status":"Latest TimeZero chart update, confirmed by Clifton Taylor on 8 October 2026","chart_edition":null,"chart_correction_date":null,"name":"Port lateral mark 274","structure":"Not specified in export","colour":"red","light":null,"wind_farm":null,"source_file":"TZiBoatData_2026-10-8_1920(1).gpx","source_sha256":"ef4169669b8aefad9dd9a7ff2c0b8b0754777db5cf3371475af4053278236492","source":"User-supplied TimeZero GPX export; classification confirmed by Clifton Taylor","raw_position":"55.233327641, -6.890830624","confirmed_on":"2026-10-08","cross_reference_id":"confirmed-cf5555b2f33a826b4f89","nearby_record_count":2,"colour_basis":"Port lateral classification; physical colour not exported separately","description_status":"Port lateral type and latest TimeZero chart update provenance confirmed by Clifton Taylor; light rhythm and physical structure not supplied"}},{"type":"Feature","id":"confirmed-566492399d6ca9f29f0f","geometry":{"type":"Point","coordinates":[-6.10960253009149,53.5895408158586]},"properties":{"mark_type":"port","position_status":"Coordinates confirmed accurate by Clifton Taylor on 8 October 2026; not independently surveyed","classification_source":"User confirmation: all points in this export are port lateral markers","display_label_generated":true,"physical_structure":null,"body_colour":null,"light_characteristics":null,"gpx_display_colour_is_not_navigation_colour":true,"chart_update_status":"Latest TimeZero chart update, confirmed by Clifton Taylor on 8 October 2026","chart_edition":null,"chart_correction_date":null,"name":"Port lateral mark 275","structure":"Not specified in export","colour":"red","light":null,"wind_farm":null,"source_file":"TZiBoatData_2026-10-8_1920(1).gpx","source_sha256":"ef4169669b8aefad9dd9a7ff2c0b8b0754777db5cf3371475af4053278236492","source":"User-supplied TimeZero GPX export; classification confirmed by Clifton Taylor","raw_position":"53.589540816, -6.109602530","confirmed_on":"2026-10-08","cross_reference_id":"confirmed-566492399d6ca9f29f0f","nearby_record_count":2,"colour_basis":"Port lateral classification; physical colour not exported separately","description_status":"Port lateral type and latest TimeZero chart update provenance confirmed by Clifton Taylor; light rhythm and physical structure not supplied"}},{"type":"Feature","id":"confirmed-dd8a1b75896d701ee9d6","geometry":{"type":"Point","coordinates":[-6.24372034454234,53.7217279959996]},"properties":{"mark_type":"port","position_status":"Coordinates confirmed accurate by Clifton Taylor on 8 October 2026; not independently surveyed","classification_source":"User confirmation: all points in this export are port lateral markers","display_label_generated":true,"physical_structure":null,"body_colour":null,"light_characteristics":null,"gpx_display_colour_is_not_navigation_colour":true,"chart_update_status":"Latest TimeZero chart update, confirmed by Clifton Taylor on 8 October 2026","chart_edition":null,"chart_correction_date":null,"name":"Port lateral mark 276","structure":"Not specified in export","colour":"red","light":null,"wind_farm":null,"source_file":"TZiBoatData_2026-10-8_1920(1).gpx","source_sha256":"ef4169669b8aefad9dd9a7ff2c0b8b0754777db5cf3371475af4053278236492","source":"User-supplied TimeZero GPX export; classification confirmed by Clifton Taylor","raw_position":"53.721727996, -6.243720345","confirmed_on":"2026-10-08","cross_reference_id":"confirmed-dd8a1b75896d701ee9d6","nearby_record_count":0,"colour_basis":"Port lateral classification; physical colour not exported separately","description_status":"Port lateral type and latest TimeZero chart update provenance confirmed by Clifton Taylor; light rhythm and physical structure not supplied"}},{"type":"Feature","id":"confirmed-70d0cea6a4c510da5bc0","geometry":{"type":"Point","coordinates":[-6.24889515373746,53.7226755646803]},"properties":{"mark_type":"port","position_status":"Coordinates confirmed accurate by Clifton Taylor on 8 October 2026; not independently surveyed","classification_source":"User confirmation: all points in this export are port lateral markers","display_label_generated":true,"physical_structure":null,"body_colour":null,"light_characteristics":null,"gpx_display_colour_is_not_navigation_colour":true,"chart_update_status":"Latest TimeZero chart update, confirmed by Clifton Taylor on 8 October 2026","chart_edition":null,"chart_correction_date":null,"name":"Port lateral mark 277","structure":"Not specified in export","colour":"red","light":null,"wind_farm":null,"source_file":"TZiBoatData_2026-10-8_1920(1).gpx","source_sha256":"ef4169669b8aefad9dd9a7ff2c0b8b0754777db5cf3371475af4053278236492","source":"User-supplied TimeZero GPX export; classification confirmed by Clifton Taylor","raw_position":"53.722675565, -6.248895154","confirmed_on":"2026-10-08","cross_reference_id":"confirmed-70d0cea6a4c510da5bc0","nearby_record_count":0,"colour_basis":"Port lateral classification; physical colour not exported separately","description_status":"Port lateral type and latest TimeZero chart update provenance confirmed by Clifton Taylor; light rhythm and physical structure not supplied"}},{"type":"Feature","id":"confirmed-5ffe34f5c154c94e59e6","geometry":{"type":"Point","coordinates":[-6.25237893534182,53.7245203401351]},"properties":{"mark_type":"port","position_status":"Coordinates confirmed accurate by Clifton Taylor on 8 October 2026; not independently surveyed","classification_source":"User confirmation: all points in this export are port lateral markers","display_label_generated":true,"physical_structure":null,"body_colour":null,"light_characteristics":null,"gpx_display_colour_is_not_navigation_colour":true,"chart_update_status":"Latest TimeZero chart update, confirmed by Clifton Taylor on 8 October 2026","chart_edition":null,"chart_correction_date":null,"name":"Port lateral mark 278","structure":"Not specified in export","colour":"red","light":null,"wind_farm":null,"source_file":"TZiBoatData_2026-10-8_1920(1).gpx","source_sha256":"ef4169669b8aefad9dd9a7ff2c0b8b0754777db5cf3371475af4053278236492","source":"User-supplied TimeZero GPX export; classification confirmed by Clifton Taylor","raw_position":"53.724520340, -6.252378935","confirmed_on":"2026-10-08","cross_reference_id":"confirmed-5ffe34f5c154c94e59e6","nearby_record_count":0,"colour_basis":"Port lateral classification; physical colour not exported separately","description_status":"Port lateral type and latest TimeZero chart update provenance confirmed by Clifton Taylor; light rhythm and physical structure not supplied"}},{"type":"Feature","id":"confirmed-7f99ef98e1847510f8c6","geometry":{"type":"Point","coordinates":[-6.25450264860784,53.7265095396765]},"properties":{"mark_type":"port","position_status":"Coordinates confirmed accurate by Clifton Taylor on 8 October 2026; not independently surveyed","classification_source":"User confirmation: all points in this export are port lateral markers","display_label_generated":true,"physical_structure":null,"body_colour":null,"light_characteristics":null,"gpx_display_colour_is_not_navigation_colour":true,"chart_update_status":"Latest TimeZero chart update, confirmed by Clifton Taylor on 8 October 2026","chart_edition":null,"chart_correction_date":null,"name":"Port lateral mark 279","structure":"Not specified in export","colour":"red","light":null,"wind_farm":null,"source_file":"TZiBoatData_2026-10-8_1920(1).gpx","source_sha256":"ef4169669b8aefad9dd9a7ff2c0b8b0754777db5cf3371475af4053278236492","source":"User-supplied TimeZero GPX export; classification confirmed by Clifton Taylor","raw_position":"53.726509540, -6.254502649","confirmed_on":"2026-10-08","cross_reference_id":"confirmed-7f99ef98e1847510f8c6","nearby_record_count":0,"colour_basis":"Port lateral classification; physical colour not exported separately","description_status":"Port lateral type and latest TimeZero chart update provenance confirmed by Clifton Taylor; light rhythm and physical structure not supplied"}},{"type":"Feature","id":"confirmed-ed122cb00bc127cb5e34","geometry":{"type":"Point","coordinates":[-6.2569747400343,53.7294411020011]},"properties":{"mark_type":"port","position_status":"Coordinates confirmed accurate by Clifton Taylor on 8 October 2026; not independently surveyed","classification_source":"User confirmation: all points in this export are port lateral markers","display_label_generated":true,"physical_structure":null,"body_colour":null,"light_characteristics":null,"gpx_display_colour_is_not_navigation_colour":true,"chart_update_status":"Latest TimeZero chart update, confirmed by Clifton Taylor on 8 October 2026","chart_edition":null,"chart_correction_date":null,"name":"Port lateral mark 280","structure":"Not specified in export","colour":"red","light":null,"wind_farm":null,"source_file":"TZiBoatData_2026-10-8_1920(1).gpx","source_sha256":"ef4169669b8aefad9dd9a7ff2c0b8b0754777db5cf3371475af4053278236492","source":"User-supplied TimeZero GPX export; classification confirmed by Clifton Taylor","raw_position":"53.729441102, -6.256974740","confirmed_on":"2026-10-08","cross_reference_id":"confirmed-ed122cb00bc127cb5e34","nearby_record_count":0,"colour_basis":"Port lateral classification; physical colour not exported separately","description_status":"Port lateral type and latest TimeZero chart update provenance confirmed by Clifton Taylor; light rhythm and physical structure not supplied"}},{"type":"Feature","id":"confirmed-c3400a73d4602a15336c","geometry":{"type":"Point","coordinates":[-6.26686101547116,53.7316399488395]},"properties":{"mark_type":"port","position_status":"Coordinates confirmed accurate by Clifton Taylor on 8 October 2026; not independently surveyed","classification_source":"User confirmation: all points in this export are port lateral markers","display_label_generated":true,"physical_structure":null,"body_colour":null,"light_characteristics":null,"gpx_display_colour_is_not_navigation_colour":true,"chart_update_status":"Latest TimeZero chart update, confirmed by Clifton Taylor on 8 October 2026","chart_edition":null,"chart_correction_date":null,"name":"Port lateral mark 281","structure":"Not specified in export","colour":"red","light":null,"wind_farm":null,"source_file":"TZiBoatData_2026-10-8_1920(1).gpx","source_sha256":"ef4169669b8aefad9dd9a7ff2c0b8b0754777db5cf3371475af4053278236492","source":"User-supplied TimeZero GPX export; classification confirmed by Clifton Taylor","raw_position":"53.731639949, -6.266861015","confirmed_on":"2026-10-08","cross_reference_id":"confirmed-c3400a73d4602a15336c","nearby_record_count":0,"colour_basis":"Port lateral classification; physical colour not exported separately","description_status":"Port lateral type and latest TimeZero chart update provenance confirmed by Clifton Taylor; light rhythm and physical structure not supplied"}},{"type":"Feature","id":"confirmed-c4c28eaa71ba9fe9fc4d","geometry":{"type":"Point","coordinates":[-6.26905510112559,53.7315246795809]},"properties":{"mark_type":"port","position_status":"Coordinates confirmed accurate by Clifton Taylor on 8 October 2026; not independently surveyed","classification_source":"User confirmation: all points in this export are port lateral markers","display_label_generated":true,"physical_structure":null,"body_colour":null,"light_characteristics":null,"gpx_display_colour_is_not_navigation_colour":true,"chart_update_status":"Latest TimeZero chart update, confirmed by Clifton Taylor on 8 October 2026","chart_edition":null,"chart_correction_date":null,"name":"Port lateral mark 282","structure":"Not specified in export","colour":"red","light":null,"wind_farm":null,"source_file":"TZiBoatData_2026-10-8_1920(1).gpx","source_sha256":"ef4169669b8aefad9dd9a7ff2c0b8b0754777db5cf3371475af4053278236492","source":"User-supplied TimeZero GPX export; classification confirmed by Clifton Taylor","raw_position":"53.731524680, -6.269055101","confirmed_on":"2026-10-08","cross_reference_id":"confirmed-c4c28eaa71ba9fe9fc4d","nearby_record_count":0,"colour_basis":"Port lateral classification; physical colour not exported separately","description_status":"Port lateral type and latest TimeZero chart update provenance confirmed by Clifton Taylor; light rhythm and physical structure not supplied"}},{"type":"Feature","id":"confirmed-a727089ab0ef3fc11a7c","geometry":{"type":"Point","coordinates":[-6.27403830233246,53.7292060061276]},"properties":{"mark_type":"port","position_status":"Coordinates confirmed accurate by Clifton Taylor on 8 October 2026; not independently surveyed","classification_source":"User confirmation: all points in this export are port lateral markers","display_label_generated":true,"physical_structure":null,"body_colour":null,"light_characteristics":null,"gpx_display_colour_is_not_navigation_colour":true,"chart_update_status":"Latest TimeZero chart update, confirmed by Clifton Taylor on 8 October 2026","chart_edition":null,"chart_correction_date":null,"name":"Port lateral mark 283","structure":"Not specified in export","colour":"red","light":null,"wind_farm":null,"source_file":"TZiBoatData_2026-10-8_1920(1).gpx","source_sha256":"ef4169669b8aefad9dd9a7ff2c0b8b0754777db5cf3371475af4053278236492","source":"User-supplied TimeZero GPX export; classification confirmed by Clifton Taylor","raw_position":"53.729206006, -6.274038302","confirmed_on":"2026-10-08","cross_reference_id":"confirmed-a727089ab0ef3fc11a7c","nearby_record_count":0,"colour_basis":"Port lateral classification; physical colour not exported separately","description_status":"Port lateral type and latest TimeZero chart update provenance confirmed by Clifton Taylor; light rhythm and physical structure not supplied"}},{"type":"Feature","id":"confirmed-0c7bf8100075d7a5552a","geometry":{"type":"Point","coordinates":[-6.27910163051624,53.726975215234]},"properties":{"mark_type":"port","position_status":"Coordinates confirmed accurate by Clifton Taylor on 8 October 2026; not independently surveyed","classification_source":"User confirmation: all points in this export are port lateral markers","display_label_generated":true,"physical_structure":null,"body_colour":null,"light_characteristics":null,"gpx_display_colour_is_not_navigation_colour":true,"chart_update_status":"Latest TimeZero chart update, confirmed by Clifton Taylor on 8 October 2026","chart_edition":null,"chart_correction_date":null,"name":"Port lateral mark 284","structure":"Not specified in export","colour":"red","light":null,"wind_farm":null,"source_file":"TZiBoatData_2026-10-8_1920(1).gpx","source_sha256":"ef4169669b8aefad9dd9a7ff2c0b8b0754777db5cf3371475af4053278236492","source":"User-supplied TimeZero GPX export; classification confirmed by Clifton Taylor","raw_position":"53.726975215, -6.279101631","confirmed_on":"2026-10-08","cross_reference_id":"confirmed-0c7bf8100075d7a5552a","nearby_record_count":3,"colour_basis":"Port lateral classification; physical colour not exported separately","description_status":"Port lateral type and latest TimeZero chart update provenance confirmed by Clifton Taylor; light rhythm and physical structure not supplied"}},{"type":"Feature","id":"confirmed-15ce538a1cec38d2f39d","geometry":{"type":"Point","coordinates":[-6.28538587036045,53.7242505058274]},"properties":{"mark_type":"port","position_status":"Coordinates confirmed accurate by Clifton Taylor on 8 October 2026; not independently surveyed","classification_source":"User confirmation: all points in this export are port lateral markers","display_label_generated":true,"physical_structure":null,"body_colour":null,"light_characteristics":null,"gpx_display_colour_is_not_navigation_colour":true,"chart_update_status":"Latest TimeZero chart update, confirmed by Clifton Taylor on 8 October 2026","chart_edition":null,"chart_correction_date":null,"name":"Port lateral mark 285","structure":"Not specified in export","colour":"red","light":null,"wind_farm":null,"source_file":"TZiBoatData_2026-10-8_1920(1).gpx","source_sha256":"ef4169669b8aefad9dd9a7ff2c0b8b0754777db5cf3371475af4053278236492","source":"User-supplied TimeZero GPX export; classification confirmed by Clifton Taylor","raw_position":"53.724250506, -6.285385870","confirmed_on":"2026-10-08","cross_reference_id":"confirmed-15ce538a1cec38d2f39d","nearby_record_count":2,"colour_basis":"Port lateral classification; physical colour not exported separately","description_status":"Port lateral type and latest TimeZero chart update provenance confirmed by Clifton Taylor; light rhythm and physical structure not supplied"}},{"type":"Feature","id":"confirmed-705d3babec5ccc4f6db6","geometry":{"type":"Point","coordinates":[-6.30633384914748,53.9798780590267]},"properties":{"mark_type":"port","position_status":"Coordinates confirmed accurate by Clifton Taylor on 8 October 2026; not independently surveyed","classification_source":"User confirmation: all points in this export are port lateral markers","display_label_generated":true,"physical_structure":null,"body_colour":null,"light_characteristics":null,"gpx_display_colour_is_not_navigation_colour":true,"chart_update_status":"Latest TimeZero chart update, confirmed by Clifton Taylor on 8 October 2026","chart_edition":null,"chart_correction_date":null,"name":"Port lateral mark 286","structure":"Not specified in export","colour":"red","light":null,"wind_farm":null,"source_file":"TZiBoatData_2026-10-8_1920(1).gpx","source_sha256":"ef4169669b8aefad9dd9a7ff2c0b8b0754777db5cf3371475af4053278236492","source":"User-supplied TimeZero GPX export; classification confirmed by Clifton Taylor","raw_position":"53.979878059, -6.306333849","confirmed_on":"2026-10-08","cross_reference_id":"confirmed-705d3babec5ccc4f6db6","nearby_record_count":1,"colour_basis":"Port lateral classification; physical colour not exported separately","description_status":"Port lateral type and latest TimeZero chart update provenance confirmed by Clifton Taylor; light rhythm and physical structure not supplied"}},{"type":"Feature","id":"confirmed-e51764463b9ba608d30c","geometry":{"type":"Point","coordinates":[-6.31113310668565,53.984094164581]},"properties":{"mark_type":"port","position_status":"Coordinates confirmed accurate by Clifton Taylor on 8 October 2026; not independently surveyed","classification_source":"User confirmation: all points in this export are port lateral markers","display_label_generated":true,"physical_structure":null,"body_colour":null,"light_characteristics":null,"gpx_display_colour_is_not_navigation_colour":true,"chart_update_status":"Latest TimeZero chart update, confirmed by Clifton Taylor on 8 October 2026","chart_edition":null,"chart_correction_date":null,"name":"Port lateral mark 287","structure":"Not specified in export","colour":"red","light":null,"wind_farm":null,"source_file":"TZiBoatData_2026-10-8_1920(1).gpx","source_sha256":"ef4169669b8aefad9dd9a7ff2c0b8b0754777db5cf3371475af4053278236492","source":"User-supplied TimeZero GPX export; classification confirmed by Clifton Taylor","raw_position":"53.984094165, -6.311133107","confirmed_on":"2026-10-08","cross_reference_id":"confirmed-e51764463b9ba608d30c","nearby_record_count":1,"colour_basis":"Port lateral classification; physical colour not exported separately","description_status":"Port lateral type and latest TimeZero chart update provenance confirmed by Clifton Taylor; light rhythm and physical structure not supplied"}},{"type":"Feature","id":"confirmed-4110fe5b9bf6f3894d7d","geometry":{"type":"Point","coordinates":[-6.31582924428833,53.9886164531559]},"properties":{"mark_type":"port","position_status":"Coordinates confirmed accurate by Clifton Taylor on 8 October 2026; not independently surveyed","classification_source":"User confirmation: all points in this export are port lateral markers","display_label_generated":true,"physical_structure":null,"body_colour":null,"light_characteristics":null,"gpx_display_colour_is_not_navigation_colour":true,"chart_update_status":"Latest TimeZero chart update, confirmed by Clifton Taylor on 8 October 2026","chart_edition":null,"chart_correction_date":null,"name":"Port lateral mark 288","structure":"Not specified in export","colour":"red","light":null,"wind_farm":null,"source_file":"TZiBoatData_2026-10-8_1920(1).gpx","source_sha256":"ef4169669b8aefad9dd9a7ff2c0b8b0754777db5cf3371475af4053278236492","source":"User-supplied TimeZero GPX export; classification confirmed by Clifton Taylor","raw_position":"53.988616453, -6.315829244","confirmed_on":"2026-10-08","cross_reference_id":"confirmed-4110fe5b9bf6f3894d7d","nearby_record_count":1,"colour_basis":"Port lateral classification; physical colour not exported separately","description_status":"Port lateral type and latest TimeZero chart update provenance confirmed by Clifton Taylor; light rhythm and physical structure not supplied"}},{"type":"Feature","id":"confirmed-00e81af82bdb12af9d60","geometry":{"type":"Point","coordinates":[-6.31901690445632,53.9925113114423]},"properties":{"mark_type":"port","position_status":"Coordinates confirmed accurate by Clifton Taylor on 8 October 2026; not independently surveyed","classification_source":"User confirmation: all points in this export are port lateral markers","display_label_generated":true,"physical_structure":null,"body_colour":null,"light_characteristics":null,"gpx_display_colour_is_not_navigation_colour":true,"chart_update_status":"Latest TimeZero chart update, confirmed by Clifton Taylor on 8 October 2026","chart_edition":null,"chart_correction_date":null,"name":"Port lateral mark 289","structure":"Not specified in export","colour":"red","light":null,"wind_farm":null,"source_file":"TZiBoatData_2026-10-8_1920(1).gpx","source_sha256":"ef4169669b8aefad9dd9a7ff2c0b8b0754777db5cf3371475af4053278236492","source":"User-supplied TimeZero GPX export; classification confirmed by Clifton Taylor","raw_position":"53.992511311, -6.319016904","confirmed_on":"2026-10-08","cross_reference_id":"confirmed-00e81af82bdb12af9d60","nearby_record_count":1,"colour_basis":"Port lateral classification; physical colour not exported separately","description_status":"Port lateral type and latest TimeZero chart update provenance confirmed by Clifton Taylor; light rhythm and physical structure not supplied"}},{"type":"Feature","id":"confirmed-b664f3a25359fdd0f221","geometry":{"type":"Point","coordinates":[-6.32431364600759,54.0000343398178]},"properties":{"mark_type":"port","position_status":"Coordinates confirmed accurate by Clifton Taylor on 8 October 2026; not independently surveyed","classification_source":"User confirmation: all points in this export are port lateral markers","display_label_generated":true,"physical_structure":null,"body_colour":null,"light_characteristics":null,"gpx_display_colour_is_not_navigation_colour":true,"chart_update_status":"Latest TimeZero chart update, confirmed by Clifton Taylor on 8 October 2026","chart_edition":null,"chart_correction_date":null,"name":"Port lateral mark 290","structure":"Not specified in export","colour":"red","light":null,"wind_farm":null,"source_file":"TZiBoatData_2026-10-8_1920(1).gpx","source_sha256":"ef4169669b8aefad9dd9a7ff2c0b8b0754777db5cf3371475af4053278236492","source":"User-supplied TimeZero GPX export; classification confirmed by Clifton Taylor","raw_position":"54.000034340, -6.324313646","confirmed_on":"2026-10-08","cross_reference_id":"confirmed-b664f3a25359fdd0f221","nearby_record_count":1,"colour_basis":"Port lateral classification; physical colour not exported separately","description_status":"Port lateral type and latest TimeZero chart update provenance confirmed by Clifton Taylor; light rhythm and physical structure not supplied"}},{"type":"Feature","id":"confirmed-3989a39736125f0aa254","geometry":{"type":"Point","coordinates":[-6.33097761804667,54.0055370883953]},"properties":{"mark_type":"port","position_status":"Coordinates confirmed accurate by Clifton Taylor on 8 October 2026; not independently surveyed","classification_source":"User confirmation: all points in this export are port lateral markers","display_label_generated":true,"physical_structure":null,"body_colour":null,"light_characteristics":null,"gpx_display_colour_is_not_navigation_colour":true,"chart_update_status":"Latest TimeZero chart update, confirmed by Clifton Taylor on 8 October 2026","chart_edition":null,"chart_correction_date":null,"name":"Port lateral mark 291","structure":"Not specified in export","colour":"red","light":null,"wind_farm":null,"source_file":"TZiBoatData_2026-10-8_1920(1).gpx","source_sha256":"ef4169669b8aefad9dd9a7ff2c0b8b0754777db5cf3371475af4053278236492","source":"User-supplied TimeZero GPX export; classification confirmed by Clifton Taylor","raw_position":"54.005537088, -6.330977618","confirmed_on":"2026-10-08","cross_reference_id":"confirmed-3989a39736125f0aa254","nearby_record_count":1,"colour_basis":"Port lateral classification; physical colour not exported separately","description_status":"Port lateral type and latest TimeZero chart update provenance confirmed by Clifton Taylor; light rhythm and physical structure not supplied"}},{"type":"Feature","id":"confirmed-6b1f0ef6e57b7ee0f0b1","geometry":{"type":"Point","coordinates":[-6.33499093445489,54.0066813844088]},"properties":{"mark_type":"port","position_status":"Coordinates confirmed accurate by Clifton Taylor on 8 October 2026; not independently surveyed","classification_source":"User confirmation: all points in this export are port lateral markers","display_label_generated":true,"physical_structure":null,"body_colour":null,"light_characteristics":null,"gpx_display_colour_is_not_navigation_colour":true,"chart_update_status":"Latest TimeZero chart update, confirmed by Clifton Taylor on 8 October 2026","chart_edition":null,"chart_correction_date":null,"name":"Port lateral mark 292","structure":"Not specified in export","colour":"red","light":null,"wind_farm":null,"source_file":"TZiBoatData_2026-10-8_1920(1).gpx","source_sha256":"ef4169669b8aefad9dd9a7ff2c0b8b0754777db5cf3371475af4053278236492","source":"User-supplied TimeZero GPX export; classification confirmed by Clifton Taylor","raw_position":"54.006681384, -6.334990934","confirmed_on":"2026-10-08","cross_reference_id":"confirmed-6b1f0ef6e57b7ee0f0b1","nearby_record_count":1,"colour_basis":"Port lateral classification; physical colour not exported separately","description_status":"Port lateral type and latest TimeZero chart update provenance confirmed by Clifton Taylor; light rhythm and physical structure not supplied"}},{"type":"Feature","id":"confirmed-c28312f554c53a16c104","geometry":{"type":"Point","coordinates":[-6.34688874539011,54.0082500200456]},"properties":{"mark_type":"port","position_status":"Coordinates confirmed accurate by Clifton Taylor on 8 October 2026; not independently surveyed","classification_source":"User confirmation: all points in this export are port lateral markers","display_label_generated":true,"physical_structure":null,"body_colour":null,"light_characteristics":null,"gpx_display_colour_is_not_navigation_colour":true,"chart_update_status":"Latest TimeZero chart update, confirmed by Clifton Taylor on 8 October 2026","chart_edition":null,"chart_correction_date":null,"name":"Port lateral mark 293","structure":"Not specified in export","colour":"red","light":null,"wind_farm":null,"source_file":"TZiBoatData_2026-10-8_1920(1).gpx","source_sha256":"ef4169669b8aefad9dd9a7ff2c0b8b0754777db5cf3371475af4053278236492","source":"User-supplied TimeZero GPX export; classification confirmed by Clifton Taylor","raw_position":"54.008250020, -6.346888745","confirmed_on":"2026-10-08","cross_reference_id":"confirmed-c28312f554c53a16c104","nearby_record_count":1,"colour_basis":"Port lateral classification; physical colour not exported separately","description_status":"Port lateral type and latest TimeZero chart update provenance confirmed by Clifton Taylor; light rhythm and physical structure not supplied"}},{"type":"Feature","id":"confirmed-d2b063f931a1dc569f3e","geometry":{"type":"Point","coordinates":[-6.35299999508048,54.0084999619957]},"properties":{"mark_type":"port","position_status":"Coordinates confirmed accurate by Clifton Taylor on 8 October 2026; not independently surveyed","classification_source":"User confirmation: all points in this export are port lateral markers","display_label_generated":true,"physical_structure":null,"body_colour":null,"light_characteristics":null,"gpx_display_colour_is_not_navigation_colour":true,"chart_update_status":"Latest TimeZero chart update, confirmed by Clifton Taylor on 8 October 2026","chart_edition":null,"chart_correction_date":null,"name":"Port lateral mark 294","structure":"Not specified in export","colour":"red","light":null,"wind_farm":null,"source_file":"TZiBoatData_2026-10-8_1920(1).gpx","source_sha256":"ef4169669b8aefad9dd9a7ff2c0b8b0754777db5cf3371475af4053278236492","source":"User-supplied TimeZero GPX export; classification confirmed by Clifton Taylor","raw_position":"54.008499962, -6.352999995","confirmed_on":"2026-10-08","cross_reference_id":"confirmed-d2b063f931a1dc569f3e","nearby_record_count":2,"colour_basis":"Port lateral classification; physical colour not exported separately","description_status":"Port lateral type and latest TimeZero chart update provenance confirmed by Clifton Taylor; light rhythm and physical structure not supplied"}},{"type":"Feature","id":"confirmed-f84f96d6ce28493c0553","geometry":{"type":"Point","coordinates":[-6.35487635985259,54.0080973454031]},"properties":{"mark_type":"port","position_status":"Coordinates confirmed accurate by Clifton Taylor on 8 October 2026; not independently surveyed","classification_source":"User confirmation: all points in this export are port lateral markers","display_label_generated":true,"physical_structure":null,"body_colour":null,"light_characteristics":null,"gpx_display_colour_is_not_navigation_colour":true,"chart_update_status":"Latest TimeZero chart update, confirmed by Clifton Taylor on 8 October 2026","chart_edition":null,"chart_correction_date":null,"name":"Port lateral mark 295","structure":"Not specified in export","colour":"red","light":null,"wind_farm":null,"source_file":"TZiBoatData_2026-10-8_1920(1).gpx","source_sha256":"ef4169669b8aefad9dd9a7ff2c0b8b0754777db5cf3371475af4053278236492","source":"User-supplied TimeZero GPX export; classification confirmed by Clifton Taylor","raw_position":"54.008097345, -6.354876360","confirmed_on":"2026-10-08","cross_reference_id":"confirmed-f84f96d6ce28493c0553","nearby_record_count":1,"colour_basis":"Port lateral classification; physical colour not exported separately","description_status":"Port lateral type and latest TimeZero chart update provenance confirmed by Clifton Taylor; light rhythm and physical structure not supplied"}},{"type":"Feature","id":"confirmed-4d68369c7378b22bd009","geometry":{"type":"Point","coordinates":[-6.35902624049971,54.0072354618664]},"properties":{"mark_type":"port","position_status":"Coordinates confirmed accurate by Clifton Taylor on 8 October 2026; not independently surveyed","classification_source":"User confirmation: all points in this export are port lateral markers","display_label_generated":true,"physical_structure":null,"body_colour":null,"light_characteristics":null,"gpx_display_colour_is_not_navigation_colour":true,"chart_update_status":"Latest TimeZero chart update, confirmed by Clifton Taylor on 8 October 2026","chart_edition":null,"chart_correction_date":null,"name":"Port lateral mark 296","structure":"Not specified in export","colour":"red","light":null,"wind_farm":null,"source_file":"TZiBoatData_2026-10-8_1920(1).gpx","source_sha256":"ef4169669b8aefad9dd9a7ff2c0b8b0754777db5cf3371475af4053278236492","source":"User-supplied TimeZero GPX export; classification confirmed by Clifton Taylor","raw_position":"54.007235462, -6.359026240","confirmed_on":"2026-10-08","cross_reference_id":"confirmed-4d68369c7378b22bd009","nearby_record_count":0,"colour_basis":"Port lateral classification; physical colour not exported separately","description_status":"Port lateral type and latest TimeZero chart update provenance confirmed by Clifton Taylor; light rhythm and physical structure not supplied"}},{"type":"Feature","id":"confirmed-4518daad1c9e4b4daa9e","geometry":{"type":"Point","coordinates":[-6.36444561116345,54.0070306592843]},"properties":{"mark_type":"port","position_status":"Coordinates confirmed accurate by Clifton Taylor on 8 October 2026; not independently surveyed","classification_source":"User confirmation: all points in this export are port lateral markers","display_label_generated":true,"physical_structure":null,"body_colour":null,"light_characteristics":null,"gpx_display_colour_is_not_navigation_colour":true,"chart_update_status":"Latest TimeZero chart update, confirmed by Clifton Taylor on 8 October 2026","chart_edition":null,"chart_correction_date":null,"name":"Port lateral mark 297","structure":"Not specified in export","colour":"red","light":null,"wind_farm":null,"source_file":"TZiBoatData_2026-10-8_1920(1).gpx","source_sha256":"ef4169669b8aefad9dd9a7ff2c0b8b0754777db5cf3371475af4053278236492","source":"User-supplied TimeZero GPX export; classification confirmed by Clifton Taylor","raw_position":"54.007030659, -6.364445611","confirmed_on":"2026-10-08","cross_reference_id":"confirmed-4518daad1c9e4b4daa9e","nearby_record_count":0,"colour_basis":"Port lateral classification; physical colour not exported separately","description_status":"Port lateral type and latest TimeZero chart update provenance confirmed by Clifton Taylor; light rhythm and physical structure not supplied"}},{"type":"Feature","id":"confirmed-30b29f44a5f2b5cc1028","geometry":{"type":"Point","coordinates":[-6.37499539320404,54.0079204555302]},"properties":{"mark_type":"port","position_status":"Coordinates confirmed accurate by Clifton Taylor on 8 October 2026; not independently surveyed","classification_source":"User confirmation: all points in this export are port lateral markers","display_label_generated":true,"physical_structure":null,"body_colour":null,"light_characteristics":null,"gpx_display_colour_is_not_navigation_colour":true,"chart_update_status":"Latest TimeZero chart update, confirmed by Clifton Taylor on 8 October 2026","chart_edition":null,"chart_correction_date":null,"name":"Port lateral mark 298","structure":"Not specified in export","colour":"red","light":null,"wind_farm":null,"source_file":"TZiBoatData_2026-10-8_1920(1).gpx","source_sha256":"ef4169669b8aefad9dd9a7ff2c0b8b0754777db5cf3371475af4053278236492","source":"User-supplied TimeZero GPX export; classification confirmed by Clifton Taylor","raw_position":"54.007920456, -6.374995393","confirmed_on":"2026-10-08","cross_reference_id":"confirmed-30b29f44a5f2b5cc1028","nearby_record_count":0,"colour_basis":"Port lateral classification; physical colour not exported separately","description_status":"Port lateral type and latest TimeZero chart update provenance confirmed by Clifton Taylor; light rhythm and physical structure not supplied"}},{"type":"Feature","id":"confirmed-631796ecfca05c0fd2e9","geometry":{"type":"Point","coordinates":[-6.37924003271079,54.0085237659123]},"properties":{"mark_type":"port","position_status":"Coordinates confirmed accurate by Clifton Taylor on 8 October 2026; not independently surveyed","classification_source":"User confirmation: all points in this export are port lateral markers","display_label_generated":true,"physical_structure":null,"body_colour":null,"light_characteristics":null,"gpx_display_colour_is_not_navigation_colour":true,"chart_update_status":"Latest TimeZero chart update, confirmed by Clifton Taylor on 8 October 2026","chart_edition":null,"chart_correction_date":null,"name":"Port lateral mark 299","structure":"Not specified in export","colour":"red","light":null,"wind_farm":null,"source_file":"TZiBoatData_2026-10-8_1920(1).gpx","source_sha256":"ef4169669b8aefad9dd9a7ff2c0b8b0754777db5cf3371475af4053278236492","source":"User-supplied TimeZero GPX export; classification confirmed by Clifton Taylor","raw_position":"54.008523766, -6.379240033","confirmed_on":"2026-10-08","cross_reference_id":"confirmed-631796ecfca05c0fd2e9","nearby_record_count":2,"colour_basis":"Port lateral classification; physical colour not exported separately","description_status":"Port lateral type and latest TimeZero chart update provenance confirmed by Clifton Taylor; light rhythm and physical structure not supplied"}},{"type":"Feature","id":"confirmed-2600b3a0edbb1c8edc70","geometry":{"type":"Point","coordinates":[-6.05686674526111,54.0123167367545]},"properties":{"mark_type":"port","position_status":"Coordinates confirmed accurate by Clifton Taylor on 8 October 2026; not independently surveyed","classification_source":"User confirmation: all points in this export are port lateral markers","display_label_generated":true,"physical_structure":null,"body_colour":null,"light_characteristics":null,"gpx_display_colour_is_not_navigation_colour":true,"chart_update_status":"Latest TimeZero chart update, confirmed by Clifton Taylor on 8 October 2026","chart_edition":null,"chart_correction_date":null,"name":"Port lateral mark 300","structure":"Not specified in export","colour":"red","light":null,"wind_farm":null,"source_file":"TZiBoatData_2026-10-8_1920(1).gpx","source_sha256":"ef4169669b8aefad9dd9a7ff2c0b8b0754777db5cf3371475af4053278236492","source":"User-supplied TimeZero GPX export; classification confirmed by Clifton Taylor","raw_position":"54.012316737, -6.056866745","confirmed_on":"2026-10-08","cross_reference_id":"confirmed-2600b3a0edbb1c8edc70","nearby_record_count":2,"colour_basis":"Port lateral classification; physical colour not exported separately","description_status":"Port lateral type and latest TimeZero chart update provenance confirmed by Clifton Taylor; light rhythm and physical structure not supplied"}},{"type":"Feature","id":"confirmed-7ca3e621ce39a06368a0","geometry":{"type":"Point","coordinates":[-6.06775027357939,54.0180665072693]},"properties":{"mark_type":"port","position_status":"Coordinates confirmed accurate by Clifton Taylor on 8 October 2026; not independently surveyed","classification_source":"User confirmation: all points in this export are port lateral markers","display_label_generated":true,"physical_structure":null,"body_colour":null,"light_characteristics":null,"gpx_display_colour_is_not_navigation_colour":true,"chart_update_status":"Latest TimeZero chart update, confirmed by Clifton Taylor on 8 October 2026","chart_edition":null,"chart_correction_date":null,"name":"Port lateral mark 301","structure":"Not specified in export","colour":"red","light":null,"wind_farm":null,"source_file":"TZiBoatData_2026-10-8_1920(1).gpx","source_sha256":"ef4169669b8aefad9dd9a7ff2c0b8b0754777db5cf3371475af4053278236492","source":"User-supplied TimeZero GPX export; classification confirmed by Clifton Taylor","raw_position":"54.018066507, -6.067750274","confirmed_on":"2026-10-08","cross_reference_id":"confirmed-7ca3e621ce39a06368a0","nearby_record_count":3,"colour_basis":"Port lateral classification; physical colour not exported separately","description_status":"Port lateral type and latest TimeZero chart update provenance confirmed by Clifton Taylor; light rhythm and physical structure not supplied"}},{"type":"Feature","id":"confirmed-8044b3a24938148bc28d","geometry":{"type":"Point","coordinates":[-6.07313341291445,54.0203999181797]},"properties":{"mark_type":"port","position_status":"Coordinates confirmed accurate by Clifton Taylor on 8 October 2026; not independently surveyed","classification_source":"User confirmation: all points in this export are port lateral markers","display_label_generated":true,"physical_structure":null,"body_colour":null,"light_characteristics":null,"gpx_display_colour_is_not_navigation_colour":true,"chart_update_status":"Latest TimeZero chart update, confirmed by Clifton Taylor on 8 October 2026","chart_edition":null,"chart_correction_date":null,"name":"Port lateral mark 302","structure":"Not specified in export","colour":"red","light":null,"wind_farm":null,"source_file":"TZiBoatData_2026-10-8_1920(1).gpx","source_sha256":"ef4169669b8aefad9dd9a7ff2c0b8b0754777db5cf3371475af4053278236492","source":"User-supplied TimeZero GPX export; classification confirmed by Clifton Taylor","raw_position":"54.020399918, -6.073133413","confirmed_on":"2026-10-08","cross_reference_id":"confirmed-8044b3a24938148bc28d","nearby_record_count":3,"colour_basis":"Port lateral classification; physical colour not exported separately","description_status":"Port lateral type and latest TimeZero chart update provenance confirmed by Clifton Taylor; light rhythm and physical structure not supplied"}},{"type":"Feature","id":"confirmed-b5845b09fec10eca16fb","geometry":{"type":"Point","coordinates":[-6.08283435116996,54.0233264458438]},"properties":{"mark_type":"port","position_status":"Coordinates confirmed accurate by Clifton Taylor on 8 October 2026; not independently surveyed","classification_source":"User confirmation: all points in this export are port lateral markers","display_label_generated":true,"physical_structure":null,"body_colour":null,"light_characteristics":null,"gpx_display_colour_is_not_navigation_colour":true,"chart_update_status":"Latest TimeZero chart update, confirmed by Clifton Taylor on 8 October 2026","chart_edition":null,"chart_correction_date":null,"name":"Port lateral mark 303","structure":"Not specified in export","colour":"red","light":null,"wind_farm":null,"source_file":"TZiBoatData_2026-10-8_1920(1).gpx","source_sha256":"ef4169669b8aefad9dd9a7ff2c0b8b0754777db5cf3371475af4053278236492","source":"User-supplied TimeZero GPX export; classification confirmed by Clifton Taylor","raw_position":"54.023326446, -6.082834351","confirmed_on":"2026-10-08","cross_reference_id":"confirmed-b5845b09fec10eca16fb","nearby_record_count":3,"colour_basis":"Port lateral classification; physical colour not exported separately","description_status":"Port lateral type and latest TimeZero chart update provenance confirmed by Clifton Taylor; light rhythm and physical structure not supplied"}},{"type":"Feature","id":"confirmed-c7ac2cb90396defdefbe","geometry":{"type":"Point","coordinates":[-6.12331051394833,54.0323262835442]},"properties":{"mark_type":"port","position_status":"Coordinates confirmed accurate by Clifton Taylor on 8 October 2026; not independently surveyed","classification_source":"User confirmation: all points in this export are port lateral markers","display_label_generated":true,"physical_structure":null,"body_colour":null,"light_characteristics":null,"gpx_display_colour_is_not_navigation_colour":true,"chart_update_status":"Latest TimeZero chart update, confirmed by Clifton Taylor on 8 October 2026","chart_edition":null,"chart_correction_date":null,"name":"Port lateral mark 304","structure":"Not specified in export","colour":"red","light":null,"wind_farm":null,"source_file":"TZiBoatData_2026-10-8_1920(1).gpx","source_sha256":"ef4169669b8aefad9dd9a7ff2c0b8b0754777db5cf3371475af4053278236492","source":"User-supplied TimeZero GPX export; classification confirmed by Clifton Taylor","raw_position":"54.032326284, -6.123310514","confirmed_on":"2026-10-08","cross_reference_id":"confirmed-c7ac2cb90396defdefbe","nearby_record_count":3,"colour_basis":"Port lateral classification; physical colour not exported separately","description_status":"Port lateral type and latest TimeZero chart update provenance confirmed by Clifton Taylor; light rhythm and physical structure not supplied"}},{"type":"Feature","id":"confirmed-2b69384c4056746343fe","geometry":{"type":"Point","coordinates":[-6.12698311651565,54.0341626024026]},"properties":{"mark_type":"port","position_status":"Coordinates confirmed accurate by Clifton Taylor on 8 October 2026; not independently surveyed","classification_source":"User confirmation: all points in this export are port lateral markers","display_label_generated":true,"physical_structure":null,"body_colour":null,"light_characteristics":null,"gpx_display_colour_is_not_navigation_colour":true,"chart_update_status":"Latest TimeZero chart update, confirmed by Clifton Taylor on 8 October 2026","chart_edition":null,"chart_correction_date":null,"name":"Port lateral mark 305","structure":"Not specified in export","colour":"red","light":null,"wind_farm":null,"source_file":"TZiBoatData_2026-10-8_1920(1).gpx","source_sha256":"ef4169669b8aefad9dd9a7ff2c0b8b0754777db5cf3371475af4053278236492","source":"User-supplied TimeZero GPX export; classification confirmed by Clifton Taylor","raw_position":"54.034162602, -6.126983117","confirmed_on":"2026-10-08","cross_reference_id":"confirmed-2b69384c4056746343fe","nearby_record_count":3,"colour_basis":"Port lateral classification; physical colour not exported separately","description_status":"Port lateral type and latest TimeZero chart update provenance confirmed by Clifton Taylor; light rhythm and physical structure not supplied"}},{"type":"Feature","id":"confirmed-16e940b22f7a29f301c8","geometry":{"type":"Point","coordinates":[-6.13915196565969,54.0436559691309]},"properties":{"mark_type":"port","position_status":"Coordinates confirmed accurate by Clifton Taylor on 8 October 2026; not independently surveyed","classification_source":"User confirmation: all points in this export are port lateral markers","display_label_generated":true,"physical_structure":null,"body_colour":null,"light_characteristics":null,"gpx_display_colour_is_not_navigation_colour":true,"chart_update_status":"Latest TimeZero chart update, confirmed by Clifton Taylor on 8 October 2026","chart_edition":null,"chart_correction_date":null,"name":"Port lateral mark 306","structure":"Not specified in export","colour":"red","light":null,"wind_farm":null,"source_file":"TZiBoatData_2026-10-8_1920(1).gpx","source_sha256":"ef4169669b8aefad9dd9a7ff2c0b8b0754777db5cf3371475af4053278236492","source":"User-supplied TimeZero GPX export; classification confirmed by Clifton Taylor","raw_position":"54.043655969, -6.139151966","confirmed_on":"2026-10-08","cross_reference_id":"confirmed-16e940b22f7a29f301c8","nearby_record_count":2,"colour_basis":"Port lateral classification; physical colour not exported separately","description_status":"Port lateral type and latest TimeZero chart update provenance confirmed by Clifton Taylor; light rhythm and physical structure not supplied"}},{"type":"Feature","id":"confirmed-7e93eedb4ce9a4d211cb","geometry":{"type":"Point","coordinates":[-6.14549105466699,54.0476625111573]},"properties":{"mark_type":"port","position_status":"Coordinates confirmed accurate by Clifton Taylor on 8 October 2026; not independently surveyed","classification_source":"User confirmation: all points in this export are port lateral markers","display_label_generated":true,"physical_structure":null,"body_colour":null,"light_characteristics":null,"gpx_display_colour_is_not_navigation_colour":true,"chart_update_status":"Latest TimeZero chart update, confirmed by Clifton Taylor on 8 October 2026","chart_edition":null,"chart_correction_date":null,"name":"Port lateral mark 307","structure":"Not specified in export","colour":"red","light":null,"wind_farm":null,"source_file":"TZiBoatData_2026-10-8_1920(1).gpx","source_sha256":"ef4169669b8aefad9dd9a7ff2c0b8b0754777db5cf3371475af4053278236492","source":"User-supplied TimeZero GPX export; classification confirmed by Clifton Taylor","raw_position":"54.047662511, -6.145491055","confirmed_on":"2026-10-08","cross_reference_id":"confirmed-7e93eedb4ce9a4d211cb","nearby_record_count":2,"colour_basis":"Port lateral classification; physical colour not exported separately","description_status":"Port lateral type and latest TimeZero chart update provenance confirmed by Clifton Taylor; light rhythm and physical structure not supplied"}},{"type":"Feature","id":"confirmed-d9bd1c41ce49868b82a9","geometry":{"type":"Point","coordinates":[-6.18682353096371,54.0609090965331]},"properties":{"mark_type":"port","position_status":"Coordinates confirmed accurate by Clifton Taylor on 8 October 2026; not independently surveyed","classification_source":"User confirmation: all points in this export are port lateral markers","display_label_generated":true,"physical_structure":null,"body_colour":null,"light_characteristics":null,"gpx_display_colour_is_not_navigation_colour":true,"chart_update_status":"Latest TimeZero chart update, confirmed by Clifton Taylor on 8 October 2026","chart_edition":null,"chart_correction_date":null,"name":"Port lateral mark 308","structure":"Not specified in export","colour":"red","light":null,"wind_farm":null,"source_file":"TZiBoatData_2026-10-8_1920(1).gpx","source_sha256":"ef4169669b8aefad9dd9a7ff2c0b8b0754777db5cf3371475af4053278236492","source":"User-supplied TimeZero GPX export; classification confirmed by Clifton Taylor","raw_position":"54.060909097, -6.186823531","confirmed_on":"2026-10-08","cross_reference_id":"confirmed-d9bd1c41ce49868b82a9","nearby_record_count":2,"colour_basis":"Port lateral classification; physical colour not exported separately","description_status":"Port lateral type and latest TimeZero chart update provenance confirmed by Clifton Taylor; light rhythm and physical structure not supplied"}},{"type":"Feature","id":"confirmed-29685a6118e0c092c5f1","geometry":{"type":"Point","coordinates":[-6.22081498266373,54.0786554089742]},"properties":{"mark_type":"port","position_status":"Coordinates confirmed accurate by Clifton Taylor on 8 October 2026; not independently surveyed","classification_source":"User confirmation: all points in this export are port lateral markers","display_label_generated":true,"physical_structure":null,"body_colour":null,"light_characteristics":null,"gpx_display_colour_is_not_navigation_colour":true,"chart_update_status":"Latest TimeZero chart update, confirmed by Clifton Taylor on 8 October 2026","chart_edition":null,"chart_correction_date":null,"name":"Port lateral mark 309","structure":"Not specified in export","colour":"red","light":null,"wind_farm":null,"source_file":"TZiBoatData_2026-10-8_1920(1).gpx","source_sha256":"ef4169669b8aefad9dd9a7ff2c0b8b0754777db5cf3371475af4053278236492","source":"User-supplied TimeZero GPX export; classification confirmed by Clifton Taylor","raw_position":"54.078655409, -6.220814983","confirmed_on":"2026-10-08","cross_reference_id":"confirmed-29685a6118e0c092c5f1","nearby_record_count":2,"colour_basis":"Port lateral classification; physical colour not exported separately","description_status":"Port lateral type and latest TimeZero chart update provenance confirmed by Clifton Taylor; light rhythm and physical structure not supplied"}},{"type":"Feature","id":"confirmed-73b16c8dbf1f7b7aebe2","geometry":{"type":"Point","coordinates":[-6.24413421779694,54.0901604154929]},"properties":{"mark_type":"port","position_status":"Coordinates confirmed accurate by Clifton Taylor on 8 October 2026; not independently surveyed","classification_source":"User confirmation: all points in this export are port lateral markers","display_label_generated":true,"physical_structure":null,"body_colour":null,"light_characteristics":null,"gpx_display_colour_is_not_navigation_colour":true,"chart_update_status":"Latest TimeZero chart update, confirmed by Clifton Taylor on 8 October 2026","chart_edition":null,"chart_correction_date":null,"name":"Port lateral mark 310","structure":"Not specified in export","colour":"red","light":null,"wind_farm":null,"source_file":"TZiBoatData_2026-10-8_1920(1).gpx","source_sha256":"ef4169669b8aefad9dd9a7ff2c0b8b0754777db5cf3371475af4053278236492","source":"User-supplied TimeZero GPX export; classification confirmed by Clifton Taylor","raw_position":"54.090160415, -6.244134218","confirmed_on":"2026-10-08","cross_reference_id":"confirmed-73b16c8dbf1f7b7aebe2","nearby_record_count":2,"colour_basis":"Port lateral classification; physical colour not exported separately","description_status":"Port lateral type and latest TimeZero chart update provenance confirmed by Clifton Taylor; light rhythm and physical structure not supplied"}},{"type":"Feature","id":"confirmed-1f45f8ec393231fd08be","geometry":{"type":"Point","coordinates":[-5.55374383307354,54.4812823189232]},"properties":{"mark_type":"port","position_status":"Coordinates confirmed accurate by Clifton Taylor on 8 October 2026; not independently surveyed","classification_source":"User confirmation: all points in this export are port lateral markers","display_label_generated":true,"physical_structure":null,"body_colour":null,"light_characteristics":null,"gpx_display_colour_is_not_navigation_colour":true,"chart_update_status":"Latest TimeZero chart update, confirmed by Clifton Taylor on 8 October 2026","chart_edition":null,"chart_correction_date":null,"name":"Port lateral mark 311","structure":"Not specified in export","colour":"red","light":null,"wind_farm":null,"source_file":"TZiBoatData_2026-10-8_1920(1).gpx","source_sha256":"ef4169669b8aefad9dd9a7ff2c0b8b0754777db5cf3371475af4053278236492","source":"User-supplied TimeZero GPX export; classification confirmed by Clifton Taylor","raw_position":"54.481282319, -5.553743833","confirmed_on":"2026-10-08","cross_reference_id":"confirmed-1f45f8ec393231fd08be","nearby_record_count":0,"colour_basis":"Port lateral classification; physical colour not exported separately","description_status":"Port lateral type and latest TimeZero chart update provenance confirmed by Clifton Taylor; light rhythm and physical structure not supplied"}},{"type":"Feature","id":"confirmed-0081877ebd1416753dab","geometry":{"type":"Point","coordinates":[-5.41844431990246,54.4563624925439]},"properties":{"mark_type":"port","position_status":"Coordinates confirmed accurate by Clifton Taylor on 8 October 2026; not independently surveyed","classification_source":"User confirmation: all points in this export are port lateral markers","display_label_generated":true,"physical_structure":null,"body_colour":null,"light_characteristics":null,"gpx_display_colour_is_not_navigation_colour":true,"chart_update_status":"Latest TimeZero chart update, confirmed by Clifton Taylor on 8 October 2026","chart_edition":null,"chart_correction_date":null,"name":"Port lateral mark 312","structure":"Not specified in export","colour":"red","light":null,"wind_farm":null,"source_file":"TZiBoatData_2026-10-8_1920(1).gpx","source_sha256":"ef4169669b8aefad9dd9a7ff2c0b8b0754777db5cf3371475af4053278236492","source":"User-supplied TimeZero GPX export; classification confirmed by Clifton Taylor","raw_position":"54.456362493, -5.418444320","confirmed_on":"2026-10-08","cross_reference_id":"confirmed-0081877ebd1416753dab","nearby_record_count":1,"colour_basis":"Port lateral classification; physical colour not exported separately","description_status":"Port lateral type and latest TimeZero chart update provenance confirmed by Clifton Taylor; light rhythm and physical structure not supplied"}},{"type":"Feature","id":"confirmed-fba706f513f0b104c424","geometry":{"type":"Point","coordinates":[-5.53316703081929,54.6559998759177]},"properties":{"mark_type":"port","position_status":"Coordinates confirmed accurate by Clifton Taylor on 8 October 2026; not independently surveyed","classification_source":"User confirmation: all points in this export are port lateral markers","display_label_generated":true,"physical_structure":null,"body_colour":null,"light_characteristics":null,"gpx_display_colour_is_not_navigation_colour":true,"chart_update_status":"Latest TimeZero chart update, confirmed by Clifton Taylor on 8 October 2026","chart_edition":null,"chart_correction_date":null,"name":"Port lateral mark 313","structure":"Not specified in export","colour":"red","light":null,"wind_farm":null,"source_file":"TZiBoatData_2026-10-8_1920(1).gpx","source_sha256":"ef4169669b8aefad9dd9a7ff2c0b8b0754777db5cf3371475af4053278236492","source":"User-supplied TimeZero GPX export; classification confirmed by Clifton Taylor","raw_position":"54.655999876, -5.533167031","confirmed_on":"2026-10-08","cross_reference_id":"confirmed-fba706f513f0b104c424","nearby_record_count":1,"colour_basis":"Port lateral classification; physical colour not exported separately","description_status":"Port lateral type and latest TimeZero chart update provenance confirmed by Clifton Taylor; light rhythm and physical structure not supplied"}},{"type":"Feature","id":"confirmed-ce1e1d6a64700403d3ac","geometry":{"type":"Point","coordinates":[-5.5385001982855,54.6606666901913]},"properties":{"mark_type":"port","position_status":"Coordinates confirmed accurate by Clifton Taylor on 8 October 2026; not independently surveyed","classification_source":"User confirmation: all points in this export are port lateral markers","display_label_generated":true,"physical_structure":null,"body_colour":null,"light_characteristics":null,"gpx_display_colour_is_not_navigation_colour":true,"chart_update_status":"Latest TimeZero chart update, confirmed by Clifton Taylor on 8 October 2026","chart_edition":null,"chart_correction_date":null,"name":"Port lateral mark 314","structure":"Not specified in export","colour":"red","light":null,"wind_farm":null,"source_file":"TZiBoatData_2026-10-8_1920(1).gpx","source_sha256":"ef4169669b8aefad9dd9a7ff2c0b8b0754777db5cf3371475af4053278236492","source":"User-supplied TimeZero GPX export; classification confirmed by Clifton Taylor","raw_position":"54.660666690, -5.538500198","confirmed_on":"2026-10-08","cross_reference_id":"confirmed-ce1e1d6a64700403d3ac","nearby_record_count":1,"colour_basis":"Port lateral classification; physical colour not exported separately","description_status":"Port lateral type and latest TimeZero chart update provenance confirmed by Clifton Taylor; light rhythm and physical structure not supplied"}},{"type":"Feature","id":"confirmed-e7aa07557a88c571a1bb","geometry":{"type":"Point","coordinates":[-5.7141281618949,54.6976659537001]},"properties":{"mark_type":"port","position_status":"Coordinates confirmed accurate by Clifton Taylor on 8 October 2026; not independently surveyed","classification_source":"User confirmation: all points in this export are port lateral markers","display_label_generated":true,"physical_structure":null,"body_colour":null,"light_characteristics":null,"gpx_display_colour_is_not_navigation_colour":true,"chart_update_status":"Latest TimeZero chart update, confirmed by Clifton Taylor on 8 October 2026","chart_edition":null,"chart_correction_date":null,"name":"Port lateral mark 315","structure":"Not specified in export","colour":"red","light":null,"wind_farm":null,"source_file":"TZiBoatData_2026-10-8_1920(1).gpx","source_sha256":"ef4169669b8aefad9dd9a7ff2c0b8b0754777db5cf3371475af4053278236492","source":"User-supplied TimeZero GPX export; classification confirmed by Clifton Taylor","raw_position":"54.697665954, -5.714128162","confirmed_on":"2026-10-08","cross_reference_id":"confirmed-e7aa07557a88c571a1bb","nearby_record_count":1,"colour_basis":"Port lateral classification; physical colour not exported separately","description_status":"Port lateral type and latest TimeZero chart update provenance confirmed by Clifton Taylor; light rhythm and physical structure not supplied"}},{"type":"Feature","id":"confirmed-29e8046203d8219e26b3","geometry":{"type":"Point","coordinates":[-5.77374979485821,54.692548951155]},"properties":{"mark_type":"port","position_status":"Coordinates confirmed accurate by Clifton Taylor on 8 October 2026; not independently surveyed","classification_source":"User confirmation: all points in this export are port lateral markers","display_label_generated":true,"physical_structure":null,"body_colour":null,"light_characteristics":null,"gpx_display_colour_is_not_navigation_colour":true,"chart_update_status":"Latest TimeZero chart update, confirmed by Clifton Taylor on 8 October 2026","chart_edition":null,"chart_correction_date":null,"name":"Port lateral mark 316","structure":"Not specified in export","colour":"red","light":null,"wind_farm":null,"source_file":"TZiBoatData_2026-10-8_1920(1).gpx","source_sha256":"ef4169669b8aefad9dd9a7ff2c0b8b0754777db5cf3371475af4053278236492","source":"User-supplied TimeZero GPX export; classification confirmed by Clifton Taylor","raw_position":"54.692548951, -5.773749795","confirmed_on":"2026-10-08","cross_reference_id":"confirmed-29e8046203d8219e26b3","nearby_record_count":1,"colour_basis":"Port lateral classification; physical colour not exported separately","description_status":"Port lateral type and latest TimeZero chart update provenance confirmed by Clifton Taylor; light rhythm and physical structure not supplied"}},{"type":"Feature","id":"confirmed-fbc30231c768886b4147","geometry":{"type":"Point","coordinates":[-5.80432783734227,54.6820053740782]},"properties":{"mark_type":"port","position_status":"Coordinates confirmed accurate by Clifton Taylor on 8 October 2026; not independently surveyed","classification_source":"User confirmation: all points in this export are port lateral markers","display_label_generated":true,"physical_structure":null,"body_colour":null,"light_characteristics":null,"gpx_display_colour_is_not_navigation_colour":true,"chart_update_status":"Latest TimeZero chart update, confirmed by Clifton Taylor on 8 October 2026","chart_edition":null,"chart_correction_date":null,"name":"Port lateral mark 317","structure":"Not specified in export","colour":"red","light":null,"wind_farm":null,"source_file":"TZiBoatData_2026-10-8_1920(1).gpx","source_sha256":"ef4169669b8aefad9dd9a7ff2c0b8b0754777db5cf3371475af4053278236492","source":"User-supplied TimeZero GPX export; classification confirmed by Clifton Taylor","raw_position":"54.682005374, -5.804327837","confirmed_on":"2026-10-08","cross_reference_id":"confirmed-fbc30231c768886b4147","nearby_record_count":3,"colour_basis":"Port lateral classification; physical colour not exported separately","description_status":"Port lateral type and latest TimeZero chart update provenance confirmed by Clifton Taylor; light rhythm and physical structure not supplied"}},{"type":"Feature","id":"confirmed-d7a0d090140531331119","geometry":{"type":"Point","coordinates":[-5.82841261308587,54.6707041914031]},"properties":{"mark_type":"port","position_status":"Coordinates confirmed accurate by Clifton Taylor on 8 October 2026; not independently surveyed","classification_source":"User confirmation: all points in this export are port lateral markers","display_label_generated":true,"physical_structure":null,"body_colour":null,"light_characteristics":null,"gpx_display_colour_is_not_navigation_colour":true,"chart_update_status":"Latest TimeZero chart update, confirmed by Clifton Taylor on 8 October 2026","chart_edition":null,"chart_correction_date":null,"name":"Port lateral mark 318","structure":"Not specified in export","colour":"red","light":null,"wind_farm":null,"source_file":"TZiBoatData_2026-10-8_1920(1).gpx","source_sha256":"ef4169669b8aefad9dd9a7ff2c0b8b0754777db5cf3371475af4053278236492","source":"User-supplied TimeZero GPX export; classification confirmed by Clifton Taylor","raw_position":"54.670704191, -5.828412613","confirmed_on":"2026-10-08","cross_reference_id":"confirmed-d7a0d090140531331119","nearby_record_count":2,"colour_basis":"Port lateral classification; physical colour not exported separately","description_status":"Port lateral type and latest TimeZero chart update provenance confirmed by Clifton Taylor; light rhythm and physical structure not supplied"}},{"type":"Feature","id":"confirmed-d3cf4d05761b726a5302","geometry":{"type":"Point","coordinates":[-5.839215819841,54.6634641777049]},"properties":{"mark_type":"port","position_status":"Coordinates confirmed accurate by Clifton Taylor on 8 October 2026; not independently surveyed","classification_source":"User confirmation: all points in this export are port lateral markers","display_label_generated":true,"physical_structure":null,"body_colour":null,"light_characteristics":null,"gpx_display_colour_is_not_navigation_colour":true,"chart_update_status":"Latest TimeZero chart update, confirmed by Clifton Taylor on 8 October 2026","chart_edition":null,"chart_correction_date":null,"name":"Port lateral mark 319","structure":"Not specified in export","colour":"red","light":null,"wind_farm":null,"source_file":"TZiBoatData_2026-10-8_1920(1).gpx","source_sha256":"ef4169669b8aefad9dd9a7ff2c0b8b0754777db5cf3371475af4053278236492","source":"User-supplied TimeZero GPX export; classification confirmed by Clifton Taylor","raw_position":"54.663464178, -5.839215820","confirmed_on":"2026-10-08","cross_reference_id":"confirmed-d3cf4d05761b726a5302","nearby_record_count":2,"colour_basis":"Port lateral classification; physical colour not exported separately","description_status":"Port lateral type and latest TimeZero chart update provenance confirmed by Clifton Taylor; light rhythm and physical structure not supplied"}},{"type":"Feature","id":"confirmed-3e37b069cade9f827963","geometry":{"type":"Point","coordinates":[-5.84874415711518,54.655953823133]},"properties":{"mark_type":"port","position_status":"Coordinates confirmed accurate by Clifton Taylor on 8 October 2026; not independently surveyed","classification_source":"User confirmation: all points in this export are port lateral markers","display_label_generated":true,"physical_structure":null,"body_colour":null,"light_characteristics":null,"gpx_display_colour_is_not_navigation_colour":true,"chart_update_status":"Latest TimeZero chart update, confirmed by Clifton Taylor on 8 October 2026","chart_edition":null,"chart_correction_date":null,"name":"Port lateral mark 320","structure":"Not specified in export","colour":"red","light":null,"wind_farm":null,"source_file":"TZiBoatData_2026-10-8_1920(1).gpx","source_sha256":"ef4169669b8aefad9dd9a7ff2c0b8b0754777db5cf3371475af4053278236492","source":"User-supplied TimeZero GPX export; classification confirmed by Clifton Taylor","raw_position":"54.655953823, -5.848744157","confirmed_on":"2026-10-08","cross_reference_id":"confirmed-3e37b069cade9f827963","nearby_record_count":2,"colour_basis":"Port lateral classification; physical colour not exported separately","description_status":"Port lateral type and latest TimeZero chart update provenance confirmed by Clifton Taylor; light rhythm and physical structure not supplied"}},{"type":"Feature","id":"confirmed-31b782fc2f52149b8e3a","geometry":{"type":"Point","coordinates":[-5.85701117086233,54.649442773215]},"properties":{"mark_type":"port","position_status":"Coordinates confirmed accurate by Clifton Taylor on 8 October 2026; not independently surveyed","classification_source":"User confirmation: all points in this export are port lateral markers","display_label_generated":true,"physical_structure":null,"body_colour":null,"light_characteristics":null,"gpx_display_colour_is_not_navigation_colour":true,"chart_update_status":"Latest TimeZero chart update, confirmed by Clifton Taylor on 8 October 2026","chart_edition":null,"chart_correction_date":null,"name":"Port lateral mark 321","structure":"Not specified in export","colour":"red","light":null,"wind_farm":null,"source_file":"TZiBoatData_2026-10-8_1920(1).gpx","source_sha256":"ef4169669b8aefad9dd9a7ff2c0b8b0754777db5cf3371475af4053278236492","source":"User-supplied TimeZero GPX export; classification confirmed by Clifton Taylor","raw_position":"54.649442773, -5.857011171","confirmed_on":"2026-10-08","cross_reference_id":"confirmed-31b782fc2f52149b8e3a","nearby_record_count":2,"colour_basis":"Port lateral classification; physical colour not exported separately","description_status":"Port lateral type and latest TimeZero chart update provenance confirmed by Clifton Taylor; light rhythm and physical structure not supplied"}},{"type":"Feature","id":"confirmed-702eeafead76ffbc5f20","geometry":{"type":"Point","coordinates":[-5.86525170786929,54.6429113913231]},"properties":{"mark_type":"port","position_status":"Coordinates confirmed accurate by Clifton Taylor on 8 October 2026; not independently surveyed","classification_source":"User confirmation: all points in this export are port lateral markers","display_label_generated":true,"physical_structure":null,"body_colour":null,"light_characteristics":null,"gpx_display_colour_is_not_navigation_colour":true,"chart_update_status":"Latest TimeZero chart update, confirmed by Clifton Taylor on 8 October 2026","chart_edition":null,"chart_correction_date":null,"name":"Port lateral mark 322","structure":"Not specified in export","colour":"red","light":null,"wind_farm":null,"source_file":"TZiBoatData_2026-10-8_1920(1).gpx","source_sha256":"ef4169669b8aefad9dd9a7ff2c0b8b0754777db5cf3371475af4053278236492","source":"User-supplied TimeZero GPX export; classification confirmed by Clifton Taylor","raw_position":"54.642911391, -5.865251708","confirmed_on":"2026-10-08","cross_reference_id":"confirmed-702eeafead76ffbc5f20","nearby_record_count":2,"colour_basis":"Port lateral classification; physical colour not exported separately","description_status":"Port lateral type and latest TimeZero chart update provenance confirmed by Clifton Taylor; light rhythm and physical structure not supplied"}},{"type":"Feature","id":"confirmed-9d7d360cb9bf3eac18ea","geometry":{"type":"Point","coordinates":[-5.8714911607227,54.6379309286033]},"properties":{"mark_type":"port","position_status":"Coordinates confirmed accurate by Clifton Taylor on 8 October 2026; not independently surveyed","classification_source":"User confirmation: all points in this export are port lateral markers","display_label_generated":true,"physical_structure":null,"body_colour":null,"light_characteristics":null,"gpx_display_colour_is_not_navigation_colour":true,"chart_update_status":"Latest TimeZero chart update, confirmed by Clifton Taylor on 8 October 2026","chart_edition":null,"chart_correction_date":null,"name":"Port lateral mark 323","structure":"Not specified in export","colour":"red","light":null,"wind_farm":null,"source_file":"TZiBoatData_2026-10-8_1920(1).gpx","source_sha256":"ef4169669b8aefad9dd9a7ff2c0b8b0754777db5cf3371475af4053278236492","source":"User-supplied TimeZero GPX export; classification confirmed by Clifton Taylor","raw_position":"54.637930929, -5.871491161","confirmed_on":"2026-10-08","cross_reference_id":"confirmed-9d7d360cb9bf3eac18ea","nearby_record_count":1,"colour_basis":"Port lateral classification; physical colour not exported separately","description_status":"Port lateral type and latest TimeZero chart update provenance confirmed by Clifton Taylor; light rhythm and physical structure not supplied"}},{"type":"Feature","id":"confirmed-523a4a66442de3fbd594","geometry":{"type":"Point","coordinates":[-5.87822949110186,54.6326030464511]},"properties":{"mark_type":"port","position_status":"Coordinates confirmed accurate by Clifton Taylor on 8 October 2026; not independently surveyed","classification_source":"User confirmation: all points in this export are port lateral markers","display_label_generated":true,"physical_structure":null,"body_colour":null,"light_characteristics":null,"gpx_display_colour_is_not_navigation_colour":true,"chart_update_status":"Latest TimeZero chart update, confirmed by Clifton Taylor on 8 October 2026","chart_edition":null,"chart_correction_date":null,"name":"Port lateral mark 324","structure":"Not specified in export","colour":"red","light":null,"wind_farm":null,"source_file":"TZiBoatData_2026-10-8_1920(1).gpx","source_sha256":"ef4169669b8aefad9dd9a7ff2c0b8b0754777db5cf3371475af4053278236492","source":"User-supplied TimeZero GPX export; classification confirmed by Clifton Taylor","raw_position":"54.632603046, -5.878229491","confirmed_on":"2026-10-08","cross_reference_id":"confirmed-523a4a66442de3fbd594","nearby_record_count":2,"colour_basis":"Port lateral classification; physical colour not exported separately","description_status":"Port lateral type and latest TimeZero chart update provenance confirmed by Clifton Taylor; light rhythm and physical structure not supplied"}},{"type":"Feature","id":"confirmed-398523d5e4a9c234733a","geometry":{"type":"Point","coordinates":[-5.88723994384338,54.6241007975158]},"properties":{"mark_type":"port","position_status":"Coordinates confirmed accurate by Clifton Taylor on 8 October 2026; not independently surveyed","classification_source":"User confirmation: all points in this export are port lateral markers","display_label_generated":true,"physical_structure":null,"body_colour":null,"light_characteristics":null,"gpx_display_colour_is_not_navigation_colour":true,"chart_update_status":"Latest TimeZero chart update, confirmed by Clifton Taylor on 8 October 2026","chart_edition":null,"chart_correction_date":null,"name":"Port lateral mark 325","structure":"Not specified in export","colour":"red","light":null,"wind_farm":null,"source_file":"TZiBoatData_2026-10-8_1920(1).gpx","source_sha256":"ef4169669b8aefad9dd9a7ff2c0b8b0754777db5cf3371475af4053278236492","source":"User-supplied TimeZero GPX export; classification confirmed by Clifton Taylor","raw_position":"54.624100798, -5.887239944","confirmed_on":"2026-10-08","cross_reference_id":"confirmed-398523d5e4a9c234733a","nearby_record_count":2,"colour_basis":"Port lateral classification; physical colour not exported separately","description_status":"Port lateral type and latest TimeZero chart update provenance confirmed by Clifton Taylor; light rhythm and physical structure not supplied"}},{"type":"Feature","id":"confirmed-0f4366b7d00a7d4ab254","geometry":{"type":"Point","coordinates":[-5.88733121892142,54.622644114215]},"properties":{"mark_type":"port","position_status":"Coordinates confirmed accurate by Clifton Taylor on 8 October 2026; not independently surveyed","classification_source":"User confirmation: all points in this export are port lateral markers","display_label_generated":true,"physical_structure":null,"body_colour":null,"light_characteristics":null,"gpx_display_colour_is_not_navigation_colour":true,"chart_update_status":"Latest TimeZero chart update, confirmed by Clifton Taylor on 8 October 2026","chart_edition":null,"chart_correction_date":null,"name":"Port lateral mark 326","structure":"Not specified in export","colour":"red","light":null,"wind_farm":null,"source_file":"TZiBoatData_2026-10-8_1920(1).gpx","source_sha256":"ef4169669b8aefad9dd9a7ff2c0b8b0754777db5cf3371475af4053278236492","source":"User-supplied TimeZero GPX export; classification confirmed by Clifton Taylor","raw_position":"54.622644114, -5.887331219","confirmed_on":"2026-10-08","cross_reference_id":"confirmed-0f4366b7d00a7d4ab254","nearby_record_count":2,"colour_basis":"Port lateral classification; physical colour not exported separately","description_status":"Port lateral type and latest TimeZero chart update provenance confirmed by Clifton Taylor; light rhythm and physical structure not supplied"}},{"type":"Feature","id":"confirmed-59ed7acdada30c85eec5","geometry":{"type":"Point","coordinates":[-5.89267971502668,54.6225410164092]},"properties":{"mark_type":"port","position_status":"Coordinates confirmed accurate by Clifton Taylor on 8 October 2026; not independently surveyed","classification_source":"User confirmation: all points in this export are port lateral markers","display_label_generated":true,"physical_structure":null,"body_colour":null,"light_characteristics":null,"gpx_display_colour_is_not_navigation_colour":true,"chart_update_status":"Latest TimeZero chart update, confirmed by Clifton Taylor on 8 October 2026","chart_edition":null,"chart_correction_date":null,"name":"Port lateral mark 327","structure":"Not specified in export","colour":"red","light":null,"wind_farm":null,"source_file":"TZiBoatData_2026-10-8_1920(1).gpx","source_sha256":"ef4169669b8aefad9dd9a7ff2c0b8b0754777db5cf3371475af4053278236492","source":"User-supplied TimeZero GPX export; classification confirmed by Clifton Taylor","raw_position":"54.622541016, -5.892679715","confirmed_on":"2026-10-08","cross_reference_id":"confirmed-59ed7acdada30c85eec5","nearby_record_count":2,"colour_basis":"Port lateral classification; physical colour not exported separately","description_status":"Port lateral type and latest TimeZero chart update provenance confirmed by Clifton Taylor; light rhythm and physical structure not supplied"}},{"type":"Feature","id":"confirmed-ce9736a63a2860ea16aa","geometry":{"type":"Point","coordinates":[-5.89853107460937,54.6225685091831]},"properties":{"mark_type":"port","position_status":"Coordinates confirmed accurate by Clifton Taylor on 8 October 2026; not independently surveyed","classification_source":"User confirmation: all points in this export are port lateral markers","display_label_generated":true,"physical_structure":null,"body_colour":null,"light_characteristics":null,"gpx_display_colour_is_not_navigation_colour":true,"chart_update_status":"Latest TimeZero chart update, confirmed by Clifton Taylor on 8 October 2026","chart_edition":null,"chart_correction_date":null,"name":"Port lateral mark 328","structure":"Not specified in export","colour":"red","light":null,"wind_farm":null,"source_file":"TZiBoatData_2026-10-8_1920(1).gpx","source_sha256":"ef4169669b8aefad9dd9a7ff2c0b8b0754777db5cf3371475af4053278236492","source":"User-supplied TimeZero GPX export; classification confirmed by Clifton Taylor","raw_position":"54.622568509, -5.898531075","confirmed_on":"2026-10-08","cross_reference_id":"confirmed-ce9736a63a2860ea16aa","nearby_record_count":2,"colour_basis":"Port lateral classification; physical colour not exported separately","description_status":"Port lateral type and latest TimeZero chart update provenance confirmed by Clifton Taylor; light rhythm and physical structure not supplied"}},{"type":"Feature","id":"confirmed-fb09ba54920e07db349a","geometry":{"type":"Point","coordinates":[-5.90373096703204,54.62071068344]},"properties":{"mark_type":"port","position_status":"Coordinates confirmed accurate by Clifton Taylor on 8 October 2026; not independently surveyed","classification_source":"User confirmation: all points in this export are port lateral markers","display_label_generated":true,"physical_structure":null,"body_colour":null,"light_characteristics":null,"gpx_display_colour_is_not_navigation_colour":true,"chart_update_status":"Latest TimeZero chart update, confirmed by Clifton Taylor on 8 October 2026","chart_edition":null,"chart_correction_date":null,"name":"Port lateral mark 329","structure":"Not specified in export","colour":"red","light":null,"wind_farm":null,"source_file":"TZiBoatData_2026-10-8_1920(1).gpx","source_sha256":"ef4169669b8aefad9dd9a7ff2c0b8b0754777db5cf3371475af4053278236492","source":"User-supplied TimeZero GPX export; classification confirmed by Clifton Taylor","raw_position":"54.620710683, -5.903730967","confirmed_on":"2026-10-08","cross_reference_id":"confirmed-fb09ba54920e07db349a","nearby_record_count":2,"colour_basis":"Port lateral classification; physical colour not exported separately","description_status":"Port lateral type and latest TimeZero chart update provenance confirmed by Clifton Taylor; light rhythm and physical structure not supplied"}},{"type":"Feature","id":"confirmed-6eab00512bca3a1c0aeb","geometry":{"type":"Point","coordinates":[-5.90928063112779,54.6109236497411]},"properties":{"mark_type":"port","position_status":"Coordinates confirmed accurate by Clifton Taylor on 8 October 2026; not independently surveyed","classification_source":"User confirmation: all points in this export are port lateral markers","display_label_generated":true,"physical_structure":null,"body_colour":null,"light_characteristics":null,"gpx_display_colour_is_not_navigation_colour":true,"chart_update_status":"Latest TimeZero chart update, confirmed by Clifton Taylor on 8 October 2026","chart_edition":null,"chart_correction_date":null,"name":"Port lateral mark 330","structure":"Not specified in export","colour":"red","light":null,"wind_farm":null,"source_file":"TZiBoatData_2026-10-8_1920(1).gpx","source_sha256":"ef4169669b8aefad9dd9a7ff2c0b8b0754777db5cf3371475af4053278236492","source":"User-supplied TimeZero GPX export; classification confirmed by Clifton Taylor","raw_position":"54.610923650, -5.909280631","confirmed_on":"2026-10-08","cross_reference_id":"confirmed-6eab00512bca3a1c0aeb","nearby_record_count":2,"colour_basis":"Port lateral classification; physical colour not exported separately","description_status":"Port lateral type and latest TimeZero chart update provenance confirmed by Clifton Taylor; light rhythm and physical structure not supplied"}},{"type":"Feature","id":"confirmed-9b474f3f751609263746","geometry":{"type":"Point","coordinates":[-5.91450003272745,54.607166803368]},"properties":{"mark_type":"port","position_status":"Coordinates confirmed accurate by Clifton Taylor on 8 October 2026; not independently surveyed","classification_source":"User confirmation: all points in this export are port lateral markers","display_label_generated":true,"physical_structure":null,"body_colour":null,"light_characteristics":null,"gpx_display_colour_is_not_navigation_colour":true,"chart_update_status":"Latest TimeZero chart update, confirmed by Clifton Taylor on 8 October 2026","chart_edition":null,"chart_correction_date":null,"name":"Port lateral mark 331","structure":"Not specified in export","colour":"red","light":null,"wind_farm":null,"source_file":"TZiBoatData_2026-10-8_1920(1).gpx","source_sha256":"ef4169669b8aefad9dd9a7ff2c0b8b0754777db5cf3371475af4053278236492","source":"User-supplied TimeZero GPX export; classification confirmed by Clifton Taylor","raw_position":"54.607166803, -5.914500033","confirmed_on":"2026-10-08","cross_reference_id":"confirmed-9b474f3f751609263746","nearby_record_count":0,"colour_basis":"Port lateral classification; physical colour not exported separately","description_status":"Port lateral type and latest TimeZero chart update provenance confirmed by Clifton Taylor; light rhythm and physical structure not supplied"}},{"type":"Feature","id":"confirmed-00e2c204dec68a3eb9b5","geometry":{"type":"Point","coordinates":[-5.79049981681198,54.8580000205979]},"properties":{"mark_type":"port","position_status":"Coordinates confirmed accurate by Clifton Taylor on 8 October 2026; not independently surveyed","classification_source":"User confirmation: all points in this export are port lateral markers","display_label_generated":true,"physical_structure":null,"body_colour":null,"light_characteristics":null,"gpx_display_colour_is_not_navigation_colour":true,"chart_update_status":"Latest TimeZero chart update, confirmed by Clifton Taylor on 8 October 2026","chart_edition":null,"chart_correction_date":null,"name":"Port lateral mark 332","structure":"Not specified in export","colour":"red","light":null,"wind_farm":null,"source_file":"TZiBoatData_2026-10-8_1920(1).gpx","source_sha256":"ef4169669b8aefad9dd9a7ff2c0b8b0754777db5cf3371475af4053278236492","source":"User-supplied TimeZero GPX export; classification confirmed by Clifton Taylor","raw_position":"54.858000021, -5.790499817","confirmed_on":"2026-10-08","cross_reference_id":"confirmed-00e2c204dec68a3eb9b5","nearby_record_count":1,"colour_basis":"Port lateral classification; physical colour not exported separately","description_status":"Port lateral type and latest TimeZero chart update provenance confirmed by Clifton Taylor; light rhythm and physical structure not supplied"}},{"type":"Feature","id":"confirmed-cc91e5403f6ed3da2d6f","geometry":{"type":"Point","coordinates":[-5.79221732114293,54.8509860401344]},"properties":{"mark_type":"port","position_status":"Coordinates confirmed accurate by Clifton Taylor on 8 October 2026; not independently surveyed","classification_source":"User confirmation: all points in this export are port lateral markers","display_label_generated":true,"physical_structure":null,"body_colour":null,"light_characteristics":null,"gpx_display_colour_is_not_navigation_colour":true,"chart_update_status":"Latest TimeZero chart update, confirmed by Clifton Taylor on 8 October 2026","chart_edition":null,"chart_correction_date":null,"name":"Port lateral mark 333","structure":"Not specified in export","colour":"red","light":null,"wind_farm":null,"source_file":"TZiBoatData_2026-10-8_1920(1).gpx","source_sha256":"ef4169669b8aefad9dd9a7ff2c0b8b0754777db5cf3371475af4053278236492","source":"User-supplied TimeZero GPX export; classification confirmed by Clifton Taylor","raw_position":"54.850986040, -5.792217321","confirmed_on":"2026-10-08","cross_reference_id":"confirmed-cc91e5403f6ed3da2d6f","nearby_record_count":2,"colour_basis":"Port lateral classification; physical colour not exported separately","description_status":"Port lateral type and latest TimeZero chart update provenance confirmed by Clifton Taylor; light rhythm and physical structure not supplied"}},{"type":"Feature","id":"confirmed-bd5d5a5ddf742f8f1bfa","geometry":{"type":"Point","coordinates":[-5.79273292082038,54.8459636666819]},"properties":{"mark_type":"port","position_status":"Coordinates confirmed accurate by Clifton Taylor on 8 October 2026; not independently surveyed","classification_source":"User confirmation: all points in this export are port lateral markers","display_label_generated":true,"physical_structure":null,"body_colour":null,"light_characteristics":null,"gpx_display_colour_is_not_navigation_colour":true,"chart_update_status":"Latest TimeZero chart update, confirmed by Clifton Taylor on 8 October 2026","chart_edition":null,"chart_correction_date":null,"name":"Port lateral mark 334","structure":"Not specified in export","colour":"red","light":null,"wind_farm":null,"source_file":"TZiBoatData_2026-10-8_1920(1).gpx","source_sha256":"ef4169669b8aefad9dd9a7ff2c0b8b0754777db5cf3371475af4053278236492","source":"User-supplied TimeZero GPX export; classification confirmed by Clifton Taylor","raw_position":"54.845963667, -5.792732921","confirmed_on":"2026-10-08","cross_reference_id":"confirmed-bd5d5a5ddf742f8f1bfa","nearby_record_count":2,"colour_basis":"Port lateral classification; physical colour not exported separately","description_status":"Port lateral type and latest TimeZero chart update provenance confirmed by Clifton Taylor; light rhythm and physical structure not supplied"}},{"type":"Feature","id":"confirmed-628192aefece36dab5e7","geometry":{"type":"Point","coordinates":[-5.78585245215176,54.8403849279373]},"properties":{"mark_type":"port","position_status":"Coordinates confirmed accurate by Clifton Taylor on 8 October 2026; not independently surveyed","classification_source":"User confirmation: all points in this export are port lateral markers","display_label_generated":true,"physical_structure":null,"body_colour":null,"light_characteristics":null,"gpx_display_colour_is_not_navigation_colour":true,"chart_update_status":"Latest TimeZero chart update, confirmed by Clifton Taylor on 8 October 2026","chart_edition":null,"chart_correction_date":null,"name":"Port lateral mark 335","structure":"Not specified in export","colour":"red","light":null,"wind_farm":null,"source_file":"TZiBoatData_2026-10-8_1920(1).gpx","source_sha256":"ef4169669b8aefad9dd9a7ff2c0b8b0754777db5cf3371475af4053278236492","source":"User-supplied TimeZero GPX export; classification confirmed by Clifton Taylor","raw_position":"54.840384928, -5.785852452","confirmed_on":"2026-10-08","cross_reference_id":"confirmed-628192aefece36dab5e7","nearby_record_count":2,"colour_basis":"Port lateral classification; physical colour not exported separately","description_status":"Port lateral type and latest TimeZero chart update provenance confirmed by Clifton Taylor; light rhythm and physical structure not supplied"}},{"type":"Feature","id":"confirmed-bde8206b050c490411d5","geometry":{"type":"Point","coordinates":[-5.80021678046287,54.837866722487]},"properties":{"mark_type":"port","position_status":"Coordinates confirmed accurate by Clifton Taylor on 8 October 2026; not independently surveyed","classification_source":"User confirmation: all points in this export are port lateral markers","display_label_generated":true,"physical_structure":null,"body_colour":null,"light_characteristics":null,"gpx_display_colour_is_not_navigation_colour":true,"chart_update_status":"Latest TimeZero chart update, confirmed by Clifton Taylor on 8 October 2026","chart_edition":null,"chart_correction_date":null,"name":"Port lateral mark 336","structure":"Not specified in export","colour":"red","light":null,"wind_farm":null,"source_file":"TZiBoatData_2026-10-8_1920(1).gpx","source_sha256":"ef4169669b8aefad9dd9a7ff2c0b8b0754777db5cf3371475af4053278236492","source":"User-supplied TimeZero GPX export; classification confirmed by Clifton Taylor","raw_position":"54.837866722, -5.800216780","confirmed_on":"2026-10-08","cross_reference_id":"confirmed-bde8206b050c490411d5","nearby_record_count":1,"colour_basis":"Port lateral classification; physical colour not exported separately","description_status":"Port lateral type and latest TimeZero chart update provenance confirmed by Clifton Taylor; light rhythm and physical structure not supplied"}},{"type":"Feature","id":"confirmed-1a416c3a0168e454d260","geometry":{"type":"Point","coordinates":[-5.73181114056232,54.9543834344836]},"properties":{"mark_type":"port","position_status":"Coordinates confirmed accurate by Clifton Taylor on 8 October 2026; not independently surveyed","classification_source":"User confirmation: all points in this export are port lateral markers","display_label_generated":true,"physical_structure":null,"body_colour":null,"light_characteristics":null,"gpx_display_colour_is_not_navigation_colour":true,"chart_update_status":"Latest TimeZero chart update, confirmed by Clifton Taylor on 8 October 2026","chart_edition":null,"chart_correction_date":null,"name":"Port lateral mark 337","structure":"Not specified in export","colour":"red","light":null,"wind_farm":null,"source_file":"TZiBoatData_2026-10-8_1920(1).gpx","source_sha256":"ef4169669b8aefad9dd9a7ff2c0b8b0754777db5cf3371475af4053278236492","source":"User-supplied TimeZero GPX export; classification confirmed by Clifton Taylor","raw_position":"54.954383434, -5.731811141","confirmed_on":"2026-10-08","cross_reference_id":"confirmed-1a416c3a0168e454d260","nearby_record_count":1,"colour_basis":"Port lateral classification; physical colour not exported separately","description_status":"Port lateral type and latest TimeZero chart update provenance confirmed by Clifton Taylor; light rhythm and physical structure not supplied"}},{"type":"Feature","id":"confirmed-a56064aa365b2ab2099e","geometry":{"type":"Point","coordinates":[-6.67208370135307,55.1410965580687]},"properties":{"mark_type":"port","position_status":"Coordinates confirmed accurate by Clifton Taylor on 8 October 2026; not independently surveyed","classification_source":"User confirmation: all points in this export are port lateral markers","display_label_generated":true,"physical_structure":null,"body_colour":null,"light_characteristics":null,"gpx_display_colour_is_not_navigation_colour":true,"chart_update_status":"Latest TimeZero chart update, confirmed by Clifton Taylor on 8 October 2026","chart_edition":null,"chart_correction_date":null,"name":"Port lateral mark 338","structure":"Not specified in export","colour":"red","light":null,"wind_farm":null,"source_file":"TZiBoatData_2026-10-8_1920(1).gpx","source_sha256":"ef4169669b8aefad9dd9a7ff2c0b8b0754777db5cf3371475af4053278236492","source":"User-supplied TimeZero GPX export; classification confirmed by Clifton Taylor","raw_position":"55.141096558, -6.672083701","confirmed_on":"2026-10-08","cross_reference_id":"confirmed-a56064aa365b2ab2099e","nearby_record_count":1,"colour_basis":"Port lateral classification; physical colour not exported separately","description_status":"Port lateral type and latest TimeZero chart update provenance confirmed by Clifton Taylor; light rhythm and physical structure not supplied"}},{"type":"Feature","id":"confirmed-55d6f4c9920a312fc901","geometry":{"type":"Point","coordinates":[-6.6789711375849,55.145632218928]},"properties":{"mark_type":"port","position_status":"Coordinates confirmed accurate by Clifton Taylor on 8 October 2026; not independently surveyed","classification_source":"User confirmation: all points in this export are port lateral markers","display_label_generated":true,"physical_structure":null,"body_colour":null,"light_characteristics":null,"gpx_display_colour_is_not_navigation_colour":true,"chart_update_status":"Latest TimeZero chart update, confirmed by Clifton Taylor on 8 October 2026","chart_edition":null,"chart_correction_date":null,"name":"Port lateral mark 339","structure":"Not specified in export","colour":"red","light":null,"wind_farm":null,"source_file":"TZiBoatData_2026-10-8_1920(1).gpx","source_sha256":"ef4169669b8aefad9dd9a7ff2c0b8b0754777db5cf3371475af4053278236492","source":"User-supplied TimeZero GPX export; classification confirmed by Clifton Taylor","raw_position":"55.145632219, -6.678971138","confirmed_on":"2026-10-08","cross_reference_id":"confirmed-55d6f4c9920a312fc901","nearby_record_count":2,"colour_basis":"Port lateral classification; physical colour not exported separately","description_status":"Port lateral type and latest TimeZero chart update provenance confirmed by Clifton Taylor; light rhythm and physical structure not supplied"}},{"type":"Feature","id":"confirmed-12027718ea2dd8032cbf","geometry":{"type":"Point","coordinates":[-6.68893982485387,55.1504594449944]},"properties":{"mark_type":"port","position_status":"Coordinates confirmed accurate by Clifton Taylor on 8 October 2026; not independently surveyed","classification_source":"User confirmation: all points in this export are port lateral markers","display_label_generated":true,"physical_structure":null,"body_colour":null,"light_characteristics":null,"gpx_display_colour_is_not_navigation_colour":true,"chart_update_status":"Latest TimeZero chart update, confirmed by Clifton Taylor on 8 October 2026","chart_edition":null,"chart_correction_date":null,"name":"Port lateral mark 340","structure":"Not specified in export","colour":"red","light":null,"wind_farm":null,"source_file":"TZiBoatData_2026-10-8_1920(1).gpx","source_sha256":"ef4169669b8aefad9dd9a7ff2c0b8b0754777db5cf3371475af4053278236492","source":"User-supplied TimeZero GPX export; classification confirmed by Clifton Taylor","raw_position":"55.150459445, -6.688939825","confirmed_on":"2026-10-08","cross_reference_id":"confirmed-12027718ea2dd8032cbf","nearby_record_count":2,"colour_basis":"Port lateral classification; physical colour not exported separately","description_status":"Port lateral type and latest TimeZero chart update provenance confirmed by Clifton Taylor; light rhythm and physical structure not supplied"}},{"type":"Feature","id":"confirmed-8b0f752d1548b6eca518","geometry":{"type":"Point","coordinates":[-6.69158958914215,55.1518136923735]},"properties":{"mark_type":"port","position_status":"Coordinates confirmed accurate by Clifton Taylor on 8 October 2026; not independently surveyed","classification_source":"User confirmation: all points in this export are port lateral markers","display_label_generated":true,"physical_structure":null,"body_colour":null,"light_characteristics":null,"gpx_display_colour_is_not_navigation_colour":true,"chart_update_status":"Latest TimeZero chart update, confirmed by Clifton Taylor on 8 October 2026","chart_edition":null,"chart_correction_date":null,"name":"Port lateral mark 341","structure":"Not specified in export","colour":"red","light":null,"wind_farm":null,"source_file":"TZiBoatData_2026-10-8_1920(1).gpx","source_sha256":"ef4169669b8aefad9dd9a7ff2c0b8b0754777db5cf3371475af4053278236492","source":"User-supplied TimeZero GPX export; classification confirmed by Clifton Taylor","raw_position":"55.151813692, -6.691589589","confirmed_on":"2026-10-08","cross_reference_id":"confirmed-8b0f752d1548b6eca518","nearby_record_count":1,"colour_basis":"Port lateral classification; physical colour not exported separately","description_status":"Port lateral type and latest TimeZero chart update provenance confirmed by Clifton Taylor; light rhythm and physical structure not supplied"}},{"type":"Feature","id":"confirmed-ac254f593fcf4f461f44","geometry":{"type":"Point","coordinates":[-6.70023563832786,55.1546744579872]},"properties":{"mark_type":"port","position_status":"Coordinates confirmed accurate by Clifton Taylor on 8 October 2026; not independently surveyed","classification_source":"User confirmation: all points in this export are port lateral markers","display_label_generated":true,"physical_structure":null,"body_colour":null,"light_characteristics":null,"gpx_display_colour_is_not_navigation_colour":true,"chart_update_status":"Latest TimeZero chart update, confirmed by Clifton Taylor on 8 October 2026","chart_edition":null,"chart_correction_date":null,"name":"Port lateral mark 342","structure":"Not specified in export","colour":"red","light":null,"wind_farm":null,"source_file":"TZiBoatData_2026-10-8_1920(1).gpx","source_sha256":"ef4169669b8aefad9dd9a7ff2c0b8b0754777db5cf3371475af4053278236492","source":"User-supplied TimeZero GPX export; classification confirmed by Clifton Taylor","raw_position":"55.154674458, -6.700235638","confirmed_on":"2026-10-08","cross_reference_id":"confirmed-ac254f593fcf4f461f44","nearby_record_count":2,"colour_basis":"Port lateral classification; physical colour not exported separately","description_status":"Port lateral type and latest TimeZero chart update provenance confirmed by Clifton Taylor; light rhythm and physical structure not supplied"}},{"type":"Feature","id":"confirmed-8833b0e4560b70279e73","geometry":{"type":"Point","coordinates":[-6.70908444360294,55.1568643804414]},"properties":{"mark_type":"port","position_status":"Coordinates confirmed accurate by Clifton Taylor on 8 October 2026; not independently surveyed","classification_source":"User confirmation: all points in this export are port lateral markers","display_label_generated":true,"physical_structure":null,"body_colour":null,"light_characteristics":null,"gpx_display_colour_is_not_navigation_colour":true,"chart_update_status":"Latest TimeZero chart update, confirmed by Clifton Taylor on 8 October 2026","chart_edition":null,"chart_correction_date":null,"name":"Port lateral mark 343","structure":"Not specified in export","colour":"red","light":null,"wind_farm":null,"source_file":"TZiBoatData_2026-10-8_1920(1).gpx","source_sha256":"ef4169669b8aefad9dd9a7ff2c0b8b0754777db5cf3371475af4053278236492","source":"User-supplied TimeZero GPX export; classification confirmed by Clifton Taylor","raw_position":"55.156864380, -6.709084444","confirmed_on":"2026-10-08","cross_reference_id":"confirmed-8833b0e4560b70279e73","nearby_record_count":1,"colour_basis":"Port lateral classification; physical colour not exported separately","description_status":"Port lateral type and latest TimeZero chart update provenance confirmed by Clifton Taylor; light rhythm and physical structure not supplied"}},{"type":"Feature","id":"confirmed-19d429506b92518ee064","geometry":{"type":"Point","coordinates":[-6.71342244845668,55.1580344971905]},"properties":{"mark_type":"port","position_status":"Coordinates confirmed accurate by Clifton Taylor on 8 October 2026; not independently surveyed","classification_source":"User confirmation: all points in this export are port lateral markers","display_label_generated":true,"physical_structure":null,"body_colour":null,"light_characteristics":null,"gpx_display_colour_is_not_navigation_colour":true,"chart_update_status":"Latest TimeZero chart update, confirmed by Clifton Taylor on 8 October 2026","chart_edition":null,"chart_correction_date":null,"name":"Port lateral mark 344","structure":"Not specified in export","colour":"red","light":null,"wind_farm":null,"source_file":"TZiBoatData_2026-10-8_1920(1).gpx","source_sha256":"ef4169669b8aefad9dd9a7ff2c0b8b0754777db5cf3371475af4053278236492","source":"User-supplied TimeZero GPX export; classification confirmed by Clifton Taylor","raw_position":"55.158034497, -6.713422448","confirmed_on":"2026-10-08","cross_reference_id":"confirmed-19d429506b92518ee064","nearby_record_count":1,"colour_basis":"Port lateral classification; physical colour not exported separately","description_status":"Port lateral type and latest TimeZero chart update provenance confirmed by Clifton Taylor; light rhythm and physical structure not supplied"}},{"type":"Feature","id":"confirmed-a96bd8e12b7b91f74cb7","geometry":{"type":"Point","coordinates":[-6.71681077444509,55.1584203845091]},"properties":{"mark_type":"port","position_status":"Coordinates confirmed accurate by Clifton Taylor on 8 October 2026; not independently surveyed","classification_source":"User confirmation: all points in this export are port lateral markers","display_label_generated":true,"physical_structure":null,"body_colour":null,"light_characteristics":null,"gpx_display_colour_is_not_navigation_colour":true,"chart_update_status":"Latest TimeZero chart update, confirmed by Clifton Taylor on 8 October 2026","chart_edition":null,"chart_correction_date":null,"name":"Port lateral mark 345","structure":"Not specified in export","colour":"red","light":null,"wind_farm":null,"source_file":"TZiBoatData_2026-10-8_1920(1).gpx","source_sha256":"ef4169669b8aefad9dd9a7ff2c0b8b0754777db5cf3371475af4053278236492","source":"User-supplied TimeZero GPX export; classification confirmed by Clifton Taylor","raw_position":"55.158420385, -6.716810774","confirmed_on":"2026-10-08","cross_reference_id":"confirmed-a96bd8e12b7b91f74cb7","nearby_record_count":2,"colour_basis":"Port lateral classification; physical colour not exported separately","description_status":"Port lateral type and latest TimeZero chart update provenance confirmed by Clifton Taylor; light rhythm and physical structure not supplied"}},{"type":"Feature","id":"confirmed-67d8650485f29cfdf79d","geometry":{"type":"Point","coordinates":[-6.72092999781409,55.1596471030397]},"properties":{"mark_type":"port","position_status":"Coordinates confirmed accurate by Clifton Taylor on 8 October 2026; not independently surveyed","classification_source":"User confirmation: all points in this export are port lateral markers","display_label_generated":true,"physical_structure":null,"body_colour":null,"light_characteristics":null,"gpx_display_colour_is_not_navigation_colour":true,"chart_update_status":"Latest TimeZero chart update, confirmed by Clifton Taylor on 8 October 2026","chart_edition":null,"chart_correction_date":null,"name":"Port lateral mark 346","structure":"Not specified in export","colour":"red","light":null,"wind_farm":null,"source_file":"TZiBoatData_2026-10-8_1920(1).gpx","source_sha256":"ef4169669b8aefad9dd9a7ff2c0b8b0754777db5cf3371475af4053278236492","source":"User-supplied TimeZero GPX export; classification confirmed by Clifton Taylor","raw_position":"55.159647103, -6.720929998","confirmed_on":"2026-10-08","cross_reference_id":"confirmed-67d8650485f29cfdf79d","nearby_record_count":1,"colour_basis":"Port lateral classification; physical colour not exported separately","description_status":"Port lateral type and latest TimeZero chart update provenance confirmed by Clifton Taylor; light rhythm and physical structure not supplied"}},{"type":"Feature","id":"confirmed-9e0a3bc09251e471ec89","geometry":{"type":"Point","coordinates":[-6.72784131834711,55.1617856914488]},"properties":{"mark_type":"port","position_status":"Coordinates confirmed accurate by Clifton Taylor on 8 October 2026; not independently surveyed","classification_source":"User confirmation: all points in this export are port lateral markers","display_label_generated":true,"physical_structure":null,"body_colour":null,"light_characteristics":null,"gpx_display_colour_is_not_navigation_colour":true,"chart_update_status":"Latest TimeZero chart update, confirmed by Clifton Taylor on 8 October 2026","chart_edition":null,"chart_correction_date":null,"name":"Port lateral mark 347","structure":"Not specified in export","colour":"red","light":null,"wind_farm":null,"source_file":"TZiBoatData_2026-10-8_1920(1).gpx","source_sha256":"ef4169669b8aefad9dd9a7ff2c0b8b0754777db5cf3371475af4053278236492","source":"User-supplied TimeZero GPX export; classification confirmed by Clifton Taylor","raw_position":"55.161785691, -6.727841318","confirmed_on":"2026-10-08","cross_reference_id":"confirmed-9e0a3bc09251e471ec89","nearby_record_count":2,"colour_basis":"Port lateral classification; physical colour not exported separately","description_status":"Port lateral type and latest TimeZero chart update provenance confirmed by Clifton Taylor; light rhythm and physical structure not supplied"}},{"type":"Feature","id":"confirmed-e84bc85a1a2e446de858","geometry":{"type":"Point","coordinates":[-6.73764398302546,55.164110044052]},"properties":{"mark_type":"port","position_status":"Coordinates confirmed accurate by Clifton Taylor on 8 October 2026; not independently surveyed","classification_source":"User confirmation: all points in this export are port lateral markers","display_label_generated":true,"physical_structure":null,"body_colour":null,"light_characteristics":null,"gpx_display_colour_is_not_navigation_colour":true,"chart_update_status":"Latest TimeZero chart update, confirmed by Clifton Taylor on 8 October 2026","chart_edition":null,"chart_correction_date":null,"name":"Port lateral mark 348","structure":"Not specified in export","colour":"red","light":null,"wind_farm":null,"source_file":"TZiBoatData_2026-10-8_1920(1).gpx","source_sha256":"ef4169669b8aefad9dd9a7ff2c0b8b0754777db5cf3371475af4053278236492","source":"User-supplied TimeZero GPX export; classification confirmed by Clifton Taylor","raw_position":"55.164110044, -6.737643983","confirmed_on":"2026-10-08","cross_reference_id":"confirmed-e84bc85a1a2e446de858","nearby_record_count":2,"colour_basis":"Port lateral classification; physical colour not exported separately","description_status":"Port lateral type and latest TimeZero chart update provenance confirmed by Clifton Taylor; light rhythm and physical structure not supplied"}},{"type":"Feature","id":"confirmed-a5c4dd13f41344a714f2","geometry":{"type":"Point","coordinates":[-6.74586013356119,55.1648551483635]},"properties":{"mark_type":"port","position_status":"Coordinates confirmed accurate by Clifton Taylor on 8 October 2026; not independently surveyed","classification_source":"User confirmation: all points in this export are port lateral markers","display_label_generated":true,"physical_structure":null,"body_colour":null,"light_characteristics":null,"gpx_display_colour_is_not_navigation_colour":true,"chart_update_status":"Latest TimeZero chart update, confirmed by Clifton Taylor on 8 October 2026","chart_edition":null,"chart_correction_date":null,"name":"Port lateral mark 349","structure":"Not specified in export","colour":"red","light":null,"wind_farm":null,"source_file":"TZiBoatData_2026-10-8_1920(1).gpx","source_sha256":"ef4169669b8aefad9dd9a7ff2c0b8b0754777db5cf3371475af4053278236492","source":"User-supplied TimeZero GPX export; classification confirmed by Clifton Taylor","raw_position":"55.164855148, -6.745860134","confirmed_on":"2026-10-08","cross_reference_id":"confirmed-a5c4dd13f41344a714f2","nearby_record_count":2,"colour_basis":"Port lateral classification; physical colour not exported separately","description_status":"Port lateral type and latest TimeZero chart update provenance confirmed by Clifton Taylor; light rhythm and physical structure not supplied"}},{"type":"Feature","id":"confirmed-eb144f79997cbe75b3c8","geometry":{"type":"Point","coordinates":[-6.7529774993789,55.163210954172]},"properties":{"mark_type":"port","position_status":"Coordinates confirmed accurate by Clifton Taylor on 8 October 2026; not independently surveyed","classification_source":"User confirmation: all points in this export are port lateral markers","display_label_generated":true,"physical_structure":null,"body_colour":null,"light_characteristics":null,"gpx_display_colour_is_not_navigation_colour":true,"chart_update_status":"Latest TimeZero chart update, confirmed by Clifton Taylor on 8 October 2026","chart_edition":null,"chart_correction_date":null,"name":"Port lateral mark 350","structure":"Not specified in export","colour":"red","light":null,"wind_farm":null,"source_file":"TZiBoatData_2026-10-8_1920(1).gpx","source_sha256":"ef4169669b8aefad9dd9a7ff2c0b8b0754777db5cf3371475af4053278236492","source":"User-supplied TimeZero GPX export; classification confirmed by Clifton Taylor","raw_position":"55.163210954, -6.752977499","confirmed_on":"2026-10-08","cross_reference_id":"confirmed-eb144f79997cbe75b3c8","nearby_record_count":1,"colour_basis":"Port lateral classification; physical colour not exported separately","description_status":"Port lateral type and latest TimeZero chart update provenance confirmed by Clifton Taylor; light rhythm and physical structure not supplied"}},{"type":"Feature","id":"confirmed-616ae23ce824cb921c3d","geometry":{"type":"Point","coordinates":[-6.75514928883106,55.1626189956819]},"properties":{"mark_type":"port","position_status":"Coordinates confirmed accurate by Clifton Taylor on 8 October 2026; not independently surveyed","classification_source":"User confirmation: all points in this export are port lateral markers","display_label_generated":true,"physical_structure":null,"body_colour":null,"light_characteristics":null,"gpx_display_colour_is_not_navigation_colour":true,"chart_update_status":"Latest TimeZero chart update, confirmed by Clifton Taylor on 8 October 2026","chart_edition":null,"chart_correction_date":null,"name":"Port lateral mark 351","structure":"Not specified in export","colour":"red","light":null,"wind_farm":null,"source_file":"TZiBoatData_2026-10-8_1920(1).gpx","source_sha256":"ef4169669b8aefad9dd9a7ff2c0b8b0754777db5cf3371475af4053278236492","source":"User-supplied TimeZero GPX export; classification confirmed by Clifton Taylor","raw_position":"55.162618996, -6.755149289","confirmed_on":"2026-10-08","cross_reference_id":"confirmed-616ae23ce824cb921c3d","nearby_record_count":2,"colour_basis":"Port lateral classification; physical colour not exported separately","description_status":"Port lateral type and latest TimeZero chart update provenance confirmed by Clifton Taylor; light rhythm and physical structure not supplied"}},{"type":"Feature","id":"confirmed-63d733bd1e53077ac808","geometry":{"type":"Point","coordinates":[-6.75748899655655,55.1624885562026]},"properties":{"mark_type":"port","position_status":"Coordinates confirmed accurate by Clifton Taylor on 8 October 2026; not independently surveyed","classification_source":"User confirmation: all points in this export are port lateral markers","display_label_generated":true,"physical_structure":null,"body_colour":null,"light_characteristics":null,"gpx_display_colour_is_not_navigation_colour":true,"chart_update_status":"Latest TimeZero chart update, confirmed by Clifton Taylor on 8 October 2026","chart_edition":null,"chart_correction_date":null,"name":"Port lateral mark 352","structure":"Not specified in export","colour":"red","light":null,"wind_farm":null,"source_file":"TZiBoatData_2026-10-8_1920(1).gpx","source_sha256":"ef4169669b8aefad9dd9a7ff2c0b8b0754777db5cf3371475af4053278236492","source":"User-supplied TimeZero GPX export; classification confirmed by Clifton Taylor","raw_position":"55.162488556, -6.757488997","confirmed_on":"2026-10-08","cross_reference_id":"confirmed-63d733bd1e53077ac808","nearby_record_count":2,"colour_basis":"Port lateral classification; physical colour not exported separately","description_status":"Port lateral type and latest TimeZero chart update provenance confirmed by Clifton Taylor; light rhythm and physical structure not supplied"}},{"type":"Feature","id":"confirmed-e794ec237089c8b59429","geometry":{"type":"Point","coordinates":[-6.75948729368481,55.1629815912492]},"properties":{"mark_type":"port","position_status":"Coordinates confirmed accurate by Clifton Taylor on 8 October 2026; not independently surveyed","classification_source":"User confirmation: all points in this export are port lateral markers","display_label_generated":true,"physical_structure":null,"body_colour":null,"light_characteristics":null,"gpx_display_colour_is_not_navigation_colour":true,"chart_update_status":"Latest TimeZero chart update, confirmed by Clifton Taylor on 8 October 2026","chart_edition":null,"chart_correction_date":null,"name":"Port lateral mark 353","structure":"Not specified in export","colour":"red","light":null,"wind_farm":null,"source_file":"TZiBoatData_2026-10-8_1920(1).gpx","source_sha256":"ef4169669b8aefad9dd9a7ff2c0b8b0754777db5cf3371475af4053278236492","source":"User-supplied TimeZero GPX export; classification confirmed by Clifton Taylor","raw_position":"55.162981591, -6.759487294","confirmed_on":"2026-10-08","cross_reference_id":"confirmed-e794ec237089c8b59429","nearby_record_count":1,"colour_basis":"Port lateral classification; physical colour not exported separately","description_status":"Port lateral type and latest TimeZero chart update provenance confirmed by Clifton Taylor; light rhythm and physical structure not supplied"}},{"type":"Feature","id":"confirmed-53d189db53f93f360e79","geometry":{"type":"Point","coordinates":[-6.76256416959779,55.1638846751647]},"properties":{"mark_type":"port","position_status":"Coordinates confirmed accurate by Clifton Taylor on 8 October 2026; not independently surveyed","classification_source":"User confirmation: all points in this export are port lateral markers","display_label_generated":true,"physical_structure":null,"body_colour":null,"light_characteristics":null,"gpx_display_colour_is_not_navigation_colour":true,"chart_update_status":"Latest TimeZero chart update, confirmed by Clifton Taylor on 8 October 2026","chart_edition":null,"chart_correction_date":null,"name":"Port lateral mark 354","structure":"Not specified in export","colour":"red","light":null,"wind_farm":null,"source_file":"TZiBoatData_2026-10-8_1920(1).gpx","source_sha256":"ef4169669b8aefad9dd9a7ff2c0b8b0754777db5cf3371475af4053278236492","source":"User-supplied TimeZero GPX export; classification confirmed by Clifton Taylor","raw_position":"55.163884675, -6.762564170","confirmed_on":"2026-10-08","cross_reference_id":"confirmed-53d189db53f93f360e79","nearby_record_count":1,"colour_basis":"Port lateral classification; physical colour not exported separately","description_status":"Port lateral type and latest TimeZero chart update provenance confirmed by Clifton Taylor; light rhythm and physical structure not supplied"}},{"type":"Feature","id":"confirmed-3d27ae0f4e5667e3061b","geometry":{"type":"Point","coordinates":[-6.76565080009925,55.1649129851047]},"properties":{"mark_type":"port","position_status":"Coordinates confirmed accurate by Clifton Taylor on 8 October 2026; not independently surveyed","classification_source":"User confirmation: all points in this export are port lateral markers","display_label_generated":true,"physical_structure":null,"body_colour":null,"light_characteristics":null,"gpx_display_colour_is_not_navigation_colour":true,"chart_update_status":"Latest TimeZero chart update, confirmed by Clifton Taylor on 8 October 2026","chart_edition":null,"chart_correction_date":null,"name":"Port lateral mark 355","structure":"Not specified in export","colour":"red","light":null,"wind_farm":null,"source_file":"TZiBoatData_2026-10-8_1920(1).gpx","source_sha256":"ef4169669b8aefad9dd9a7ff2c0b8b0754777db5cf3371475af4053278236492","source":"User-supplied TimeZero GPX export; classification confirmed by Clifton Taylor","raw_position":"55.164912985, -6.765650800","confirmed_on":"2026-10-08","cross_reference_id":"confirmed-3d27ae0f4e5667e3061b","nearby_record_count":2,"colour_basis":"Port lateral classification; physical colour not exported separately","description_status":"Port lateral type and latest TimeZero chart update provenance confirmed by Clifton Taylor; light rhythm and physical structure not supplied"}},{"type":"Feature","id":"confirmed-25a7f8fa2ad6b5486010","geometry":{"type":"Point","coordinates":[-6.77026143126072,55.1659855422286]},"properties":{"mark_type":"port","position_status":"Coordinates confirmed accurate by Clifton Taylor on 8 October 2026; not independently surveyed","classification_source":"User confirmation: all points in this export are port lateral markers","display_label_generated":true,"physical_structure":null,"body_colour":null,"light_characteristics":null,"gpx_display_colour_is_not_navigation_colour":true,"chart_update_status":"Latest TimeZero chart update, confirmed by Clifton Taylor on 8 October 2026","chart_edition":null,"chart_correction_date":null,"name":"Port lateral mark 356","structure":"Not specified in export","colour":"red","light":null,"wind_farm":null,"source_file":"TZiBoatData_2026-10-8_1920(1).gpx","source_sha256":"ef4169669b8aefad9dd9a7ff2c0b8b0754777db5cf3371475af4053278236492","source":"User-supplied TimeZero GPX export; classification confirmed by Clifton Taylor","raw_position":"55.165985542, -6.770261431","confirmed_on":"2026-10-08","cross_reference_id":"confirmed-25a7f8fa2ad6b5486010","nearby_record_count":3,"colour_basis":"Port lateral classification; physical colour not exported separately","description_status":"Port lateral type and latest TimeZero chart update provenance confirmed by Clifton Taylor; light rhythm and physical structure not supplied"}},{"type":"Feature","id":"confirmed-60e5df81965155541666","geometry":{"type":"Point","coordinates":[-6.76796492242712,55.1657039439445]},"properties":{"mark_type":"port","position_status":"Coordinates confirmed accurate by Clifton Taylor on 8 October 2026; not independently surveyed","classification_source":"User confirmation: all points in this export are port lateral markers","display_label_generated":true,"physical_structure":null,"body_colour":null,"light_characteristics":null,"gpx_display_colour_is_not_navigation_colour":true,"chart_update_status":"Latest TimeZero chart update, confirmed by Clifton Taylor on 8 October 2026","chart_edition":null,"chart_correction_date":null,"name":"Port lateral mark 357","structure":"Not specified in export","colour":"red","light":null,"wind_farm":null,"source_file":"TZiBoatData_2026-10-8_1920(1).gpx","source_sha256":"ef4169669b8aefad9dd9a7ff2c0b8b0754777db5cf3371475af4053278236492","source":"User-supplied TimeZero GPX export; classification confirmed by Clifton Taylor","raw_position":"55.165703944, -6.767964922","confirmed_on":"2026-10-08","cross_reference_id":"confirmed-60e5df81965155541666","nearby_record_count":2,"colour_basis":"Port lateral classification; physical colour not exported separately","description_status":"Port lateral type and latest TimeZero chart update provenance confirmed by Clifton Taylor; light rhythm and physical structure not supplied"}},{"type":"Feature","id":"confirmed-f97f208df914d2882112","geometry":{"type":"Point","coordinates":[-5.05483350960194,54.9984165848214]},"properties":{"mark_type":"port","position_status":"Coordinates confirmed accurate by Clifton Taylor on 8 October 2026; not independently surveyed","classification_source":"User confirmation: all points in this export are port lateral markers","display_label_generated":true,"physical_structure":null,"body_colour":null,"light_characteristics":null,"gpx_display_colour_is_not_navigation_colour":true,"chart_update_status":"Latest TimeZero chart update, confirmed by Clifton Taylor on 8 October 2026","chart_edition":null,"chart_correction_date":null,"name":"Port lateral mark 358","structure":"Not specified in export","colour":"red","light":null,"wind_farm":null,"source_file":"TZiBoatData_2026-10-8_1920(1).gpx","source_sha256":"ef4169669b8aefad9dd9a7ff2c0b8b0754777db5cf3371475af4053278236492","source":"User-supplied TimeZero GPX export; classification confirmed by Clifton Taylor","raw_position":"54.998416585, -5.054833510","confirmed_on":"2026-10-08","cross_reference_id":"confirmed-f97f208df914d2882112","nearby_record_count":1,"colour_basis":"Port lateral classification; physical colour not exported separately","description_status":"Port lateral type and latest TimeZero chart update provenance confirmed by Clifton Taylor; light rhythm and physical structure not supplied"}},{"type":"Feature","id":"confirmed-dbcdbfbef202d7bcdd29","geometry":{"type":"Point","coordinates":[-5.05175016829583,54.9963332960329]},"properties":{"mark_type":"port","position_status":"Coordinates confirmed accurate by Clifton Taylor on 8 October 2026; not independently surveyed","classification_source":"User confirmation: all points in this export are port lateral markers","display_label_generated":true,"physical_structure":null,"body_colour":null,"light_characteristics":null,"gpx_display_colour_is_not_navigation_colour":true,"chart_update_status":"Latest TimeZero chart update, confirmed by Clifton Taylor on 8 October 2026","chart_edition":null,"chart_correction_date":null,"name":"Port lateral mark 359","structure":"Not specified in export","colour":"red","light":null,"wind_farm":null,"source_file":"TZiBoatData_2026-10-8_1920(1).gpx","source_sha256":"ef4169669b8aefad9dd9a7ff2c0b8b0754777db5cf3371475af4053278236492","source":"User-supplied TimeZero GPX export; classification confirmed by Clifton Taylor","raw_position":"54.996333296, -5.051750168","confirmed_on":"2026-10-08","cross_reference_id":"confirmed-dbcdbfbef202d7bcdd29","nearby_record_count":1,"colour_basis":"Port lateral classification; physical colour not exported separately","description_status":"Port lateral type and latest TimeZero chart update provenance confirmed by Clifton Taylor; light rhythm and physical structure not supplied"}},{"type":"Feature","id":"confirmed-165ce485ec5a63a549de","geometry":{"type":"Point","coordinates":[-5.02754973100297,54.9087832501947]},"properties":{"mark_type":"port","position_status":"Coordinates confirmed accurate by Clifton Taylor on 8 October 2026; not independently surveyed","classification_source":"User confirmation: all points in this export are port lateral markers","display_label_generated":true,"physical_structure":null,"body_colour":null,"light_characteristics":null,"gpx_display_colour_is_not_navigation_colour":true,"chart_update_status":"Latest TimeZero chart update, confirmed by Clifton Taylor on 8 October 2026","chart_edition":null,"chart_correction_date":null,"name":"Port lateral mark 360","structure":"Not specified in export","colour":"red","light":null,"wind_farm":null,"source_file":"TZiBoatData_2026-10-8_1920(1).gpx","source_sha256":"ef4169669b8aefad9dd9a7ff2c0b8b0754777db5cf3371475af4053278236492","source":"User-supplied TimeZero GPX export; classification confirmed by Clifton Taylor","raw_position":"54.908783250, -5.027549731","confirmed_on":"2026-10-08","cross_reference_id":"confirmed-165ce485ec5a63a549de","nearby_record_count":7,"colour_basis":"Port lateral classification; physical colour not exported separately","description_status":"Port lateral type and latest TimeZero chart update provenance confirmed by Clifton Taylor; light rhythm and physical structure not supplied"}},{"type":"Feature","id":"confirmed-cd9cb6c7f2b507c6e5ce","geometry":{"type":"Point","coordinates":[-5.02811689064816,54.9078667446481]},"properties":{"mark_type":"port","position_status":"Coordinates confirmed accurate by Clifton Taylor on 8 October 2026; not independently surveyed","classification_source":"User confirmation: all points in this export are port lateral markers","display_label_generated":true,"physical_structure":null,"body_colour":null,"light_characteristics":null,"gpx_display_colour_is_not_navigation_colour":true,"chart_update_status":"Latest TimeZero chart update, confirmed by Clifton Taylor on 8 October 2026","chart_edition":null,"chart_correction_date":null,"name":"Port lateral mark 361","structure":"Not specified in export","colour":"red","light":null,"wind_farm":null,"source_file":"TZiBoatData_2026-10-8_1920(1).gpx","source_sha256":"ef4169669b8aefad9dd9a7ff2c0b8b0754777db5cf3371475af4053278236492","source":"User-supplied TimeZero GPX export; classification confirmed by Clifton Taylor","raw_position":"54.907866745, -5.028116891","confirmed_on":"2026-10-08","cross_reference_id":"confirmed-cd9cb6c7f2b507c6e5ce","nearby_record_count":1,"colour_basis":"Port lateral classification; physical colour not exported separately","description_status":"Port lateral type and latest TimeZero chart update provenance confirmed by Clifton Taylor; light rhythm and physical structure not supplied"}},{"type":"Feature","id":"confirmed-3080e12da71e5698d58b","geometry":{"type":"Point","coordinates":[-5.02888332260112,54.9071834666922]},"properties":{"mark_type":"port","position_status":"Coordinates confirmed accurate by Clifton Taylor on 8 October 2026; not independently surveyed","classification_source":"User confirmation: all points in this export are port lateral markers","display_label_generated":true,"physical_structure":null,"body_colour":null,"light_characteristics":null,"gpx_display_colour_is_not_navigation_colour":true,"chart_update_status":"Latest TimeZero chart update, confirmed by Clifton Taylor on 8 October 2026","chart_edition":null,"chart_correction_date":null,"name":"Port lateral mark 362","structure":"Not specified in export","colour":"red","light":null,"wind_farm":null,"source_file":"TZiBoatData_2026-10-8_1920(1).gpx","source_sha256":"ef4169669b8aefad9dd9a7ff2c0b8b0754777db5cf3371475af4053278236492","source":"User-supplied TimeZero GPX export; classification confirmed by Clifton Taylor","raw_position":"54.907183467, -5.028883323","confirmed_on":"2026-10-08","cross_reference_id":"confirmed-3080e12da71e5698d58b","nearby_record_count":2,"colour_basis":"Port lateral classification; physical colour not exported separately","description_status":"Port lateral type and latest TimeZero chart update provenance confirmed by Clifton Taylor; light rhythm and physical structure not supplied"}},{"type":"Feature","id":"confirmed-138d575802e6bc75f89e","geometry":{"type":"Point","coordinates":[-5.02876696429553,54.9067832097412]},"properties":{"mark_type":"port","position_status":"Coordinates confirmed accurate by Clifton Taylor on 8 October 2026; not independently surveyed","classification_source":"User confirmation: all points in this export are port lateral markers","display_label_generated":true,"physical_structure":null,"body_colour":null,"light_characteristics":null,"gpx_display_colour_is_not_navigation_colour":true,"chart_update_status":"Latest TimeZero chart update, confirmed by Clifton Taylor on 8 October 2026","chart_edition":null,"chart_correction_date":null,"name":"Port lateral mark 363","structure":"Not specified in export","colour":"red","light":null,"wind_farm":null,"source_file":"TZiBoatData_2026-10-8_1920(1).gpx","source_sha256":"ef4169669b8aefad9dd9a7ff2c0b8b0754777db5cf3371475af4053278236492","source":"User-supplied TimeZero GPX export; classification confirmed by Clifton Taylor","raw_position":"54.906783210, -5.028766964","confirmed_on":"2026-10-08","cross_reference_id":"confirmed-138d575802e6bc75f89e","nearby_record_count":2,"colour_basis":"Port lateral classification; physical colour not exported separately","description_status":"Port lateral type and latest TimeZero chart update provenance confirmed by Clifton Taylor; light rhythm and physical structure not supplied"}},{"type":"Feature","id":"confirmed-0aa938279dfba0fbb954","geometry":{"type":"Point","coordinates":[-4.64900027059669,55.4706667631596]},"properties":{"mark_type":"port","position_status":"Coordinates confirmed accurate by Clifton Taylor on 8 October 2026; not independently surveyed","classification_source":"User confirmation: all points in this export are port lateral markers","display_label_generated":true,"physical_structure":null,"body_colour":null,"light_characteristics":null,"gpx_display_colour_is_not_navigation_colour":true,"chart_update_status":"Latest TimeZero chart update, confirmed by Clifton Taylor on 8 October 2026","chart_edition":null,"chart_correction_date":null,"name":"Port lateral mark 364","structure":"Not specified in export","colour":"red","light":null,"wind_farm":null,"source_file":"TZiBoatData_2026-10-8_1920(1).gpx","source_sha256":"ef4169669b8aefad9dd9a7ff2c0b8b0754777db5cf3371475af4053278236492","source":"User-supplied TimeZero GPX export; classification confirmed by Clifton Taylor","raw_position":"55.470666763, -4.649000271","confirmed_on":"2026-10-08","cross_reference_id":"confirmed-0aa938279dfba0fbb954","nearby_record_count":0,"colour_basis":"Port lateral classification; physical colour not exported separately","description_status":"Port lateral type and latest TimeZero chart update provenance confirmed by Clifton Taylor; light rhythm and physical structure not supplied"}},{"type":"Feature","id":"confirmed-e8687166f85ff2d676f5","geometry":{"type":"Point","coordinates":[-4.67816668477467,55.5552998354077]},"properties":{"mark_type":"port","position_status":"Coordinates confirmed accurate by Clifton Taylor on 8 October 2026; not independently surveyed","classification_source":"User confirmation: all points in this export are port lateral markers","display_label_generated":true,"physical_structure":null,"body_colour":null,"light_characteristics":null,"gpx_display_colour_is_not_navigation_colour":true,"chart_update_status":"Latest TimeZero chart update, confirmed by Clifton Taylor on 8 October 2026","chart_edition":null,"chart_correction_date":null,"name":"Port lateral mark 365","structure":"Not specified in export","colour":"red","light":null,"wind_farm":null,"source_file":"TZiBoatData_2026-10-8_1920(1).gpx","source_sha256":"ef4169669b8aefad9dd9a7ff2c0b8b0754777db5cf3371475af4053278236492","source":"User-supplied TimeZero GPX export; classification confirmed by Clifton Taylor","raw_position":"55.555299835, -4.678166685","confirmed_on":"2026-10-08","cross_reference_id":"confirmed-e8687166f85ff2d676f5","nearby_record_count":3,"colour_basis":"Port lateral classification; physical colour not exported separately","description_status":"Port lateral type and latest TimeZero chart update provenance confirmed by Clifton Taylor; light rhythm and physical structure not supplied"}},{"type":"Feature","id":"confirmed-f1192c0406663f4873fe","geometry":{"type":"Point","coordinates":[-4.83149755477358,55.641088267126]},"properties":{"mark_type":"port","position_status":"Coordinates confirmed accurate by Clifton Taylor on 8 October 2026; not independently surveyed","classification_source":"User confirmation: all points in this export are port lateral markers","display_label_generated":true,"physical_structure":null,"body_colour":null,"light_characteristics":null,"gpx_display_colour_is_not_navigation_colour":true,"chart_update_status":"Latest TimeZero chart update, confirmed by Clifton Taylor on 8 October 2026","chart_edition":null,"chart_correction_date":null,"name":"Port lateral mark 366","structure":"Not specified in export","colour":"red","light":null,"wind_farm":null,"source_file":"TZiBoatData_2026-10-8_1920(1).gpx","source_sha256":"ef4169669b8aefad9dd9a7ff2c0b8b0754777db5cf3371475af4053278236492","source":"User-supplied TimeZero GPX export; classification confirmed by Clifton Taylor","raw_position":"55.641088267, -4.831497555","confirmed_on":"2026-10-08","cross_reference_id":"confirmed-f1192c0406663f4873fe","nearby_record_count":8,"colour_basis":"Port lateral classification; physical colour not exported separately","description_status":"Port lateral type and latest TimeZero chart update provenance confirmed by Clifton Taylor; light rhythm and physical structure not supplied"}},{"type":"Feature","id":"confirmed-30e80609d2330cac885c","geometry":{"type":"Point","coordinates":[-4.82339218849287,55.6432654767381]},"properties":{"mark_type":"port","position_status":"Coordinates confirmed accurate by Clifton Taylor on 8 October 2026; not independently surveyed","classification_source":"User confirmation: all points in this export are port lateral markers","display_label_generated":true,"physical_structure":null,"body_colour":null,"light_characteristics":null,"gpx_display_colour_is_not_navigation_colour":true,"chart_update_status":"Latest TimeZero chart update, confirmed by Clifton Taylor on 8 October 2026","chart_edition":null,"chart_correction_date":null,"name":"Port lateral mark 367","structure":"Not specified in export","colour":"red","light":null,"wind_farm":null,"source_file":"TZiBoatData_2026-10-8_1920(1).gpx","source_sha256":"ef4169669b8aefad9dd9a7ff2c0b8b0754777db5cf3371475af4053278236492","source":"User-supplied TimeZero GPX export; classification confirmed by Clifton Taylor","raw_position":"55.643265477, -4.823392188","confirmed_on":"2026-10-08","cross_reference_id":"confirmed-30e80609d2330cac885c","nearby_record_count":1,"colour_basis":"Port lateral classification; physical colour not exported separately","description_status":"Port lateral type and latest TimeZero chart update provenance confirmed by Clifton Taylor; light rhythm and physical structure not supplied"}},{"type":"Feature","id":"confirmed-3ea06151e78831b34f87","geometry":{"type":"Point","coordinates":[-4.92690428479308,55.7088320503312]},"properties":{"mark_type":"port","position_status":"Coordinates confirmed accurate by Clifton Taylor on 8 October 2026; not independently surveyed","classification_source":"User confirmation: all points in this export are port lateral markers","display_label_generated":true,"physical_structure":null,"body_colour":null,"light_characteristics":null,"gpx_display_colour_is_not_navigation_colour":true,"chart_update_status":"Latest TimeZero chart update, confirmed by Clifton Taylor on 8 October 2026","chart_edition":null,"chart_correction_date":null,"name":"Port lateral mark 368","structure":"Not specified in export","colour":"red","light":null,"wind_farm":null,"source_file":"TZiBoatData_2026-10-8_1920(1).gpx","source_sha256":"ef4169669b8aefad9dd9a7ff2c0b8b0754777db5cf3371475af4053278236492","source":"User-supplied TimeZero GPX export; classification confirmed by Clifton Taylor","raw_position":"55.708832050, -4.926904285","confirmed_on":"2026-10-08","cross_reference_id":"confirmed-3ea06151e78831b34f87","nearby_record_count":5,"colour_basis":"Port lateral classification; physical colour not exported separately","description_status":"Port lateral type and latest TimeZero chart update provenance confirmed by Clifton Taylor; light rhythm and physical structure not supplied"}},{"type":"Feature","id":"confirmed-c9e26c8be052835bab18","geometry":{"type":"Point","coordinates":[-4.92718438083407,55.7242876865381]},"properties":{"mark_type":"port","position_status":"Coordinates confirmed accurate by Clifton Taylor on 8 October 2026; not independently surveyed","classification_source":"User confirmation: all points in this export are port lateral markers","display_label_generated":true,"physical_structure":null,"body_colour":null,"light_characteristics":null,"gpx_display_colour_is_not_navigation_colour":true,"chart_update_status":"Latest TimeZero chart update, confirmed by Clifton Taylor on 8 October 2026","chart_edition":null,"chart_correction_date":null,"name":"Port lateral mark 369","structure":"Not specified in export","colour":"red","light":null,"wind_farm":null,"source_file":"TZiBoatData_2026-10-8_1920(1).gpx","source_sha256":"ef4169669b8aefad9dd9a7ff2c0b8b0754777db5cf3371475af4053278236492","source":"User-supplied TimeZero GPX export; classification confirmed by Clifton Taylor","raw_position":"55.724287687, -4.927184381","confirmed_on":"2026-10-08","cross_reference_id":"confirmed-c9e26c8be052835bab18","nearby_record_count":4,"colour_basis":"Port lateral classification; physical colour not exported separately","description_status":"Port lateral type and latest TimeZero chart update provenance confirmed by Clifton Taylor; light rhythm and physical structure not supplied"}},{"type":"Feature","id":"confirmed-df2b88b7ba8281b19641","geometry":{"type":"Point","coordinates":[-4.9072715873536,55.7444335133809]},"properties":{"mark_type":"port","position_status":"Coordinates confirmed accurate by Clifton Taylor on 8 October 2026; not independently surveyed","classification_source":"User confirmation: all points in this export are port lateral markers","display_label_generated":true,"physical_structure":null,"body_colour":null,"light_characteristics":null,"gpx_display_colour_is_not_navigation_colour":true,"chart_update_status":"Latest TimeZero chart update, confirmed by Clifton Taylor on 8 October 2026","chart_edition":null,"chart_correction_date":null,"name":"Port lateral mark 370","structure":"Not specified in export","colour":"red","light":null,"wind_farm":null,"source_file":"TZiBoatData_2026-10-8_1920(1).gpx","source_sha256":"ef4169669b8aefad9dd9a7ff2c0b8b0754777db5cf3371475af4053278236492","source":"User-supplied TimeZero GPX export; classification confirmed by Clifton Taylor","raw_position":"55.744433513, -4.907271587","confirmed_on":"2026-10-08","cross_reference_id":"confirmed-df2b88b7ba8281b19641","nearby_record_count":4,"colour_basis":"Port lateral classification; physical colour not exported separately","description_status":"Port lateral type and latest TimeZero chart update provenance confirmed by Clifton Taylor; light rhythm and physical structure not supplied"}},{"type":"Feature","id":"confirmed-75198965252bcdf8bafc","geometry":{"type":"Point","coordinates":[-4.89893071743644,55.7495524089594]},"properties":{"mark_type":"port","position_status":"Coordinates confirmed accurate by Clifton Taylor on 8 October 2026; not independently surveyed","classification_source":"User confirmation: all points in this export are port lateral markers","display_label_generated":true,"physical_structure":null,"body_colour":null,"light_characteristics":null,"gpx_display_colour_is_not_navigation_colour":true,"chart_update_status":"Latest TimeZero chart update, confirmed by Clifton Taylor on 8 October 2026","chart_edition":null,"chart_correction_date":null,"name":"Port lateral mark 371","structure":"Not specified in export","colour":"red","light":null,"wind_farm":null,"source_file":"TZiBoatData_2026-10-8_1920(1).gpx","source_sha256":"ef4169669b8aefad9dd9a7ff2c0b8b0754777db5cf3371475af4053278236492","source":"User-supplied TimeZero GPX export; classification confirmed by Clifton Taylor","raw_position":"55.749552409, -4.898930717","confirmed_on":"2026-10-08","cross_reference_id":"confirmed-75198965252bcdf8bafc","nearby_record_count":4,"colour_basis":"Port lateral classification; physical colour not exported separately","description_status":"Port lateral type and latest TimeZero chart update provenance confirmed by Clifton Taylor; light rhythm and physical structure not supplied"}},{"type":"Feature","id":"confirmed-885b06f0fe441ffb3894","geometry":{"type":"Point","coordinates":[-4.8920293460782,55.7933961683693]},"properties":{"mark_type":"port","position_status":"Coordinates confirmed accurate by Clifton Taylor on 8 October 2026; not independently surveyed","classification_source":"User confirmation: all points in this export are port lateral markers","display_label_generated":true,"physical_structure":null,"body_colour":null,"light_characteristics":null,"gpx_display_colour_is_not_navigation_colour":true,"chart_update_status":"Latest TimeZero chart update, confirmed by Clifton Taylor on 8 October 2026","chart_edition":null,"chart_correction_date":null,"name":"Port lateral mark 372","structure":"Not specified in export","colour":"red","light":null,"wind_farm":null,"source_file":"TZiBoatData_2026-10-8_1920(1).gpx","source_sha256":"ef4169669b8aefad9dd9a7ff2c0b8b0754777db5cf3371475af4053278236492","source":"User-supplied TimeZero GPX export; classification confirmed by Clifton Taylor","raw_position":"55.793396168, -4.892029346","confirmed_on":"2026-10-08","cross_reference_id":"confirmed-885b06f0fe441ffb3894","nearby_record_count":3,"colour_basis":"Port lateral classification; physical colour not exported separately","description_status":"Port lateral type and latest TimeZero chart update provenance confirmed by Clifton Taylor; light rhythm and physical structure not supplied"}},{"type":"Feature","id":"confirmed-4be790004718ca61bd68","geometry":{"type":"Point","coordinates":[-4.93802033513628,55.797439862202]},"properties":{"mark_type":"port","position_status":"Coordinates confirmed accurate by Clifton Taylor on 8 October 2026; not independently surveyed","classification_source":"User confirmation: all points in this export are port lateral markers","display_label_generated":true,"physical_structure":null,"body_colour":null,"light_characteristics":null,"gpx_display_colour_is_not_navigation_colour":true,"chart_update_status":"Latest TimeZero chart update, confirmed by Clifton Taylor on 8 October 2026","chart_edition":null,"chart_correction_date":null,"name":"Port lateral mark 373","structure":"Not specified in export","colour":"red","light":null,"wind_farm":null,"source_file":"TZiBoatData_2026-10-8_1920(1).gpx","source_sha256":"ef4169669b8aefad9dd9a7ff2c0b8b0754777db5cf3371475af4053278236492","source":"User-supplied TimeZero GPX export; classification confirmed by Clifton Taylor","raw_position":"55.797439862, -4.938020335","confirmed_on":"2026-10-08","cross_reference_id":"confirmed-4be790004718ca61bd68","nearby_record_count":6,"colour_basis":"Port lateral classification; physical colour not exported separately","description_status":"Port lateral type and latest TimeZero chart update provenance confirmed by Clifton Taylor; light rhythm and physical structure not supplied"}},{"type":"Feature","id":"confirmed-f5fcab27862cffb8bca4","geometry":{"type":"Point","coordinates":[-4.91609043210688,55.8104717538077]},"properties":{"mark_type":"port","position_status":"Coordinates confirmed accurate by Clifton Taylor on 8 October 2026; not independently surveyed","classification_source":"User confirmation: all points in this export are port lateral markers","display_label_generated":true,"physical_structure":null,"body_colour":null,"light_characteristics":null,"gpx_display_colour_is_not_navigation_colour":true,"chart_update_status":"Latest TimeZero chart update, confirmed by Clifton Taylor on 8 October 2026","chart_edition":null,"chart_correction_date":null,"name":"Port lateral mark 374","structure":"Not specified in export","colour":"red","light":null,"wind_farm":null,"source_file":"TZiBoatData_2026-10-8_1920(1).gpx","source_sha256":"ef4169669b8aefad9dd9a7ff2c0b8b0754777db5cf3371475af4053278236492","source":"User-supplied TimeZero GPX export; classification confirmed by Clifton Taylor","raw_position":"55.810471754, -4.916090432","confirmed_on":"2026-10-08","cross_reference_id":"confirmed-f5fcab27862cffb8bca4","nearby_record_count":4,"colour_basis":"Port lateral classification; physical colour not exported separately","description_status":"Port lateral type and latest TimeZero chart update provenance confirmed by Clifton Taylor; light rhythm and physical structure not supplied"}},{"type":"Feature","id":"confirmed-09c0b56d41cf1c47f1e8","geometry":{"type":"Point","coordinates":[-4.9347330388144,55.744216559492]},"properties":{"mark_type":"port","position_status":"Coordinates confirmed accurate by Clifton Taylor on 8 October 2026; not independently surveyed","classification_source":"User confirmation: all points in this export are port lateral markers","display_label_generated":true,"physical_structure":null,"body_colour":null,"light_characteristics":null,"gpx_display_colour_is_not_navigation_colour":true,"chart_update_status":"Latest TimeZero chart update, confirmed by Clifton Taylor on 8 October 2026","chart_edition":null,"chart_correction_date":null,"name":"Port lateral mark 375","structure":"Not specified in export","colour":"red","light":null,"wind_farm":null,"source_file":"TZiBoatData_2026-10-8_1920(1).gpx","source_sha256":"ef4169669b8aefad9dd9a7ff2c0b8b0754777db5cf3371475af4053278236492","source":"User-supplied TimeZero GPX export; classification confirmed by Clifton Taylor","raw_position":"55.744216559, -4.934733039","confirmed_on":"2026-10-08","cross_reference_id":"confirmed-09c0b56d41cf1c47f1e8","nearby_record_count":0,"colour_basis":"Port lateral classification; physical colour not exported separately","description_status":"Port lateral type and latest TimeZero chart update provenance confirmed by Clifton Taylor; light rhythm and physical structure not supplied"}},{"type":"Feature","id":"confirmed-6125277cc04367f9e9f8","geometry":{"type":"Point","coordinates":[-4.93425018668404,55.7488167443175]},"properties":{"mark_type":"port","position_status":"Coordinates confirmed accurate by Clifton Taylor on 8 October 2026; not independently surveyed","classification_source":"User confirmation: all points in this export are port lateral markers","display_label_generated":true,"physical_structure":null,"body_colour":null,"light_characteristics":null,"gpx_display_colour_is_not_navigation_colour":true,"chart_update_status":"Latest TimeZero chart update, confirmed by Clifton Taylor on 8 October 2026","chart_edition":null,"chart_correction_date":null,"name":"Port lateral mark 376","structure":"Not specified in export","colour":"red","light":null,"wind_farm":null,"source_file":"TZiBoatData_2026-10-8_1920(1).gpx","source_sha256":"ef4169669b8aefad9dd9a7ff2c0b8b0754777db5cf3371475af4053278236492","source":"User-supplied TimeZero GPX export; classification confirmed by Clifton Taylor","raw_position":"55.748816744, -4.934250187","confirmed_on":"2026-10-08","cross_reference_id":"confirmed-6125277cc04367f9e9f8","nearby_record_count":1,"colour_basis":"Port lateral classification; physical colour not exported separately","description_status":"Port lateral type and latest TimeZero chart update provenance confirmed by Clifton Taylor; light rhythm and physical structure not supplied"}},{"type":"Feature","id":"confirmed-210683cbe5f373844c6a","geometry":{"type":"Point","coordinates":[-4.89765495661292,55.7829321056185]},"properties":{"mark_type":"port","position_status":"Coordinates confirmed accurate by Clifton Taylor on 8 October 2026; not independently surveyed","classification_source":"User confirmation: all points in this export are port lateral markers","display_label_generated":true,"physical_structure":null,"body_colour":null,"light_characteristics":null,"gpx_display_colour_is_not_navigation_colour":true,"chart_update_status":"Latest TimeZero chart update, confirmed by Clifton Taylor on 8 October 2026","chart_edition":null,"chart_correction_date":null,"name":"Port lateral mark 377","structure":"Not specified in export","colour":"red","light":null,"wind_farm":null,"source_file":"TZiBoatData_2026-10-8_1920(1).gpx","source_sha256":"ef4169669b8aefad9dd9a7ff2c0b8b0754777db5cf3371475af4053278236492","source":"User-supplied TimeZero GPX export; classification confirmed by Clifton Taylor","raw_position":"55.782932106, -4.897654957","confirmed_on":"2026-10-08","cross_reference_id":"confirmed-210683cbe5f373844c6a","nearby_record_count":1,"colour_basis":"Port lateral classification; physical colour not exported separately","description_status":"Port lateral type and latest TimeZero chart update provenance confirmed by Clifton Taylor; light rhythm and physical structure not supplied"}},{"type":"Feature","id":"confirmed-81456177f154f271b233","geometry":{"type":"Point","coordinates":[-4.78774803079974,55.9716961324702]},"properties":{"mark_type":"port","position_status":"Coordinates confirmed accurate by Clifton Taylor on 8 October 2026; not independently surveyed","classification_source":"User confirmation: all points in this export are port lateral markers","display_label_generated":true,"physical_structure":null,"body_colour":null,"light_characteristics":null,"gpx_display_colour_is_not_navigation_colour":true,"chart_update_status":"Latest TimeZero chart update, confirmed by Clifton Taylor on 8 October 2026","chart_edition":null,"chart_correction_date":null,"name":"Port lateral mark 378","structure":"Not specified in export","colour":"red","light":null,"wind_farm":null,"source_file":"TZiBoatData_2026-10-8_1920(1).gpx","source_sha256":"ef4169669b8aefad9dd9a7ff2c0b8b0754777db5cf3371475af4053278236492","source":"User-supplied TimeZero GPX export; classification confirmed by Clifton Taylor","raw_position":"55.971696132, -4.787748031","confirmed_on":"2026-10-08","cross_reference_id":"confirmed-81456177f154f271b233","nearby_record_count":2,"colour_basis":"Port lateral classification; physical colour not exported separately","description_status":"Port lateral type and latest TimeZero chart update provenance confirmed by Clifton Taylor; light rhythm and physical structure not supplied"}},{"type":"Feature","id":"confirmed-9f1d3b81e6dd0f797f9a","geometry":{"type":"Point","coordinates":[-4.77889016769249,55.982410114332]},"properties":{"mark_type":"port","position_status":"Coordinates confirmed accurate by Clifton Taylor on 8 October 2026; not independently surveyed","classification_source":"User confirmation: all points in this export are port lateral markers","display_label_generated":true,"physical_structure":null,"body_colour":null,"light_characteristics":null,"gpx_display_colour_is_not_navigation_colour":true,"chart_update_status":"Latest TimeZero chart update, confirmed by Clifton Taylor on 8 October 2026","chart_edition":null,"chart_correction_date":null,"name":"Port lateral mark 379","structure":"Not specified in export","colour":"red","light":null,"wind_farm":null,"source_file":"TZiBoatData_2026-10-8_1920(1).gpx","source_sha256":"ef4169669b8aefad9dd9a7ff2c0b8b0754777db5cf3371475af4053278236492","source":"User-supplied TimeZero GPX export; classification confirmed by Clifton Taylor","raw_position":"55.982410114, -4.778890168","confirmed_on":"2026-10-08","cross_reference_id":"confirmed-9f1d3b81e6dd0f797f9a","nearby_record_count":2,"colour_basis":"Port lateral classification; physical colour not exported separately","description_status":"Port lateral type and latest TimeZero chart update provenance confirmed by Clifton Taylor; light rhythm and physical structure not supplied"}},{"type":"Feature","id":"confirmed-fb1d1771722d83066d6d","geometry":{"type":"Point","coordinates":[-4.76169004115543,55.9836401593457]},"properties":{"mark_type":"port","position_status":"Coordinates confirmed accurate by Clifton Taylor on 8 October 2026; not independently surveyed","classification_source":"User confirmation: all points in this export are port lateral markers","display_label_generated":true,"physical_structure":null,"body_colour":null,"light_characteristics":null,"gpx_display_colour_is_not_navigation_colour":true,"chart_update_status":"Latest TimeZero chart update, confirmed by Clifton Taylor on 8 October 2026","chart_edition":null,"chart_correction_date":null,"name":"Port lateral mark 380","structure":"Not specified in export","colour":"red","light":null,"wind_farm":null,"source_file":"TZiBoatData_2026-10-8_1920(1).gpx","source_sha256":"ef4169669b8aefad9dd9a7ff2c0b8b0754777db5cf3371475af4053278236492","source":"User-supplied TimeZero GPX export; classification confirmed by Clifton Taylor","raw_position":"55.983640159, -4.761690041","confirmed_on":"2026-10-08","cross_reference_id":"confirmed-fb1d1771722d83066d6d","nearby_record_count":2,"colour_basis":"Port lateral classification; physical colour not exported separately","description_status":"Port lateral type and latest TimeZero chart update provenance confirmed by Clifton Taylor; light rhythm and physical structure not supplied"}},{"type":"Feature","id":"confirmed-4c5b4f5dd46acaf2550e","geometry":{"type":"Point","coordinates":[-4.75888002291336,55.9898300212905]},"properties":{"mark_type":"port","position_status":"Coordinates confirmed accurate by Clifton Taylor on 8 October 2026; not independently surveyed","classification_source":"User confirmation: all points in this export are port lateral markers","display_label_generated":true,"physical_structure":null,"body_colour":null,"light_characteristics":null,"gpx_display_colour_is_not_navigation_colour":true,"chart_update_status":"Latest TimeZero chart update, confirmed by Clifton Taylor on 8 October 2026","chart_edition":null,"chart_correction_date":null,"name":"Port lateral mark 381","structure":"Not specified in export","colour":"red","light":null,"wind_farm":null,"source_file":"TZiBoatData_2026-10-8_1920(1).gpx","source_sha256":"ef4169669b8aefad9dd9a7ff2c0b8b0754777db5cf3371475af4053278236492","source":"User-supplied TimeZero GPX export; classification confirmed by Clifton Taylor","raw_position":"55.989830021, -4.758880023","confirmed_on":"2026-10-08","cross_reference_id":"confirmed-4c5b4f5dd46acaf2550e","nearby_record_count":2,"colour_basis":"Port lateral classification; physical colour not exported separately","description_status":"Port lateral type and latest TimeZero chart update provenance confirmed by Clifton Taylor; light rhythm and physical structure not supplied"}},{"type":"Feature","id":"confirmed-5244952ff4b06a639702","geometry":{"type":"Point","coordinates":[-4.75801674183179,55.995983354258]},"properties":{"mark_type":"port","position_status":"Coordinates confirmed accurate by Clifton Taylor on 8 October 2026; not independently surveyed","classification_source":"User confirmation: all points in this export are port lateral markers","display_label_generated":true,"physical_structure":null,"body_colour":null,"light_characteristics":null,"gpx_display_colour_is_not_navigation_colour":true,"chart_update_status":"Latest TimeZero chart update, confirmed by Clifton Taylor on 8 October 2026","chart_edition":null,"chart_correction_date":null,"name":"Port lateral mark 382","structure":"Not specified in export","colour":"red","light":null,"wind_farm":null,"source_file":"TZiBoatData_2026-10-8_1920(1).gpx","source_sha256":"ef4169669b8aefad9dd9a7ff2c0b8b0754777db5cf3371475af4053278236492","source":"User-supplied TimeZero GPX export; classification confirmed by Clifton Taylor","raw_position":"55.995983354, -4.758016742","confirmed_on":"2026-10-08","cross_reference_id":"confirmed-5244952ff4b06a639702","nearby_record_count":1,"colour_basis":"Port lateral classification; physical colour not exported separately","description_status":"Port lateral type and latest TimeZero chart update provenance confirmed by Clifton Taylor; light rhythm and physical structure not supplied"}},{"type":"Feature","id":"confirmed-8e69d8306487f6d1db4d","geometry":{"type":"Point","coordinates":[-4.7693167358437,56.0026834598973]},"properties":{"mark_type":"port","position_status":"Coordinates confirmed accurate by Clifton Taylor on 8 October 2026; not independently surveyed","classification_source":"User confirmation: all points in this export are port lateral markers","display_label_generated":true,"physical_structure":null,"body_colour":null,"light_characteristics":null,"gpx_display_colour_is_not_navigation_colour":true,"chart_update_status":"Latest TimeZero chart update, confirmed by Clifton Taylor on 8 October 2026","chart_edition":null,"chart_correction_date":null,"name":"Port lateral mark 383","structure":"Not specified in export","colour":"red","light":null,"wind_farm":null,"source_file":"TZiBoatData_2026-10-8_1920(1).gpx","source_sha256":"ef4169669b8aefad9dd9a7ff2c0b8b0754777db5cf3371475af4053278236492","source":"User-supplied TimeZero GPX export; classification confirmed by Clifton Taylor","raw_position":"56.002683460, -4.769316736","confirmed_on":"2026-10-08","cross_reference_id":"confirmed-8e69d8306487f6d1db4d","nearby_record_count":1,"colour_basis":"Port lateral classification; physical colour not exported separately","description_status":"Port lateral type and latest TimeZero chart update provenance confirmed by Clifton Taylor; light rhythm and physical structure not supplied"}},{"type":"Feature","id":"confirmed-5afef9f91e669c7a5a81","geometry":{"type":"Point","coordinates":[-4.78466697434884,56.0070001461055]},"properties":{"mark_type":"port","position_status":"Coordinates confirmed accurate by Clifton Taylor on 8 October 2026; not independently surveyed","classification_source":"User confirmation: all points in this export are port lateral markers","display_label_generated":true,"physical_structure":null,"body_colour":null,"light_characteristics":null,"gpx_display_colour_is_not_navigation_colour":true,"chart_update_status":"Latest TimeZero chart update, confirmed by Clifton Taylor on 8 October 2026","chart_edition":null,"chart_correction_date":null,"name":"Port lateral mark 384","structure":"Not specified in export","colour":"red","light":null,"wind_farm":null,"source_file":"TZiBoatData_2026-10-8_1920(1).gpx","source_sha256":"ef4169669b8aefad9dd9a7ff2c0b8b0754777db5cf3371475af4053278236492","source":"User-supplied TimeZero GPX export; classification confirmed by Clifton Taylor","raw_position":"56.007000146, -4.784666974","confirmed_on":"2026-10-08","cross_reference_id":"confirmed-5afef9f91e669c7a5a81","nearby_record_count":1,"colour_basis":"Port lateral classification; physical colour not exported separately","description_status":"Port lateral type and latest TimeZero chart update provenance confirmed by Clifton Taylor; light rhythm and physical structure not supplied"}},{"type":"Feature","id":"confirmed-361f57a641fe3baba7fa","geometry":{"type":"Point","coordinates":[-4.79517216398489,56.011189772737]},"properties":{"mark_type":"port","position_status":"Coordinates confirmed accurate by Clifton Taylor on 8 October 2026; not independently surveyed","classification_source":"User confirmation: all points in this export are port lateral markers","display_label_generated":true,"physical_structure":null,"body_colour":null,"light_characteristics":null,"gpx_display_colour_is_not_navigation_colour":true,"chart_update_status":"Latest TimeZero chart update, confirmed by Clifton Taylor on 8 October 2026","chart_edition":null,"chart_correction_date":null,"name":"Port lateral mark 385","structure":"Not specified in export","colour":"red","light":null,"wind_farm":null,"source_file":"TZiBoatData_2026-10-8_1920(1).gpx","source_sha256":"ef4169669b8aefad9dd9a7ff2c0b8b0754777db5cf3371475af4053278236492","source":"User-supplied TimeZero GPX export; classification confirmed by Clifton Taylor","raw_position":"56.011189773, -4.795172164","confirmed_on":"2026-10-08","cross_reference_id":"confirmed-361f57a641fe3baba7fa","nearby_record_count":11,"colour_basis":"Port lateral classification; physical colour not exported separately","description_status":"Port lateral type and latest TimeZero chart update provenance confirmed by Clifton Taylor; light rhythm and physical structure not supplied"}},{"type":"Feature","id":"confirmed-c48a3a034db640ad35f9","geometry":{"type":"Point","coordinates":[-4.79206184376852,56.0110707222831]},"properties":{"mark_type":"port","position_status":"Coordinates confirmed accurate by Clifton Taylor on 8 October 2026; not independently surveyed","classification_source":"User confirmation: all points in this export are port lateral markers","display_label_generated":true,"physical_structure":null,"body_colour":null,"light_characteristics":null,"gpx_display_colour_is_not_navigation_colour":true,"chart_update_status":"Latest TimeZero chart update, confirmed by Clifton Taylor on 8 October 2026","chart_edition":null,"chart_correction_date":null,"name":"Port lateral mark 386","structure":"Not specified in export","colour":"red","light":null,"wind_farm":null,"source_file":"TZiBoatData_2026-10-8_1920(1).gpx","source_sha256":"ef4169669b8aefad9dd9a7ff2c0b8b0754777db5cf3371475af4053278236492","source":"User-supplied TimeZero GPX export; classification confirmed by Clifton Taylor","raw_position":"56.011070722, -4.792061844","confirmed_on":"2026-10-08","cross_reference_id":"confirmed-c48a3a034db640ad35f9","nearby_record_count":3,"colour_basis":"Port lateral classification; physical colour not exported separately","description_status":"Port lateral type and latest TimeZero chart update provenance confirmed by Clifton Taylor; light rhythm and physical structure not supplied"}},{"type":"Feature","id":"confirmed-819d57a9cc0a1dadaa0f","geometry":{"type":"Point","coordinates":[-4.79647997559917,56.0153699665389]},"properties":{"mark_type":"port","position_status":"Coordinates confirmed accurate by Clifton Taylor on 8 October 2026; not independently surveyed","classification_source":"User confirmation: all points in this export are port lateral markers","display_label_generated":true,"physical_structure":null,"body_colour":null,"light_characteristics":null,"gpx_display_colour_is_not_navigation_colour":true,"chart_update_status":"Latest TimeZero chart update, confirmed by Clifton Taylor on 8 October 2026","chart_edition":null,"chart_correction_date":null,"name":"Port lateral mark 387","structure":"Not specified in export","colour":"red","light":null,"wind_farm":null,"source_file":"TZiBoatData_2026-10-8_1920(1).gpx","source_sha256":"ef4169669b8aefad9dd9a7ff2c0b8b0754777db5cf3371475af4053278236492","source":"User-supplied TimeZero GPX export; classification confirmed by Clifton Taylor","raw_position":"56.015369967, -4.796479976","confirmed_on":"2026-10-08","cross_reference_id":"confirmed-819d57a9cc0a1dadaa0f","nearby_record_count":3,"colour_basis":"Port lateral classification; physical colour not exported separately","description_status":"Port lateral type and latest TimeZero chart update provenance confirmed by Clifton Taylor; light rhythm and physical structure not supplied"}},{"type":"Feature","id":"confirmed-824e461bd82146f558f4","geometry":{"type":"Point","coordinates":[-4.80627567271432,55.9791001336123]},"properties":{"mark_type":"port","position_status":"Coordinates confirmed accurate by Clifton Taylor on 8 October 2026; not independently surveyed","classification_source":"User confirmation: all points in this export are port lateral markers","display_label_generated":true,"physical_structure":null,"body_colour":null,"light_characteristics":null,"gpx_display_colour_is_not_navigation_colour":true,"chart_update_status":"Latest TimeZero chart update, confirmed by Clifton Taylor on 8 October 2026","chart_edition":null,"chart_correction_date":null,"name":"Port lateral mark 388","structure":"Not specified in export","colour":"red","light":null,"wind_farm":null,"source_file":"TZiBoatData_2026-10-8_1920(1).gpx","source_sha256":"ef4169669b8aefad9dd9a7ff2c0b8b0754777db5cf3371475af4053278236492","source":"User-supplied TimeZero GPX export; classification confirmed by Clifton Taylor","raw_position":"55.979100134, -4.806275673","confirmed_on":"2026-10-08","cross_reference_id":"confirmed-824e461bd82146f558f4","nearby_record_count":2,"colour_basis":"Port lateral classification; physical colour not exported separately","description_status":"Port lateral type and latest TimeZero chart update provenance confirmed by Clifton Taylor; light rhythm and physical structure not supplied"}},{"type":"Feature","id":"confirmed-db8f650608ddd576c707","geometry":{"type":"Point","coordinates":[-4.83662378561249,55.9802159352219]},"properties":{"mark_type":"port","position_status":"Coordinates confirmed accurate by Clifton Taylor on 8 October 2026; not independently surveyed","classification_source":"User confirmation: all points in this export are port lateral markers","display_label_generated":true,"physical_structure":null,"body_colour":null,"light_characteristics":null,"gpx_display_colour_is_not_navigation_colour":true,"chart_update_status":"Latest TimeZero chart update, confirmed by Clifton Taylor on 8 October 2026","chart_edition":null,"chart_correction_date":null,"name":"Port lateral mark 389","structure":"Not specified in export","colour":"red","light":null,"wind_farm":null,"source_file":"TZiBoatData_2026-10-8_1920(1).gpx","source_sha256":"ef4169669b8aefad9dd9a7ff2c0b8b0754777db5cf3371475af4053278236492","source":"User-supplied TimeZero GPX export; classification confirmed by Clifton Taylor","raw_position":"55.980215935, -4.836623786","confirmed_on":"2026-10-08","cross_reference_id":"confirmed-db8f650608ddd576c707","nearby_record_count":2,"colour_basis":"Port lateral classification; physical colour not exported separately","description_status":"Port lateral type and latest TimeZero chart update provenance confirmed by Clifton Taylor; light rhythm and physical structure not supplied"}},{"type":"Feature","id":"confirmed-1c1345d04740ab90ed1d","geometry":{"type":"Point","coordinates":[-4.75845569831394,55.9584238952917]},"properties":{"mark_type":"port","position_status":"Coordinates confirmed accurate by Clifton Taylor on 8 October 2026; not independently surveyed","classification_source":"User confirmation: all points in this export are port lateral markers","display_label_generated":true,"physical_structure":null,"body_colour":null,"light_characteristics":null,"gpx_display_colour_is_not_navigation_colour":true,"chart_update_status":"Latest TimeZero chart update, confirmed by Clifton Taylor on 8 October 2026","chart_edition":null,"chart_correction_date":null,"name":"Port lateral mark 390","structure":"Not specified in export","colour":"red","light":null,"wind_farm":null,"source_file":"TZiBoatData_2026-10-8_1920(1).gpx","source_sha256":"ef4169669b8aefad9dd9a7ff2c0b8b0754777db5cf3371475af4053278236492","source":"User-supplied TimeZero GPX export; classification confirmed by Clifton Taylor","raw_position":"55.958423895, -4.758455698","confirmed_on":"2026-10-08","cross_reference_id":"confirmed-1c1345d04740ab90ed1d","nearby_record_count":2,"colour_basis":"Port lateral classification; physical colour not exported separately","description_status":"Port lateral type and latest TimeZero chart update provenance confirmed by Clifton Taylor; light rhythm and physical structure not supplied"}},{"type":"Feature","id":"confirmed-e898d29358a1c919c228","geometry":{"type":"Point","coordinates":[-4.75748232973369,55.9573118711962]},"properties":{"mark_type":"port","position_status":"Coordinates confirmed accurate by Clifton Taylor on 8 October 2026; not independently surveyed","classification_source":"User confirmation: all points in this export are port lateral markers","display_label_generated":true,"physical_structure":null,"body_colour":null,"light_characteristics":null,"gpx_display_colour_is_not_navigation_colour":true,"chart_update_status":"Latest TimeZero chart update, confirmed by Clifton Taylor on 8 October 2026","chart_edition":null,"chart_correction_date":null,"name":"Port lateral mark 391","structure":"Not specified in export","colour":"red","light":null,"wind_farm":null,"source_file":"TZiBoatData_2026-10-8_1920(1).gpx","source_sha256":"ef4169669b8aefad9dd9a7ff2c0b8b0754777db5cf3371475af4053278236492","source":"User-supplied TimeZero GPX export; classification confirmed by Clifton Taylor","raw_position":"55.957311871, -4.757482330","confirmed_on":"2026-10-08","cross_reference_id":"confirmed-e898d29358a1c919c228","nearby_record_count":1,"colour_basis":"Port lateral classification; physical colour not exported separately","description_status":"Port lateral type and latest TimeZero chart update provenance confirmed by Clifton Taylor; light rhythm and physical structure not supplied"}},{"type":"Feature","id":"confirmed-b86bf87fd8040e3b5e7d","geometry":{"type":"Point","coordinates":[-4.75230124973168,55.9521819645782]},"properties":{"mark_type":"port","position_status":"Coordinates confirmed accurate by Clifton Taylor on 8 October 2026; not independently surveyed","classification_source":"User confirmation: all points in this export are port lateral markers","display_label_generated":true,"physical_structure":null,"body_colour":null,"light_characteristics":null,"gpx_display_colour_is_not_navigation_colour":true,"chart_update_status":"Latest TimeZero chart update, confirmed by Clifton Taylor on 8 October 2026","chart_edition":null,"chart_correction_date":null,"name":"Port lateral mark 392","structure":"Not specified in export","colour":"red","light":null,"wind_farm":null,"source_file":"TZiBoatData_2026-10-8_1920(1).gpx","source_sha256":"ef4169669b8aefad9dd9a7ff2c0b8b0754777db5cf3371475af4053278236492","source":"User-supplied TimeZero GPX export; classification confirmed by Clifton Taylor","raw_position":"55.952181965, -4.752301250","confirmed_on":"2026-10-08","cross_reference_id":"confirmed-b86bf87fd8040e3b5e7d","nearby_record_count":2,"colour_basis":"Port lateral classification; physical colour not exported separately","description_status":"Port lateral type and latest TimeZero chart update provenance confirmed by Clifton Taylor; light rhythm and physical structure not supplied"}},{"type":"Feature","id":"confirmed-6e401c5fd2ea039aed65","geometry":{"type":"Point","coordinates":[-4.74890525942374,55.9501369697129]},"properties":{"mark_type":"port","position_status":"Coordinates confirmed accurate by Clifton Taylor on 8 October 2026; not independently surveyed","classification_source":"User confirmation: all points in this export are port lateral markers","display_label_generated":true,"physical_structure":null,"body_colour":null,"light_characteristics":null,"gpx_display_colour_is_not_navigation_colour":true,"chart_update_status":"Latest TimeZero chart update, confirmed by Clifton Taylor on 8 October 2026","chart_edition":null,"chart_correction_date":null,"name":"Port lateral mark 393","structure":"Not specified in export","colour":"red","light":null,"wind_farm":null,"source_file":"TZiBoatData_2026-10-8_1920(1).gpx","source_sha256":"ef4169669b8aefad9dd9a7ff2c0b8b0754777db5cf3371475af4053278236492","source":"User-supplied TimeZero GPX export; classification confirmed by Clifton Taylor","raw_position":"55.950136970, -4.748905259","confirmed_on":"2026-10-08","cross_reference_id":"confirmed-6e401c5fd2ea039aed65","nearby_record_count":1,"colour_basis":"Port lateral classification; physical colour not exported separately","description_status":"Port lateral type and latest TimeZero chart update provenance confirmed by Clifton Taylor; light rhythm and physical structure not supplied"}},{"type":"Feature","id":"confirmed-a1a37e9b677c7cc2cf6f","geometry":{"type":"Point","coordinates":[-4.74249630019811,55.9486079416841]},"properties":{"mark_type":"port","position_status":"Coordinates confirmed accurate by Clifton Taylor on 8 October 2026; not independently surveyed","classification_source":"User confirmation: all points in this export are port lateral markers","display_label_generated":true,"physical_structure":null,"body_colour":null,"light_characteristics":null,"gpx_display_colour_is_not_navigation_colour":true,"chart_update_status":"Latest TimeZero chart update, confirmed by Clifton Taylor on 8 October 2026","chart_edition":null,"chart_correction_date":null,"name":"Port lateral mark 394","structure":"Not specified in export","colour":"red","light":null,"wind_farm":null,"source_file":"TZiBoatData_2026-10-8_1920(1).gpx","source_sha256":"ef4169669b8aefad9dd9a7ff2c0b8b0754777db5cf3371475af4053278236492","source":"User-supplied TimeZero GPX export; classification confirmed by Clifton Taylor","raw_position":"55.948607942, -4.742496300","confirmed_on":"2026-10-08","cross_reference_id":"confirmed-a1a37e9b677c7cc2cf6f","nearby_record_count":2,"colour_basis":"Port lateral classification; physical colour not exported separately","description_status":"Port lateral type and latest TimeZero chart update provenance confirmed by Clifton Taylor; light rhythm and physical structure not supplied"}},{"type":"Feature","id":"confirmed-c6ce14a3b6513ec3e489","geometry":{"type":"Point","coordinates":[-4.737936030078,55.9485481242184]},"properties":{"mark_type":"port","position_status":"Coordinates confirmed accurate by Clifton Taylor on 8 October 2026; not independently surveyed","classification_source":"User confirmation: all points in this export are port lateral markers","display_label_generated":true,"physical_structure":null,"body_colour":null,"light_characteristics":null,"gpx_display_colour_is_not_navigation_colour":true,"chart_update_status":"Latest TimeZero chart update, confirmed by Clifton Taylor on 8 October 2026","chart_edition":null,"chart_correction_date":null,"name":"Port lateral mark 395","structure":"Not specified in export","colour":"red","light":null,"wind_farm":null,"source_file":"TZiBoatData_2026-10-8_1920(1).gpx","source_sha256":"ef4169669b8aefad9dd9a7ff2c0b8b0754777db5cf3371475af4053278236492","source":"User-supplied TimeZero GPX export; classification confirmed by Clifton Taylor","raw_position":"55.948548124, -4.737936030","confirmed_on":"2026-10-08","cross_reference_id":"confirmed-c6ce14a3b6513ec3e489","nearby_record_count":2,"colour_basis":"Port lateral classification; physical colour not exported separately","description_status":"Port lateral type and latest TimeZero chart update provenance confirmed by Clifton Taylor; light rhythm and physical structure not supplied"}},{"type":"Feature","id":"confirmed-2a34f8a65219681e34f3","geometry":{"type":"Point","coordinates":[-4.73114404946213,55.9490278342237]},"properties":{"mark_type":"port","position_status":"Coordinates confirmed accurate by Clifton Taylor on 8 October 2026; not independently surveyed","classification_source":"User confirmation: all points in this export are port lateral markers","display_label_generated":true,"physical_structure":null,"body_colour":null,"light_characteristics":null,"gpx_display_colour_is_not_navigation_colour":true,"chart_update_status":"Latest TimeZero chart update, confirmed by Clifton Taylor on 8 October 2026","chart_edition":null,"chart_correction_date":null,"name":"Port lateral mark 396","structure":"Not specified in export","colour":"red","light":null,"wind_farm":null,"source_file":"TZiBoatData_2026-10-8_1920(1).gpx","source_sha256":"ef4169669b8aefad9dd9a7ff2c0b8b0754777db5cf3371475af4053278236492","source":"User-supplied TimeZero GPX export; classification confirmed by Clifton Taylor","raw_position":"55.949027834, -4.731144049","confirmed_on":"2026-10-08","cross_reference_id":"confirmed-2a34f8a65219681e34f3","nearby_record_count":2,"colour_basis":"Port lateral classification; physical colour not exported separately","description_status":"Port lateral type and latest TimeZero chart update provenance confirmed by Clifton Taylor; light rhythm and physical structure not supplied"}},{"type":"Feature","id":"confirmed-677c4fcebacb6821d348","geometry":{"type":"Point","coordinates":[-4.72663185552816,55.9491720979235]},"properties":{"mark_type":"port","position_status":"Coordinates confirmed accurate by Clifton Taylor on 8 October 2026; not independently surveyed","classification_source":"User confirmation: all points in this export are port lateral markers","display_label_generated":true,"physical_structure":null,"body_colour":null,"light_characteristics":null,"gpx_display_colour_is_not_navigation_colour":true,"chart_update_status":"Latest TimeZero chart update, confirmed by Clifton Taylor on 8 October 2026","chart_edition":null,"chart_correction_date":null,"name":"Port lateral mark 397","structure":"Not specified in export","colour":"red","light":null,"wind_farm":null,"source_file":"TZiBoatData_2026-10-8_1920(1).gpx","source_sha256":"ef4169669b8aefad9dd9a7ff2c0b8b0754777db5cf3371475af4053278236492","source":"User-supplied TimeZero GPX export; classification confirmed by Clifton Taylor","raw_position":"55.949172098, -4.726631856","confirmed_on":"2026-10-08","cross_reference_id":"confirmed-677c4fcebacb6821d348","nearby_record_count":2,"colour_basis":"Port lateral classification; physical colour not exported separately","description_status":"Port lateral type and latest TimeZero chart update provenance confirmed by Clifton Taylor; light rhythm and physical structure not supplied"}},{"type":"Feature","id":"confirmed-2ca639ad08c9b2d0a222","geometry":{"type":"Point","coordinates":[-4.72157967544552,55.9480558972351]},"properties":{"mark_type":"port","position_status":"Coordinates confirmed accurate by Clifton Taylor on 8 October 2026; not independently surveyed","classification_source":"User confirmation: all points in this export are port lateral markers","display_label_generated":true,"physical_structure":null,"body_colour":null,"light_characteristics":null,"gpx_display_colour_is_not_navigation_colour":true,"chart_update_status":"Latest TimeZero chart update, confirmed by Clifton Taylor on 8 October 2026","chart_edition":null,"chart_correction_date":null,"name":"Port lateral mark 398","structure":"Not specified in export","colour":"red","light":null,"wind_farm":null,"source_file":"TZiBoatData_2026-10-8_1920(1).gpx","source_sha256":"ef4169669b8aefad9dd9a7ff2c0b8b0754777db5cf3371475af4053278236492","source":"User-supplied TimeZero GPX export; classification confirmed by Clifton Taylor","raw_position":"55.948055897, -4.721579675","confirmed_on":"2026-10-08","cross_reference_id":"confirmed-2ca639ad08c9b2d0a222","nearby_record_count":2,"colour_basis":"Port lateral classification; physical colour not exported separately","description_status":"Port lateral type and latest TimeZero chart update provenance confirmed by Clifton Taylor; light rhythm and physical structure not supplied"}},{"type":"Feature","id":"confirmed-191d851e11f75f109d76","geometry":{"type":"Point","coordinates":[-4.71310154453314,55.9454793246391]},"properties":{"mark_type":"port","position_status":"Coordinates confirmed accurate by Clifton Taylor on 8 October 2026; not independently surveyed","classification_source":"User confirmation: all points in this export are port lateral markers","display_label_generated":true,"physical_structure":null,"body_colour":null,"light_characteristics":null,"gpx_display_colour_is_not_navigation_colour":true,"chart_update_status":"Latest TimeZero chart update, confirmed by Clifton Taylor on 8 October 2026","chart_edition":null,"chart_correction_date":null,"name":"Port lateral mark 399","structure":"Not specified in export","colour":"red","light":null,"wind_farm":null,"source_file":"TZiBoatData_2026-10-8_1920(1).gpx","source_sha256":"ef4169669b8aefad9dd9a7ff2c0b8b0754777db5cf3371475af4053278236492","source":"User-supplied TimeZero GPX export; classification confirmed by Clifton Taylor","raw_position":"55.945479325, -4.713101545","confirmed_on":"2026-10-08","cross_reference_id":"confirmed-191d851e11f75f109d76","nearby_record_count":3,"colour_basis":"Port lateral classification; physical colour not exported separately","description_status":"Port lateral type and latest TimeZero chart update provenance confirmed by Clifton Taylor; light rhythm and physical structure not supplied"}},{"type":"Feature","id":"confirmed-c92cbde70df9b26676ad","geometry":{"type":"Point","coordinates":[-4.70747593399842,55.9438136489158]},"properties":{"mark_type":"port","position_status":"Coordinates confirmed accurate by Clifton Taylor on 8 October 2026; not independently surveyed","classification_source":"User confirmation: all points in this export are port lateral markers","display_label_generated":true,"physical_structure":null,"body_colour":null,"light_characteristics":null,"gpx_display_colour_is_not_navigation_colour":true,"chart_update_status":"Latest TimeZero chart update, confirmed by Clifton Taylor on 8 October 2026","chart_edition":null,"chart_correction_date":null,"name":"Port lateral mark 400","structure":"Not specified in export","colour":"red","light":null,"wind_farm":null,"source_file":"TZiBoatData_2026-10-8_1920(1).gpx","source_sha256":"ef4169669b8aefad9dd9a7ff2c0b8b0754777db5cf3371475af4053278236492","source":"User-supplied TimeZero GPX export; classification confirmed by Clifton Taylor","raw_position":"55.943813649, -4.707475934","confirmed_on":"2026-10-08","cross_reference_id":"confirmed-c92cbde70df9b26676ad","nearby_record_count":3,"colour_basis":"Port lateral classification; physical colour not exported separately","description_status":"Port lateral type and latest TimeZero chart update provenance confirmed by Clifton Taylor; light rhythm and physical structure not supplied"}},{"type":"Feature","id":"confirmed-95eba0d9606828df4a55","geometry":{"type":"Point","coordinates":[-4.6971721069391,55.9411081410584]},"properties":{"mark_type":"port","position_status":"Coordinates confirmed accurate by Clifton Taylor on 8 October 2026; not independently surveyed","classification_source":"User confirmation: all points in this export are port lateral markers","display_label_generated":true,"physical_structure":null,"body_colour":null,"light_characteristics":null,"gpx_display_colour_is_not_navigation_colour":true,"chart_update_status":"Latest TimeZero chart update, confirmed by Clifton Taylor on 8 October 2026","chart_edition":null,"chart_correction_date":null,"name":"Port lateral mark 401","structure":"Not specified in export","colour":"red","light":null,"wind_farm":null,"source_file":"TZiBoatData_2026-10-8_1920(1).gpx","source_sha256":"ef4169669b8aefad9dd9a7ff2c0b8b0754777db5cf3371475af4053278236492","source":"User-supplied TimeZero GPX export; classification confirmed by Clifton Taylor","raw_position":"55.941108141, -4.697172107","confirmed_on":"2026-10-08","cross_reference_id":"confirmed-95eba0d9606828df4a55","nearby_record_count":2,"colour_basis":"Port lateral classification; physical colour not exported separately","description_status":"Port lateral type and latest TimeZero chart update provenance confirmed by Clifton Taylor; light rhythm and physical structure not supplied"}},{"type":"Feature","id":"confirmed-f8a06ca4bdc025fd9efd","geometry":{"type":"Point","coordinates":[-4.69152001966418,55.9400761738397]},"properties":{"mark_type":"port","position_status":"Coordinates confirmed accurate by Clifton Taylor on 8 October 2026; not independently surveyed","classification_source":"User confirmation: all points in this export are port lateral markers","display_label_generated":true,"physical_structure":null,"body_colour":null,"light_characteristics":null,"gpx_display_colour_is_not_navigation_colour":true,"chart_update_status":"Latest TimeZero chart update, confirmed by Clifton Taylor on 8 October 2026","chart_edition":null,"chart_correction_date":null,"name":"Port lateral mark 402","structure":"Not specified in export","colour":"red","light":null,"wind_farm":null,"source_file":"TZiBoatData_2026-10-8_1920(1).gpx","source_sha256":"ef4169669b8aefad9dd9a7ff2c0b8b0754777db5cf3371475af4053278236492","source":"User-supplied TimeZero GPX export; classification confirmed by Clifton Taylor","raw_position":"55.940076174, -4.691520020","confirmed_on":"2026-10-08","cross_reference_id":"confirmed-f8a06ca4bdc025fd9efd","nearby_record_count":2,"colour_basis":"Port lateral classification; physical colour not exported separately","description_status":"Port lateral type and latest TimeZero chart update provenance confirmed by Clifton Taylor; light rhythm and physical structure not supplied"}},{"type":"Feature","id":"confirmed-48424024ead53b1f0cf2","geometry":{"type":"Point","coordinates":[-4.6819201110752,55.939019933252]},"properties":{"mark_type":"port","position_status":"Coordinates confirmed accurate by Clifton Taylor on 8 October 2026; not independently surveyed","classification_source":"User confirmation: all points in this export are port lateral markers","display_label_generated":true,"physical_structure":null,"body_colour":null,"light_characteristics":null,"gpx_display_colour_is_not_navigation_colour":true,"chart_update_status":"Latest TimeZero chart update, confirmed by Clifton Taylor on 8 October 2026","chart_edition":null,"chart_correction_date":null,"name":"Port lateral mark 403","structure":"Not specified in export","colour":"red","light":null,"wind_farm":null,"source_file":"TZiBoatData_2026-10-8_1920(1).gpx","source_sha256":"ef4169669b8aefad9dd9a7ff2c0b8b0754777db5cf3371475af4053278236492","source":"User-supplied TimeZero GPX export; classification confirmed by Clifton Taylor","raw_position":"55.939019933, -4.681920111","confirmed_on":"2026-10-08","cross_reference_id":"confirmed-48424024ead53b1f0cf2","nearby_record_count":2,"colour_basis":"Port lateral classification; physical colour not exported separately","description_status":"Port lateral type and latest TimeZero chart update provenance confirmed by Clifton Taylor; light rhythm and physical structure not supplied"}},{"type":"Feature","id":"confirmed-9b7bb094a97da8ce596f","geometry":{"type":"Point","coordinates":[-4.6750201332296,55.9387680893155]},"properties":{"mark_type":"port","position_status":"Coordinates confirmed accurate by Clifton Taylor on 8 October 2026; not independently surveyed","classification_source":"User confirmation: all points in this export are port lateral markers","display_label_generated":true,"physical_structure":null,"body_colour":null,"light_characteristics":null,"gpx_display_colour_is_not_navigation_colour":true,"chart_update_status":"Latest TimeZero chart update, confirmed by Clifton Taylor on 8 October 2026","chart_edition":null,"chart_correction_date":null,"name":"Port lateral mark 404","structure":"Not specified in export","colour":"red","light":null,"wind_farm":null,"source_file":"TZiBoatData_2026-10-8_1920(1).gpx","source_sha256":"ef4169669b8aefad9dd9a7ff2c0b8b0754777db5cf3371475af4053278236492","source":"User-supplied TimeZero GPX export; classification confirmed by Clifton Taylor","raw_position":"55.938768089, -4.675020133","confirmed_on":"2026-10-08","cross_reference_id":"confirmed-9b7bb094a97da8ce596f","nearby_record_count":2,"colour_basis":"Port lateral classification; physical colour not exported separately","description_status":"Port lateral type and latest TimeZero chart update provenance confirmed by Clifton Taylor; light rhythm and physical structure not supplied"}},{"type":"Feature","id":"confirmed-5ecc7278c8e1ebcc23c8","geometry":{"type":"Point","coordinates":[-4.66312789634495,55.939296021144]},"properties":{"mark_type":"port","position_status":"Coordinates confirmed accurate by Clifton Taylor on 8 October 2026; not independently surveyed","classification_source":"User confirmation: all points in this export are port lateral markers","display_label_generated":true,"physical_structure":null,"body_colour":null,"light_characteristics":null,"gpx_display_colour_is_not_navigation_colour":true,"chart_update_status":"Latest TimeZero chart update, confirmed by Clifton Taylor on 8 October 2026","chart_edition":null,"chart_correction_date":null,"name":"Port lateral mark 405","structure":"Not specified in export","colour":"red","light":null,"wind_farm":null,"source_file":"TZiBoatData_2026-10-8_1920(1).gpx","source_sha256":"ef4169669b8aefad9dd9a7ff2c0b8b0754777db5cf3371475af4053278236492","source":"User-supplied TimeZero GPX export; classification confirmed by Clifton Taylor","raw_position":"55.939296021, -4.663127896","confirmed_on":"2026-10-08","cross_reference_id":"confirmed-5ecc7278c8e1ebcc23c8","nearby_record_count":2,"colour_basis":"Port lateral classification; physical colour not exported separately","description_status":"Port lateral type and latest TimeZero chart update provenance confirmed by Clifton Taylor; light rhythm and physical structure not supplied"}},{"type":"Feature","id":"confirmed-ad5b0b106aad76a8313a","geometry":{"type":"Point","coordinates":[-4.65022795523407,55.9398118231149]},"properties":{"mark_type":"port","position_status":"Coordinates confirmed accurate by Clifton Taylor on 8 October 2026; not independently surveyed","classification_source":"User confirmation: all points in this export are port lateral markers","display_label_generated":true,"physical_structure":null,"body_colour":null,"light_characteristics":null,"gpx_display_colour_is_not_navigation_colour":true,"chart_update_status":"Latest TimeZero chart update, confirmed by Clifton Taylor on 8 October 2026","chart_edition":null,"chart_correction_date":null,"name":"Port lateral mark 406","structure":"Not specified in export","colour":"red","light":null,"wind_farm":null,"source_file":"TZiBoatData_2026-10-8_1920(1).gpx","source_sha256":"ef4169669b8aefad9dd9a7ff2c0b8b0754777db5cf3371475af4053278236492","source":"User-supplied TimeZero GPX export; classification confirmed by Clifton Taylor","raw_position":"55.939811823, -4.650227955","confirmed_on":"2026-10-08","cross_reference_id":"confirmed-ad5b0b106aad76a8313a","nearby_record_count":2,"colour_basis":"Port lateral classification; physical colour not exported separately","description_status":"Port lateral type and latest TimeZero chart update provenance confirmed by Clifton Taylor; light rhythm and physical structure not supplied"}},{"type":"Feature","id":"confirmed-8ac98d61327454bc6701","geometry":{"type":"Point","coordinates":[-4.63624335911784,55.9403581198795]},"properties":{"mark_type":"port","position_status":"Coordinates confirmed accurate by Clifton Taylor on 8 October 2026; not independently surveyed","classification_source":"User confirmation: all points in this export are port lateral markers","display_label_generated":true,"physical_structure":null,"body_colour":null,"light_characteristics":null,"gpx_display_colour_is_not_navigation_colour":true,"chart_update_status":"Latest TimeZero chart update, confirmed by Clifton Taylor on 8 October 2026","chart_edition":null,"chart_correction_date":null,"name":"Port lateral mark 407","structure":"Not specified in export","colour":"red","light":null,"wind_farm":null,"source_file":"TZiBoatData_2026-10-8_1920(1).gpx","source_sha256":"ef4169669b8aefad9dd9a7ff2c0b8b0754777db5cf3371475af4053278236492","source":"User-supplied TimeZero GPX export; classification confirmed by Clifton Taylor","raw_position":"55.940358120, -4.636243359","confirmed_on":"2026-10-08","cross_reference_id":"confirmed-8ac98d61327454bc6701","nearby_record_count":2,"colour_basis":"Port lateral classification; physical colour not exported separately","description_status":"Port lateral type and latest TimeZero chart update provenance confirmed by Clifton Taylor; light rhythm and physical structure not supplied"}},{"type":"Feature","id":"confirmed-28d4475348c53ad6aabd","geometry":{"type":"Point","coordinates":[-4.62473085442806,55.9393476407573]},"properties":{"mark_type":"port","position_status":"Coordinates confirmed accurate by Clifton Taylor on 8 October 2026; not independently surveyed","classification_source":"User confirmation: all points in this export are port lateral markers","display_label_generated":true,"physical_structure":null,"body_colour":null,"light_characteristics":null,"gpx_display_colour_is_not_navigation_colour":true,"chart_update_status":"Latest TimeZero chart update, confirmed by Clifton Taylor on 8 October 2026","chart_edition":null,"chart_correction_date":null,"name":"Port lateral mark 408","structure":"Not specified in export","colour":"red","light":null,"wind_farm":null,"source_file":"TZiBoatData_2026-10-8_1920(1).gpx","source_sha256":"ef4169669b8aefad9dd9a7ff2c0b8b0754777db5cf3371475af4053278236492","source":"User-supplied TimeZero GPX export; classification confirmed by Clifton Taylor","raw_position":"55.939347641, -4.624730854","confirmed_on":"2026-10-08","cross_reference_id":"confirmed-28d4475348c53ad6aabd","nearby_record_count":2,"colour_basis":"Port lateral classification; physical colour not exported separately","description_status":"Port lateral type and latest TimeZero chart update provenance confirmed by Clifton Taylor; light rhythm and physical structure not supplied"}},{"type":"Feature","id":"confirmed-e4f1fd84a25163efd87b","geometry":{"type":"Point","coordinates":[-4.61195981323654,55.9379761780245]},"properties":{"mark_type":"port","position_status":"Coordinates confirmed accurate by Clifton Taylor on 8 October 2026; not independently surveyed","classification_source":"User confirmation: all points in this export are port lateral markers","display_label_generated":true,"physical_structure":null,"body_colour":null,"light_characteristics":null,"gpx_display_colour_is_not_navigation_colour":true,"chart_update_status":"Latest TimeZero chart update, confirmed by Clifton Taylor on 8 October 2026","chart_edition":null,"chart_correction_date":null,"name":"Port lateral mark 409","structure":"Not specified in export","colour":"red","light":null,"wind_farm":null,"source_file":"TZiBoatData_2026-10-8_1920(1).gpx","source_sha256":"ef4169669b8aefad9dd9a7ff2c0b8b0754777db5cf3371475af4053278236492","source":"User-supplied TimeZero GPX export; classification confirmed by Clifton Taylor","raw_position":"55.937976178, -4.611959813","confirmed_on":"2026-10-08","cross_reference_id":"confirmed-e4f1fd84a25163efd87b","nearby_record_count":2,"colour_basis":"Port lateral classification; physical colour not exported separately","description_status":"Port lateral type and latest TimeZero chart update provenance confirmed by Clifton Taylor; light rhythm and physical structure not supplied"}},{"type":"Feature","id":"confirmed-8af7d85ad4490f131b5d","geometry":{"type":"Point","coordinates":[-4.59920429527033,55.9365839390066]},"properties":{"mark_type":"port","position_status":"Coordinates confirmed accurate by Clifton Taylor on 8 October 2026; not independently surveyed","classification_source":"User confirmation: all points in this export are port lateral markers","display_label_generated":true,"physical_structure":null,"body_colour":null,"light_characteristics":null,"gpx_display_colour_is_not_navigation_colour":true,"chart_update_status":"Latest TimeZero chart update, confirmed by Clifton Taylor on 8 October 2026","chart_edition":null,"chart_correction_date":null,"name":"Port lateral mark 410","structure":"Not specified in export","colour":"red","light":null,"wind_farm":null,"source_file":"TZiBoatData_2026-10-8_1920(1).gpx","source_sha256":"ef4169669b8aefad9dd9a7ff2c0b8b0754777db5cf3371475af4053278236492","source":"User-supplied TimeZero GPX export; classification confirmed by Clifton Taylor","raw_position":"55.936583939, -4.599204295","confirmed_on":"2026-10-08","cross_reference_id":"confirmed-8af7d85ad4490f131b5d","nearby_record_count":2,"colour_basis":"Port lateral classification; physical colour not exported separately","description_status":"Port lateral type and latest TimeZero chart update provenance confirmed by Clifton Taylor; light rhythm and physical structure not supplied"}},{"type":"Feature","id":"confirmed-8eb3d2c1a71dfd5067c9","geometry":{"type":"Point","coordinates":[-4.58990399189932,55.9348439606747]},"properties":{"mark_type":"port","position_status":"Coordinates confirmed accurate by Clifton Taylor on 8 October 2026; not independently surveyed","classification_source":"User confirmation: all points in this export are port lateral markers","display_label_generated":true,"physical_structure":null,"body_colour":null,"light_characteristics":null,"gpx_display_colour_is_not_navigation_colour":true,"chart_update_status":"Latest TimeZero chart update, confirmed by Clifton Taylor on 8 October 2026","chart_edition":null,"chart_correction_date":null,"name":"Port lateral mark 411","structure":"Not specified in export","colour":"red","light":null,"wind_farm":null,"source_file":"TZiBoatData_2026-10-8_1920(1).gpx","source_sha256":"ef4169669b8aefad9dd9a7ff2c0b8b0754777db5cf3371475af4053278236492","source":"User-supplied TimeZero GPX export; classification confirmed by Clifton Taylor","raw_position":"55.934843961, -4.589903992","confirmed_on":"2026-10-08","cross_reference_id":"confirmed-8eb3d2c1a71dfd5067c9","nearby_record_count":2,"colour_basis":"Port lateral classification; physical colour not exported separately","description_status":"Port lateral type and latest TimeZero chart update provenance confirmed by Clifton Taylor; light rhythm and physical structure not supplied"}},{"type":"Feature","id":"confirmed-6130ca074599d55d6d20","geometry":{"type":"Point","coordinates":[-4.5802560071242,55.9334038922833]},"properties":{"mark_type":"port","position_status":"Coordinates confirmed accurate by Clifton Taylor on 8 October 2026; not independently surveyed","classification_source":"User confirmation: all points in this export are port lateral markers","display_label_generated":true,"physical_structure":null,"body_colour":null,"light_characteristics":null,"gpx_display_colour_is_not_navigation_colour":true,"chart_update_status":"Latest TimeZero chart update, confirmed by Clifton Taylor on 8 October 2026","chart_edition":null,"chart_correction_date":null,"name":"Port lateral mark 412","structure":"Not specified in export","colour":"red","light":null,"wind_farm":null,"source_file":"TZiBoatData_2026-10-8_1920(1).gpx","source_sha256":"ef4169669b8aefad9dd9a7ff2c0b8b0754777db5cf3371475af4053278236492","source":"User-supplied TimeZero GPX export; classification confirmed by Clifton Taylor","raw_position":"55.933403892, -4.580256007","confirmed_on":"2026-10-08","cross_reference_id":"confirmed-6130ca074599d55d6d20","nearby_record_count":2,"colour_basis":"Port lateral classification; physical colour not exported separately","description_status":"Port lateral type and latest TimeZero chart update provenance confirmed by Clifton Taylor; light rhythm and physical structure not supplied"}},{"type":"Feature","id":"confirmed-5cb136e169b1c7231066","geometry":{"type":"Point","coordinates":[-4.57345218165088,55.9330198128175]},"properties":{"mark_type":"port","position_status":"Coordinates confirmed accurate by Clifton Taylor on 8 October 2026; not independently surveyed","classification_source":"User confirmation: all points in this export are port lateral markers","display_label_generated":true,"physical_structure":null,"body_colour":null,"light_characteristics":null,"gpx_display_colour_is_not_navigation_colour":true,"chart_update_status":"Latest TimeZero chart update, confirmed by Clifton Taylor on 8 October 2026","chart_edition":null,"chart_correction_date":null,"name":"Port lateral mark 413","structure":"Not specified in export","colour":"red","light":null,"wind_farm":null,"source_file":"TZiBoatData_2026-10-8_1920(1).gpx","source_sha256":"ef4169669b8aefad9dd9a7ff2c0b8b0754777db5cf3371475af4053278236492","source":"User-supplied TimeZero GPX export; classification confirmed by Clifton Taylor","raw_position":"55.933019813, -4.573452182","confirmed_on":"2026-10-08","cross_reference_id":"confirmed-5cb136e169b1c7231066","nearby_record_count":2,"colour_basis":"Port lateral classification; physical colour not exported separately","description_status":"Port lateral type and latest TimeZero chart update provenance confirmed by Clifton Taylor; light rhythm and physical structure not supplied"}},{"type":"Feature","id":"confirmed-56bc6748cc16b4ed45cc","geometry":{"type":"Point","coordinates":[-4.56191997319787,55.9327440711284]},"properties":{"mark_type":"port","position_status":"Coordinates confirmed accurate by Clifton Taylor on 8 October 2026; not independently surveyed","classification_source":"User confirmation: all points in this export are port lateral markers","display_label_generated":true,"physical_structure":null,"body_colour":null,"light_characteristics":null,"gpx_display_colour_is_not_navigation_colour":true,"chart_update_status":"Latest TimeZero chart update, confirmed by Clifton Taylor on 8 October 2026","chart_edition":null,"chart_correction_date":null,"name":"Port lateral mark 414","structure":"Not specified in export","colour":"red","light":null,"wind_farm":null,"source_file":"TZiBoatData_2026-10-8_1920(1).gpx","source_sha256":"ef4169669b8aefad9dd9a7ff2c0b8b0754777db5cf3371475af4053278236492","source":"User-supplied TimeZero GPX export; classification confirmed by Clifton Taylor","raw_position":"55.932744071, -4.561919973","confirmed_on":"2026-10-08","cross_reference_id":"confirmed-56bc6748cc16b4ed45cc","nearby_record_count":2,"colour_basis":"Port lateral classification; physical colour not exported separately","description_status":"Port lateral type and latest TimeZero chart update provenance confirmed by Clifton Taylor; light rhythm and physical structure not supplied"}},{"type":"Feature","id":"confirmed-d01ce59dc5fd00eb711f","geometry":{"type":"Point","coordinates":[-4.5485882377543,55.9316758957118]},"properties":{"mark_type":"port","position_status":"Coordinates confirmed accurate by Clifton Taylor on 8 October 2026; not independently surveyed","classification_source":"User confirmation: all points in this export are port lateral markers","display_label_generated":true,"physical_structure":null,"body_colour":null,"light_characteristics":null,"gpx_display_colour_is_not_navigation_colour":true,"chart_update_status":"Latest TimeZero chart update, confirmed by Clifton Taylor on 8 October 2026","chart_edition":null,"chart_correction_date":null,"name":"Port lateral mark 415","structure":"Not specified in export","colour":"red","light":null,"wind_farm":null,"source_file":"TZiBoatData_2026-10-8_1920(1).gpx","source_sha256":"ef4169669b8aefad9dd9a7ff2c0b8b0754777db5cf3371475af4053278236492","source":"User-supplied TimeZero GPX export; classification confirmed by Clifton Taylor","raw_position":"55.931675896, -4.548588238","confirmed_on":"2026-10-08","cross_reference_id":"confirmed-d01ce59dc5fd00eb711f","nearby_record_count":2,"colour_basis":"Port lateral classification; physical colour not exported separately","description_status":"Port lateral type and latest TimeZero chart update provenance confirmed by Clifton Taylor; light rhythm and physical structure not supplied"}},{"type":"Feature","id":"confirmed-0a794dfa706016915ad2","geometry":{"type":"Point","coordinates":[-4.53519588451081,55.9308001340832]},"properties":{"mark_type":"port","position_status":"Coordinates confirmed accurate by Clifton Taylor on 8 October 2026; not independently surveyed","classification_source":"User confirmation: all points in this export are port lateral markers","display_label_generated":true,"physical_structure":null,"body_colour":null,"light_characteristics":null,"gpx_display_colour_is_not_navigation_colour":true,"chart_update_status":"Latest TimeZero chart update, confirmed by Clifton Taylor on 8 October 2026","chart_edition":null,"chart_correction_date":null,"name":"Port lateral mark 416","structure":"Not specified in export","colour":"red","light":null,"wind_farm":null,"source_file":"TZiBoatData_2026-10-8_1920(1).gpx","source_sha256":"ef4169669b8aefad9dd9a7ff2c0b8b0754777db5cf3371475af4053278236492","source":"User-supplied TimeZero GPX export; classification confirmed by Clifton Taylor","raw_position":"55.930800134, -4.535195885","confirmed_on":"2026-10-08","cross_reference_id":"confirmed-0a794dfa706016915ad2","nearby_record_count":2,"colour_basis":"Port lateral classification; physical colour not exported separately","description_status":"Port lateral type and latest TimeZero chart update provenance confirmed by Clifton Taylor; light rhythm and physical structure not supplied"}},{"type":"Feature","id":"confirmed-6cc218315f1e36020464","geometry":{"type":"Point","coordinates":[-4.52252378271684,55.929623836705]},"properties":{"mark_type":"port","position_status":"Coordinates confirmed accurate by Clifton Taylor on 8 October 2026; not independently surveyed","classification_source":"User confirmation: all points in this export are port lateral markers","display_label_generated":true,"physical_structure":null,"body_colour":null,"light_characteristics":null,"gpx_display_colour_is_not_navigation_colour":true,"chart_update_status":"Latest TimeZero chart update, confirmed by Clifton Taylor on 8 October 2026","chart_edition":null,"chart_correction_date":null,"name":"Port lateral mark 417","structure":"Not specified in export","colour":"red","light":null,"wind_farm":null,"source_file":"TZiBoatData_2026-10-8_1920(1).gpx","source_sha256":"ef4169669b8aefad9dd9a7ff2c0b8b0754777db5cf3371475af4053278236492","source":"User-supplied TimeZero GPX export; classification confirmed by Clifton Taylor","raw_position":"55.929623837, -4.522523783","confirmed_on":"2026-10-08","cross_reference_id":"confirmed-6cc218315f1e36020464","nearby_record_count":2,"colour_basis":"Port lateral classification; physical colour not exported separately","description_status":"Port lateral type and latest TimeZero chart update provenance confirmed by Clifton Taylor; light rhythm and physical structure not supplied"}},{"type":"Feature","id":"confirmed-b0a548af879e09b20693","geometry":{"type":"Point","coordinates":[-4.37853571822451,55.885176130168]},"properties":{"mark_type":"port","position_status":"Coordinates confirmed accurate by Clifton Taylor on 8 October 2026; not independently surveyed","classification_source":"User confirmation: all points in this export are port lateral markers","display_label_generated":true,"physical_structure":null,"body_colour":null,"light_characteristics":null,"gpx_display_colour_is_not_navigation_colour":true,"chart_update_status":"Latest TimeZero chart update, confirmed by Clifton Taylor on 8 October 2026","chart_edition":null,"chart_correction_date":null,"name":"Port lateral mark 418","structure":"Not specified in export","colour":"red","light":null,"wind_farm":null,"source_file":"TZiBoatData_2026-10-8_1920(1).gpx","source_sha256":"ef4169669b8aefad9dd9a7ff2c0b8b0754777db5cf3371475af4053278236492","source":"User-supplied TimeZero GPX export; classification confirmed by Clifton Taylor","raw_position":"55.885176130, -4.378535718","confirmed_on":"2026-10-08","cross_reference_id":"confirmed-b0a548af879e09b20693","nearby_record_count":2,"colour_basis":"Port lateral classification; physical colour not exported separately","description_status":"Port lateral type and latest TimeZero chart update provenance confirmed by Clifton Taylor; light rhythm and physical structure not supplied"}},{"type":"Feature","id":"confirmed-4cb299258395a33452de","geometry":{"type":"Point","coordinates":[-4.34125000263941,55.8699501049906]},"properties":{"mark_type":"port","position_status":"Coordinates confirmed accurate by Clifton Taylor on 8 October 2026; not independently surveyed","classification_source":"User confirmation: all points in this export are port lateral markers","display_label_generated":true,"physical_structure":null,"body_colour":null,"light_characteristics":null,"gpx_display_colour_is_not_navigation_colour":true,"chart_update_status":"Latest TimeZero chart update, confirmed by Clifton Taylor on 8 October 2026","chart_edition":null,"chart_correction_date":null,"name":"Port lateral mark 419","structure":"Not specified in export","colour":"red","light":null,"wind_farm":null,"source_file":"TZiBoatData_2026-10-8_1920(1).gpx","source_sha256":"ef4169669b8aefad9dd9a7ff2c0b8b0754777db5cf3371475af4053278236492","source":"User-supplied TimeZero GPX export; classification confirmed by Clifton Taylor","raw_position":"55.869950105, -4.341250003","confirmed_on":"2026-10-08","cross_reference_id":"confirmed-4cb299258395a33452de","nearby_record_count":1,"colour_basis":"Port lateral classification; physical colour not exported separately","description_status":"Port lateral type and latest TimeZero chart update provenance confirmed by Clifton Taylor; light rhythm and physical structure not supplied"}},{"type":"Feature","id":"confirmed-6fb926fa2daf6a76e7b5","geometry":{"type":"Point","coordinates":[-4.31002417136319,55.8651961883556]},"properties":{"mark_type":"port","position_status":"Coordinates confirmed accurate by Clifton Taylor on 8 October 2026; not independently surveyed","classification_source":"User confirmation: all points in this export are port lateral markers","display_label_generated":true,"physical_structure":null,"body_colour":null,"light_characteristics":null,"gpx_display_colour_is_not_navigation_colour":true,"chart_update_status":"Latest TimeZero chart update, confirmed by Clifton Taylor on 8 October 2026","chart_edition":null,"chart_correction_date":null,"name":"Port lateral mark 420","structure":"Not specified in export","colour":"red","light":null,"wind_farm":null,"source_file":"TZiBoatData_2026-10-8_1920(1).gpx","source_sha256":"ef4169669b8aefad9dd9a7ff2c0b8b0754777db5cf3371475af4053278236492","source":"User-supplied TimeZero GPX export; classification confirmed by Clifton Taylor","raw_position":"55.865196188, -4.310024171","confirmed_on":"2026-10-08","cross_reference_id":"confirmed-6fb926fa2daf6a76e7b5","nearby_record_count":0,"colour_basis":"Port lateral classification; physical colour not exported separately","description_status":"Port lateral type and latest TimeZero chart update provenance confirmed by Clifton Taylor; light rhythm and physical structure not supplied"}},{"type":"Feature","id":"confirmed-f2f85d1f8160d9311d65","geometry":{"type":"Point","coordinates":[-4.30686856198596,55.8642421219949]},"properties":{"mark_type":"port","position_status":"Coordinates confirmed accurate by Clifton Taylor on 8 October 2026; not independently surveyed","classification_source":"User confirmation: all points in this export are port lateral markers","display_label_generated":true,"physical_structure":null,"body_colour":null,"light_characteristics":null,"gpx_display_colour_is_not_navigation_colour":true,"chart_update_status":"Latest TimeZero chart update, confirmed by Clifton Taylor on 8 October 2026","chart_edition":null,"chart_correction_date":null,"name":"Port lateral mark 421","structure":"Not specified in export","colour":"red","light":null,"wind_farm":null,"source_file":"TZiBoatData_2026-10-8_1920(1).gpx","source_sha256":"ef4169669b8aefad9dd9a7ff2c0b8b0754777db5cf3371475af4053278236492","source":"User-supplied TimeZero GPX export; classification confirmed by Clifton Taylor","raw_position":"55.864242122, -4.306868562","confirmed_on":"2026-10-08","cross_reference_id":"confirmed-f2f85d1f8160d9311d65","nearby_record_count":0,"colour_basis":"Port lateral classification; physical colour not exported separately","description_status":"Port lateral type and latest TimeZero chart update provenance confirmed by Clifton Taylor; light rhythm and physical structure not supplied"}},{"type":"Feature","id":"confirmed-f48ee54cd96a54483b2c","geometry":{"type":"Point","coordinates":[-4.29290955126735,55.8596873552267]},"properties":{"mark_type":"port","position_status":"Coordinates confirmed accurate by Clifton Taylor on 8 October 2026; not independently surveyed","classification_source":"User confirmation: all points in this export are port lateral markers","display_label_generated":true,"physical_structure":null,"body_colour":null,"light_characteristics":null,"gpx_display_colour_is_not_navigation_colour":true,"chart_update_status":"Latest TimeZero chart update, confirmed by Clifton Taylor on 8 October 2026","chart_edition":null,"chart_correction_date":null,"name":"Port lateral mark 422","structure":"Not specified in export","colour":"red","light":null,"wind_farm":null,"source_file":"TZiBoatData_2026-10-8_1920(1).gpx","source_sha256":"ef4169669b8aefad9dd9a7ff2c0b8b0754777db5cf3371475af4053278236492","source":"User-supplied TimeZero GPX export; classification confirmed by Clifton Taylor","raw_position":"55.859687355, -4.292909551","confirmed_on":"2026-10-08","cross_reference_id":"confirmed-f48ee54cd96a54483b2c","nearby_record_count":4,"colour_basis":"Port lateral classification; physical colour not exported separately","description_status":"Port lateral type and latest TimeZero chart update provenance confirmed by Clifton Taylor; light rhythm and physical structure not supplied"}},{"type":"Feature","id":"confirmed-29875d70f23ed38bd2e3","geometry":{"type":"Point","coordinates":[-4.28978390241192,55.8590638935139]},"properties":{"mark_type":"port","position_status":"Coordinates confirmed accurate by Clifton Taylor on 8 October 2026; not independently surveyed","classification_source":"User confirmation: all points in this export are port lateral markers","display_label_generated":true,"physical_structure":null,"body_colour":null,"light_characteristics":null,"gpx_display_colour_is_not_navigation_colour":true,"chart_update_status":"Latest TimeZero chart update, confirmed by Clifton Taylor on 8 October 2026","chart_edition":null,"chart_correction_date":null,"name":"Port lateral mark 423","structure":"Not specified in export","colour":"red","light":null,"wind_farm":null,"source_file":"TZiBoatData_2026-10-8_1920(1).gpx","source_sha256":"ef4169669b8aefad9dd9a7ff2c0b8b0754777db5cf3371475af4053278236492","source":"User-supplied TimeZero GPX export; classification confirmed by Clifton Taylor","raw_position":"55.859063894, -4.289783902","confirmed_on":"2026-10-08","cross_reference_id":"confirmed-29875d70f23ed38bd2e3","nearby_record_count":4,"colour_basis":"Port lateral classification; physical colour not exported separately","description_status":"Port lateral type and latest TimeZero chart update provenance confirmed by Clifton Taylor; light rhythm and physical structure not supplied"}},{"type":"Feature","id":"confirmed-82e52fa991bfbb6ed22d","geometry":{"type":"Point","coordinates":[-4.2880740624005,55.8587221805063]},"properties":{"mark_type":"port","position_status":"Coordinates confirmed accurate by Clifton Taylor on 8 October 2026; not independently surveyed","classification_source":"User confirmation: all points in this export are port lateral markers","display_label_generated":true,"physical_structure":null,"body_colour":null,"light_characteristics":null,"gpx_display_colour_is_not_navigation_colour":true,"chart_update_status":"Latest TimeZero chart update, confirmed by Clifton Taylor on 8 October 2026","chart_edition":null,"chart_correction_date":null,"name":"Port lateral mark 424","structure":"Not specified in export","colour":"red","light":null,"wind_farm":null,"source_file":"TZiBoatData_2026-10-8_1920(1).gpx","source_sha256":"ef4169669b8aefad9dd9a7ff2c0b8b0754777db5cf3371475af4053278236492","source":"User-supplied TimeZero GPX export; classification confirmed by Clifton Taylor","raw_position":"55.858722181, -4.288074062","confirmed_on":"2026-10-08","cross_reference_id":"confirmed-82e52fa991bfbb6ed22d","nearby_record_count":3,"colour_basis":"Port lateral classification; physical colour not exported separately","description_status":"Port lateral type and latest TimeZero chart update provenance confirmed by Clifton Taylor; light rhythm and physical structure not supplied"}},{"type":"Feature","id":"confirmed-75006e155cc08452277b","geometry":{"type":"Point","coordinates":[-4.77686121328611,56.1863690345274]},"properties":{"mark_type":"port","position_status":"Coordinates confirmed accurate by Clifton Taylor on 8 October 2026; not independently surveyed","classification_source":"User confirmation: all points in this export are port lateral markers","display_label_generated":true,"physical_structure":null,"body_colour":null,"light_characteristics":null,"gpx_display_colour_is_not_navigation_colour":true,"chart_update_status":"Latest TimeZero chart update, confirmed by Clifton Taylor on 8 October 2026","chart_edition":null,"chart_correction_date":null,"name":"Port lateral mark 425","structure":"Not specified in export","colour":"red","light":null,"wind_farm":null,"source_file":"TZiBoatData_2026-10-8_1920(1).gpx","source_sha256":"ef4169669b8aefad9dd9a7ff2c0b8b0754777db5cf3371475af4053278236492","source":"User-supplied TimeZero GPX export; classification confirmed by Clifton Taylor","raw_position":"56.186369035, -4.776861213","confirmed_on":"2026-10-08","cross_reference_id":"confirmed-75006e155cc08452277b","nearby_record_count":3,"colour_basis":"Port lateral classification; physical colour not exported separately","description_status":"Port lateral type and latest TimeZero chart update provenance confirmed by Clifton Taylor; light rhythm and physical structure not supplied"}},{"type":"Feature","id":"confirmed-51c5b13293b339a97991","geometry":{"type":"Point","coordinates":[-4.85285890464514,56.1099003927515]},"properties":{"mark_type":"port","position_status":"Coordinates confirmed accurate by Clifton Taylor on 8 October 2026; not independently surveyed","classification_source":"User confirmation: all points in this export are port lateral markers","display_label_generated":true,"physical_structure":null,"body_colour":null,"light_characteristics":null,"gpx_display_colour_is_not_navigation_colour":true,"chart_update_status":"Latest TimeZero chart update, confirmed by Clifton Taylor on 8 October 2026","chart_edition":null,"chart_correction_date":null,"name":"Port lateral mark 426","structure":"Not specified in export","colour":"red","light":null,"wind_farm":null,"source_file":"TZiBoatData_2026-10-8_1920(1).gpx","source_sha256":"ef4169669b8aefad9dd9a7ff2c0b8b0754777db5cf3371475af4053278236492","source":"User-supplied TimeZero GPX export; classification confirmed by Clifton Taylor","raw_position":"56.109900393, -4.852858905","confirmed_on":"2026-10-08","cross_reference_id":"confirmed-51c5b13293b339a97991","nearby_record_count":6,"colour_basis":"Port lateral classification; physical colour not exported separately","description_status":"Port lateral type and latest TimeZero chart update provenance confirmed by Clifton Taylor; light rhythm and physical structure not supplied"}},{"type":"Feature","id":"confirmed-7a4fbe47bdae3c4cd1a3","geometry":{"type":"Point","coordinates":[-4.84804640873687,56.1147012676649]},"properties":{"mark_type":"port","position_status":"Coordinates confirmed accurate by Clifton Taylor on 8 October 2026; not independently surveyed","classification_source":"User confirmation: all points in this export are port lateral markers","display_label_generated":true,"physical_structure":null,"body_colour":null,"light_characteristics":null,"gpx_display_colour_is_not_navigation_colour":true,"chart_update_status":"Latest TimeZero chart update, confirmed by Clifton Taylor on 8 October 2026","chart_edition":null,"chart_correction_date":null,"name":"Port lateral mark 427","structure":"Not specified in export","colour":"red","light":null,"wind_farm":null,"source_file":"TZiBoatData_2026-10-8_1920(1).gpx","source_sha256":"ef4169669b8aefad9dd9a7ff2c0b8b0754777db5cf3371475af4053278236492","source":"User-supplied TimeZero GPX export; classification confirmed by Clifton Taylor","raw_position":"56.114701268, -4.848046409","confirmed_on":"2026-10-08","cross_reference_id":"confirmed-7a4fbe47bdae3c4cd1a3","nearby_record_count":4,"colour_basis":"Port lateral classification; physical colour not exported separately","description_status":"Port lateral type and latest TimeZero chart update provenance confirmed by Clifton Taylor; light rhythm and physical structure not supplied"}},{"type":"Feature","id":"confirmed-5c242ef6534837b8e2e9","geometry":{"type":"Point","coordinates":[-4.87883417487351,56.0974285136484]},"properties":{"mark_type":"port","position_status":"Coordinates confirmed accurate by Clifton Taylor on 8 October 2026; not independently surveyed","classification_source":"User confirmation: all points in this export are port lateral markers","display_label_generated":true,"physical_structure":null,"body_colour":null,"light_characteristics":null,"gpx_display_colour_is_not_navigation_colour":true,"chart_update_status":"Latest TimeZero chart update, confirmed by Clifton Taylor on 8 October 2026","chart_edition":null,"chart_correction_date":null,"name":"Port lateral mark 428","structure":"Not specified in export","colour":"red","light":null,"wind_farm":null,"source_file":"TZiBoatData_2026-10-8_1920(1).gpx","source_sha256":"ef4169669b8aefad9dd9a7ff2c0b8b0754777db5cf3371475af4053278236492","source":"User-supplied TimeZero GPX export; classification confirmed by Clifton Taylor","raw_position":"56.097428514, -4.878834175","confirmed_on":"2026-10-08","cross_reference_id":"confirmed-5c242ef6534837b8e2e9","nearby_record_count":2,"colour_basis":"Port lateral classification; physical colour not exported separately","description_status":"Port lateral type and latest TimeZero chart update provenance confirmed by Clifton Taylor; light rhythm and physical structure not supplied"}},{"type":"Feature","id":"confirmed-b2911f50d58058f8a33c","geometry":{"type":"Point","coordinates":[-4.88518371522562,56.1013244063495]},"properties":{"mark_type":"port","position_status":"Coordinates confirmed accurate by Clifton Taylor on 8 October 2026; not independently surveyed","classification_source":"User confirmation: all points in this export are port lateral markers","display_label_generated":true,"physical_structure":null,"body_colour":null,"light_characteristics":null,"gpx_display_colour_is_not_navigation_colour":true,"chart_update_status":"Latest TimeZero chart update, confirmed by Clifton Taylor on 8 October 2026","chart_edition":null,"chart_correction_date":null,"name":"Port lateral mark 429","structure":"Not specified in export","colour":"red","light":null,"wind_farm":null,"source_file":"TZiBoatData_2026-10-8_1920(1).gpx","source_sha256":"ef4169669b8aefad9dd9a7ff2c0b8b0754777db5cf3371475af4053278236492","source":"User-supplied TimeZero GPX export; classification confirmed by Clifton Taylor","raw_position":"56.101324406, -4.885183715","confirmed_on":"2026-10-08","cross_reference_id":"confirmed-b2911f50d58058f8a33c","nearby_record_count":2,"colour_basis":"Port lateral classification; physical colour not exported separately","description_status":"Port lateral type and latest TimeZero chart update provenance confirmed by Clifton Taylor; light rhythm and physical structure not supplied"}},{"type":"Feature","id":"confirmed-4add8357ca3c019a7a30","geometry":{"type":"Point","coordinates":[-5.34447000889925,56.0160299350719]},"properties":{"mark_type":"port","position_status":"Coordinates confirmed accurate by Clifton Taylor on 8 October 2026; not independently surveyed","classification_source":"User confirmation: all points in this export are port lateral markers","display_label_generated":true,"physical_structure":null,"body_colour":null,"light_characteristics":null,"gpx_display_colour_is_not_navigation_colour":true,"chart_update_status":"Latest TimeZero chart update, confirmed by Clifton Taylor on 8 October 2026","chart_edition":null,"chart_correction_date":null,"name":"Port lateral mark 430","structure":"Not specified in export","colour":"red","light":null,"wind_farm":null,"source_file":"TZiBoatData_2026-10-8_1920(1).gpx","source_sha256":"ef4169669b8aefad9dd9a7ff2c0b8b0754777db5cf3371475af4053278236492","source":"User-supplied TimeZero GPX export; classification confirmed by Clifton Taylor","raw_position":"56.016029935, -5.344470009","confirmed_on":"2026-10-08","cross_reference_id":"confirmed-4add8357ca3c019a7a30","nearby_record_count":0,"colour_basis":"Port lateral classification; physical colour not exported separately","description_status":"Port lateral type and latest TimeZero chart update provenance confirmed by Clifton Taylor; light rhythm and physical structure not supplied"}},{"type":"Feature","id":"confirmed-cbdc73d336d6c2ff5404","geometry":{"type":"Point","coordinates":[-5.36773350352679,56.0038242357921]},"properties":{"mark_type":"port","position_status":"Coordinates confirmed accurate by Clifton Taylor on 8 October 2026; not independently surveyed","classification_source":"User confirmation: all points in this export are port lateral markers","display_label_generated":true,"physical_structure":null,"body_colour":null,"light_characteristics":null,"gpx_display_colour_is_not_navigation_colour":true,"chart_update_status":"Latest TimeZero chart update, confirmed by Clifton Taylor on 8 October 2026","chart_edition":null,"chart_correction_date":null,"name":"Port lateral mark 431","structure":"Not specified in export","colour":"red","light":null,"wind_farm":null,"source_file":"TZiBoatData_2026-10-8_1920(1).gpx","source_sha256":"ef4169669b8aefad9dd9a7ff2c0b8b0754777db5cf3371475af4053278236492","source":"User-supplied TimeZero GPX export; classification confirmed by Clifton Taylor","raw_position":"56.003824236, -5.367733504","confirmed_on":"2026-10-08","cross_reference_id":"confirmed-cbdc73d336d6c2ff5404","nearby_record_count":4,"colour_basis":"Port lateral classification; physical colour not exported separately","description_status":"Port lateral type and latest TimeZero chart update provenance confirmed by Clifton Taylor; light rhythm and physical structure not supplied"}},{"type":"Feature","id":"confirmed-e85b5c726efc574b2002","geometry":{"type":"Point","coordinates":[-5.23438978534842,56.1054096366811]},"properties":{"mark_type":"port","position_status":"Coordinates confirmed accurate by Clifton Taylor on 8 October 2026; not independently surveyed","classification_source":"User confirmation: all points in this export are port lateral markers","display_label_generated":true,"physical_structure":null,"body_colour":null,"light_characteristics":null,"gpx_display_colour_is_not_navigation_colour":true,"chart_update_status":"Latest TimeZero chart update, confirmed by Clifton Taylor on 8 October 2026","chart_edition":null,"chart_correction_date":null,"name":"Port lateral mark 432","structure":"Not specified in export","colour":"red","light":null,"wind_farm":null,"source_file":"TZiBoatData_2026-10-8_1920(1).gpx","source_sha256":"ef4169669b8aefad9dd9a7ff2c0b8b0754777db5cf3371475af4053278236492","source":"User-supplied TimeZero GPX export; classification confirmed by Clifton Taylor","raw_position":"56.105409637, -5.234389785","confirmed_on":"2026-10-08","cross_reference_id":"confirmed-e85b5c726efc574b2002","nearby_record_count":4,"colour_basis":"Port lateral classification; physical colour not exported separately","description_status":"Port lateral type and latest TimeZero chart update provenance confirmed by Clifton Taylor; light rhythm and physical structure not supplied"}},{"type":"Feature","id":"confirmed-5c7fd39414a2857040f4","geometry":{"type":"Point","coordinates":[-5.48621451803837,55.8110292976733]},"properties":{"mark_type":"port","position_status":"Coordinates confirmed accurate by Clifton Taylor on 8 October 2026; not independently surveyed","classification_source":"User confirmation: all points in this export are port lateral markers","display_label_generated":true,"physical_structure":null,"body_colour":null,"light_characteristics":null,"gpx_display_colour_is_not_navigation_colour":true,"chart_update_status":"Latest TimeZero chart update, confirmed by Clifton Taylor on 8 October 2026","chart_edition":null,"chart_correction_date":null,"name":"Port lateral mark 433","structure":"Not specified in export","colour":"red","light":null,"wind_farm":null,"source_file":"TZiBoatData_2026-10-8_1920(1).gpx","source_sha256":"ef4169669b8aefad9dd9a7ff2c0b8b0754777db5cf3371475af4053278236492","source":"User-supplied TimeZero GPX export; classification confirmed by Clifton Taylor","raw_position":"55.811029298, -5.486214518","confirmed_on":"2026-10-08","cross_reference_id":"confirmed-5c7fd39414a2857040f4","nearby_record_count":4,"colour_basis":"Port lateral classification; physical colour not exported separately","description_status":"Port lateral type and latest TimeZero chart update provenance confirmed by Clifton Taylor; light rhythm and physical structure not supplied"}},{"type":"Feature","id":"confirmed-9b9f848eba6dc6f00cbf","geometry":{"type":"Point","coordinates":[-5.54013060807634,55.7843059349042]},"properties":{"mark_type":"port","position_status":"Coordinates confirmed accurate by Clifton Taylor on 8 October 2026; not independently surveyed","classification_source":"User confirmation: all points in this export are port lateral markers","display_label_generated":true,"physical_structure":null,"body_colour":null,"light_characteristics":null,"gpx_display_colour_is_not_navigation_colour":true,"chart_update_status":"Latest TimeZero chart update, confirmed by Clifton Taylor on 8 October 2026","chart_edition":null,"chart_correction_date":null,"name":"Port lateral mark 434","structure":"Not specified in export","colour":"red","light":null,"wind_farm":null,"source_file":"TZiBoatData_2026-10-8_1920(1).gpx","source_sha256":"ef4169669b8aefad9dd9a7ff2c0b8b0754777db5cf3371475af4053278236492","source":"User-supplied TimeZero GPX export; classification confirmed by Clifton Taylor","raw_position":"55.784305935, -5.540130608","confirmed_on":"2026-10-08","cross_reference_id":"confirmed-9b9f848eba6dc6f00cbf","nearby_record_count":3,"colour_basis":"Port lateral classification; physical colour not exported separately","description_status":"Port lateral type and latest TimeZero chart update provenance confirmed by Clifton Taylor; light rhythm and physical structure not supplied"}},{"type":"Feature","id":"confirmed-81f947cb797bdb0a61d9","geometry":{"type":"Point","coordinates":[-5.70102049048316,55.6963038942029]},"properties":{"mark_type":"port","position_status":"Coordinates confirmed accurate by Clifton Taylor on 8 October 2026; not independently surveyed","classification_source":"User confirmation: all points in this export are port lateral markers","display_label_generated":true,"physical_structure":null,"body_colour":null,"light_characteristics":null,"gpx_display_colour_is_not_navigation_colour":true,"chart_update_status":"Latest TimeZero chart update, confirmed by Clifton Taylor on 8 October 2026","chart_edition":null,"chart_correction_date":null,"name":"Port lateral mark 435","structure":"Not specified in export","colour":"red","light":null,"wind_farm":null,"source_file":"TZiBoatData_2026-10-8_1920(1).gpx","source_sha256":"ef4169669b8aefad9dd9a7ff2c0b8b0754777db5cf3371475af4053278236492","source":"User-supplied TimeZero GPX export; classification confirmed by Clifton Taylor","raw_position":"55.696303894, -5.701020490","confirmed_on":"2026-10-08","cross_reference_id":"confirmed-81f947cb797bdb0a61d9","nearby_record_count":0,"colour_basis":"Port lateral classification; physical colour not exported separately","description_status":"Port lateral type and latest TimeZero chart update provenance confirmed by Clifton Taylor; light rhythm and physical structure not supplied"}},{"type":"Feature","id":"confirmed-aa429d44b153bb48d5eb","geometry":{"type":"Point","coordinates":[-5.56513858594509,55.4240489189766]},"properties":{"mark_type":"port","position_status":"Coordinates confirmed accurate by Clifton Taylor on 8 October 2026; not independently surveyed","classification_source":"User confirmation: all points in this export are port lateral markers","display_label_generated":true,"physical_structure":null,"body_colour":null,"light_characteristics":null,"gpx_display_colour_is_not_navigation_colour":true,"chart_update_status":"Latest TimeZero chart update, confirmed by Clifton Taylor on 8 October 2026","chart_edition":null,"chart_correction_date":null,"name":"Port lateral mark 436","structure":"Not specified in export","colour":"red","light":null,"wind_farm":null,"source_file":"TZiBoatData_2026-10-8_1920(1).gpx","source_sha256":"ef4169669b8aefad9dd9a7ff2c0b8b0754777db5cf3371475af4053278236492","source":"User-supplied TimeZero GPX export; classification confirmed by Clifton Taylor","raw_position":"55.424048919, -5.565138586","confirmed_on":"2026-10-08","cross_reference_id":"confirmed-aa429d44b153bb48d5eb","nearby_record_count":2,"colour_basis":"Port lateral classification; physical colour not exported separately","description_status":"Port lateral type and latest TimeZero chart update provenance confirmed by Clifton Taylor; light rhythm and physical structure not supplied"}},{"type":"Feature","id":"confirmed-024a191c857995a670ed","geometry":{"type":"Point","coordinates":[-5.61640601370391,55.2991073116249]},"properties":{"mark_type":"port","position_status":"Coordinates confirmed accurate by Clifton Taylor on 8 October 2026; not independently surveyed","classification_source":"User confirmation: all points in this export are port lateral markers","display_label_generated":true,"physical_structure":null,"body_colour":null,"light_characteristics":null,"gpx_display_colour_is_not_navigation_colour":true,"chart_update_status":"Latest TimeZero chart update, confirmed by Clifton Taylor on 8 October 2026","chart_edition":null,"chart_correction_date":null,"name":"Port lateral mark 437","structure":"Not specified in export","colour":"red","light":null,"wind_farm":null,"source_file":"TZiBoatData_2026-10-8_1920(1).gpx","source_sha256":"ef4169669b8aefad9dd9a7ff2c0b8b0754777db5cf3371475af4053278236492","source":"User-supplied TimeZero GPX export; classification confirmed by Clifton Taylor","raw_position":"55.299107312, -5.616406014","confirmed_on":"2026-10-08","cross_reference_id":"confirmed-024a191c857995a670ed","nearby_record_count":4,"colour_basis":"Port lateral classification; physical colour not exported separately","description_status":"Port lateral type and latest TimeZero chart update provenance confirmed by Clifton Taylor; light rhythm and physical structure not supplied"}},{"type":"Feature","id":"confirmed-b7b9f5461b84bad368a3","geometry":{"type":"Point","coordinates":[-5.54791765438743,55.3235588449477]},"properties":{"mark_type":"port","position_status":"Coordinates confirmed accurate by Clifton Taylor on 8 October 2026; not independently surveyed","classification_source":"User confirmation: all points in this export are port lateral markers","display_label_generated":true,"physical_structure":null,"body_colour":null,"light_characteristics":null,"gpx_display_colour_is_not_navigation_colour":true,"chart_update_status":"Latest TimeZero chart update, confirmed by Clifton Taylor on 8 October 2026","chart_edition":null,"chart_correction_date":null,"name":"Port lateral mark 438","structure":"Not specified in export","colour":"red","light":null,"wind_farm":null,"source_file":"TZiBoatData_2026-10-8_1920(1).gpx","source_sha256":"ef4169669b8aefad9dd9a7ff2c0b8b0754777db5cf3371475af4053278236492","source":"User-supplied TimeZero GPX export; classification confirmed by Clifton Taylor","raw_position":"55.323558845, -5.547917654","confirmed_on":"2026-10-08","cross_reference_id":"confirmed-b7b9f5461b84bad368a3","nearby_record_count":6,"colour_basis":"Port lateral classification; physical colour not exported separately","description_status":"Port lateral type and latest TimeZero chart update provenance confirmed by Clifton Taylor; light rhythm and physical structure not supplied"}},{"type":"Feature","id":"confirmed-5faeb0a53ec0e47500c6","geometry":{"type":"Point","coordinates":[-5.54119525173463,55.2818342252442]},"properties":{"mark_type":"port","position_status":"Coordinates confirmed accurate by Clifton Taylor on 8 October 2026; not independently surveyed","classification_source":"User confirmation: all points in this export are port lateral markers","display_label_generated":true,"physical_structure":null,"body_colour":null,"light_characteristics":null,"gpx_display_colour_is_not_navigation_colour":true,"chart_update_status":"Latest TimeZero chart update, confirmed by Clifton Taylor on 8 October 2026","chart_edition":null,"chart_correction_date":null,"name":"Port lateral mark 439","structure":"Not specified in export","colour":"red","light":null,"wind_farm":null,"source_file":"TZiBoatData_2026-10-8_1920(1).gpx","source_sha256":"ef4169669b8aefad9dd9a7ff2c0b8b0754777db5cf3371475af4053278236492","source":"User-supplied TimeZero GPX export; classification confirmed by Clifton Taylor","raw_position":"55.281834225, -5.541195252","confirmed_on":"2026-10-08","cross_reference_id":"confirmed-5faeb0a53ec0e47500c6","nearby_record_count":5,"colour_basis":"Port lateral classification; physical colour not exported separately","description_status":"Port lateral type and latest TimeZero chart update provenance confirmed by Clifton Taylor; light rhythm and physical structure not supplied"}},{"type":"Feature","id":"confirmed-996245aee425aadf7eea","geometry":{"type":"Point","coordinates":[-6.20684989572448,55.6201665659162]},"properties":{"mark_type":"port","position_status":"Coordinates confirmed accurate by Clifton Taylor on 8 October 2026; not independently surveyed","classification_source":"User confirmation: all points in this export are port lateral markers","display_label_generated":true,"physical_structure":null,"body_colour":null,"light_characteristics":null,"gpx_display_colour_is_not_navigation_colour":true,"chart_update_status":"Latest TimeZero chart update, confirmed by Clifton Taylor on 8 October 2026","chart_edition":null,"chart_correction_date":null,"name":"Port lateral mark 440","structure":"Not specified in export","colour":"red","light":null,"wind_farm":null,"source_file":"TZiBoatData_2026-10-8_1920(1).gpx","source_sha256":"ef4169669b8aefad9dd9a7ff2c0b8b0754777db5cf3371475af4053278236492","source":"User-supplied TimeZero GPX export; classification confirmed by Clifton Taylor","raw_position":"55.620166566, -6.206849896","confirmed_on":"2026-10-08","cross_reference_id":"confirmed-996245aee425aadf7eea","nearby_record_count":0,"colour_basis":"Port lateral classification; physical colour not exported separately","description_status":"Port lateral type and latest TimeZero chart update provenance confirmed by Clifton Taylor; light rhythm and physical structure not supplied"}},{"type":"Feature","id":"confirmed-0ec84470d72e05ef2064","geometry":{"type":"Point","coordinates":[-5.53047197737015,56.3870043225277]},"properties":{"mark_type":"port","position_status":"Coordinates confirmed accurate by Clifton Taylor on 8 October 2026; not independently surveyed","classification_source":"User confirmation: all points in this export are port lateral markers","display_label_generated":true,"physical_structure":null,"body_colour":null,"light_characteristics":null,"gpx_display_colour_is_not_navigation_colour":true,"chart_update_status":"Latest TimeZero chart update, confirmed by Clifton Taylor on 8 October 2026","chart_edition":null,"chart_correction_date":null,"name":"Port lateral mark 441","structure":"Not specified in export","colour":"red","light":null,"wind_farm":null,"source_file":"TZiBoatData_2026-10-8_1920(1).gpx","source_sha256":"ef4169669b8aefad9dd9a7ff2c0b8b0754777db5cf3371475af4053278236492","source":"User-supplied TimeZero GPX export; classification confirmed by Clifton Taylor","raw_position":"56.387004323, -5.530471977","confirmed_on":"2026-10-08","cross_reference_id":"confirmed-0ec84470d72e05ef2064","nearby_record_count":1,"colour_basis":"Port lateral classification; physical colour not exported separately","description_status":"Port lateral type and latest TimeZero chart update provenance confirmed by Clifton Taylor; light rhythm and physical structure not supplied"}},{"type":"Feature","id":"confirmed-e9bc1cc28fe3b558a5ba","geometry":{"type":"Point","coordinates":[-5.51354985660512,56.4024167552562]},"properties":{"mark_type":"port","position_status":"Coordinates confirmed accurate by Clifton Taylor on 8 October 2026; not independently surveyed","classification_source":"User confirmation: all points in this export are port lateral markers","display_label_generated":true,"physical_structure":null,"body_colour":null,"light_characteristics":null,"gpx_display_colour_is_not_navigation_colour":true,"chart_update_status":"Latest TimeZero chart update, confirmed by Clifton Taylor on 8 October 2026","chart_edition":null,"chart_correction_date":null,"name":"Port lateral mark 442","structure":"Not specified in export","colour":"red","light":null,"wind_farm":null,"source_file":"TZiBoatData_2026-10-8_1920(1).gpx","source_sha256":"ef4169669b8aefad9dd9a7ff2c0b8b0754777db5cf3371475af4053278236492","source":"User-supplied TimeZero GPX export; classification confirmed by Clifton Taylor","raw_position":"56.402416755, -5.513549857","confirmed_on":"2026-10-08","cross_reference_id":"confirmed-e9bc1cc28fe3b558a5ba","nearby_record_count":1,"colour_basis":"Port lateral classification; physical colour not exported separately","description_status":"Port lateral type and latest TimeZero chart update provenance confirmed by Clifton Taylor; light rhythm and physical structure not supplied"}},{"type":"Feature","id":"confirmed-dda8c6ae1ab11561961d","geometry":{"type":"Point","coordinates":[-5.48751675560208,56.4211166227888]},"properties":{"mark_type":"port","position_status":"Coordinates confirmed accurate by Clifton Taylor on 8 October 2026; not independently surveyed","classification_source":"User confirmation: all points in this export are port lateral markers","display_label_generated":true,"physical_structure":null,"body_colour":null,"light_characteristics":null,"gpx_display_colour_is_not_navigation_colour":true,"chart_update_status":"Latest TimeZero chart update, confirmed by Clifton Taylor on 8 October 2026","chart_edition":null,"chart_correction_date":null,"name":"Port lateral mark 443","structure":"Not specified in export","colour":"red","light":null,"wind_farm":null,"source_file":"TZiBoatData_2026-10-8_1920(1).gpx","source_sha256":"ef4169669b8aefad9dd9a7ff2c0b8b0754777db5cf3371475af4053278236492","source":"User-supplied TimeZero GPX export; classification confirmed by Clifton Taylor","raw_position":"56.421116623, -5.487516756","confirmed_on":"2026-10-08","cross_reference_id":"confirmed-dda8c6ae1ab11561961d","nearby_record_count":1,"colour_basis":"Port lateral classification; physical colour not exported separately","description_status":"Port lateral type and latest TimeZero chart update provenance confirmed by Clifton Taylor; light rhythm and physical structure not supplied"}},{"type":"Feature","id":"confirmed-d29217eeb3a592e205fa","geometry":{"type":"Point","coordinates":[-5.48746658914698,56.4224500085076]},"properties":{"mark_type":"port","position_status":"Coordinates confirmed accurate by Clifton Taylor on 8 October 2026; not independently surveyed","classification_source":"User confirmation: all points in this export are port lateral markers","display_label_generated":true,"physical_structure":null,"body_colour":null,"light_characteristics":null,"gpx_display_colour_is_not_navigation_colour":true,"chart_update_status":"Latest TimeZero chart update, confirmed by Clifton Taylor on 8 October 2026","chart_edition":null,"chart_correction_date":null,"name":"Port lateral mark 444","structure":"Not specified in export","colour":"red","light":null,"wind_farm":null,"source_file":"TZiBoatData_2026-10-8_1920(1).gpx","source_sha256":"ef4169669b8aefad9dd9a7ff2c0b8b0754777db5cf3371475af4053278236492","source":"User-supplied TimeZero GPX export; classification confirmed by Clifton Taylor","raw_position":"56.422450009, -5.487466589","confirmed_on":"2026-10-08","cross_reference_id":"confirmed-d29217eeb3a592e205fa","nearby_record_count":2,"colour_basis":"Port lateral classification; physical colour not exported separately","description_status":"Port lateral type and latest TimeZero chart update provenance confirmed by Clifton Taylor; light rhythm and physical structure not supplied"}},{"type":"Feature","id":"confirmed-0b1b2ebdcef8130091a1","geometry":{"type":"Point","coordinates":[-5.43300025620181,56.4545333641965]},"properties":{"mark_type":"port","position_status":"Coordinates confirmed accurate by Clifton Taylor on 8 October 2026; not independently surveyed","classification_source":"User confirmation: all points in this export are port lateral markers","display_label_generated":true,"physical_structure":null,"body_colour":null,"light_characteristics":null,"gpx_display_colour_is_not_navigation_colour":true,"chart_update_status":"Latest TimeZero chart update, confirmed by Clifton Taylor on 8 October 2026","chart_edition":null,"chart_correction_date":null,"name":"Port lateral mark 445","structure":"Not specified in export","colour":"red","light":null,"wind_farm":null,"source_file":"TZiBoatData_2026-10-8_1920(1).gpx","source_sha256":"ef4169669b8aefad9dd9a7ff2c0b8b0754777db5cf3371475af4053278236492","source":"User-supplied TimeZero GPX export; classification confirmed by Clifton Taylor","raw_position":"56.454533364, -5.433000256","confirmed_on":"2026-10-08","cross_reference_id":"confirmed-0b1b2ebdcef8130091a1","nearby_record_count":1,"colour_basis":"Port lateral classification; physical colour not exported separately","description_status":"Port lateral type and latest TimeZero chart update provenance confirmed by Clifton Taylor; light rhythm and physical structure not supplied"}},{"type":"Feature","id":"confirmed-b97273ff1608e7c1632f","geometry":{"type":"Point","coordinates":[-5.43474981132352,56.4535834661161]},"properties":{"mark_type":"port","position_status":"Coordinates confirmed accurate by Clifton Taylor on 8 October 2026; not independently surveyed","classification_source":"User confirmation: all points in this export are port lateral markers","display_label_generated":true,"physical_structure":null,"body_colour":null,"light_characteristics":null,"gpx_display_colour_is_not_navigation_colour":true,"chart_update_status":"Latest TimeZero chart update, confirmed by Clifton Taylor on 8 October 2026","chart_edition":null,"chart_correction_date":null,"name":"Port lateral mark 446","structure":"Not specified in export","colour":"red","light":null,"wind_farm":null,"source_file":"TZiBoatData_2026-10-8_1920(1).gpx","source_sha256":"ef4169669b8aefad9dd9a7ff2c0b8b0754777db5cf3371475af4053278236492","source":"User-supplied TimeZero GPX export; classification confirmed by Clifton Taylor","raw_position":"56.453583466, -5.434749811","confirmed_on":"2026-10-08","cross_reference_id":"confirmed-b97273ff1608e7c1632f","nearby_record_count":0,"colour_basis":"Port lateral classification; physical colour not exported separately","description_status":"Port lateral type and latest TimeZero chart update provenance confirmed by Clifton Taylor; light rhythm and physical structure not supplied"}},{"type":"Feature","id":"confirmed-224995dced6f28942bcb","geometry":{"type":"Point","coordinates":[-5.73263331302095,56.5003831107718]},"properties":{"mark_type":"port","position_status":"Coordinates confirmed accurate by Clifton Taylor on 8 October 2026; not independently surveyed","classification_source":"User confirmation: all points in this export are port lateral markers","display_label_generated":true,"physical_structure":null,"body_colour":null,"light_characteristics":null,"gpx_display_colour_is_not_navigation_colour":true,"chart_update_status":"Latest TimeZero chart update, confirmed by Clifton Taylor on 8 October 2026","chart_edition":null,"chart_correction_date":null,"name":"Port lateral mark 447","structure":"Not specified in export","colour":"red","light":null,"wind_farm":null,"source_file":"TZiBoatData_2026-10-8_1920(1).gpx","source_sha256":"ef4169669b8aefad9dd9a7ff2c0b8b0754777db5cf3371475af4053278236492","source":"User-supplied TimeZero GPX export; classification confirmed by Clifton Taylor","raw_position":"56.500383111, -5.732633313","confirmed_on":"2026-10-08","cross_reference_id":"confirmed-224995dced6f28942bcb","nearby_record_count":2,"colour_basis":"Port lateral classification; physical colour not exported separately","description_status":"Port lateral type and latest TimeZero chart update provenance confirmed by Clifton Taylor; light rhythm and physical structure not supplied"}},{"type":"Feature","id":"confirmed-c8bec028e5c9bba6015b","geometry":{"type":"Point","coordinates":[-5.77986801211179,56.5131268371093]},"properties":{"mark_type":"port","position_status":"Coordinates confirmed accurate by Clifton Taylor on 8 October 2026; not independently surveyed","classification_source":"User confirmation: all points in this export are port lateral markers","display_label_generated":true,"physical_structure":null,"body_colour":null,"light_characteristics":null,"gpx_display_colour_is_not_navigation_colour":true,"chart_update_status":"Latest TimeZero chart update, confirmed by Clifton Taylor on 8 October 2026","chart_edition":null,"chart_correction_date":null,"name":"Port lateral mark 448","structure":"Not specified in export","colour":"red","light":null,"wind_farm":null,"source_file":"TZiBoatData_2026-10-8_1920(1).gpx","source_sha256":"ef4169669b8aefad9dd9a7ff2c0b8b0754777db5cf3371475af4053278236492","source":"User-supplied TimeZero GPX export; classification confirmed by Clifton Taylor","raw_position":"56.513126837, -5.779868012","confirmed_on":"2026-10-08","cross_reference_id":"confirmed-c8bec028e5c9bba6015b","nearby_record_count":2,"colour_basis":"Port lateral classification; physical colour not exported separately","description_status":"Port lateral type and latest TimeZero chart update provenance confirmed by Clifton Taylor; light rhythm and physical structure not supplied"}},{"type":"Feature","id":"confirmed-10f96d61b3b0a1913cd2","geometry":{"type":"Point","coordinates":[-5.77282728948937,56.5394838169742]},"properties":{"mark_type":"port","position_status":"Coordinates confirmed accurate by Clifton Taylor on 8 October 2026; not independently surveyed","classification_source":"User confirmation: all points in this export are port lateral markers","display_label_generated":true,"physical_structure":null,"body_colour":null,"light_characteristics":null,"gpx_display_colour_is_not_navigation_colour":true,"chart_update_status":"Latest TimeZero chart update, confirmed by Clifton Taylor on 8 October 2026","chart_edition":null,"chart_correction_date":null,"name":"Port lateral mark 449","structure":"Not specified in export","colour":"red","light":null,"wind_farm":null,"source_file":"TZiBoatData_2026-10-8_1920(1).gpx","source_sha256":"ef4169669b8aefad9dd9a7ff2c0b8b0754777db5cf3371475af4053278236492","source":"User-supplied TimeZero GPX export; classification confirmed by Clifton Taylor","raw_position":"56.539483817, -5.772827289","confirmed_on":"2026-10-08","cross_reference_id":"confirmed-10f96d61b3b0a1913cd2","nearby_record_count":0,"colour_basis":"Port lateral classification; physical colour not exported separately","description_status":"Port lateral type and latest TimeZero chart update provenance confirmed by Clifton Taylor; light rhythm and physical structure not supplied"}},{"type":"Feature","id":"confirmed-98c0f68a91e9028acd10","geometry":{"type":"Point","coordinates":[-5.98494178918384,56.582512514102]},"properties":{"mark_type":"port","position_status":"Coordinates confirmed accurate by Clifton Taylor on 8 October 2026; not independently surveyed","classification_source":"User confirmation: all points in this export are port lateral markers","display_label_generated":true,"physical_structure":null,"body_colour":null,"light_characteristics":null,"gpx_display_colour_is_not_navigation_colour":true,"chart_update_status":"Latest TimeZero chart update, confirmed by Clifton Taylor on 8 October 2026","chart_edition":null,"chart_correction_date":null,"name":"Port lateral mark 450","structure":"Not specified in export","colour":"red","light":null,"wind_farm":null,"source_file":"TZiBoatData_2026-10-8_1920(1).gpx","source_sha256":"ef4169669b8aefad9dd9a7ff2c0b8b0754777db5cf3371475af4053278236492","source":"User-supplied TimeZero GPX export; classification confirmed by Clifton Taylor","raw_position":"56.582512514, -5.984941789","confirmed_on":"2026-10-08","cross_reference_id":"confirmed-98c0f68a91e9028acd10","nearby_record_count":2,"colour_basis":"Port lateral classification; physical colour not exported separately","description_status":"Port lateral type and latest TimeZero chart update provenance confirmed by Clifton Taylor; light rhythm and physical structure not supplied"}},{"type":"Feature","id":"confirmed-5cdc0812409273941d75","geometry":{"type":"Point","coordinates":[-6.06078321254073,56.6201500147448]},"properties":{"mark_type":"port","position_status":"Coordinates confirmed accurate by Clifton Taylor on 8 October 2026; not independently surveyed","classification_source":"User confirmation: all points in this export are port lateral markers","display_label_generated":true,"physical_structure":null,"body_colour":null,"light_characteristics":null,"gpx_display_colour_is_not_navigation_colour":true,"chart_update_status":"Latest TimeZero chart update, confirmed by Clifton Taylor on 8 October 2026","chart_edition":null,"chart_correction_date":null,"name":"Port lateral mark 451","structure":"Not specified in export","colour":"red","light":null,"wind_farm":null,"source_file":"TZiBoatData_2026-10-8_1920(1).gpx","source_sha256":"ef4169669b8aefad9dd9a7ff2c0b8b0754777db5cf3371475af4053278236492","source":"User-supplied TimeZero GPX export; classification confirmed by Clifton Taylor","raw_position":"56.620150015, -6.060783213","confirmed_on":"2026-10-08","cross_reference_id":"confirmed-5cdc0812409273941d75","nearby_record_count":0,"colour_basis":"Port lateral classification; physical colour not exported separately","description_status":"Port lateral type and latest TimeZero chart update provenance confirmed by Clifton Taylor; light rhythm and physical structure not supplied"}},{"type":"Feature","id":"confirmed-8e6da3eadf8f91c3f14a","geometry":{"type":"Point","coordinates":[-5.77429396154481,56.5344209710223]},"properties":{"mark_type":"port","position_status":"Coordinates confirmed accurate by Clifton Taylor on 8 October 2026; not independently surveyed","classification_source":"User confirmation: all points in this export are port lateral markers","display_label_generated":true,"physical_structure":null,"body_colour":null,"light_characteristics":null,"gpx_display_colour_is_not_navigation_colour":true,"chart_update_status":"Latest TimeZero chart update, confirmed by Clifton Taylor on 8 October 2026","chart_edition":null,"chart_correction_date":null,"name":"Port lateral mark 452","structure":"Not specified in export","colour":"red","light":null,"wind_farm":null,"source_file":"TZiBoatData_2026-10-8_1920(1).gpx","source_sha256":"ef4169669b8aefad9dd9a7ff2c0b8b0754777db5cf3371475af4053278236492","source":"User-supplied TimeZero GPX export; classification confirmed by Clifton Taylor","raw_position":"56.534420971, -5.774293962","confirmed_on":"2026-10-08","cross_reference_id":"confirmed-8e6da3eadf8f91c3f14a","nearby_record_count":0,"colour_basis":"Port lateral classification; physical colour not exported separately","description_status":"Port lateral type and latest TimeZero chart update provenance confirmed by Clifton Taylor; light rhythm and physical structure not supplied"}},{"type":"Feature","id":"confirmed-22e952c30c690546ac66","geometry":{"type":"Point","coordinates":[-5.11729163754752,56.830058476804]},"properties":{"mark_type":"port","position_status":"Coordinates confirmed accurate by Clifton Taylor on 8 October 2026; not independently surveyed","classification_source":"User confirmation: all points in this export are port lateral markers","display_label_generated":true,"physical_structure":null,"body_colour":null,"light_characteristics":null,"gpx_display_colour_is_not_navigation_colour":true,"chart_update_status":"Latest TimeZero chart update, confirmed by Clifton Taylor on 8 October 2026","chart_edition":null,"chart_correction_date":null,"name":"Port lateral mark 453","structure":"Not specified in export","colour":"red","light":null,"wind_farm":null,"source_file":"TZiBoatData_2026-10-8_1920(1).gpx","source_sha256":"ef4169669b8aefad9dd9a7ff2c0b8b0754777db5cf3371475af4053278236492","source":"User-supplied TimeZero GPX export; classification confirmed by Clifton Taylor","raw_position":"56.830058477, -5.117291638","confirmed_on":"2026-10-08","cross_reference_id":"confirmed-22e952c30c690546ac66","nearby_record_count":3,"colour_basis":"Port lateral classification; physical colour not exported separately","description_status":"Port lateral type and latest TimeZero chart update provenance confirmed by Clifton Taylor; light rhythm and physical structure not supplied"}},{"type":"Feature","id":"confirmed-c1e4d9b6e09106de3a27","geometry":{"type":"Point","coordinates":[-5.11873322637541,56.8370833217796]},"properties":{"mark_type":"port","position_status":"Coordinates confirmed accurate by Clifton Taylor on 8 October 2026; not independently surveyed","classification_source":"User confirmation: all points in this export are port lateral markers","display_label_generated":true,"physical_structure":null,"body_colour":null,"light_characteristics":null,"gpx_display_colour_is_not_navigation_colour":true,"chart_update_status":"Latest TimeZero chart update, confirmed by Clifton Taylor on 8 October 2026","chart_edition":null,"chart_correction_date":null,"name":"Port lateral mark 454","structure":"Not specified in export","colour":"red","light":null,"wind_farm":null,"source_file":"TZiBoatData_2026-10-8_1920(1).gpx","source_sha256":"ef4169669b8aefad9dd9a7ff2c0b8b0754777db5cf3371475af4053278236492","source":"User-supplied TimeZero GPX export; classification confirmed by Clifton Taylor","raw_position":"56.837083322, -5.118733226","confirmed_on":"2026-10-08","cross_reference_id":"confirmed-c1e4d9b6e09106de3a27","nearby_record_count":4,"colour_basis":"Port lateral classification; physical colour not exported separately","description_status":"Port lateral type and latest TimeZero chart update provenance confirmed by Clifton Taylor; light rhythm and physical structure not supplied"}},{"type":"Feature","id":"confirmed-44e714d5767d04ae0346","geometry":{"type":"Point","coordinates":[-5.1229757756132,56.8399211821587]},"properties":{"mark_type":"port","position_status":"Coordinates confirmed accurate by Clifton Taylor on 8 October 2026; not independently surveyed","classification_source":"User confirmation: all points in this export are port lateral markers","display_label_generated":true,"physical_structure":null,"body_colour":null,"light_characteristics":null,"gpx_display_colour_is_not_navigation_colour":true,"chart_update_status":"Latest TimeZero chart update, confirmed by Clifton Taylor on 8 October 2026","chart_edition":null,"chart_correction_date":null,"name":"Port lateral mark 455","structure":"Not specified in export","colour":"red","light":null,"wind_farm":null,"source_file":"TZiBoatData_2026-10-8_1920(1).gpx","source_sha256":"ef4169669b8aefad9dd9a7ff2c0b8b0754777db5cf3371475af4053278236492","source":"User-supplied TimeZero GPX export; classification confirmed by Clifton Taylor","raw_position":"56.839921182, -5.122975776","confirmed_on":"2026-10-08","cross_reference_id":"confirmed-44e714d5767d04ae0346","nearby_record_count":3,"colour_basis":"Port lateral classification; physical colour not exported separately","description_status":"Port lateral type and latest TimeZero chart update provenance confirmed by Clifton Taylor; light rhythm and physical structure not supplied"}},{"type":"Feature","id":"confirmed-2ca88b2e14508a734e90","geometry":{"type":"Point","coordinates":[-5.12715422326947,56.8424166863006]},"properties":{"mark_type":"port","position_status":"Coordinates confirmed accurate by Clifton Taylor on 8 October 2026; not independently surveyed","classification_source":"User confirmation: all points in this export are port lateral markers","display_label_generated":true,"physical_structure":null,"body_colour":null,"light_characteristics":null,"gpx_display_colour_is_not_navigation_colour":true,"chart_update_status":"Latest TimeZero chart update, confirmed by Clifton Taylor on 8 October 2026","chart_edition":null,"chart_correction_date":null,"name":"Port lateral mark 456","structure":"Not specified in export","colour":"red","light":null,"wind_farm":null,"source_file":"TZiBoatData_2026-10-8_1920(1).gpx","source_sha256":"ef4169669b8aefad9dd9a7ff2c0b8b0754777db5cf3371475af4053278236492","source":"User-supplied TimeZero GPX export; classification confirmed by Clifton Taylor","raw_position":"56.842416686, -5.127154223","confirmed_on":"2026-10-08","cross_reference_id":"confirmed-2ca88b2e14508a734e90","nearby_record_count":0,"colour_basis":"Port lateral classification; physical colour not exported separately","description_status":"Port lateral type and latest TimeZero chart update provenance confirmed by Clifton Taylor; light rhythm and physical structure not supplied"}},{"type":"Feature","id":"confirmed-25d3d9b62484a7717d6f","geometry":{"type":"Point","coordinates":[-5.24883284712379,56.7142970553365]},"properties":{"mark_type":"port","position_status":"Coordinates confirmed accurate by Clifton Taylor on 8 October 2026; not independently surveyed","classification_source":"User confirmation: all points in this export are port lateral markers","display_label_generated":true,"physical_structure":null,"body_colour":null,"light_characteristics":null,"gpx_display_colour_is_not_navigation_colour":true,"chart_update_status":"Latest TimeZero chart update, confirmed by Clifton Taylor on 8 October 2026","chart_edition":null,"chart_correction_date":null,"name":"Port lateral mark 457","structure":"Not specified in export","colour":"red","light":null,"wind_farm":null,"source_file":"TZiBoatData_2026-10-8_1920(1).gpx","source_sha256":"ef4169669b8aefad9dd9a7ff2c0b8b0754777db5cf3371475af4053278236492","source":"User-supplied TimeZero GPX export; classification confirmed by Clifton Taylor","raw_position":"56.714297055, -5.248832847","confirmed_on":"2026-10-08","cross_reference_id":"confirmed-25d3d9b62484a7717d6f","nearby_record_count":4,"colour_basis":"Port lateral classification; physical colour not exported separately","description_status":"Port lateral type and latest TimeZero chart update provenance confirmed by Clifton Taylor; light rhythm and physical structure not supplied"}},{"type":"Feature","id":"confirmed-33cca62e1cc6299c68f6","geometry":{"type":"Point","coordinates":[-5.25926050222197,56.70481928793]},"properties":{"mark_type":"port","position_status":"Coordinates confirmed accurate by Clifton Taylor on 8 October 2026; not independently surveyed","classification_source":"User confirmation: all points in this export are port lateral markers","display_label_generated":true,"physical_structure":null,"body_colour":null,"light_characteristics":null,"gpx_display_colour_is_not_navigation_colour":true,"chart_update_status":"Latest TimeZero chart update, confirmed by Clifton Taylor on 8 October 2026","chart_edition":null,"chart_correction_date":null,"name":"Port lateral mark 458","structure":"Not specified in export","colour":"red","light":null,"wind_farm":null,"source_file":"TZiBoatData_2026-10-8_1920(1).gpx","source_sha256":"ef4169669b8aefad9dd9a7ff2c0b8b0754777db5cf3371475af4053278236492","source":"User-supplied TimeZero GPX export; classification confirmed by Clifton Taylor","raw_position":"56.704819288, -5.259260502","confirmed_on":"2026-10-08","cross_reference_id":"confirmed-33cca62e1cc6299c68f6","nearby_record_count":4,"colour_basis":"Port lateral classification; physical colour not exported separately","description_status":"Port lateral type and latest TimeZero chart update provenance confirmed by Clifton Taylor; light rhythm and physical structure not supplied"}},{"type":"Feature","id":"confirmed-1d38cbdda727ec8e4316","geometry":{"type":"Point","coordinates":[-5.42659915588195,56.56060418344]},"properties":{"mark_type":"port","position_status":"Coordinates confirmed accurate by Clifton Taylor on 8 October 2026; not independently surveyed","classification_source":"User confirmation: all points in this export are port lateral markers","display_label_generated":true,"physical_structure":null,"body_colour":null,"light_characteristics":null,"gpx_display_colour_is_not_navigation_colour":true,"chart_update_status":"Latest TimeZero chart update, confirmed by Clifton Taylor on 8 October 2026","chart_edition":null,"chart_correction_date":null,"name":"Port lateral mark 459","structure":"Not specified in export","colour":"red","light":null,"wind_farm":null,"source_file":"TZiBoatData_2026-10-8_1920(1).gpx","source_sha256":"ef4169669b8aefad9dd9a7ff2c0b8b0754777db5cf3371475af4053278236492","source":"User-supplied TimeZero GPX export; classification confirmed by Clifton Taylor","raw_position":"56.560604183, -5.426599156","confirmed_on":"2026-10-08","cross_reference_id":"confirmed-1d38cbdda727ec8e4316","nearby_record_count":1,"colour_basis":"Port lateral classification; physical colour not exported separately","description_status":"Port lateral type and latest TimeZero chart update provenance confirmed by Clifton Taylor; light rhythm and physical structure not supplied"}},{"type":"Feature","id":"confirmed-59cfe7b31c56e650ecae","geometry":{"type":"Point","coordinates":[-5.5132551286814,56.3489149090573]},"properties":{"mark_type":"port","position_status":"Coordinates confirmed accurate by Clifton Taylor on 8 October 2026; not independently surveyed","classification_source":"User confirmation: all points in this export are port lateral markers","display_label_generated":true,"physical_structure":null,"body_colour":null,"light_characteristics":null,"gpx_display_colour_is_not_navigation_colour":true,"chart_update_status":"Latest TimeZero chart update, confirmed by Clifton Taylor on 8 October 2026","chart_edition":null,"chart_correction_date":null,"name":"Port lateral mark 460","structure":"Not specified in export","colour":"red","light":null,"wind_farm":null,"source_file":"TZiBoatData_2026-10-8_1920(1).gpx","source_sha256":"ef4169669b8aefad9dd9a7ff2c0b8b0754777db5cf3371475af4053278236492","source":"User-supplied TimeZero GPX export; classification confirmed by Clifton Taylor","raw_position":"56.348914909, -5.513255129","confirmed_on":"2026-10-08","cross_reference_id":"confirmed-59cfe7b31c56e650ecae","nearby_record_count":0,"colour_basis":"Port lateral classification; physical colour not exported separately","description_status":"Port lateral type and latest TimeZero chart update provenance confirmed by Clifton Taylor; light rhythm and physical structure not supplied"}},{"type":"Feature","id":"confirmed-792c21e0d9e20da56987","geometry":{"type":"Point","coordinates":[-5.51637868726786,56.3463267698204]},"properties":{"mark_type":"port","position_status":"Coordinates confirmed accurate by Clifton Taylor on 8 October 2026; not independently surveyed","classification_source":"User confirmation: all points in this export are port lateral markers","display_label_generated":true,"physical_structure":null,"body_colour":null,"light_characteristics":null,"gpx_display_colour_is_not_navigation_colour":true,"chart_update_status":"Latest TimeZero chart update, confirmed by Clifton Taylor on 8 October 2026","chart_edition":null,"chart_correction_date":null,"name":"Port lateral mark 461","structure":"Not specified in export","colour":"red","light":null,"wind_farm":null,"source_file":"TZiBoatData_2026-10-8_1920(1).gpx","source_sha256":"ef4169669b8aefad9dd9a7ff2c0b8b0754777db5cf3371475af4053278236492","source":"User-supplied TimeZero GPX export; classification confirmed by Clifton Taylor","raw_position":"56.346326770, -5.516378687","confirmed_on":"2026-10-08","cross_reference_id":"confirmed-792c21e0d9e20da56987","nearby_record_count":0,"colour_basis":"Port lateral classification; physical colour not exported separately","description_status":"Port lateral type and latest TimeZero chart update provenance confirmed by Clifton Taylor; light rhythm and physical structure not supplied"}},{"type":"Feature","id":"confirmed-90bc3a28eb37a08208ab","geometry":{"type":"Point","coordinates":[-5.52102883895337,56.3448181320983]},"properties":{"mark_type":"port","position_status":"Coordinates confirmed accurate by Clifton Taylor on 8 October 2026; not independently surveyed","classification_source":"User confirmation: all points in this export are port lateral markers","display_label_generated":true,"physical_structure":null,"body_colour":null,"light_characteristics":null,"gpx_display_colour_is_not_navigation_colour":true,"chart_update_status":"Latest TimeZero chart update, confirmed by Clifton Taylor on 8 October 2026","chart_edition":null,"chart_correction_date":null,"name":"Port lateral mark 462","structure":"Not specified in export","colour":"red","light":null,"wind_farm":null,"source_file":"TZiBoatData_2026-10-8_1920(1).gpx","source_sha256":"ef4169669b8aefad9dd9a7ff2c0b8b0754777db5cf3371475af4053278236492","source":"User-supplied TimeZero GPX export; classification confirmed by Clifton Taylor","raw_position":"56.344818132, -5.521028839","confirmed_on":"2026-10-08","cross_reference_id":"confirmed-90bc3a28eb37a08208ab","nearby_record_count":0,"colour_basis":"Port lateral classification; physical colour not exported separately","description_status":"Port lateral type and latest TimeZero chart update provenance confirmed by Clifton Taylor; light rhythm and physical structure not supplied"}},{"type":"Feature","id":"confirmed-a06b73acb6cf4fb5e198","geometry":{"type":"Point","coordinates":[-5.71482700848474,57.2748290772731]},"properties":{"mark_type":"port","position_status":"Coordinates confirmed accurate by Clifton Taylor on 8 October 2026; not independently surveyed","classification_source":"User confirmation: all points in this export are port lateral markers","display_label_generated":true,"physical_structure":null,"body_colour":null,"light_characteristics":null,"gpx_display_colour_is_not_navigation_colour":true,"chart_update_status":"Latest TimeZero chart update, confirmed by Clifton Taylor on 8 October 2026","chart_edition":null,"chart_correction_date":null,"name":"Port lateral mark 463","structure":"Not specified in export","colour":"red","light":null,"wind_farm":null,"source_file":"TZiBoatData_2026-10-8_1920(1).gpx","source_sha256":"ef4169669b8aefad9dd9a7ff2c0b8b0754777db5cf3371475af4053278236492","source":"User-supplied TimeZero GPX export; classification confirmed by Clifton Taylor","raw_position":"57.274829077, -5.714827008","confirmed_on":"2026-10-08","cross_reference_id":"confirmed-a06b73acb6cf4fb5e198","nearby_record_count":2,"colour_basis":"Port lateral classification; physical colour not exported separately","description_status":"Port lateral type and latest TimeZero chart update provenance confirmed by Clifton Taylor; light rhythm and physical structure not supplied"}},{"type":"Feature","id":"confirmed-a084e424ec2749796aa0","geometry":{"type":"Point","coordinates":[-5.75333324655775,57.2780331934542]},"properties":{"mark_type":"port","position_status":"Coordinates confirmed accurate by Clifton Taylor on 8 October 2026; not independently surveyed","classification_source":"User confirmation: all points in this export are port lateral markers","display_label_generated":true,"physical_structure":null,"body_colour":null,"light_characteristics":null,"gpx_display_colour_is_not_navigation_colour":true,"chart_update_status":"Latest TimeZero chart update, confirmed by Clifton Taylor on 8 October 2026","chart_edition":null,"chart_correction_date":null,"name":"Port lateral mark 464","structure":"Not specified in export","colour":"red","light":null,"wind_farm":null,"source_file":"TZiBoatData_2026-10-8_1920(1).gpx","source_sha256":"ef4169669b8aefad9dd9a7ff2c0b8b0754777db5cf3371475af4053278236492","source":"User-supplied TimeZero GPX export; classification confirmed by Clifton Taylor","raw_position":"57.278033193, -5.753333247","confirmed_on":"2026-10-08","cross_reference_id":"confirmed-a084e424ec2749796aa0","nearby_record_count":1,"colour_basis":"Port lateral classification; physical colour not exported separately","description_status":"Port lateral type and latest TimeZero chart update provenance confirmed by Clifton Taylor; light rhythm and physical structure not supplied"}},{"type":"Feature","id":"confirmed-d6a301f667bfe17ef1db","geometry":{"type":"Point","coordinates":[-5.76532322391358,57.2793724989796]},"properties":{"mark_type":"port","position_status":"Coordinates confirmed accurate by Clifton Taylor on 8 October 2026; not independently surveyed","classification_source":"User confirmation: all points in this export are port lateral markers","display_label_generated":true,"physical_structure":null,"body_colour":null,"light_characteristics":null,"gpx_display_colour_is_not_navigation_colour":true,"chart_update_status":"Latest TimeZero chart update, confirmed by Clifton Taylor on 8 October 2026","chart_edition":null,"chart_correction_date":null,"name":"Port lateral mark 465","structure":"Not specified in export","colour":"red","light":null,"wind_farm":null,"source_file":"TZiBoatData_2026-10-8_1920(1).gpx","source_sha256":"ef4169669b8aefad9dd9a7ff2c0b8b0754777db5cf3371475af4053278236492","source":"User-supplied TimeZero GPX export; classification confirmed by Clifton Taylor","raw_position":"57.279372499, -5.765323224","confirmed_on":"2026-10-08","cross_reference_id":"confirmed-d6a301f667bfe17ef1db","nearby_record_count":2,"colour_basis":"Port lateral classification; physical colour not exported separately","description_status":"Port lateral type and latest TimeZero chart update provenance confirmed by Clifton Taylor; light rhythm and physical structure not supplied"}},{"type":"Feature","id":"confirmed-bc4a90a138a4c8cfba80","geometry":{"type":"Point","coordinates":[-6.0922461355523,57.3438554972093]},"properties":{"mark_type":"port","position_status":"Coordinates confirmed accurate by Clifton Taylor on 8 October 2026; not independently surveyed","classification_source":"User confirmation: all points in this export are port lateral markers","display_label_generated":true,"physical_structure":null,"body_colour":null,"light_characteristics":null,"gpx_display_colour_is_not_navigation_colour":true,"chart_update_status":"Latest TimeZero chart update, confirmed by Clifton Taylor on 8 October 2026","chart_edition":null,"chart_correction_date":null,"name":"Port lateral mark 466","structure":"Not specified in export","colour":"red","light":null,"wind_farm":null,"source_file":"TZiBoatData_2026-10-8_1920(1).gpx","source_sha256":"ef4169669b8aefad9dd9a7ff2c0b8b0754777db5cf3371475af4053278236492","source":"User-supplied TimeZero GPX export; classification confirmed by Clifton Taylor","raw_position":"57.343855497, -6.092246136","confirmed_on":"2026-10-08","cross_reference_id":"confirmed-bc4a90a138a4c8cfba80","nearby_record_count":4,"colour_basis":"Port lateral classification; physical colour not exported separately","description_status":"Port lateral type and latest TimeZero chart update provenance confirmed by Clifton Taylor; light rhythm and physical structure not supplied"}},{"type":"Feature","id":"confirmed-cbcd69347ca88f06f752","geometry":{"type":"Point","coordinates":[-5.30455264469021,58.1413170156145]},"properties":{"mark_type":"port","position_status":"Coordinates confirmed accurate by Clifton Taylor on 8 October 2026; not independently surveyed","classification_source":"User confirmation: all points in this export are port lateral markers","display_label_generated":true,"physical_structure":null,"body_colour":null,"light_characteristics":null,"gpx_display_colour_is_not_navigation_colour":true,"chart_update_status":"Latest TimeZero chart update, confirmed by Clifton Taylor on 8 October 2026","chart_edition":null,"chart_correction_date":null,"name":"Port lateral mark 467","structure":"Not specified in export","colour":"red","light":null,"wind_farm":null,"source_file":"TZiBoatData_2026-10-8_1920(1).gpx","source_sha256":"ef4169669b8aefad9dd9a7ff2c0b8b0754777db5cf3371475af4053278236492","source":"User-supplied TimeZero GPX export; classification confirmed by Clifton Taylor","raw_position":"58.141317016, -5.304552645","confirmed_on":"2026-10-08","cross_reference_id":"confirmed-cbcd69347ca88f06f752","nearby_record_count":1,"colour_basis":"Port lateral classification; physical colour not exported separately","description_status":"Port lateral type and latest TimeZero chart update provenance confirmed by Clifton Taylor; light rhythm and physical structure not supplied"}},{"type":"Feature","id":"confirmed-1efec180dbbb46114502","geometry":{"type":"Point","coordinates":[-3.1914911069965,58.8450857018538]},"properties":{"mark_type":"port","position_status":"Coordinates confirmed accurate by Clifton Taylor on 8 October 2026; not independently surveyed","classification_source":"User confirmation: all points in this export are port lateral markers","display_label_generated":true,"physical_structure":null,"body_colour":null,"light_characteristics":null,"gpx_display_colour_is_not_navigation_colour":true,"chart_update_status":"Latest TimeZero chart update, confirmed by Clifton Taylor on 8 October 2026","chart_edition":null,"chart_correction_date":null,"name":"Port lateral mark 468","structure":"Not specified in export","colour":"red","light":null,"wind_farm":null,"source_file":"TZiBoatData_2026-10-8_1920(1).gpx","source_sha256":"ef4169669b8aefad9dd9a7ff2c0b8b0754777db5cf3371475af4053278236492","source":"User-supplied TimeZero GPX export; classification confirmed by Clifton Taylor","raw_position":"58.845085702, -3.191491107","confirmed_on":"2026-10-08","cross_reference_id":"confirmed-1efec180dbbb46114502","nearby_record_count":6,"colour_basis":"Port lateral classification; physical colour not exported separately","description_status":"Port lateral type and latest TimeZero chart update provenance confirmed by Clifton Taylor; light rhythm and physical structure not supplied"}},{"type":"Feature","id":"confirmed-7a597aadb7c0377c1f62","geometry":{"type":"Point","coordinates":[-3.01294721818421,58.8495381219334]},"properties":{"mark_type":"port","position_status":"Coordinates confirmed accurate by Clifton Taylor on 8 October 2026; not independently surveyed","classification_source":"User confirmation: all points in this export are port lateral markers","display_label_generated":true,"physical_structure":null,"body_colour":null,"light_characteristics":null,"gpx_display_colour_is_not_navigation_colour":true,"chart_update_status":"Latest TimeZero chart update, confirmed by Clifton Taylor on 8 October 2026","chart_edition":null,"chart_correction_date":null,"name":"Port lateral mark 469","structure":"Not specified in export","colour":"red","light":null,"wind_farm":null,"source_file":"TZiBoatData_2026-10-8_1920(1).gpx","source_sha256":"ef4169669b8aefad9dd9a7ff2c0b8b0754777db5cf3371475af4053278236492","source":"User-supplied TimeZero GPX export; classification confirmed by Clifton Taylor","raw_position":"58.849538122, -3.012947218","confirmed_on":"2026-10-08","cross_reference_id":"confirmed-7a597aadb7c0377c1f62","nearby_record_count":3,"colour_basis":"Port lateral classification; physical colour not exported separately","description_status":"Port lateral type and latest TimeZero chart update provenance confirmed by Clifton Taylor; light rhythm and physical structure not supplied"}},{"type":"Feature","id":"confirmed-a28ad220c485b248eb8c","geometry":{"type":"Point","coordinates":[-3.29349383451945,58.9542734826401]},"properties":{"mark_type":"port","position_status":"Coordinates confirmed accurate by Clifton Taylor on 8 October 2026; not independently surveyed","classification_source":"User confirmation: all points in this export are port lateral markers","display_label_generated":true,"physical_structure":null,"body_colour":null,"light_characteristics":null,"gpx_display_colour_is_not_navigation_colour":true,"chart_update_status":"Latest TimeZero chart update, confirmed by Clifton Taylor on 8 October 2026","chart_edition":null,"chart_correction_date":null,"name":"Port lateral mark 470","structure":"Not specified in export","colour":"red","light":null,"wind_farm":null,"source_file":"TZiBoatData_2026-10-8_1920(1).gpx","source_sha256":"ef4169669b8aefad9dd9a7ff2c0b8b0754777db5cf3371475af4053278236492","source":"User-supplied TimeZero GPX export; classification confirmed by Clifton Taylor","raw_position":"58.954273483, -3.293493835","confirmed_on":"2026-10-08","cross_reference_id":"confirmed-a28ad220c485b248eb8c","nearby_record_count":4,"colour_basis":"Port lateral classification; physical colour not exported separately","description_status":"Port lateral type and latest TimeZero chart update provenance confirmed by Clifton Taylor; light rhythm and physical structure not supplied"}},{"type":"Feature","id":"confirmed-1218310bbee2365900b5","geometry":{"type":"Point","coordinates":[-5.60183763270802,57.8186465170752]},"properties":{"mark_type":"port","position_status":"Coordinates confirmed accurate by Clifton Taylor on 8 October 2026; not independently surveyed","classification_source":"User confirmation: all points in this export are port lateral markers","display_label_generated":true,"physical_structure":null,"body_colour":null,"light_characteristics":null,"gpx_display_colour_is_not_navigation_colour":true,"chart_update_status":"Latest TimeZero chart update, confirmed by Clifton Taylor on 8 October 2026","chart_edition":null,"chart_correction_date":null,"name":"Port lateral mark 471","structure":"Not specified in export","colour":"red","light":null,"wind_farm":null,"source_file":"TZiBoatData_2026-10-8_1920(1).gpx","source_sha256":"ef4169669b8aefad9dd9a7ff2c0b8b0754777db5cf3371475af4053278236492","source":"User-supplied TimeZero GPX export; classification confirmed by Clifton Taylor","raw_position":"57.818646517, -5.601837633","confirmed_on":"2026-10-08","cross_reference_id":"confirmed-1218310bbee2365900b5","nearby_record_count":2,"colour_basis":"Port lateral classification; physical colour not exported separately","description_status":"Port lateral type and latest TimeZero chart update provenance confirmed by Clifton Taylor; light rhythm and physical structure not supplied"}},{"type":"Feature","id":"confirmed-c776daf3a45968f47d29","geometry":{"type":"Point","coordinates":[-5.59186008219312,57.823649885965]},"properties":{"mark_type":"port","position_status":"Coordinates confirmed accurate by Clifton Taylor on 8 October 2026; not independently surveyed","classification_source":"User confirmation: all points in this export are port lateral markers","display_label_generated":true,"physical_structure":null,"body_colour":null,"light_characteristics":null,"gpx_display_colour_is_not_navigation_colour":true,"chart_update_status":"Latest TimeZero chart update, confirmed by Clifton Taylor on 8 October 2026","chart_edition":null,"chart_correction_date":null,"name":"Port lateral mark 472","structure":"Not specified in export","colour":"red","light":null,"wind_farm":null,"source_file":"TZiBoatData_2026-10-8_1920(1).gpx","source_sha256":"ef4169669b8aefad9dd9a7ff2c0b8b0754777db5cf3371475af4053278236492","source":"User-supplied TimeZero GPX export; classification confirmed by Clifton Taylor","raw_position":"57.823649886, -5.591860082","confirmed_on":"2026-10-08","cross_reference_id":"confirmed-c776daf3a45968f47d29","nearby_record_count":0,"colour_basis":"Port lateral classification; physical colour not exported separately","description_status":"Port lateral type and latest TimeZero chart update provenance confirmed by Clifton Taylor; light rhythm and physical structure not supplied"}},{"type":"Feature","id":"confirmed-d0b540cb19cc41bed4e1","geometry":{"type":"Point","coordinates":[-5.59146432460287,57.8308058486395]},"properties":{"mark_type":"port","position_status":"Coordinates confirmed accurate by Clifton Taylor on 8 October 2026; not independently surveyed","classification_source":"User confirmation: all points in this export are port lateral markers","display_label_generated":true,"physical_structure":null,"body_colour":null,"light_characteristics":null,"gpx_display_colour_is_not_navigation_colour":true,"chart_update_status":"Latest TimeZero chart update, confirmed by Clifton Taylor on 8 October 2026","chart_edition":null,"chart_correction_date":null,"name":"Port lateral mark 473","structure":"Not specified in export","colour":"red","light":null,"wind_farm":null,"source_file":"TZiBoatData_2026-10-8_1920(1).gpx","source_sha256":"ef4169669b8aefad9dd9a7ff2c0b8b0754777db5cf3371475af4053278236492","source":"User-supplied TimeZero GPX export; classification confirmed by Clifton Taylor","raw_position":"57.830805849, -5.591464325","confirmed_on":"2026-10-08","cross_reference_id":"confirmed-d0b540cb19cc41bed4e1","nearby_record_count":1,"colour_basis":"Port lateral classification; physical colour not exported separately","description_status":"Port lateral type and latest TimeZero chart update provenance confirmed by Clifton Taylor; light rhythm and physical structure not supplied"}},{"type":"Feature","id":"confirmed-12c5b15fad1372ecacdf","geometry":{"type":"Point","coordinates":[-5.1777403202637,57.8949851005168]},"properties":{"mark_type":"port","position_status":"Coordinates confirmed accurate by Clifton Taylor on 8 October 2026; not independently surveyed","classification_source":"User confirmation: all points in this export are port lateral markers","display_label_generated":true,"physical_structure":null,"body_colour":null,"light_characteristics":null,"gpx_display_colour_is_not_navigation_colour":true,"chart_update_status":"Latest TimeZero chart update, confirmed by Clifton Taylor on 8 October 2026","chart_edition":null,"chart_correction_date":null,"name":"Port lateral mark 474","structure":"Not specified in export","colour":"red","light":null,"wind_farm":null,"source_file":"TZiBoatData_2026-10-8_1920(1).gpx","source_sha256":"ef4169669b8aefad9dd9a7ff2c0b8b0754777db5cf3371475af4053278236492","source":"User-supplied TimeZero GPX export; classification confirmed by Clifton Taylor","raw_position":"57.894985101, -5.177740320","confirmed_on":"2026-10-08","cross_reference_id":"confirmed-12c5b15fad1372ecacdf","nearby_record_count":1,"colour_basis":"Port lateral classification; physical colour not exported separately","description_status":"Port lateral type and latest TimeZero chart update provenance confirmed by Clifton Taylor; light rhythm and physical structure not supplied"}},{"type":"Feature","id":"confirmed-d99671d1c14e738fc9b0","geometry":{"type":"Point","coordinates":[-5.04845938819235,58.4554140957092]},"properties":{"mark_type":"port","position_status":"Coordinates confirmed accurate by Clifton Taylor on 8 October 2026; not independently surveyed","classification_source":"User confirmation: all points in this export are port lateral markers","display_label_generated":true,"physical_structure":null,"body_colour":null,"light_characteristics":null,"gpx_display_colour_is_not_navigation_colour":true,"chart_update_status":"Latest TimeZero chart update, confirmed by Clifton Taylor on 8 October 2026","chart_edition":null,"chart_correction_date":null,"name":"Port lateral mark 475","structure":"Not specified in export","colour":"red","light":null,"wind_farm":null,"source_file":"TZiBoatData_2026-10-8_1920(1).gpx","source_sha256":"ef4169669b8aefad9dd9a7ff2c0b8b0754777db5cf3371475af4053278236492","source":"User-supplied TimeZero GPX export; classification confirmed by Clifton Taylor","raw_position":"58.455414096, -5.048459388","confirmed_on":"2026-10-08","cross_reference_id":"confirmed-d99671d1c14e738fc9b0","nearby_record_count":1,"colour_basis":"Port lateral classification; physical colour not exported separately","description_status":"Port lateral type and latest TimeZero chart update provenance confirmed by Clifton Taylor; light rhythm and physical structure not supplied"}},{"type":"Feature","id":"confirmed-e4482b3884e573c75d0c","geometry":{"type":"Point","coordinates":[-5.04723797436186,58.4544587489225]},"properties":{"mark_type":"port","position_status":"Coordinates confirmed accurate by Clifton Taylor on 8 October 2026; not independently surveyed","classification_source":"User confirmation: all points in this export are port lateral markers","display_label_generated":true,"physical_structure":null,"body_colour":null,"light_characteristics":null,"gpx_display_colour_is_not_navigation_colour":true,"chart_update_status":"Latest TimeZero chart update, confirmed by Clifton Taylor on 8 October 2026","chart_edition":null,"chart_correction_date":null,"name":"Port lateral mark 476","structure":"Not specified in export","colour":"red","light":null,"wind_farm":null,"source_file":"TZiBoatData_2026-10-8_1920(1).gpx","source_sha256":"ef4169669b8aefad9dd9a7ff2c0b8b0754777db5cf3371475af4053278236492","source":"User-supplied TimeZero GPX export; classification confirmed by Clifton Taylor","raw_position":"58.454458749, -5.047237974","confirmed_on":"2026-10-08","cross_reference_id":"confirmed-e4482b3884e573c75d0c","nearby_record_count":1,"colour_basis":"Port lateral classification; physical colour not exported separately","description_status":"Port lateral type and latest TimeZero chart update provenance confirmed by Clifton Taylor; light rhythm and physical structure not supplied"}},{"type":"Feature","id":"confirmed-70810eef38f42049785c","geometry":{"type":"Point","coordinates":[-7.26457455652717,57.3708711698623]},"properties":{"mark_type":"port","position_status":"Coordinates confirmed accurate by Clifton Taylor on 8 October 2026; not independently surveyed","classification_source":"User confirmation: all points in this export are port lateral markers","display_label_generated":true,"physical_structure":null,"body_colour":null,"light_characteristics":null,"gpx_display_colour_is_not_navigation_colour":true,"chart_update_status":"Latest TimeZero chart update, confirmed by Clifton Taylor on 8 October 2026","chart_edition":null,"chart_correction_date":null,"name":"Port lateral mark 477","structure":"Not specified in export","colour":"red","light":null,"wind_farm":null,"source_file":"TZiBoatData_2026-10-8_1920(1).gpx","source_sha256":"ef4169669b8aefad9dd9a7ff2c0b8b0754777db5cf3371475af4053278236492","source":"User-supplied TimeZero GPX export; classification confirmed by Clifton Taylor","raw_position":"57.370871170, -7.264574557","confirmed_on":"2026-10-08","cross_reference_id":"confirmed-70810eef38f42049785c","nearby_record_count":0,"colour_basis":"Port lateral classification; physical colour not exported separately","description_status":"Port lateral type and latest TimeZero chart update provenance confirmed by Clifton Taylor; light rhythm and physical structure not supplied"}},{"type":"Feature","id":"confirmed-e04da99971eefa178c6b","geometry":{"type":"Point","coordinates":[-7.25992997889224,57.3718784731648]},"properties":{"mark_type":"port","position_status":"Coordinates confirmed accurate by Clifton Taylor on 8 October 2026; not independently surveyed","classification_source":"User confirmation: all points in this export are port lateral markers","display_label_generated":true,"physical_structure":null,"body_colour":null,"light_characteristics":null,"gpx_display_colour_is_not_navigation_colour":true,"chart_update_status":"Latest TimeZero chart update, confirmed by Clifton Taylor on 8 October 2026","chart_edition":null,"chart_correction_date":null,"name":"Port lateral mark 478","structure":"Not specified in export","colour":"red","light":null,"wind_farm":null,"source_file":"TZiBoatData_2026-10-8_1920(1).gpx","source_sha256":"ef4169669b8aefad9dd9a7ff2c0b8b0754777db5cf3371475af4053278236492","source":"User-supplied TimeZero GPX export; classification confirmed by Clifton Taylor","raw_position":"57.371878473, -7.259929979","confirmed_on":"2026-10-08","cross_reference_id":"confirmed-e04da99971eefa178c6b","nearby_record_count":1,"colour_basis":"Port lateral classification; physical colour not exported separately","description_status":"Port lateral type and latest TimeZero chart update provenance confirmed by Clifton Taylor; light rhythm and physical structure not supplied"}},{"type":"Feature","id":"confirmed-aa11c8f22978ec06f4c6","geometry":{"type":"Point","coordinates":[-7.24879004424787,57.3731676754794]},"properties":{"mark_type":"port","position_status":"Coordinates confirmed accurate by Clifton Taylor on 8 October 2026; not independently surveyed","classification_source":"User confirmation: all points in this export are port lateral markers","display_label_generated":true,"physical_structure":null,"body_colour":null,"light_characteristics":null,"gpx_display_colour_is_not_navigation_colour":true,"chart_update_status":"Latest TimeZero chart update, confirmed by Clifton Taylor on 8 October 2026","chart_edition":null,"chart_correction_date":null,"name":"Port lateral mark 479","structure":"Not specified in export","colour":"red","light":null,"wind_farm":null,"source_file":"TZiBoatData_2026-10-8_1920(1).gpx","source_sha256":"ef4169669b8aefad9dd9a7ff2c0b8b0754777db5cf3371475af4053278236492","source":"User-supplied TimeZero GPX export; classification confirmed by Clifton Taylor","raw_position":"57.373167675, -7.248790044","confirmed_on":"2026-10-08","cross_reference_id":"confirmed-aa11c8f22978ec06f4c6","nearby_record_count":0,"colour_basis":"Port lateral classification; physical colour not exported separately","description_status":"Port lateral type and latest TimeZero chart update provenance confirmed by Clifton Taylor; light rhythm and physical structure not supplied"}},{"type":"Feature","id":"confirmed-c15ec31c51631a1f6f5e","geometry":{"type":"Point","coordinates":[-7.2314024902605,57.3717294120948]},"properties":{"mark_type":"port","position_status":"Coordinates confirmed accurate by Clifton Taylor on 8 October 2026; not independently surveyed","classification_source":"User confirmation: all points in this export are port lateral markers","display_label_generated":true,"physical_structure":null,"body_colour":null,"light_characteristics":null,"gpx_display_colour_is_not_navigation_colour":true,"chart_update_status":"Latest TimeZero chart update, confirmed by Clifton Taylor on 8 October 2026","chart_edition":null,"chart_correction_date":null,"name":"Port lateral mark 480","structure":"Not specified in export","colour":"red","light":null,"wind_farm":null,"source_file":"TZiBoatData_2026-10-8_1920(1).gpx","source_sha256":"ef4169669b8aefad9dd9a7ff2c0b8b0754777db5cf3371475af4053278236492","source":"User-supplied TimeZero GPX export; classification confirmed by Clifton Taylor","raw_position":"57.371729412, -7.231402490","confirmed_on":"2026-10-08","cross_reference_id":"confirmed-c15ec31c51631a1f6f5e","nearby_record_count":1,"colour_basis":"Port lateral classification; physical colour not exported separately","description_status":"Port lateral type and latest TimeZero chart update provenance confirmed by Clifton Taylor; light rhythm and physical structure not supplied"}},{"type":"Feature","id":"confirmed-f0bff1f28a6ceffd382c","geometry":{"type":"Point","coordinates":[-7.22845033372896,57.3865833237199]},"properties":{"mark_type":"port","position_status":"Coordinates confirmed accurate by Clifton Taylor on 8 October 2026; not independently surveyed","classification_source":"User confirmation: all points in this export are port lateral markers","display_label_generated":true,"physical_structure":null,"body_colour":null,"light_characteristics":null,"gpx_display_colour_is_not_navigation_colour":true,"chart_update_status":"Latest TimeZero chart update, confirmed by Clifton Taylor on 8 October 2026","chart_edition":null,"chart_correction_date":null,"name":"Port lateral mark 481","structure":"Not specified in export","colour":"red","light":null,"wind_farm":null,"source_file":"TZiBoatData_2026-10-8_1920(1).gpx","source_sha256":"ef4169669b8aefad9dd9a7ff2c0b8b0754777db5cf3371475af4053278236492","source":"User-supplied TimeZero GPX export; classification confirmed by Clifton Taylor","raw_position":"57.386583324, -7.228450334","confirmed_on":"2026-10-08","cross_reference_id":"confirmed-f0bff1f28a6ceffd382c","nearby_record_count":0,"colour_basis":"Port lateral classification; physical colour not exported separately","description_status":"Port lateral type and latest TimeZero chart update provenance confirmed by Clifton Taylor; light rhythm and physical structure not supplied"}},{"type":"Feature","id":"confirmed-ac65a4b70b3df3261fd4","geometry":{"type":"Point","coordinates":[-7.18970003635739,57.4685998291839]},"properties":{"mark_type":"port","position_status":"Coordinates confirmed accurate by Clifton Taylor on 8 October 2026; not independently surveyed","classification_source":"User confirmation: all points in this export are port lateral markers","display_label_generated":true,"physical_structure":null,"body_colour":null,"light_characteristics":null,"gpx_display_colour_is_not_navigation_colour":true,"chart_update_status":"Latest TimeZero chart update, confirmed by Clifton Taylor on 8 October 2026","chart_edition":null,"chart_correction_date":null,"name":"Port lateral mark 482","structure":"Not specified in export","colour":"red","light":null,"wind_farm":null,"source_file":"TZiBoatData_2026-10-8_1920(1).gpx","source_sha256":"ef4169669b8aefad9dd9a7ff2c0b8b0754777db5cf3371475af4053278236492","source":"User-supplied TimeZero GPX export; classification confirmed by Clifton Taylor","raw_position":"57.468599829, -7.189700036","confirmed_on":"2026-10-08","cross_reference_id":"confirmed-ac65a4b70b3df3261fd4","nearby_record_count":1,"colour_basis":"Port lateral classification; physical colour not exported separately","description_status":"Port lateral type and latest TimeZero chart update provenance confirmed by Clifton Taylor; light rhythm and physical structure not supplied"}},{"type":"Feature","id":"confirmed-b7c951556e186c5babb6","geometry":{"type":"Point","coordinates":[-7.19686826538653,57.4709907952296]},"properties":{"mark_type":"port","position_status":"Coordinates confirmed accurate by Clifton Taylor on 8 October 2026; not independently surveyed","classification_source":"User confirmation: all points in this export are port lateral markers","display_label_generated":true,"physical_structure":null,"body_colour":null,"light_characteristics":null,"gpx_display_colour_is_not_navigation_colour":true,"chart_update_status":"Latest TimeZero chart update, confirmed by Clifton Taylor on 8 October 2026","chart_edition":null,"chart_correction_date":null,"name":"Port lateral mark 483","structure":"Not specified in export","colour":"red","light":null,"wind_farm":null,"source_file":"TZiBoatData_2026-10-8_1920(1).gpx","source_sha256":"ef4169669b8aefad9dd9a7ff2c0b8b0754777db5cf3371475af4053278236492","source":"User-supplied TimeZero GPX export; classification confirmed by Clifton Taylor","raw_position":"57.470990795, -7.196868265","confirmed_on":"2026-10-08","cross_reference_id":"confirmed-b7c951556e186c5babb6","nearby_record_count":1,"colour_basis":"Port lateral classification; physical colour not exported separately","description_status":"Port lateral type and latest TimeZero chart update provenance confirmed by Clifton Taylor; light rhythm and physical structure not supplied"}},{"type":"Feature","id":"confirmed-7403c882ea5602eb033c","geometry":{"type":"Point","coordinates":[-7.1964836558974,57.4770352708263]},"properties":{"mark_type":"port","position_status":"Coordinates confirmed accurate by Clifton Taylor on 8 October 2026; not independently surveyed","classification_source":"User confirmation: all points in this export are port lateral markers","display_label_generated":true,"physical_structure":null,"body_colour":null,"light_characteristics":null,"gpx_display_colour_is_not_navigation_colour":true,"chart_update_status":"Latest TimeZero chart update, confirmed by Clifton Taylor on 8 October 2026","chart_edition":null,"chart_correction_date":null,"name":"Port lateral mark 484","structure":"Not specified in export","colour":"red","light":null,"wind_farm":null,"source_file":"TZiBoatData_2026-10-8_1920(1).gpx","source_sha256":"ef4169669b8aefad9dd9a7ff2c0b8b0754777db5cf3371475af4053278236492","source":"User-supplied TimeZero GPX export; classification confirmed by Clifton Taylor","raw_position":"57.477035271, -7.196483656","confirmed_on":"2026-10-08","cross_reference_id":"confirmed-7403c882ea5602eb033c","nearby_record_count":0,"colour_basis":"Port lateral classification; physical colour not exported separately","description_status":"Port lateral type and latest TimeZero chart update provenance confirmed by Clifton Taylor; light rhythm and physical structure not supplied"}},{"type":"Feature","id":"confirmed-f093615f3601369d07f5","geometry":{"type":"Point","coordinates":[-7.14461552727276,57.5986473375651]},"properties":{"mark_type":"port","position_status":"Coordinates confirmed accurate by Clifton Taylor on 8 October 2026; not independently surveyed","classification_source":"User confirmation: all points in this export are port lateral markers","display_label_generated":true,"physical_structure":null,"body_colour":null,"light_characteristics":null,"gpx_display_colour_is_not_navigation_colour":true,"chart_update_status":"Latest TimeZero chart update, confirmed by Clifton Taylor on 8 October 2026","chart_edition":null,"chart_correction_date":null,"name":"Port lateral mark 485","structure":"Not specified in export","colour":"red","light":null,"wind_farm":null,"source_file":"TZiBoatData_2026-10-8_1920(1).gpx","source_sha256":"ef4169669b8aefad9dd9a7ff2c0b8b0754777db5cf3371475af4053278236492","source":"User-supplied TimeZero GPX export; classification confirmed by Clifton Taylor","raw_position":"57.598647338, -7.144615527","confirmed_on":"2026-10-08","cross_reference_id":"confirmed-f093615f3601369d07f5","nearby_record_count":2,"colour_basis":"Port lateral classification; physical colour not exported separately","description_status":"Port lateral type and latest TimeZero chart update provenance confirmed by Clifton Taylor; light rhythm and physical structure not supplied"}},{"type":"Feature","id":"confirmed-ea1782dafb94c80bed79","geometry":{"type":"Point","coordinates":[-7.17295140791626,57.700420640628]},"properties":{"mark_type":"port","position_status":"Coordinates confirmed accurate by Clifton Taylor on 8 October 2026; not independently surveyed","classification_source":"User confirmation: all points in this export are port lateral markers","display_label_generated":true,"physical_structure":null,"body_colour":null,"light_characteristics":null,"gpx_display_colour_is_not_navigation_colour":true,"chart_update_status":"Latest TimeZero chart update, confirmed by Clifton Taylor on 8 October 2026","chart_edition":null,"chart_correction_date":null,"name":"Port lateral mark 486","structure":"Not specified in export","colour":"red","light":null,"wind_farm":null,"source_file":"TZiBoatData_2026-10-8_1920(1).gpx","source_sha256":"ef4169669b8aefad9dd9a7ff2c0b8b0754777db5cf3371475af4053278236492","source":"User-supplied TimeZero GPX export; classification confirmed by Clifton Taylor","raw_position":"57.700420641, -7.172951408","confirmed_on":"2026-10-08","cross_reference_id":"confirmed-ea1782dafb94c80bed79","nearby_record_count":1,"colour_basis":"Port lateral classification; physical colour not exported separately","description_status":"Port lateral type and latest TimeZero chart update provenance confirmed by Clifton Taylor; light rhythm and physical structure not supplied"}},{"type":"Feature","id":"confirmed-e1e9cd40e0f7aff4b403","geometry":{"type":"Point","coordinates":[-7.15643739176901,57.704985437764]},"properties":{"mark_type":"port","position_status":"Coordinates confirmed accurate by Clifton Taylor on 8 October 2026; not independently surveyed","classification_source":"User confirmation: all points in this export are port lateral markers","display_label_generated":true,"physical_structure":null,"body_colour":null,"light_characteristics":null,"gpx_display_colour_is_not_navigation_colour":true,"chart_update_status":"Latest TimeZero chart update, confirmed by Clifton Taylor on 8 October 2026","chart_edition":null,"chart_correction_date":null,"name":"Port lateral mark 487","structure":"Not specified in export","colour":"red","light":null,"wind_farm":null,"source_file":"TZiBoatData_2026-10-8_1920(1).gpx","source_sha256":"ef4169669b8aefad9dd9a7ff2c0b8b0754777db5cf3371475af4053278236492","source":"User-supplied TimeZero GPX export; classification confirmed by Clifton Taylor","raw_position":"57.704985438, -7.156437392","confirmed_on":"2026-10-08","cross_reference_id":"confirmed-e1e9cd40e0f7aff4b403","nearby_record_count":0,"colour_basis":"Port lateral classification; physical colour not exported separately","description_status":"Port lateral type and latest TimeZero chart update provenance confirmed by Clifton Taylor; light rhythm and physical structure not supplied"}},{"type":"Feature","id":"confirmed-bba1312c12bec09b8108","geometry":{"type":"Point","coordinates":[-7.14135331417844,57.6961828222446]},"properties":{"mark_type":"port","position_status":"Coordinates confirmed accurate by Clifton Taylor on 8 October 2026; not independently surveyed","classification_source":"User confirmation: all points in this export are port lateral markers","display_label_generated":true,"physical_structure":null,"body_colour":null,"light_characteristics":null,"gpx_display_colour_is_not_navigation_colour":true,"chart_update_status":"Latest TimeZero chart update, confirmed by Clifton Taylor on 8 October 2026","chart_edition":null,"chart_correction_date":null,"name":"Port lateral mark 488","structure":"Not specified in export","colour":"red","light":null,"wind_farm":null,"source_file":"TZiBoatData_2026-10-8_1920(1).gpx","source_sha256":"ef4169669b8aefad9dd9a7ff2c0b8b0754777db5cf3371475af4053278236492","source":"User-supplied TimeZero GPX export; classification confirmed by Clifton Taylor","raw_position":"57.696182822, -7.141353314","confirmed_on":"2026-10-08","cross_reference_id":"confirmed-bba1312c12bec09b8108","nearby_record_count":1,"colour_basis":"Port lateral classification; physical colour not exported separately","description_status":"Port lateral type and latest TimeZero chart update provenance confirmed by Clifton Taylor; light rhythm and physical structure not supplied"}},{"type":"Feature","id":"confirmed-455671ee951b33c98984","geometry":{"type":"Point","coordinates":[-7.13223765123247,57.692595582659]},"properties":{"mark_type":"port","position_status":"Coordinates confirmed accurate by Clifton Taylor on 8 October 2026; not independently surveyed","classification_source":"User confirmation: all points in this export are port lateral markers","display_label_generated":true,"physical_structure":null,"body_colour":null,"light_characteristics":null,"gpx_display_colour_is_not_navigation_colour":true,"chart_update_status":"Latest TimeZero chart update, confirmed by Clifton Taylor on 8 October 2026","chart_edition":null,"chart_correction_date":null,"name":"Port lateral mark 489","structure":"Not specified in export","colour":"red","light":null,"wind_farm":null,"source_file":"TZiBoatData_2026-10-8_1920(1).gpx","source_sha256":"ef4169669b8aefad9dd9a7ff2c0b8b0754777db5cf3371475af4053278236492","source":"User-supplied TimeZero GPX export; classification confirmed by Clifton Taylor","raw_position":"57.692595583, -7.132237651","confirmed_on":"2026-10-08","cross_reference_id":"confirmed-455671ee951b33c98984","nearby_record_count":1,"colour_basis":"Port lateral classification; physical colour not exported separately","description_status":"Port lateral type and latest TimeZero chart update provenance confirmed by Clifton Taylor; light rhythm and physical structure not supplied"}},{"type":"Feature","id":"confirmed-ce4648a4976839cb1c77","geometry":{"type":"Point","coordinates":[-7.1133497863,57.6903665763039]},"properties":{"mark_type":"port","position_status":"Coordinates confirmed accurate by Clifton Taylor on 8 October 2026; not independently surveyed","classification_source":"User confirmation: all points in this export are port lateral markers","display_label_generated":true,"physical_structure":null,"body_colour":null,"light_characteristics":null,"gpx_display_colour_is_not_navigation_colour":true,"chart_update_status":"Latest TimeZero chart update, confirmed by Clifton Taylor on 8 October 2026","chart_edition":null,"chart_correction_date":null,"name":"Port lateral mark 490","structure":"Not specified in export","colour":"red","light":null,"wind_farm":null,"source_file":"TZiBoatData_2026-10-8_1920(1).gpx","source_sha256":"ef4169669b8aefad9dd9a7ff2c0b8b0754777db5cf3371475af4053278236492","source":"User-supplied TimeZero GPX export; classification confirmed by Clifton Taylor","raw_position":"57.690366576, -7.113349786","confirmed_on":"2026-10-08","cross_reference_id":"confirmed-ce4648a4976839cb1c77","nearby_record_count":1,"colour_basis":"Port lateral classification; physical colour not exported separately","description_status":"Port lateral type and latest TimeZero chart update provenance confirmed by Clifton Taylor; light rhythm and physical structure not supplied"}},{"type":"Feature","id":"confirmed-3162c8e60612d8b1ac04","geometry":{"type":"Point","coordinates":[-7.09378347529726,57.6906333628565]},"properties":{"mark_type":"port","position_status":"Coordinates confirmed accurate by Clifton Taylor on 8 October 2026; not independently surveyed","classification_source":"User confirmation: all points in this export are port lateral markers","display_label_generated":true,"physical_structure":null,"body_colour":null,"light_characteristics":null,"gpx_display_colour_is_not_navigation_colour":true,"chart_update_status":"Latest TimeZero chart update, confirmed by Clifton Taylor on 8 October 2026","chart_edition":null,"chart_correction_date":null,"name":"Port lateral mark 491","structure":"Not specified in export","colour":"red","light":null,"wind_farm":null,"source_file":"TZiBoatData_2026-10-8_1920(1).gpx","source_sha256":"ef4169669b8aefad9dd9a7ff2c0b8b0754777db5cf3371475af4053278236492","source":"User-supplied TimeZero GPX export; classification confirmed by Clifton Taylor","raw_position":"57.690633363, -7.093783475","confirmed_on":"2026-10-08","cross_reference_id":"confirmed-3162c8e60612d8b1ac04","nearby_record_count":1,"colour_basis":"Port lateral classification; physical colour not exported separately","description_status":"Port lateral type and latest TimeZero chart update provenance confirmed by Clifton Taylor; light rhythm and physical structure not supplied"}},{"type":"Feature","id":"confirmed-d6ac11b55ef9cf852e03","geometry":{"type":"Point","coordinates":[-7.07273078847585,57.69466104049]},"properties":{"mark_type":"port","position_status":"Coordinates confirmed accurate by Clifton Taylor on 8 October 2026; not independently surveyed","classification_source":"User confirmation: all points in this export are port lateral markers","display_label_generated":true,"physical_structure":null,"body_colour":null,"light_characteristics":null,"gpx_display_colour_is_not_navigation_colour":true,"chart_update_status":"Latest TimeZero chart update, confirmed by Clifton Taylor on 8 October 2026","chart_edition":null,"chart_correction_date":null,"name":"Port lateral mark 492","structure":"Not specified in export","colour":"red","light":null,"wind_farm":null,"source_file":"TZiBoatData_2026-10-8_1920(1).gpx","source_sha256":"ef4169669b8aefad9dd9a7ff2c0b8b0754777db5cf3371475af4053278236492","source":"User-supplied TimeZero GPX export; classification confirmed by Clifton Taylor","raw_position":"57.694661040, -7.072730788","confirmed_on":"2026-10-08","cross_reference_id":"confirmed-d6ac11b55ef9cf852e03","nearby_record_count":1,"colour_basis":"Port lateral classification; physical colour not exported separately","description_status":"Port lateral type and latest TimeZero chart update provenance confirmed by Clifton Taylor; light rhythm and physical structure not supplied"}},{"type":"Feature","id":"confirmed-69b753334ea43fc4d8dc","geometry":{"type":"Point","coordinates":[-7.06039262754584,57.6959668144741]},"properties":{"mark_type":"port","position_status":"Coordinates confirmed accurate by Clifton Taylor on 8 October 2026; not independently surveyed","classification_source":"User confirmation: all points in this export are port lateral markers","display_label_generated":true,"physical_structure":null,"body_colour":null,"light_characteristics":null,"gpx_display_colour_is_not_navigation_colour":true,"chart_update_status":"Latest TimeZero chart update, confirmed by Clifton Taylor on 8 October 2026","chart_edition":null,"chart_correction_date":null,"name":"Port lateral mark 493","structure":"Not specified in export","colour":"red","light":null,"wind_farm":null,"source_file":"TZiBoatData_2026-10-8_1920(1).gpx","source_sha256":"ef4169669b8aefad9dd9a7ff2c0b8b0754777db5cf3371475af4053278236492","source":"User-supplied TimeZero GPX export; classification confirmed by Clifton Taylor","raw_position":"57.695966814, -7.060392628","confirmed_on":"2026-10-08","cross_reference_id":"confirmed-69b753334ea43fc4d8dc","nearby_record_count":1,"colour_basis":"Port lateral classification; physical colour not exported separately","description_status":"Port lateral type and latest TimeZero chart update provenance confirmed by Clifton Taylor; light rhythm and physical structure not supplied"}},{"type":"Feature","id":"confirmed-c3405962abb9b2e2221c","geometry":{"type":"Point","coordinates":[-7.06598897431509,57.7021801589503]},"properties":{"mark_type":"port","position_status":"Coordinates confirmed accurate by Clifton Taylor on 8 October 2026; not independently surveyed","classification_source":"User confirmation: all points in this export are port lateral markers","display_label_generated":true,"physical_structure":null,"body_colour":null,"light_characteristics":null,"gpx_display_colour_is_not_navigation_colour":true,"chart_update_status":"Latest TimeZero chart update, confirmed by Clifton Taylor on 8 October 2026","chart_edition":null,"chart_correction_date":null,"name":"Port lateral mark 494","structure":"Not specified in export","colour":"red","light":null,"wind_farm":null,"source_file":"TZiBoatData_2026-10-8_1920(1).gpx","source_sha256":"ef4169669b8aefad9dd9a7ff2c0b8b0754777db5cf3371475af4053278236492","source":"User-supplied TimeZero GPX export; classification confirmed by Clifton Taylor","raw_position":"57.702180159, -7.065988974","confirmed_on":"2026-10-08","cross_reference_id":"confirmed-c3405962abb9b2e2221c","nearby_record_count":1,"colour_basis":"Port lateral classification; physical colour not exported separately","description_status":"Port lateral type and latest TimeZero chart update provenance confirmed by Clifton Taylor; light rhythm and physical structure not supplied"}},{"type":"Feature","id":"confirmed-7f93811bd948dbc725f8","geometry":{"type":"Point","coordinates":[-7.05012592315778,57.6895780410114]},"properties":{"mark_type":"port","position_status":"Coordinates confirmed accurate by Clifton Taylor on 8 October 2026; not independently surveyed","classification_source":"User confirmation: all points in this export are port lateral markers","display_label_generated":true,"physical_structure":null,"body_colour":null,"light_characteristics":null,"gpx_display_colour_is_not_navigation_colour":true,"chart_update_status":"Latest TimeZero chart update, confirmed by Clifton Taylor on 8 October 2026","chart_edition":null,"chart_correction_date":null,"name":"Port lateral mark 495","structure":"Not specified in export","colour":"red","light":null,"wind_farm":null,"source_file":"TZiBoatData_2026-10-8_1920(1).gpx","source_sha256":"ef4169669b8aefad9dd9a7ff2c0b8b0754777db5cf3371475af4053278236492","source":"User-supplied TimeZero GPX export; classification confirmed by Clifton Taylor","raw_position":"57.689578041, -7.050125923","confirmed_on":"2026-10-08","cross_reference_id":"confirmed-7f93811bd948dbc725f8","nearby_record_count":2,"colour_basis":"Port lateral classification; physical colour not exported separately","description_status":"Port lateral type and latest TimeZero chart update provenance confirmed by Clifton Taylor; light rhythm and physical structure not supplied"}},{"type":"Feature","id":"confirmed-12780730b1f9d9d0426d","geometry":{"type":"Point","coordinates":[-7.02660671896048,57.7279846269604]},"properties":{"mark_type":"port","position_status":"Coordinates confirmed accurate by Clifton Taylor on 8 October 2026; not independently surveyed","classification_source":"User confirmation: all points in this export are port lateral markers","display_label_generated":true,"physical_structure":null,"body_colour":null,"light_characteristics":null,"gpx_display_colour_is_not_navigation_colour":true,"chart_update_status":"Latest TimeZero chart update, confirmed by Clifton Taylor on 8 October 2026","chart_edition":null,"chart_correction_date":null,"name":"Port lateral mark 496","structure":"Not specified in export","colour":"red","light":null,"wind_farm":null,"source_file":"TZiBoatData_2026-10-8_1920(1).gpx","source_sha256":"ef4169669b8aefad9dd9a7ff2c0b8b0754777db5cf3371475af4053278236492","source":"User-supplied TimeZero GPX export; classification confirmed by Clifton Taylor","raw_position":"57.727984627, -7.026606719","confirmed_on":"2026-10-08","cross_reference_id":"confirmed-12780730b1f9d9d0426d","nearby_record_count":1,"colour_basis":"Port lateral classification; physical colour not exported separately","description_status":"Port lateral type and latest TimeZero chart update provenance confirmed by Clifton Taylor; light rhythm and physical structure not supplied"}},{"type":"Feature","id":"confirmed-6e8655dcee34b69b5876","geometry":{"type":"Point","coordinates":[-7.02402454003533,57.7381810952475]},"properties":{"mark_type":"port","position_status":"Coordinates confirmed accurate by Clifton Taylor on 8 October 2026; not independently surveyed","classification_source":"User confirmation: all points in this export are port lateral markers","display_label_generated":true,"physical_structure":null,"body_colour":null,"light_characteristics":null,"gpx_display_colour_is_not_navigation_colour":true,"chart_update_status":"Latest TimeZero chart update, confirmed by Clifton Taylor on 8 October 2026","chart_edition":null,"chart_correction_date":null,"name":"Port lateral mark 497","structure":"Not specified in export","colour":"red","light":null,"wind_farm":null,"source_file":"TZiBoatData_2026-10-8_1920(1).gpx","source_sha256":"ef4169669b8aefad9dd9a7ff2c0b8b0754777db5cf3371475af4053278236492","source":"User-supplied TimeZero GPX export; classification confirmed by Clifton Taylor","raw_position":"57.738181095, -7.024024540","confirmed_on":"2026-10-08","cross_reference_id":"confirmed-6e8655dcee34b69b5876","nearby_record_count":1,"colour_basis":"Port lateral classification; physical colour not exported separately","description_status":"Port lateral type and latest TimeZero chart update provenance confirmed by Clifton Taylor; light rhythm and physical structure not supplied"}},{"type":"Feature","id":"confirmed-b69b54592876a7c5d4a8","geometry":{"type":"Point","coordinates":[-7.0297818375147,57.7521350645938]},"properties":{"mark_type":"port","position_status":"Coordinates confirmed accurate by Clifton Taylor on 8 October 2026; not independently surveyed","classification_source":"User confirmation: all points in this export are port lateral markers","display_label_generated":true,"physical_structure":null,"body_colour":null,"light_characteristics":null,"gpx_display_colour_is_not_navigation_colour":true,"chart_update_status":"Latest TimeZero chart update, confirmed by Clifton Taylor on 8 October 2026","chart_edition":null,"chart_correction_date":null,"name":"Port lateral mark 498","structure":"Not specified in export","colour":"red","light":null,"wind_farm":null,"source_file":"TZiBoatData_2026-10-8_1920(1).gpx","source_sha256":"ef4169669b8aefad9dd9a7ff2c0b8b0754777db5cf3371475af4053278236492","source":"User-supplied TimeZero GPX export; classification confirmed by Clifton Taylor","raw_position":"57.752135065, -7.029781838","confirmed_on":"2026-10-08","cross_reference_id":"confirmed-b69b54592876a7c5d4a8","nearby_record_count":1,"colour_basis":"Port lateral classification; physical colour not exported separately","description_status":"Port lateral type and latest TimeZero chart update provenance confirmed by Clifton Taylor; light rhythm and physical structure not supplied"}},{"type":"Feature","id":"confirmed-0580f268e6cdfe5d05a2","geometry":{"type":"Point","coordinates":[-7.07006221176691,57.7772062348275]},"properties":{"mark_type":"port","position_status":"Coordinates confirmed accurate by Clifton Taylor on 8 October 2026; not independently surveyed","classification_source":"User confirmation: all points in this export are port lateral markers","display_label_generated":true,"physical_structure":null,"body_colour":null,"light_characteristics":null,"gpx_display_colour_is_not_navigation_colour":true,"chart_update_status":"Latest TimeZero chart update, confirmed by Clifton Taylor on 8 October 2026","chart_edition":null,"chart_correction_date":null,"name":"Port lateral mark 499","structure":"Not specified in export","colour":"red","light":null,"wind_farm":null,"source_file":"TZiBoatData_2026-10-8_1920(1).gpx","source_sha256":"ef4169669b8aefad9dd9a7ff2c0b8b0754777db5cf3371475af4053278236492","source":"User-supplied TimeZero GPX export; classification confirmed by Clifton Taylor","raw_position":"57.777206235, -7.070062212","confirmed_on":"2026-10-08","cross_reference_id":"confirmed-0580f268e6cdfe5d05a2","nearby_record_count":0,"colour_basis":"Port lateral classification; physical colour not exported separately","description_status":"Port lateral type and latest TimeZero chart update provenance confirmed by Clifton Taylor; light rhythm and physical structure not supplied"}},{"type":"Feature","id":"confirmed-20c6f066833eb1ac1aaa","geometry":{"type":"Point","coordinates":[-7.10098654214244,57.7880251039824]},"properties":{"mark_type":"port","position_status":"Coordinates confirmed accurate by Clifton Taylor on 8 October 2026; not independently surveyed","classification_source":"User confirmation: all points in this export are port lateral markers","display_label_generated":true,"physical_structure":null,"body_colour":null,"light_characteristics":null,"gpx_display_colour_is_not_navigation_colour":true,"chart_update_status":"Latest TimeZero chart update, confirmed by Clifton Taylor on 8 October 2026","chart_edition":null,"chart_correction_date":null,"name":"Port lateral mark 500","structure":"Not specified in export","colour":"red","light":null,"wind_farm":null,"source_file":"TZiBoatData_2026-10-8_1920(1).gpx","source_sha256":"ef4169669b8aefad9dd9a7ff2c0b8b0754777db5cf3371475af4053278236492","source":"User-supplied TimeZero GPX export; classification confirmed by Clifton Taylor","raw_position":"57.788025104, -7.100986542","confirmed_on":"2026-10-08","cross_reference_id":"confirmed-20c6f066833eb1ac1aaa","nearby_record_count":0,"colour_basis":"Port lateral classification; physical colour not exported separately","description_status":"Port lateral type and latest TimeZero chart update provenance confirmed by Clifton Taylor; light rhythm and physical structure not supplied"}},{"type":"Feature","id":"confirmed-8d5bc0aca761daeea844","geometry":{"type":"Point","coordinates":[-6.3765833008593,58.1953334216307]},"properties":{"mark_type":"port","position_status":"Coordinates confirmed accurate by Clifton Taylor on 8 October 2026; not independently surveyed","classification_source":"User confirmation: all points in this export are port lateral markers","display_label_generated":true,"physical_structure":null,"body_colour":null,"light_characteristics":null,"gpx_display_colour_is_not_navigation_colour":true,"chart_update_status":"Latest TimeZero chart update, confirmed by Clifton Taylor on 8 October 2026","chart_edition":null,"chart_correction_date":null,"name":"Port lateral mark 501","structure":"Not specified in export","colour":"red","light":null,"wind_farm":null,"source_file":"TZiBoatData_2026-10-8_1920(1).gpx","source_sha256":"ef4169669b8aefad9dd9a7ff2c0b8b0754777db5cf3371475af4053278236492","source":"User-supplied TimeZero GPX export; classification confirmed by Clifton Taylor","raw_position":"58.195333422, -6.376583301","confirmed_on":"2026-10-08","cross_reference_id":"confirmed-8d5bc0aca761daeea844","nearby_record_count":0,"colour_basis":"Port lateral classification; physical colour not exported separately","description_status":"Port lateral type and latest TimeZero chart update provenance confirmed by Clifton Taylor; light rhythm and physical structure not supplied"}},{"type":"Feature","id":"confirmed-f387b0d3255551364e65","geometry":{"type":"Point","coordinates":[-6.37949992281848,58.194000143598]},"properties":{"mark_type":"port","position_status":"Coordinates confirmed accurate by Clifton Taylor on 8 October 2026; not independently surveyed","classification_source":"User confirmation: all points in this export are port lateral markers","display_label_generated":true,"physical_structure":null,"body_colour":null,"light_characteristics":null,"gpx_display_colour_is_not_navigation_colour":true,"chart_update_status":"Latest TimeZero chart update, confirmed by Clifton Taylor on 8 October 2026","chart_edition":null,"chart_correction_date":null,"name":"Port lateral mark 502","structure":"Not specified in export","colour":"red","light":null,"wind_farm":null,"source_file":"TZiBoatData_2026-10-8_1920(1).gpx","source_sha256":"ef4169669b8aefad9dd9a7ff2c0b8b0754777db5cf3371475af4053278236492","source":"User-supplied TimeZero GPX export; classification confirmed by Clifton Taylor","raw_position":"58.194000144, -6.379499923","confirmed_on":"2026-10-08","cross_reference_id":"confirmed-f387b0d3255551364e65","nearby_record_count":0,"colour_basis":"Port lateral classification; physical colour not exported separately","description_status":"Port lateral type and latest TimeZero chart update provenance confirmed by Clifton Taylor; light rhythm and physical structure not supplied"}},{"type":"Feature","id":"confirmed-9749b27e965238b5c094","geometry":{"type":"Point","coordinates":[-6.36803320945963,58.1925998532795]},"properties":{"mark_type":"port","position_status":"Coordinates confirmed accurate by Clifton Taylor on 8 October 2026; not independently surveyed","classification_source":"User confirmation: all points in this export are port lateral markers","display_label_generated":true,"physical_structure":null,"body_colour":null,"light_characteristics":null,"gpx_display_colour_is_not_navigation_colour":true,"chart_update_status":"Latest TimeZero chart update, confirmed by Clifton Taylor on 8 October 2026","chart_edition":null,"chart_correction_date":null,"name":"Port lateral mark 503","structure":"Not specified in export","colour":"red","light":null,"wind_farm":null,"source_file":"TZiBoatData_2026-10-8_1920(1).gpx","source_sha256":"ef4169669b8aefad9dd9a7ff2c0b8b0754777db5cf3371475af4053278236492","source":"User-supplied TimeZero GPX export; classification confirmed by Clifton Taylor","raw_position":"58.192599853, -6.368033209","confirmed_on":"2026-10-08","cross_reference_id":"confirmed-9749b27e965238b5c094","nearby_record_count":6,"colour_basis":"Port lateral classification; physical colour not exported separately","description_status":"Port lateral type and latest TimeZero chart update provenance confirmed by Clifton Taylor; light rhythm and physical structure not supplied"}},{"type":"Feature","id":"confirmed-4e4d2346968863c4a6cf","geometry":{"type":"Point","coordinates":[-3.06833326947297,58.4373000711754]},"properties":{"mark_type":"port","position_status":"Coordinates confirmed accurate by Clifton Taylor on 8 October 2026; not independently surveyed","classification_source":"User confirmation: all points in this export are port lateral markers","display_label_generated":true,"physical_structure":null,"body_colour":null,"light_characteristics":null,"gpx_display_colour_is_not_navigation_colour":true,"chart_update_status":"Latest TimeZero chart update, confirmed by Clifton Taylor on 8 October 2026","chart_edition":null,"chart_correction_date":null,"name":"Port lateral mark 504","structure":"Not specified in export","colour":"red","light":null,"wind_farm":null,"source_file":"TZiBoatData_2026-10-8_1920(1).gpx","source_sha256":"ef4169669b8aefad9dd9a7ff2c0b8b0754777db5cf3371475af4053278236492","source":"User-supplied TimeZero GPX export; classification confirmed by Clifton Taylor","raw_position":"58.437300071, -3.068333269","confirmed_on":"2026-10-08","cross_reference_id":"confirmed-4e4d2346968863c4a6cf","nearby_record_count":0,"colour_basis":"Port lateral classification; physical colour not exported separately","description_status":"Port lateral type and latest TimeZero chart update provenance confirmed by Clifton Taylor; light rhythm and physical structure not supplied"}},{"type":"Feature","id":"confirmed-a798ab3d29aae05161d1","geometry":{"type":"Point","coordinates":[-3.16235883387825,58.8202565538392]},"properties":{"mark_type":"port","position_status":"Coordinates confirmed accurate by Clifton Taylor on 8 October 2026; not independently surveyed","classification_source":"User confirmation: all points in this export are port lateral markers","display_label_generated":true,"physical_structure":null,"body_colour":null,"light_characteristics":null,"gpx_display_colour_is_not_navigation_colour":true,"chart_update_status":"Latest TimeZero chart update, confirmed by Clifton Taylor on 8 October 2026","chart_edition":null,"chart_correction_date":null,"name":"Port lateral mark 505","structure":"Not specified in export","colour":"red","light":null,"wind_farm":null,"source_file":"TZiBoatData_2026-10-8_1920(1).gpx","source_sha256":"ef4169669b8aefad9dd9a7ff2c0b8b0754777db5cf3371475af4053278236492","source":"User-supplied TimeZero GPX export; classification confirmed by Clifton Taylor","raw_position":"58.820256554, -3.162358834","confirmed_on":"2026-10-08","cross_reference_id":"confirmed-a798ab3d29aae05161d1","nearby_record_count":6,"colour_basis":"Port lateral classification; physical colour not exported separately","description_status":"Port lateral type and latest TimeZero chart update provenance confirmed by Clifton Taylor; light rhythm and physical structure not supplied"}},{"type":"Feature","id":"confirmed-a0f54840b2e6f5de7f7c","geometry":{"type":"Point","coordinates":[-4.13234426038879,57.6822361858221]},"properties":{"mark_type":"port","position_status":"Coordinates confirmed accurate by Clifton Taylor on 8 October 2026; not independently surveyed","classification_source":"User confirmation: all points in this export are port lateral markers","display_label_generated":true,"physical_structure":null,"body_colour":null,"light_characteristics":null,"gpx_display_colour_is_not_navigation_colour":true,"chart_update_status":"Latest TimeZero chart update, confirmed by Clifton Taylor on 8 October 2026","chart_edition":null,"chart_correction_date":null,"name":"Port lateral mark 506","structure":"Not specified in export","colour":"red","light":null,"wind_farm":null,"source_file":"TZiBoatData_2026-10-8_1920(1).gpx","source_sha256":"ef4169669b8aefad9dd9a7ff2c0b8b0754777db5cf3371475af4053278236492","source":"User-supplied TimeZero GPX export; classification confirmed by Clifton Taylor","raw_position":"57.682236186, -4.132344260","confirmed_on":"2026-10-08","cross_reference_id":"confirmed-a0f54840b2e6f5de7f7c","nearby_record_count":2,"colour_basis":"Port lateral classification; physical colour not exported separately","description_status":"Port lateral type and latest TimeZero chart update provenance confirmed by Clifton Taylor; light rhythm and physical structure not supplied"}},{"type":"Feature","id":"confirmed-40ee6bacbd4bbdf91e39","geometry":{"type":"Point","coordinates":[-4.26262076032547,57.6681785518581]},"properties":{"mark_type":"port","position_status":"Coordinates confirmed accurate by Clifton Taylor on 8 October 2026; not independently surveyed","classification_source":"User confirmation: all points in this export are port lateral markers","display_label_generated":true,"physical_structure":null,"body_colour":null,"light_characteristics":null,"gpx_display_colour_is_not_navigation_colour":true,"chart_update_status":"Latest TimeZero chart update, confirmed by Clifton Taylor on 8 October 2026","chart_edition":null,"chart_correction_date":null,"name":"Port lateral mark 507","structure":"Not specified in export","colour":"red","light":null,"wind_farm":null,"source_file":"TZiBoatData_2026-10-8_1920(1).gpx","source_sha256":"ef4169669b8aefad9dd9a7ff2c0b8b0754777db5cf3371475af4053278236492","source":"User-supplied TimeZero GPX export; classification confirmed by Clifton Taylor","raw_position":"57.668178552, -4.262620760","confirmed_on":"2026-10-08","cross_reference_id":"confirmed-40ee6bacbd4bbdf91e39","nearby_record_count":2,"colour_basis":"Port lateral classification; physical colour not exported separately","description_status":"Port lateral type and latest TimeZero chart update provenance confirmed by Clifton Taylor; light rhythm and physical structure not supplied"}},{"type":"Feature","id":"confirmed-3c8a3aa091ed884574df","geometry":{"type":"Point","coordinates":[-4.14909010180464,57.5269531430344]},"properties":{"mark_type":"port","position_status":"Coordinates confirmed accurate by Clifton Taylor on 8 October 2026; not independently surveyed","classification_source":"User confirmation: all points in this export are port lateral markers","display_label_generated":true,"physical_structure":null,"body_colour":null,"light_characteristics":null,"gpx_display_colour_is_not_navigation_colour":true,"chart_update_status":"Latest TimeZero chart update, confirmed by Clifton Taylor on 8 October 2026","chart_edition":null,"chart_correction_date":null,"name":"Port lateral mark 508","structure":"Not specified in export","colour":"red","light":null,"wind_farm":null,"source_file":"TZiBoatData_2026-10-8_1920(1).gpx","source_sha256":"ef4169669b8aefad9dd9a7ff2c0b8b0754777db5cf3371475af4053278236492","source":"User-supplied TimeZero GPX export; classification confirmed by Clifton Taylor","raw_position":"57.526953143, -4.149090102","confirmed_on":"2026-10-08","cross_reference_id":"confirmed-3c8a3aa091ed884574df","nearby_record_count":0,"colour_basis":"Port lateral classification; physical colour not exported separately","description_status":"Port lateral type and latest TimeZero chart update provenance confirmed by Clifton Taylor; light rhythm and physical structure not supplied"}},{"type":"Feature","id":"confirmed-743f406a2ad7e3ff5625","geometry":{"type":"Point","coordinates":[-4.11146297562231,57.5735525620411]},"properties":{"mark_type":"port","position_status":"Coordinates confirmed accurate by Clifton Taylor on 8 October 2026; not independently surveyed","classification_source":"User confirmation: all points in this export are port lateral markers","display_label_generated":true,"physical_structure":null,"body_colour":null,"light_characteristics":null,"gpx_display_colour_is_not_navigation_colour":true,"chart_update_status":"Latest TimeZero chart update, confirmed by Clifton Taylor on 8 October 2026","chart_edition":null,"chart_correction_date":null,"name":"Port lateral mark 509","structure":"Not specified in export","colour":"red","light":null,"wind_farm":null,"source_file":"TZiBoatData_2026-10-8_1920(1).gpx","source_sha256":"ef4169669b8aefad9dd9a7ff2c0b8b0754777db5cf3371475af4053278236492","source":"User-supplied TimeZero GPX export; classification confirmed by Clifton Taylor","raw_position":"57.573552562, -4.111462976","confirmed_on":"2026-10-08","cross_reference_id":"confirmed-743f406a2ad7e3ff5625","nearby_record_count":0,"colour_basis":"Port lateral classification; physical colour not exported separately","description_status":"Port lateral type and latest TimeZero chart update provenance confirmed by Clifton Taylor; light rhythm and physical structure not supplied"}},{"type":"Feature","id":"confirmed-06859e82d1019647811f","geometry":{"type":"Point","coordinates":[-4.10126525011002,57.5715523239984]},"properties":{"mark_type":"port","position_status":"Coordinates confirmed accurate by Clifton Taylor on 8 October 2026; not independently surveyed","classification_source":"User confirmation: all points in this export are port lateral markers","display_label_generated":true,"physical_structure":null,"body_colour":null,"light_characteristics":null,"gpx_display_colour_is_not_navigation_colour":true,"chart_update_status":"Latest TimeZero chart update, confirmed by Clifton Taylor on 8 October 2026","chart_edition":null,"chart_correction_date":null,"name":"Port lateral mark 510","structure":"Not specified in export","colour":"red","light":null,"wind_farm":null,"source_file":"TZiBoatData_2026-10-8_1920(1).gpx","source_sha256":"ef4169669b8aefad9dd9a7ff2c0b8b0754777db5cf3371475af4053278236492","source":"User-supplied TimeZero GPX export; classification confirmed by Clifton Taylor","raw_position":"57.571552324, -4.101265250","confirmed_on":"2026-10-08","cross_reference_id":"confirmed-06859e82d1019647811f","nearby_record_count":0,"colour_basis":"Port lateral classification; physical colour not exported separately","description_status":"Port lateral type and latest TimeZero chart update provenance confirmed by Clifton Taylor; light rhythm and physical structure not supplied"}},{"type":"Feature","id":"confirmed-7714cf4288f65a704d0e","geometry":{"type":"Point","coordinates":[-4.08311734039032,57.5882969121835]},"properties":{"mark_type":"port","position_status":"Coordinates confirmed accurate by Clifton Taylor on 8 October 2026; not independently surveyed","classification_source":"User confirmation: all points in this export are port lateral markers","display_label_generated":true,"physical_structure":null,"body_colour":null,"light_characteristics":null,"gpx_display_colour_is_not_navigation_colour":true,"chart_update_status":"Latest TimeZero chart update, confirmed by Clifton Taylor on 8 October 2026","chart_edition":null,"chart_correction_date":null,"name":"Port lateral mark 511","structure":"Not specified in export","colour":"red","light":null,"wind_farm":null,"source_file":"TZiBoatData_2026-10-8_1920(1).gpx","source_sha256":"ef4169669b8aefad9dd9a7ff2c0b8b0754777db5cf3371475af4053278236492","source":"User-supplied TimeZero GPX export; classification confirmed by Clifton Taylor","raw_position":"57.588296912, -4.083117340","confirmed_on":"2026-10-08","cross_reference_id":"confirmed-7714cf4288f65a704d0e","nearby_record_count":2,"colour_basis":"Port lateral classification; physical colour not exported separately","description_status":"Port lateral type and latest TimeZero chart update provenance confirmed by Clifton Taylor; light rhythm and physical structure not supplied"}},{"type":"Feature","id":"confirmed-363924655cff4033a4cf","geometry":{"type":"Point","coordinates":[-4.05983313765941,57.6096667200462]},"properties":{"mark_type":"port","position_status":"Coordinates confirmed accurate by Clifton Taylor on 8 October 2026; not independently surveyed","classification_source":"User confirmation: all points in this export are port lateral markers","display_label_generated":true,"physical_structure":null,"body_colour":null,"light_characteristics":null,"gpx_display_colour_is_not_navigation_colour":true,"chart_update_status":"Latest TimeZero chart update, confirmed by Clifton Taylor on 8 October 2026","chart_edition":null,"chart_correction_date":null,"name":"Port lateral mark 512","structure":"Not specified in export","colour":"red","light":null,"wind_farm":null,"source_file":"TZiBoatData_2026-10-8_1920(1).gpx","source_sha256":"ef4169669b8aefad9dd9a7ff2c0b8b0754777db5cf3371475af4053278236492","source":"User-supplied TimeZero GPX export; classification confirmed by Clifton Taylor","raw_position":"57.609666720, -4.059833138","confirmed_on":"2026-10-08","cross_reference_id":"confirmed-363924655cff4033a4cf","nearby_record_count":2,"colour_basis":"Port lateral classification; physical colour not exported separately","description_status":"Port lateral type and latest TimeZero chart update provenance confirmed by Clifton Taylor; light rhythm and physical structure not supplied"}},{"type":"Feature","id":"confirmed-49aa63b008ed9d2a9bdb","geometry":{"type":"Point","coordinates":[-4.04567086868135,57.6204764888255]},"properties":{"mark_type":"port","position_status":"Coordinates confirmed accurate by Clifton Taylor on 8 October 2026; not independently surveyed","classification_source":"User confirmation: all points in this export are port lateral markers","display_label_generated":true,"physical_structure":null,"body_colour":null,"light_characteristics":null,"gpx_display_colour_is_not_navigation_colour":true,"chart_update_status":"Latest TimeZero chart update, confirmed by Clifton Taylor on 8 October 2026","chart_edition":null,"chart_correction_date":null,"name":"Port lateral mark 513","structure":"Not specified in export","colour":"red","light":null,"wind_farm":null,"source_file":"TZiBoatData_2026-10-8_1920(1).gpx","source_sha256":"ef4169669b8aefad9dd9a7ff2c0b8b0754777db5cf3371475af4053278236492","source":"User-supplied TimeZero GPX export; classification confirmed by Clifton Taylor","raw_position":"57.620476489, -4.045670869","confirmed_on":"2026-10-08","cross_reference_id":"confirmed-49aa63b008ed9d2a9bdb","nearby_record_count":2,"colour_basis":"Port lateral classification; physical colour not exported separately","description_status":"Port lateral type and latest TimeZero chart update provenance confirmed by Clifton Taylor; light rhythm and physical structure not supplied"}},{"type":"Feature","id":"confirmed-3f6c2aa87c0e6fd31048","geometry":{"type":"Point","coordinates":[-4.01472842264148,57.608145031496]},"properties":{"mark_type":"port","position_status":"Coordinates confirmed accurate by Clifton Taylor on 8 October 2026; not independently surveyed","classification_source":"User confirmation: all points in this export are port lateral markers","display_label_generated":true,"physical_structure":null,"body_colour":null,"light_characteristics":null,"gpx_display_colour_is_not_navigation_colour":true,"chart_update_status":"Latest TimeZero chart update, confirmed by Clifton Taylor on 8 October 2026","chart_edition":null,"chart_correction_date":null,"name":"Port lateral mark 514","structure":"Not specified in export","colour":"red","light":null,"wind_farm":null,"source_file":"TZiBoatData_2026-10-8_1920(1).gpx","source_sha256":"ef4169669b8aefad9dd9a7ff2c0b8b0754777db5cf3371475af4053278236492","source":"User-supplied TimeZero GPX export; classification confirmed by Clifton Taylor","raw_position":"57.608145031, -4.014728423","confirmed_on":"2026-10-08","cross_reference_id":"confirmed-3f6c2aa87c0e6fd31048","nearby_record_count":1,"colour_basis":"Port lateral classification; physical colour not exported separately","description_status":"Port lateral type and latest TimeZero chart update provenance confirmed by Clifton Taylor; light rhythm and physical structure not supplied"}},{"type":"Feature","id":"confirmed-9ec3dd3a486133b898e1","geometry":{"type":"Point","coordinates":[-4.01338298618587,57.606346521852]},"properties":{"mark_type":"port","position_status":"Coordinates confirmed accurate by Clifton Taylor on 8 October 2026; not independently surveyed","classification_source":"User confirmation: all points in this export are port lateral markers","display_label_generated":true,"physical_structure":null,"body_colour":null,"light_characteristics":null,"gpx_display_colour_is_not_navigation_colour":true,"chart_update_status":"Latest TimeZero chart update, confirmed by Clifton Taylor on 8 October 2026","chart_edition":null,"chart_correction_date":null,"name":"Port lateral mark 515","structure":"Not specified in export","colour":"red","light":null,"wind_farm":null,"source_file":"TZiBoatData_2026-10-8_1920(1).gpx","source_sha256":"ef4169669b8aefad9dd9a7ff2c0b8b0754777db5cf3371475af4053278236492","source":"User-supplied TimeZero GPX export; classification confirmed by Clifton Taylor","raw_position":"57.606346522, -4.013382986","confirmed_on":"2026-10-08","cross_reference_id":"confirmed-9ec3dd3a486133b898e1","nearby_record_count":1,"colour_basis":"Port lateral classification; physical colour not exported separately","description_status":"Port lateral type and latest TimeZero chart update provenance confirmed by Clifton Taylor; light rhythm and physical structure not supplied"}},{"type":"Feature","id":"confirmed-a162cb375e15c3c96a96","geometry":{"type":"Point","coordinates":[-4.01214833398529,57.604761859482]},"properties":{"mark_type":"port","position_status":"Coordinates confirmed accurate by Clifton Taylor on 8 October 2026; not independently surveyed","classification_source":"User confirmation: all points in this export are port lateral markers","display_label_generated":true,"physical_structure":null,"body_colour":null,"light_characteristics":null,"gpx_display_colour_is_not_navigation_colour":true,"chart_update_status":"Latest TimeZero chart update, confirmed by Clifton Taylor on 8 October 2026","chart_edition":null,"chart_correction_date":null,"name":"Port lateral mark 516","structure":"Not specified in export","colour":"red","light":null,"wind_farm":null,"source_file":"TZiBoatData_2026-10-8_1920(1).gpx","source_sha256":"ef4169669b8aefad9dd9a7ff2c0b8b0754777db5cf3371475af4053278236492","source":"User-supplied TimeZero GPX export; classification confirmed by Clifton Taylor","raw_position":"57.604761859, -4.012148334","confirmed_on":"2026-10-08","cross_reference_id":"confirmed-a162cb375e15c3c96a96","nearby_record_count":1,"colour_basis":"Port lateral classification; physical colour not exported separately","description_status":"Port lateral type and latest TimeZero chart update provenance confirmed by Clifton Taylor; light rhythm and physical structure not supplied"}},{"type":"Feature","id":"confirmed-04c87e4cf6d99ad9e5f7","geometry":{"type":"Point","coordinates":[-4.009461641612,57.6022248341006]},"properties":{"mark_type":"port","position_status":"Coordinates confirmed accurate by Clifton Taylor on 8 October 2026; not independently surveyed","classification_source":"User confirmation: all points in this export are port lateral markers","display_label_generated":true,"physical_structure":null,"body_colour":null,"light_characteristics":null,"gpx_display_colour_is_not_navigation_colour":true,"chart_update_status":"Latest TimeZero chart update, confirmed by Clifton Taylor on 8 October 2026","chart_edition":null,"chart_correction_date":null,"name":"Port lateral mark 517","structure":"Not specified in export","colour":"red","light":null,"wind_farm":null,"source_file":"TZiBoatData_2026-10-8_1920(1).gpx","source_sha256":"ef4169669b8aefad9dd9a7ff2c0b8b0754777db5cf3371475af4053278236492","source":"User-supplied TimeZero GPX export; classification confirmed by Clifton Taylor","raw_position":"57.602224834, -4.009461642","confirmed_on":"2026-10-08","cross_reference_id":"confirmed-04c87e4cf6d99ad9e5f7","nearby_record_count":1,"colour_basis":"Port lateral classification; physical colour not exported separately","description_status":"Port lateral type and latest TimeZero chart update provenance confirmed by Clifton Taylor; light rhythm and physical structure not supplied"}},{"type":"Feature","id":"confirmed-49cc77226bf0b0c6eaa0","geometry":{"type":"Point","coordinates":[-4.00580854822167,57.6011000779467]},"properties":{"mark_type":"port","position_status":"Coordinates confirmed accurate by Clifton Taylor on 8 October 2026; not independently surveyed","classification_source":"User confirmation: all points in this export are port lateral markers","display_label_generated":true,"physical_structure":null,"body_colour":null,"light_characteristics":null,"gpx_display_colour_is_not_navigation_colour":true,"chart_update_status":"Latest TimeZero chart update, confirmed by Clifton Taylor on 8 October 2026","chart_edition":null,"chart_correction_date":null,"name":"Port lateral mark 518","structure":"Not specified in export","colour":"red","light":null,"wind_farm":null,"source_file":"TZiBoatData_2026-10-8_1920(1).gpx","source_sha256":"ef4169669b8aefad9dd9a7ff2c0b8b0754777db5cf3371475af4053278236492","source":"User-supplied TimeZero GPX export; classification confirmed by Clifton Taylor","raw_position":"57.601100078, -4.005808548","confirmed_on":"2026-10-08","cross_reference_id":"confirmed-49cc77226bf0b0c6eaa0","nearby_record_count":1,"colour_basis":"Port lateral classification; physical colour not exported separately","description_status":"Port lateral type and latest TimeZero chart update provenance confirmed by Clifton Taylor; light rhythm and physical structure not supplied"}},{"type":"Feature","id":"confirmed-1f444b7c0e059d33034b","geometry":{"type":"Point","coordinates":[-4.0038666883554,57.6011034444123]},"properties":{"mark_type":"port","position_status":"Coordinates confirmed accurate by Clifton Taylor on 8 October 2026; not independently surveyed","classification_source":"User confirmation: all points in this export are port lateral markers","display_label_generated":true,"physical_structure":null,"body_colour":null,"light_characteristics":null,"gpx_display_colour_is_not_navigation_colour":true,"chart_update_status":"Latest TimeZero chart update, confirmed by Clifton Taylor on 8 October 2026","chart_edition":null,"chart_correction_date":null,"name":"Port lateral mark 519","structure":"Not specified in export","colour":"red","light":null,"wind_farm":null,"source_file":"TZiBoatData_2026-10-8_1920(1).gpx","source_sha256":"ef4169669b8aefad9dd9a7ff2c0b8b0754777db5cf3371475af4053278236492","source":"User-supplied TimeZero GPX export; classification confirmed by Clifton Taylor","raw_position":"57.601103444, -4.003866688","confirmed_on":"2026-10-08","cross_reference_id":"confirmed-1f444b7c0e059d33034b","nearby_record_count":1,"colour_basis":"Port lateral classification; physical colour not exported separately","description_status":"Port lateral type and latest TimeZero chart update provenance confirmed by Clifton Taylor; light rhythm and physical structure not supplied"}},{"type":"Feature","id":"confirmed-a62ad6a481c4b3552a65","geometry":{"type":"Point","coordinates":[-3.98966172265552,57.608145031496]},"properties":{"mark_type":"port","position_status":"Coordinates confirmed accurate by Clifton Taylor on 8 October 2026; not independently surveyed","classification_source":"User confirmation: all points in this export are port lateral markers","display_label_generated":true,"physical_structure":null,"body_colour":null,"light_characteristics":null,"gpx_display_colour_is_not_navigation_colour":true,"chart_update_status":"Latest TimeZero chart update, confirmed by Clifton Taylor on 8 October 2026","chart_edition":null,"chart_correction_date":null,"name":"Port lateral mark 520","structure":"Not specified in export","colour":"red","light":null,"wind_farm":null,"source_file":"TZiBoatData_2026-10-8_1920(1).gpx","source_sha256":"ef4169669b8aefad9dd9a7ff2c0b8b0754777db5cf3371475af4053278236492","source":"User-supplied TimeZero GPX export; classification confirmed by Clifton Taylor","raw_position":"57.608145031, -3.989661723","confirmed_on":"2026-10-08","cross_reference_id":"confirmed-a62ad6a481c4b3552a65","nearby_record_count":1,"colour_basis":"Port lateral classification; physical colour not exported separately","description_status":"Port lateral type and latest TimeZero chart update provenance confirmed by Clifton Taylor; light rhythm and physical structure not supplied"}},{"type":"Feature","id":"confirmed-e00a8839ce141e3e9ece","geometry":{"type":"Point","coordinates":[-3.9759948474216,57.608146527412]},"properties":{"mark_type":"port","position_status":"Coordinates confirmed accurate by Clifton Taylor on 8 October 2026; not independently surveyed","classification_source":"User confirmation: all points in this export are port lateral markers","display_label_generated":true,"physical_structure":null,"body_colour":null,"light_characteristics":null,"gpx_display_colour_is_not_navigation_colour":true,"chart_update_status":"Latest TimeZero chart update, confirmed by Clifton Taylor on 8 October 2026","chart_edition":null,"chart_correction_date":null,"name":"Port lateral mark 521","structure":"Not specified in export","colour":"red","light":null,"wind_farm":null,"source_file":"TZiBoatData_2026-10-8_1920(1).gpx","source_sha256":"ef4169669b8aefad9dd9a7ff2c0b8b0754777db5cf3371475af4053278236492","source":"User-supplied TimeZero GPX export; classification confirmed by Clifton Taylor","raw_position":"57.608146527, -3.975994847","confirmed_on":"2026-10-08","cross_reference_id":"confirmed-e00a8839ce141e3e9ece","nearby_record_count":1,"colour_basis":"Port lateral classification; physical colour not exported separately","description_status":"Port lateral type and latest TimeZero chart update provenance confirmed by Clifton Taylor; light rhythm and physical structure not supplied"}},{"type":"Feature","id":"confirmed-c99a0fe6efc2be74cd5f","geometry":{"type":"Point","coordinates":[-3.99223205672322,57.6829799925999]},"properties":{"mark_type":"port","position_status":"Coordinates confirmed accurate by Clifton Taylor on 8 October 2026; not independently surveyed","classification_source":"User confirmation: all points in this export are port lateral markers","display_label_generated":true,"physical_structure":null,"body_colour":null,"light_characteristics":null,"gpx_display_colour_is_not_navigation_colour":true,"chart_update_status":"Latest TimeZero chart update, confirmed by Clifton Taylor on 8 October 2026","chart_edition":null,"chart_correction_date":null,"name":"Port lateral mark 522","structure":"Not specified in export","colour":"red","light":null,"wind_farm":null,"source_file":"TZiBoatData_2026-10-8_1920(1).gpx","source_sha256":"ef4169669b8aefad9dd9a7ff2c0b8b0754777db5cf3371475af4053278236492","source":"User-supplied TimeZero GPX export; classification confirmed by Clifton Taylor","raw_position":"57.682979993, -3.992232057","confirmed_on":"2026-10-08","cross_reference_id":"confirmed-c99a0fe6efc2be74cd5f","nearby_record_count":4,"colour_basis":"Port lateral classification; physical colour not exported separately","description_status":"Port lateral type and latest TimeZero chart update provenance confirmed by Clifton Taylor; light rhythm and physical structure not supplied"}}],"suppress_exact_compatible_ids":{"online":[],"historical":[],"local":[]}}
