{"type":"FeatureCollection","features":[{"type":"Feature","id":"oenergy.fid--752362db_1a116aa1509_-7a6f","geometry":{"type":"Point","coordinates":[-4.59,53.42]},"geometry_name":"the_geom","properties":{"id":2,"id_1":2,"latitude":53.42,"longitude":-4.59,"country":"United Kingdom","seabasin":"Atlantic","sea":"Celtic Sea","location":"Anglesey","coast_dist":909.0,"posinfo":"Original","name":"Seagen Anglesey Skerries","facid":"OE-UK62","start_year":"","end_year":"2016","resource":"Tidal","technology":"Horizontal Axis Turbine","device":"SeagenS2","device_sca":"Full scale","project_sc":"Demonstration array","status":"Cancelled","project_ca":"10000","project_pr":"Sea Generation (Wales) Ltd","web_page":"N/A","source":"Web page","service_or":"Map viewer/Shapefile","link_to_so":"N/A","source_det":"N/A","date_of_la":"18/09/2023 00:00","metadata_a":"No","metadata_l":"N/A","otherlinks":"https://tethys.pnnl.gov/project-sites/anglesey-skerries-tidal-stream-array","eia":"Yes","eialink":"https://tethys.pnnl.gov/sites/default/files/publications/Skerries_Scoping_Report_2006.pdf","notes":""}},{"type":"Feature","id":"oenergy.fid--752362db_1a116aa1509_-7a6e","geometry":{"type":"Point","coordinates":[-5.2597946,51.6758804]},"geometry_name":"the_geom","properties":{"id":3,"id_1":3,"latitude":51.6758804,"longitude":-5.2597946,"country":"United Kingdom","seabasin":"Atlantic","sea":"Celtic Sea","location":"Milla Fjord","coast_dist":2307.0,"posinfo":"Original","name":"Wave Dragon Project - Milla Fjord Site","facid":"OE-UK98","start_year":"","end_year":"","resource":"Wave","technology":"Hydro Turbine","device":"WaveDragon","device_sca":"Full-scale prototype","project_sc":"N/A","status":"Cancelled","project_ca":"112000","project_pr":"Wave Dragon Wales Ltd","web_page":"http://www.wavedragon.net/index.php","source":"Web page","service_or":"Data base","link_to_so":"http://tethys.pnnl.gov/annex-iv-sites/wave-dragon-project-milla-fjord-site","source_det":"TETHYS Database","date_of_la":"27/08/2025 00:00","metadata_a":"No","metadata_l":"N/A","otherlinks":"https://openei.org/wiki/PRIMRE/Databases/Projects_Database/Projects/Milla_Fjord_Wave_Dragon_Project","eia":"N/A","eialink":"","notes":""}},{"type":"Feature","id":"oenergy.fid--752362db_1a116aa1509_-7a6d","geometry":{"type":"Point","coordinates":[-3.084,51.26]},"geometry_name":"the_geom","properties":{"id":4,"id_1":4,"latitude":51.26,"longitude":-3.084,"country":"United Kingdom","seabasin":"Atlantic","sea":"Celtic Sea","location":"Bridgewater Bay","coast_dist":4536.0,"posinfo":"Original","name":"Bridgwater Bay Tidal Lagoon","facid":"OE-UK104","start_year":"","end_year":"","resource":"Tidal","technology":"Tidal lagoon","device":"N/A","device_sca":"N/A","project_sc":"Commercial","status":"In development","project_ca":"","project_pr":"N/A","web_page":"https://www.somerset.gov.uk/beaches-ports-and-flooding/bridgwater-tidal-barrier/","source":"Web page","service_or":"Map viewer","link_to_so":"https://www.ocean-energy-systems.org/ocean-energy/gis-map-tool/","source_det":"IEA-OES GIS Map of Ocean Energy Installations","date_of_la":"27/08/2025 00:00","metadata_a":"No","metadata_l":"N/A","otherlinks":"N/A","eia":"N/A","eialink":"","notes":""}},{"type":"Feature","id":"oenergy.fid--752362db_1a116aa1509_-7a6c","geometry":{"type":"Point","coordinates":[-7.02,58.31]},"geometry_name":"the_geom","properties":{"id":5,"id_1":5,"latitude":58.31,"longitude":-7.02,"country":"United Kingdom","seabasin":"Atlantic","sea":"Celtic Sea","location":"Bernera (Isle of Lewis)","coast_dist":6393.0,"posinfo":"Original","name":"Bernera","facid":"OE-UK59","start_year":"2009","end_year":"2014","resource":"Wave","technology":"Attenuator","device":"Pelamis P2E","device_sca":"Full scale","project_sc":"Commercial array","status":"Cancelled","project_ca":"10000","project_pr":"Pelamis Wave Power Ltd","web_page":"N/A","source":"Web page","service_or":"Map viewer/Shapefile","link_to_so":"N/A","source_det":"N/A","date_of_la":"19/09/2023 00:00","metadata_a":"Yes","metadata_l":"https://maps.esp.tl/maps/_UKRED-Marine-Map/pages/map.jsp?geoMapId=267704&TENANT_ID=115744","otherlinks":"https://openei.org/wiki/PRIMRE/Databases/Projects_Database/Projects/Bernera","eia":"N/A","eialink":"","notes":""}},{"type":"Feature","id":"oenergy.fid--752362db_1a116aa1509_-7a6b","geometry":{"type":"Point","coordinates":[-4.2896,58.62295]},"geometry_name":"the_geom","properties":{"id":6,"id_1":6,"latitude":58.62295,"longitude":-4.2896,"country":"United Kingdom","seabasin":"Atlantic","sea":"Celtic Sea","location":"Bettyhill (Sutherland)","coast_dist":7308.0,"posinfo":"Original","name":"Farr Point phase 2","facid":"OE-UK15","start_year":"","end_year":"","resource":"Wave","technology":"Attenuator","device":"Pelamis P2E","device_sca":"Full scale","project_sc":"Commercial array","status":"Cancelled","project_ca":"40000","project_pr":"Pelamis Wave Power Ltd","web_page":"N/A","source":"Web page","service_or":"N/A","link_to_so":"N/A","source_det":"N/A","date_of_la":"01/07/2021 00:00","metadata_a":"No","metadata_l":"N/A","otherlinks":"N/A","eia":"N/A","eialink":"","notes":""}},{"type":"Feature","id":"oenergy.fid--752362db_1a116aa1509_-7a6a","geometry":{"type":"Point","coordinates":[-4.2896,58.62295]},"geometry_name":"the_geom","properties":{"id":6,"id_1":6,"latitude":58.62295,"longitude":-4.2896,"country":"United Kingdom","seabasin":"Atlantic","sea":"Celtic Sea","location":"Bettyhill (Sutherland)","coast_dist":7308.0,"posinfo":"Original","name":"Farr Point phase 1","facid":"OE-UK14","start_year":"2017","end_year":"","resource":"Wave","technology":"Attenuator","device":"Pelamis P2E","device_sca":"Full scale","project_sc":"Demonstration array","status":"Cancelled","project_ca":"10000","project_pr":"Pelamis Wave Power Ltd","web_page":"N/A","source":"Web page","service_or":"N/A","link_to_so":"N/A","source_det":"N/A","date_of_la":"18/09/2023 00:00","metadata_a":"No","metadata_l":"N/A","otherlinks":"https://openei.org/wiki/PRIMRE/Databases/Projects_Database/Projects/Farr_Point_Wave_Array_-_Phase_1","eia":"N/A","eialink":"","notes":""}},{"type":"Feature","id":"oenergy.fid--752362db_1a116aa1509_-7a69","geometry":{"type":"Point","coordinates":[-5.659,57.226]},"geometry_name":"the_geom","properties":{"id":8,"id_1":8,"latitude":57.226,"longitude":-5.659,"country":"United Kingdom","seabasin":"Atlantic","sea":"Celtic Sea","location":"Kylerhea (Isle of Skye)","coast_dist":285.0,"posinfo":"Original","name":"Seagen Kyle Rhea","facid":"OE-UK53","start_year":"2009","end_year":"2016","resource":"Tidal","technology":"Horizontal Axis Turbine","device":"SeagenS","device_sca":"Full scale","project_sc":"Demonstration array","status":"Cancelled","project_ca":"8000","project_pr":"Sea Generation (Khle Rhea) Ltd","web_page":"https://saerenewables.com/tidal-stream/","source":"Web page","service_or":"Map viewer/Shapefile","link_to_so":"https://tethys.pnnl.gov/project-sites/kyle-rhea-tidal-stream-array-project","source_det":"TETHYS Database","date_of_la":"27/08/2025 00:00","metadata_a":"Yes","metadata_l":"https://maps.esp.tl/maps/_UKRED-Marine-Map/pages/map.jsp?geoMapId=267704&TENANT_ID=115744","otherlinks":"N/A","eia":"Yes","eialink":"N/A","notes":""}},{"type":"Feature","id":"oenergy.fid--752362db_1a116aa1509_-7a68","geometry":{"type":"Point","coordinates":[-3.3871,58.9772]},"geometry_name":"the_geom","properties":{"id":9,"id_1":9,"latitude":58.9772,"longitude":-3.3871,"country":"United Kingdom","seabasin":"Atlantic","sea":"Celtic Sea","location":"Billia Croo-1 (Orkney)","coast_dist":1548.0,"posinfo":"Original","name":"LAMWEC project","facid":"OE-UK92","start_year":"2018","end_year":"2019","resource":"Wave","technology":"Surge operational attenuator","device":"Laminaria","device_sca":"Prototype","project_sc":"Sea testing","status":"Completed","project_ca":"100","project_pr":"Laminaria","web_page":"N/A","source":"Web page","service_or":"Web page","link_to_so":"http://www.emec.org.uk/about-us/wave-clients/laminaria/","source_det":"EMEC Orkney","date_of_la":"27/08/2025 00:00","metadata_a":"No","metadata_l":"N/A","otherlinks":"N/A","eia":"N/A","eialink":"","notes":""}},{"type":"Feature","id":"oenergy.fid--752362db_1a116aa1509_-7a67","geometry":{"type":"Point","coordinates":[-3.3871,58.9772]},"geometry_name":"the_geom","properties":{"id":9,"id_1":9,"latitude":58.9772,"longitude":-3.3871,"country":"United Kingdom","seabasin":"Atlantic","sea":"Celtic Sea","location":"Billia Croo-1 (Orkney)","coast_dist":1548.0,"posinfo":"Original","name":"EMEC Wello Oy-Penguin","facid":"OE-UK23","start_year":"2013","end_year":"2019","resource":"Wave","technology":"Rotating mass","device":"Penguin","device_sca":"Large scale prototype","project_sc":"Pre-commercial","status":"Ceased operating","project_ca":"500","project_pr":"Wello Oy","web_page":"N/A","source":"Web page","service_or":"Map viewer","link_to_so":"N/A","source_det":"N/A","date_of_la":"27/08/2025 00:00","metadata_a":"No","metadata_l":"N/A","otherlinks":"N/A","eia":"Yes","eialink":"https://tethys.pnnl.gov/annex-iv-sites/wello-penguin-emec","notes":""}},{"type":"Feature","id":"oenergy.fid--752362db_1a116aa1509_-7a66","geometry":{"type":"Point","coordinates":[-3.3871,58.9772]},"geometry_name":"the_geom","properties":{"id":9,"id_1":9,"latitude":58.9772,"longitude":-3.3871,"country":"United Kingdom","seabasin":"Atlantic","sea":"Celtic Sea","location":"Billia Croo-1 (Orkney)","coast_dist":1548.0,"posinfo":"Original","name":"EMEC Pelamis Wave Power P2","facid":"OE-UK22","start_year":"2010","end_year":"2014","resource":"Wave","technology":"Floating articulated attenuator","device":"Pelamis P2","device_sca":"Large scale prototype","project_sc":"Sea testing","status":"Ceased operating","project_ca":"750","project_pr":"E. ON, ScottishPower Renewables","web_page":"http://www.emec.org.uk/about-us/wave-clients/e-on/","source":"Web page","service_or":"Map viewer/Shapefile","link_to_so":"N/A","source_det":"N/A","date_of_la":"18/09/2023 00:00","metadata_a":"No","metadata_l":"N/A","otherlinks":"N/A","eia":"Not required","eialink":"","notes":"Key Environmental Issues: Baseline studies for the Billia Croo test site were performed by EMEC"}},{"type":"Feature","id":"oenergy.fid--752362db_1a116aa1509_-7a65","geometry":{"type":"Point","coordinates":[-3.3871,58.9772]},"geometry_name":"the_geom","properties":{"id":9,"id_1":9,"latitude":58.9772,"longitude":-3.3871,"country":"United Kingdom","seabasin":"Atlantic","sea":"Celtic Sea","location":"Billia Croo-1 (Orkney)","coast_dist":1548.0,"posinfo":"Original","name":"EMEC Seatricity-Oceanus 1","facid":"OE-UK21","start_year":"2013","end_year":"2014","resource":"Wave","technology":"Point absorber","device":"Oceanus 1","device_sca":"Large scale prototype","project_sc":"Pre-commercial","status":"Ceased operating","project_ca":"1000","project_pr":"Seatricity","web_page":"N/A","source":"Web page","service_or":"Map viewer/Shapefile","link_to_so":"https://www.emec.org.uk/about-us/wave-clients/seatricity/","source_det":"EMEC Orkney","date_of_la":"27/08/2025 00:00","metadata_a":"No","metadata_l":"N/A","otherlinks":"N/A","eia":"Not required","eialink":"","notes":"Key Environmental Issues: Baseline studies for the Billia Croo test site were performed by EMEC"}},{"type":"Feature","id":"oenergy.fid--752362db_1a116aa1509_-7a64","geometry":{"type":"Point","coordinates":[-3.3871,58.9772]},"geometry_name":"the_geom","properties":{"id":9,"id_1":9,"latitude":58.9772,"longitude":-3.3871,"country":"United Kingdom","seabasin":"Atlantic","sea":"Celtic Sea","location":"Billia Croo-1 (Orkney)","coast_dist":1548.0,"posinfo":"Original","name":"Blue Horizon 250","facid":"OE-UK166","start_year":"2023","end_year":"","resource":"Wave","technology":"Attenuator","device":"Blue X","device_sca":"","project_sc":"Sea testing","status":"In development","project_ca":"250","project_pr":"Mocean Energy","web_page":"https://www.mocean.energy/","source":"Web page","service_or":"Report","link_to_so":"https://www.ocean-energy-systems.org/publications/oes-annual-reports/","source_det":"OES Annual Reports","date_of_la":"27/08/2025 00:00","metadata_a":"No","metadata_l":"N/A","otherlinks":"https://www.emec.org.uk/about-us/wave-clients/mocean-energy/","eia":"N/A","eialink":"","notes":""}},{"type":"Feature","id":"oenergy.fid--752362db_1a116aa1509_-7a63","geometry":{"type":"Point","coordinates":[-3.3871,58.9772]},"geometry_name":"the_geom","properties":{"id":9,"id_1":9,"latitude":58.9772,"longitude":-3.3871,"country":"United Kingdom","seabasin":"Atlantic","sea":"Celtic Sea","location":"Billia Croo-1 (Orkney)","coast_dist":1548.0,"posinfo":"Original","name":"EMEC Orbital O2","facid":"OE-UK154","start_year":"2021","end_year":"","resource":"Tidal","technology":"Horizontal Axis Turbine","device":"Orbital O2","device_sca":"Full scale","project_sc":"Commercial","status":"Operational","project_ca":"2000","project_pr":"Orbital Marine Power Ltd","web_page":"https://orbitalmarine.com/o2-installation/","source":"Web page","service_or":"Report","link_to_so":"https://www.ocean-energy-systems.org/publications/oes-annual-reports/document/oes-annual-report-2023/","source_det":"Ocean Energy: Key trends and statistics 2023","date_of_la":"27/08/2025 00:00","metadata_a":"No","metadata_l":"N/A","otherlinks":"https://www.emec.org.uk/about-us/our-tidal-clients/orbital-marine-power/","eia":"Yes","eialink":"https://tethys.pnnl.gov/project-sites/orbital-marine-power-o2-emec","notes":""}},{"type":"Feature","id":"oenergy.fid--752362db_1a116aa1509_-7a62","geometry":{"type":"Point","coordinates":[-3.3871,58.9772]},"geometry_name":"the_geom","properties":{"id":9,"id_1":9,"latitude":58.9772,"longitude":-3.3871,"country":"United Kingdom","seabasin":"Atlantic","sea":"Celtic Sea","location":"Billia Croo-1 (Orkney)","coast_dist":1548.0,"posinfo":"Original","name":"EMEC Orbital O2","facid":"OE-UK137","start_year":"","end_year":"","resource":"Tidal","technology":"Horizontal Axis Turbine","device":"Orbital O2","device_sca":"Part-scale prototype","project_sc":"N/A","status":"Completed","project_ca":"2000","project_pr":"Orbital Marine Power Ltd","web_page":"https://orbitalmarine.com/o2-installation/","source":"Web page","service_or":"Map viewer","link_to_so":"N/A","source_det":"N/A","date_of_la":"19/09/2023 00:00","metadata_a":"No","metadata_l":"N/A","otherlinks":"N/A","eia":"N/A","eialink":"","notes":""}},{"type":"Feature","id":"oenergy.fid--752362db_1a116aa1509_-7a61","geometry":{"type":"Point","coordinates":[-3.3871,58.9772]},"geometry_name":"the_geom","properties":{"id":9,"id_1":9,"latitude":58.9772,"longitude":-3.3871,"country":"United Kingdom","seabasin":"Atlantic","sea":"Celtic Sea","location":"Billia Croo-1 (Orkney)","coast_dist":1548.0,"posinfo":"Original","name":"EMEC Orbital O2 - Phase II","facid":"OE-UK136","start_year":"","end_year":"","resource":"Tidal","technology":"Horizontal Axis Turbine","device":"Orbital O2","device_sca":"Part-scale","project_sc":"N/A","status":"Completed","project_ca":"2000","project_pr":"Orbital Marine Power Ltd","web_page":"https://orbitalmarine.com/o2-installation/","source":"Web page","service_or":"Map viewer","link_to_so":"N/A","source_det":"N/A","date_of_la":"19/09/2023 00:00","metadata_a":"No","metadata_l":"N/A","otherlinks":"N/A","eia":"N/A","eialink":"","notes":""}},{"type":"Feature","id":"oenergy.fid--752362db_1a116aa1509_-7a60","geometry":{"type":"Point","coordinates":[-3.3871,58.9772]},"geometry_name":"the_geom","properties":{"id":9,"id_1":9,"latitude":58.9772,"longitude":-3.3871,"country":"United Kingdom","seabasin":"Atlantic","sea":"Celtic Sea","location":"Billia Croo-1 (Orkney)","coast_dist":1548.0,"posinfo":"Original","name":"EMEC Wello Oy 2","facid":"OE-UK134","start_year":"2018","end_year":"","resource":"Wave","technology":"Rotating mass","device":"Penguin","device_sca":"N/A","project_sc":"N/A","status":"Cancelled","project_ca":"1000","project_pr":"Wello Oy","web_page":"N/A","source":"Web page","service_or":"Map viewer/Shapefile","link_to_so":"N/A","source_det":"N/A","date_of_la":"19/09/2023 00:00","metadata_a":"No","metadata_l":"N/A","otherlinks":"N/A","eia":"N/A","eialink":"","notes":""}},{"type":"Feature","id":"oenergy.fid--752362db_1a116aa1509_-7a5f","geometry":{"type":"Point","coordinates":[-3.3871,58.9772]},"geometry_name":"the_geom","properties":{"id":9,"id_1":9,"latitude":58.9772,"longitude":-3.3871,"country":"United Kingdom","seabasin":"Atlantic","sea":"Celtic Sea","location":"Billia Croo-1 (Orkney)","coast_dist":1548.0,"posinfo":"Original","name":"EMEC Blue Horizon","facid":"OE-UK134","start_year":"2019","end_year":"","resource":"Wave","technology":"N/A","device":"Tbc","device_sca":"Part-scale","project_sc":"N/A","status":"Completed","project_ca":"","project_pr":"Mocean Energy","web_page":"https://www.waveenergyscotland.co.uk/programmes/details/novel-wave-energy-converter/mocean-wave-energy-converter/","source":"Web page","service_or":"Map viewer/Shapefile","link_to_so":"N/A","source_det":"N/A","date_of_la":"19/09/2023 00:00","metadata_a":"No","metadata_l":"N/A","otherlinks":"N/A","eia":"N/A","eialink":"","notes":""}},{"type":"Feature","id":"oenergy.fid--752362db_1a116aa1509_-7a5e","geometry":{"type":"Point","coordinates":[-3.3871,58.9772]},"geometry_name":"the_geom","properties":{"id":9,"id_1":9,"latitude":58.9772,"longitude":-3.3871,"country":"United Kingdom","seabasin":"Atlantic","sea":"Celtic Sea","location":"Billia Croo-1 (Orkney)","coast_dist":1548.0,"posinfo":"Original","name":"EMEC ScottishPower Renewables Pelamis P2","facid":"OE-UK13","start_year":"2012","end_year":"2016","resource":"Wave","technology":"Floating articulated attenuator","device":"Pelamis P2","device_sca":"Large scale prototype","project_sc":"Sea testing","status":"Ceased operating","project_ca":"750","project_pr":"European Marine Energy Centre","web_page":"http://www.emec.org.uk/about-us/wave-clients/scottishpower-renewables/","source":"Web page","service_or":"Map viewer/Shapefile","link_to_so":"N/A","source_det":"N/A","date_of_la":"19/09/2023 00:00","metadata_a":"Yes","metadata_l":"https://maps.esp.tl/maps/_UKRED-Marine-Map/pages/map.jsp?geoMapId=267704&TENANT_ID=115744","otherlinks":"N/A","eia":"Not required","eialink":"","notes":"Key Environmental Issues: Baseline studies for the Billia Croo test site were performed by EMEC"}},{"type":"Feature","id":"oenergy.fid--752362db_1a116aa1509_-7a5d","geometry":{"type":"Point","coordinates":[-3.3871,58.9772]},"geometry_name":"the_geom","properties":{"id":9,"id_1":9,"latitude":58.9772,"longitude":-3.3871,"country":"United Kingdom","seabasin":"Atlantic","sea":"Celtic Sea","location":"Billia Croo-1 (Orkney)","coast_dist":1548.0,"posinfo":"Original","name":"CorPower","facid":"OE-UK113","start_year":"2017","end_year":"","resource":"Wave","technology":"Point absorber","device":"CorPower","device_sca":"Prototype","project_sc":"Sea testing","status":"Completed","project_ca":"25","project_pr":"CorPower Ocean","web_page":"http://www.corpowerocean.com/","source":"Web page","service_or":"N/A","link_to_so":"https://publications.jrc.ec.europa.eu/repository/handle/JRC104799","source_det":"JRC Ocean Energy Annual Status Report 2016","date_of_la":"27/08/2025 00:00","metadata_a":"No","metadata_l":"N/A","otherlinks":"http://www.emec.org.uk/about-us/wave-clients/corpower-ocean/","eia":"Not required","eialink":"","notes":"Taking into account that the prototype has been installed in Billia Croo test site, the key environmental issues are those corresponding to the test site"}},{"type":"Feature","id":"oenergy.fid--752362db_1a116aa1509_-7a5c","geometry":{"type":"Point","coordinates":[-3.4,58.94]},"geometry_name":"the_geom","properties":{"id":10,"id_1":10,"latitude":58.94,"longitude":-3.4,"country":"United Kingdom","seabasin":"Atlantic","sea":"Celtic Sea","location":"Billia Croo-2 (Orkney)","coast_dist":1823.0,"posinfo":"Original","name":"EMEC Pelamis Wave Power P1","facid":"OE-UK93","start_year":"2004","end_year":"2007","resource":"Wave","technology":"Attenuating Line Absorber","device":"Pelamis P1","device_sca":"Full scale","project_sc":"Sea testing","status":"Ceased operating","project_ca":"750","project_pr":"Pelamis Wave Power Ltd","web_page":"http://www.emec.org.uk/about-us/wave-clients/pelamis-wave-power/","source":"Web page","service_or":"Map viewer/Shapefile","link_to_so":"N/A","source_det":"N/A","date_of_la":"19/09/2023 00:00","metadata_a":"No","metadata_l":"N/A","otherlinks":"N/A","eia":"Not required","eialink":"","notes":"Key Environmental Issues: Baseline studies for the Billia Croo test site were performed by EMEC"}},{"type":"Feature","id":"oenergy.fid--752362db_1a116aa1509_-7a5b","geometry":{"type":"Point","coordinates":[-3.4,58.94]},"geometry_name":"the_geom","properties":{"id":10,"id_1":10,"latitude":58.94,"longitude":-3.4,"country":"United Kingdom","seabasin":"Atlantic","sea":"Celtic Sea","location":"Billia Croo-2 (Orkney)","coast_dist":1823.0,"posinfo":"Original","name":"EMEC Ocean Energy","facid":"OE-UK131","start_year":"2023","end_year":"","resource":"Wave","technology":"N/A","device":"N/A","device_sca":"Large scale prototype","project_sc":"Pre-commercial","status":"In development","project_ca":"1000","project_pr":"Ocean Energy","web_page":"https://oceanenergy.ie/","source":"Web page","service_or":"Map viewer","link_to_so":"https://maps.esp.tl/maps/_UKRED-Marine-Map/pages/map.jsp?geoMapId=267704&TENANT_ID=115744","source_det":"UK Marine Energy Database (UKMED)","date_of_la":"27/08/2025 00:00","metadata_a":"No","metadata_l":"N/A","otherlinks":"https://www.ocean-energy-systems.org/publications/oes-annual-reports/","eia":"Not required","eialink":"","notes":"Key Environmental Issues: Baseline studies for the Billia Croo test site were performed by EMEC"}},{"type":"Feature","id":"oenergy.fid--752362db_1a116aa1509_-7a5a","geometry":{"type":"Point","coordinates":[-3.4,58.94]},"geometry_name":"the_geom","properties":{"id":10,"id_1":10,"latitude":58.94,"longitude":-3.4,"country":"United Kingdom","seabasin":"Atlantic","sea":"Celtic Sea","location":"Billia Croo-2 (Orkney)","coast_dist":1823.0,"posinfo":"Original","name":"EMEC Laminaria","facid":"OE-UK116","start_year":"2018","end_year":"","resource":"Wave","technology":"Attenuator","device":"LAMWEC","device_sca":"Large scale prototype","project_sc":"Sea testing","status":"Cancelled","project_ca":"200","project_pr":"Laminaria","web_page":"N/A","source":"Web page","service_or":"Map viewer/Shapefile","link_to_so":"N/A","source_det":"N/A","date_of_la":"19/09/2023 00:00","metadata_a":"Yes","metadata_l":"http://www.emec.org.uk/about-us/wave-clients/laminaria/","otherlinks":"N/A","eia":"Not required","eialink":"","notes":"Key Environmental Issues: Baseline studies for the Billia Croo test site were performed by EMEC"}},{"type":"Feature","id":"oenergy.fid--752362db_1a116aa1509_-7a59","geometry":{"type":"Point","coordinates":[-3.4,58.94]},"geometry_name":"the_geom","properties":{"id":10,"id_1":10,"latitude":58.94,"longitude":-3.4,"country":"United Kingdom","seabasin":"Atlantic","sea":"Celtic Sea","location":"Billia Croo-2 (Orkney)","coast_dist":1823.0,"posinfo":"Original","name":"EMEC Clean Energy From Ocean Waves (CEFOW) Phase 1","facid":"OE-UK112","start_year":"2015","end_year":"2020","resource":"Wave","technology":"Rotating mass","device":"Wello Penguins","device_sca":"Prototype","project_sc":"Sea testing","status":"Cancelled","project_ca":"3000","project_pr":"Fortum Corporation","web_page":"http://www.emec.org.uk/about-us/wave-clients/wello-oy/cefow-clean-energy-from-ocean-waves/","source":"Web page","service_or":"Map viewer/Shapefile","link_to_so":"N/A","source_det":"N/A","date_of_la":"19/09/2023 00:00","metadata_a":"No","metadata_l":"N/A","otherlinks":"https://cordis.europa.eu/project/id/655594/reporting","eia":"Not required","eialink":"","notes":"Key Environmental Issues: Baseline studies for the Billia Croo test site were performed by EMEC"}},{"type":"Feature","id":"oenergy.fid--752362db_1a116aa1509_-7a58","geometry":{"type":"Point","coordinates":[-3.36,58.972]},"geometry_name":"the_geom","properties":{"id":11,"id_1":11,"latitude":58.972,"longitude":-3.36,"country":"United Kingdom","seabasin":"Atlantic","sea":"Celtic Sea","location":"Billia Croo (near Stromness )","coast_dist":456.0,"posinfo":"Original","name":"EMEC Aquamarine Power Phase 1","facid":"OE-UK20","start_year":"2009","end_year":"2011","resource":"Wave","technology":"Oscillating Wave Surge Converter","device":"Oyster 1","device_sca":"Large scale prototype","project_sc":"Sea testing","status":"Decommissioned","project_ca":"315","project_pr":"Aquamarine power","web_page":"http://www.emec.org.uk/about-us/wave-clients/aquamarine-power/","source":"Web page","service_or":"Map viewer/Shapefile","link_to_so":"http://www.emec.org.uk/marine-energy/wave-and-tidal-projects/; https://opendata-thecrownestate.opendata.arcgis.com/","source_det":"EMEC Orkney; The Crown Estate","date_of_la":"27/08/2025 00:00","metadata_a":"No","metadata_l":"N/A","otherlinks":"N/A","eia":"Not required","eialink":"","notes":"Key Environmental Issues: Baseline studies for the Billia Croo test site were performed by EMEC"}},{"type":"Feature","id":"oenergy.fid--752362db_1a116aa1509_-7a57","geometry":{"type":"Point","coordinates":[-3.36,58.972]},"geometry_name":"the_geom","properties":{"id":11,"id_1":11,"latitude":58.972,"longitude":-3.36,"country":"United Kingdom","seabasin":"Atlantic","sea":"Celtic Sea","location":"Billia Croo (near Stromness )","coast_dist":456.0,"posinfo":"Original","name":"EMEC Aquamarine Power Phase 2","facid":"OE-UK19","start_year":"2012","end_year":"2015","resource":"Wave","technology":"Oscillating Wave Surge Converter","device":"Oyster 800","device_sca":"Large scale prototype","project_sc":"Sea testing","status":"Decommissioned","project_ca":"800","project_pr":"Aquamarine power","web_page":"http://www.emec.org.uk/about-us/wave-clients/aquamarine-power/","source":"Web page","service_or":"Map viewer/Shapefile","link_to_so":"http://www.emec.org.uk/marine-energy/wave-and-tidal-projects/","source_det":"EMEC Orkney","date_of_la":"27/08/2025 00:00","metadata_a":"No","metadata_l":"N/A","otherlinks":"N/A","eia":"Not required","eialink":"","notes":"Key Environmental Issues: Baseline studies for the Billia Croo test site were performed by EMEC"}},{"type":"Feature","id":"oenergy.fid--752362db_1a116aa1509_-7a55","geometry":{"type":"Point","coordinates":[-0.98148306,60.6788]},"geometry_name":"the_geom","properties":{"id":13,"id_1":13,"latitude":60.6788,"longitude":-0.981483055556,"country":"United Kingdom","seabasin":"Atlantic","sea":"Celtic Sea","location":"Bluemull Sound (Shetland)","coast_dist":553.0,"posinfo":"Original","name":"Shetland Tidal Array Phase 1","facid":"OE-UK49","start_year":"2016","end_year":"2017","resource":"Tidal","technology":"Horizontal Axis Turbine","device":"Nova M100","device_sca":"Full scale","project_sc":"Demonstration array","status":"Operational","project_ca":"300","project_pr":"Nova Innovation Ltd","web_page":"https://www.novainnovation.com","source":"Web page","service_or":"Map viewer","link_to_so":"https://www.ocean-energy-systems.org/ocean-energy/gis-map-tool/","source_det":"IEA-OES GIS Map of Ocean Energy Installations","date_of_la":"27/08/2025 00:00","metadata_a":"Yes","metadata_l":"https://maps.espatial.com/maps/_UKRED-Marine-Map/pages/map.jsp?geoMapId=267704&TENANT_ID=115744","otherlinks":"https://tethys.pnnl.gov/annex-iv-sites/nova-innovation-shetland-tiday-array-bluemull-sound","eia":"N/A","eialink":"","notes":""}},{"type":"Feature","id":"oenergy.fid--752362db_1a116aa1509_-7a54","geometry":{"type":"Point","coordinates":[-0.98148306,60.6788]},"geometry_name":"the_geom","properties":{"id":13,"id_1":13,"latitude":60.6788,"longitude":-0.981483055556,"country":"United Kingdom","seabasin":"Atlantic","sea":"Celtic Sea","location":"Bluemull Sound (Shetland)","coast_dist":553.0,"posinfo":"Original","name":"Shetland Tidal Array Phase 2","facid":"OE-UK139","start_year":"2018","end_year":"2022","resource":"Tidal","technology":"Horizontal Axis Turbine","device":"Nova M100","device_sca":"Full scale","project_sc":"Demonstration array","status":"Completed","project_ca":"600","project_pr":"Nova Innovation Ltd","web_page":"https://www.novainnovation.com","source":"Web page","service_or":"Map viewer","link_to_so":"https://maps.esp.tl/maps/pages/map.jsp?geoMapId=19671&TENANT_ID=115744","source_det":"RenewableUK Marine Energy Database","date_of_la":"27/08/2025 00:00","metadata_a":"No","metadata_l":"N/A","otherlinks":"https://tethys.pnnl.gov/project-sites/nova-innovation-shetland-tidal-array-bluemull-sound","eia":"N/A","eialink":"","notes":""}},{"type":"Feature","id":"oenergy.fid--752362db_1a116aa1509_-7a53","geometry":{"type":"Point","coordinates":[-0.98148306,60.6788]},"geometry_name":"the_geom","properties":{"id":13,"id_1":13,"latitude":60.6788,"longitude":-0.981483055556,"country":"United Kingdom","seabasin":"Atlantic","sea":"Celtic Sea","location":"Bluemull Sound (Shetland)","coast_dist":553.0,"posinfo":"Original","name":"Shetland Tidal Array","facid":"OE-UK132","start_year":"2020","end_year":"","resource":"Tidal","technology":"Horizontal Axis Turbine","device":"Nova M100","device_sca":"N/A","project_sc":"Commercial","status":"Operational","project_ca":"300","project_pr":"Nova Innovation Ltd","web_page":"https://www.novainnovation.com","source":"Web page","service_or":"Map viewer","link_to_so":"https://www.ocean-energy-systems.org/ocean-energy/gis-map-tool/","source_det":"IEA-OES GIS Map of Ocean Energy Installations","date_of_la":"27/08/2025 00:00","metadata_a":"No","metadata_l":"N/A","otherlinks":"https://tethys.pnnl.gov/project-sites/nova-innovation-shetland-tidal-array","eia":"N/A","eialink":"","notes":""}},{"type":"Feature","id":"oenergy.fid--752362db_1a116aa1509_-7a52","geometry":{"type":"Point","coordinates":[-0.98148306,60.6788]},"geometry_name":"the_geom","properties":{"id":13,"id_1":13,"latitude":60.6788,"longitude":-0.981483055556,"country":"United Kingdom","seabasin":"Atlantic","sea":"Celtic Sea","location":"Bluemull Sound (Shetland)","coast_dist":553.0,"posinfo":"Original","name":"Bluemull Sound","facid":"OE-UK108","start_year":"2014","end_year":"","resource":"Tidal","technology":"Horizontal axis turbine","device":"Nova Innovation Turbine","device_sca":"Full scale","project_sc":"Commercial","status":"Ceased operating","project_ca":"30","project_pr":"Nova Innovation Ltd","web_page":"https://www.novainnovation.com/","source":"Web page","service_or":"N/A","link_to_so":"N/A","source_det":"N/A","date_of_la":"24/09/2024 00:00","metadata_a":"No","metadata_l":"N/A","otherlinks":"N/A","eia":"N/A","eialink":"","notes":""}},{"type":"Feature","id":"oenergy.fid--752362db_1a116aa1509_-7a51","geometry":{"type":"Point","coordinates":[-3.705,53.307]},"geometry_name":"the_geom","properties":{"id":14,"id_1":14,"latitude":53.307,"longitude":-3.705,"country":"United Kingdom","seabasin":"Atlantic","sea":"Celtic Sea","location":"Colwyn Bay","coast_dist":1456.0,"posinfo":"Original","name":"Colwyn Bay Tidal Lagoon","facid":"OE-UK103","start_year":"","end_year":"","resource":"Tidal","technology":"Tidal lagoon","device":"N/A","device_sca":"N/A","project_sc":"Commercial","status":"Early concept","project_ca":"","project_pr":"Tidal Lagoon Power Ltd","web_page":"https://www.tidallagoonpower.com/projects/colwyn-bay/","source":"Web page","service_or":"Map viewer","link_to_so":"https://www.ocean-energy-systems.org/ocean-energy/gis-map-tool/","source_det":"IEA-OES GIS Map of Ocean Energy Installations","date_of_la":"27/08/2025 00:00","metadata_a":"No","metadata_l":"N/A","otherlinks":"N/A","eia":"Yes","eialink":"N/A","notes":""}},{"type":"Feature","id":"oenergy.fid--752362db_1a116aa1509_-7a50","geometry":{"type":"Point","coordinates":[-2.829,51.528]},"geometry_name":"the_geom","properties":{"id":15,"id_1":15,"latitude":51.528,"longitude":-2.829,"country":"United Kingdom","seabasin":"Atlantic","sea":"Celtic Sea","location":"Newport","coast_dist":2296.0,"posinfo":"Original","name":"Newport Tidal Lagoon","facid":"OE-UK102","start_year":"","end_year":"2022","resource":"Tidal","technology":"Tidal lagoon","device":"N/A","device_sca":"N/A","project_sc":"Commercial","status":"Cancelled","project_ca":"1800000","project_pr":"Tidal Lagoon Power Ltd","web_page":"N/A","source":"Web page","service_or":"N/A","link_to_so":"N/A","source_det":"N/A","date_of_la":"19/09/2023 00:00","metadata_a":"Yes","metadata_l":"http://www.ocean-energy-systems.org/ocean-energy-in-the-world/gis-map/","otherlinks":"https://infrastructure.planninginspectorate.gov.uk/wp-content/ipc/uploads/projects/EN010075/EN010075-000002-Tidal%20Lagoon%20Newport%20project%20withdrawn.pdf","eia":"Yes","eialink":"N/A","notes":""}},{"type":"Feature","id":"oenergy.fid--752362db_1a116aa1509_-7a4e","geometry":{"type":"Point","coordinates":[-3.36,59.11]},"geometry_name":"the_geom","properties":{"id":17,"id_1":17,"latitude":59.11,"longitude":-3.36,"country":"United Kingdom","seabasin":"Atlantic","sea":"Celtic Sea","location":"Brough Head (Orkney)","coast_dist":580.0,"posinfo":"Original","name":"Brough Head 1b","facid":"OE-UK30","start_year":"2020","end_year":"","resource":"Wave","technology":"Oscillating Wave Surge Converter","device":"Oyster 2","device_sca":"Full scale","project_sc":"Commercial Array","status":"Cancelled","project_ca":"200000","project_pr":"SSE+Aquamarine power","web_page":"https://openei.org/wiki/PRIMRE/Databases/Projects_Database/Projects/Brough_Head","source":"Web page","service_or":"Map viewer/Shapefile","link_to_so":"N/A","source_det":"N/A","date_of_la":"19/09/2023 00:00","metadata_a":"No","metadata_l":"N/A","otherlinks":"N/A","eia":"N/A","eialink":"","notes":""}},{"type":"Feature","id":"oenergy.fid--752362db_1a116aa1509_-7a4d","geometry":{"type":"Point","coordinates":[-3.36,59.11]},"geometry_name":"the_geom","properties":{"id":17,"id_1":17,"latitude":59.11,"longitude":-3.36,"country":"United Kingdom","seabasin":"Atlantic","sea":"Celtic Sea","location":"Brough Head (Orkney)","coast_dist":580.0,"posinfo":"Original","name":"Brough Head 1a","facid":"OE-UK29","start_year":"","end_year":"","resource":"Wave","technology":"Oscillating Wave Surge Converter","device":"Oyster 2, Wavebob WEC","device_sca":"Full scale","project_sc":"Commercial Array","status":"Cancelled","project_ca":"10000","project_pr":"SSE+Aquamarine power","web_page":"https://openei.org/wiki/PRIMRE/Databases/Projects_Database/Projects/Brough_Head","source":"Web page","service_or":"Map viewer/Shapefile","link_to_so":"N/A","source_det":"N/A","date_of_la":"19/09/2023 00:00","metadata_a":"No","metadata_l":"N/A","otherlinks":"N/A","eia":"Yes","eialink":"N/A","notes":""}},{"type":"Feature","id":"oenergy.fid--752362db_1a116aa1509_-7a4c","geometry":{"type":"Point","coordinates":[-2.94,58.72]},"geometry_name":"the_geom","properties":{"id":18,"id_1":18,"latitude":58.72,"longitude":-2.94,"country":"United Kingdom","seabasin":"Greater North Sea","sea":"Greater North Sea","location":"Brough Ness","coast_dist":1389.0,"posinfo":"Original","name":"SeaGen Brough Ness","facid":"OE-UK16","start_year":"2017","end_year":"","resource":"Tidal","technology":"Horizontal Axis Turbine","device":"SeaGen S Mk1","device_sca":"Full scale","project_sc":"Commercial array","status":"N/A","project_ca":"99000","project_pr":"Marine Current Turbines","web_page":"N/A","source":"Web page","service_or":"Data base","link_to_so":"https://openei.org/wiki/PRIMRE/Databases/Projects_Database/Projects/Seagen_Brough_Ness","source_det":"Portal and Repository for Information on Marine Renewable Energy (PRIMRE)","date_of_la":"27/08/2025 00:00","metadata_a":"No","metadata_l":"N/A","otherlinks":"https://www.pentlandfirthrenewables.co.uk/portfolio/brough-ness/","eia":"N/A","eialink":"","notes":""}},{"type":"Feature","id":"oenergy.fid--752362db_1a116aa1509_-7a4b","geometry":{"type":"Point","coordinates":[-3.04,58.66]},"geometry_name":"the_geom","properties":{"id":19,"id_1":19,"latitude":58.66,"longitude":-3.04,"country":"United Kingdom","seabasin":"Greater North Sea","sea":"Greater North Sea","location":"Caithness at Duncansby","coast_dist":1388.0,"posinfo":"Original","name":"Ness of Duncansby phase 2","facid":"OE-UK12","start_year":"2012","end_year":"","resource":"Tidal","technology":"N/A","device":"N/A","device_sca":"Full scale","project_sc":"Commercial array","status":"Planned","project_ca":"65000","project_pr":"Atlantis Resources Ltd (92%); ScottishPower Renewables (6%); Dredging, Environmental & Marine Engineering (DEME) (2%)","web_page":"N/A","source":"Web page","service_or":"Data base","link_to_so":"https://openei.org/wiki/PRIMRE/Databases/Projects_Database/Projects/Ness_of_Duncansby_Tidal_Array","source_det":"Portal and Repository for Information on Marine Renewable Energy (PRIMRE)","date_of_la":"27/08/2025 00:00","metadata_a":"No","metadata_l":"N/A","otherlinks":"N/A","eia":"N/A","eialink":"","notes":""}},{"type":"Feature","id":"oenergy.fid--752362db_1a116aa1509_-7a4a","geometry":{"type":"Point","coordinates":[-3.04,58.66]},"geometry_name":"the_geom","properties":{"id":19,"id_1":19,"latitude":58.66,"longitude":-3.04,"country":"United Kingdom","seabasin":"Greater North Sea","sea":"Greater North Sea","location":"Caithness at Duncansby","coast_dist":1388.0,"posinfo":"Original","name":"Ness of Duncansby phase 1","facid":"OE-UK11","start_year":"2012","end_year":"","resource":"Tidal","technology":"N/A","device":"N/A","device_sca":"Full scale","project_sc":"Commercial array","status":"Planned","project_ca":"30000","project_pr":"Atlantis Resources Ltd (92%); ScottishPower Renewables (6%); Dredging, Environmental & Marine Engineering (DEME) (2%)","web_page":"N/A","source":"Web page","service_or":"Data base","link_to_so":"https://openei.org/wiki/PRIMRE/Databases/Projects_Database/Projects/Ness_of_Duncansby_Tidal_Array","source_det":"Portal and Repository for Information on Marine Renewable Energy (PRIMRE)","date_of_la":"27/08/2025 00:00","metadata_a":"No","metadata_l":"N/A","otherlinks":"N/A","eia":"N/A","eialink":"","notes":""}},{"type":"Feature","id":"oenergy.fid--752362db_1a116aa1509_-7a49","geometry":{"type":"Point","coordinates":[-3.05,51.46]},"geometry_name":"the_geom","properties":{"id":21,"id_1":21,"latitude":51.46,"longitude":-3.05,"country":"United Kingdom","seabasin":"Atlantic","sea":"Celtic Sea","location":"Cardiff Bay","coast_dist":4964.0,"posinfo":"Estimated","name":"Cardiff Bay Tidal Lagoon","facid":"OE-UK72","start_year":"2013","end_year":"","resource":"Tidal","technology":"Tidal lagoon","device":"N/A","device_sca":"N/A","project_sc":"Commercial","status":"Cancelled","project_ca":"3000000","project_pr":"Cardiff Tidal Lagoon","web_page":"N/A","source":"N/A","service_or":"Data base/Map viewer","link_to_so":"https://openei.org/wiki/PRIMRE/Databases/Projects_Database/Projects/Cardiff_Tidal_Lagoon; http://www.emec.org.uk/marine-energy/wave-and-tidal-projects/","source_det":"Portal and Repository for Information on Marine Renewable Energy (PRIMRE); EMEC Orkney","date_of_la":"26/08/2025 00:00","metadata_a":"Yes","metadata_l":"https://maps.espatial.com/maps/_UKRED-Marine-Map/pages/map.jsp?geoMapId=267704&TENANT_ID=115744","otherlinks":"N/A","eia":"Yes","eialink":"N/A","notes":""}},{"type":"Feature","id":"oenergy.fid--752362db_1a116aa1509_-7a48","geometry":{"type":"Point","coordinates":[-3.24,59.22]},"geometry_name":"the_geom","properties":{"id":23,"id_1":23,"latitude":59.22,"longitude":-3.24,"country":"United Kingdom","seabasin":"Atlantic","sea":"Celtic Sea","location":"Costa Head (Orkney)","coast_dist":7446.0,"posinfo":"Original","name":"Costa Head Wave Farm (Phase 2)","facid":"OE-UK32","start_year":"2017","end_year":"","resource":"Wave","technology":"Point Absorber","device":"AWSIII","device_sca":"Full scale","project_sc":"Commercial Array","status":"Cancelled","project_ca":"200000","project_pr":"SSE","web_page":"https://webarchive.nrscotland.gov.uk/3000/https://www.gov.scot/Topics/marine/Licensing/marine/scoping/costa","source":"Web page","service_or":"Data base","link_to_so":"https://openei.org/wiki/PRIMRE/Databases/Projects_Database/Projects/Costa_Head_Wave_Farm","source_det":"Portal and Repository for Information on Marine Renewable Energy (PRIMRE)","date_of_la":"27/08/2025 00:00","metadata_a":"No","metadata_l":"N/A","otherlinks":"N/A","eia":"N/A","eialink":"","notes":""}},{"type":"Feature","id":"oenergy.fid--752362db_1a116aa1509_-7a47","geometry":{"type":"Point","coordinates":[-3.24,59.22]},"geometry_name":"the_geom","properties":{"id":23,"id_1":23,"latitude":59.22,"longitude":-3.24,"country":"United Kingdom","seabasin":"Atlantic","sea":"Celtic Sea","location":"Costa Head (Orkney)","coast_dist":7446.0,"posinfo":"Original","name":"Costa Head Wave Farm (Phase 1)","facid":"OE-UK31","start_year":"2015","end_year":"","resource":"Wave","technology":"Point Absorber","device":"AWSIII","device_sca":"Full scale","project_sc":"Demonstration array","status":"Cancelled","project_ca":"10000","project_pr":"SSE","web_page":"https://webarchive.nrscotland.gov.uk/3000/https://www.gov.scot/Topics/marine/Licensing/marine/scoping/costa","source":"Web page","service_or":"Data base","link_to_so":"https://openei.org/wiki/PRIMRE/Databases/Projects_Database/Projects/Costa_Head_Wave_Farm","source_det":"Portal and Repository for Information on Marine Renewable Energy (PRIMRE)","date_of_la":"27/08/2025 00:00","metadata_a":"No","metadata_l":"N/A","otherlinks":"N/A","eia":"N/A","eialink":"","notes":""}},{"type":"Feature","id":"oenergy.fid--752362db_1a116aa1509_-7a40","geometry":{"type":"Point","coordinates":[-3.116,59.15]},"geometry_name":"the_geom","properties":{"id":26,"id_1":26,"latitude":59.15,"longitude":-3.116,"country":"United Kingdom","seabasin":"Atlantic","sea":"Celtic Sea","location":"Eynhallow Sound (Orkney)","coast_dist":353.0,"posinfo":"Original","name":"Sea Snail","facid":"OE-UK33","start_year":"2005","end_year":"","resource":"Tidal","technology":"N/A","device":"N/A","device_sca":"Prototype","project_sc":"Pre-commercial","status":"Ceased operating","project_ca":"150","project_pr":"Robert Gordon University","web_page":"N/A","source":"Web page","service_or":"Map viewer","link_to_so":"N/A","source_det":"N/A","date_of_la":"19/09/2023 00:00","metadata_a":"No","metadata_l":"N/A","otherlinks":"N/A","eia":"N/A","eialink":"","notes":""}},{"type":"Feature","id":"oenergy.fid--752362db_1a116aa1509_-7a3f","geometry":{"type":"Point","coordinates":[-6.107,55.231]},"geometry_name":"the_geom","properties":{"id":27,"id_1":27,"latitude":55.231,"longitude":-6.107,"country":"United Kingdom","seabasin":"Atlantic","sea":"Celtic Sea","location":"Fair Head (north coast of County Antrim)","coast_dist":1885.0,"posinfo":"Original","name":"Fair Head Phase 2","facid":"OE-UK87","start_year":"2020","end_year":"","resource":"Tidal","technology":"Horizontal Axis Turbine","device":"N/A","device_sca":"Full scale","project_sc":"Commercial array","status":"Cancelled","project_ca":"90000","project_pr":"Tidal Ventures Limited TVL","web_page":"https://antrimcoastandglensaonb.ccght.org/wp-content/uploads/sites/10/2017/01/Fairhead-Tidal-presentation.pdf","source":"Report","service_or":"Data base","link_to_so":"https://openei.org/wiki/PRIMRE/Databases/Projects_Database/Projects/Fair_Head_Phase_2","source_det":"Portal and Repository for Information on Marine Renewable Energy (PRIMRE)","date_of_la":"27/08/2025 00:00","metadata_a":"Yes","metadata_l":"https://maps.espatial.com/maps/_UKRED-Marine-Map/pages/map.jsp?geoMapId=267704&TENANT_ID=115744","otherlinks":"N/A","eia":"Yes","eialink":"https://tethys.pnnl.gov/sites/default/files/publications/Fairhead-Tidal-EIA-Scoping.pdf","notes":""}},{"type":"Feature","id":"oenergy.fid--752362db_1a116aa1509_-7a3e","geometry":{"type":"Point","coordinates":[-6.107,55.231]},"geometry_name":"the_geom","properties":{"id":27,"id_1":27,"latitude":55.231,"longitude":-6.107,"country":"United Kingdom","seabasin":"Atlantic","sea":"Celtic Sea","location":"Fair Head (north coast of County Antrim)","coast_dist":1885.0,"posinfo":"Original","name":"Fair Head Phase 1","facid":"OE-UK86","start_year":"2018","end_year":"","resource":"Tidal","technology":"Horizontal Axis Turbine","device":"FP7 Partner MCT","device_sca":"Full scale","project_sc":"Demonstration array","status":"Completed","project_ca":"10000","project_pr":"Fair Head Tidal Energy Park Limited, DP Energy, DEME Blue Energy","web_page":"https://antrimcoastandglensaonb.ccght.org/wp-content/uploads/sites/10/2017/01/Fairhead-Tidal-presentation.pdf","source":"Report","service_or":"Data base","link_to_so":"https://openei.org/wiki/PRIMRE/Databases/Projects_Database/Projects/Fair_Head_Phase_1","source_det":"Portal and Repository for Information on Marine Renewable Energy (PRIMRE)","date_of_la":"27/08/2025 00:00","metadata_a":"Yes","metadata_l":"https://www.ocean-energy-systems.org/ocean-energy/gis-map-tool/","otherlinks":"N/A","eia":"Yes","eialink":"https://tethys.pnnl.gov/sites/default/files/publications/Fairhead-Tidal-EIA-Scoping.pdf","notes":""}},{"type":"Feature","id":"oenergy.fid--752362db_1a116aa1509_-7a3d","geometry":{"type":"Point","coordinates":[-2.82,59.14]},"geometry_name":"the_geom","properties":{"id":28,"id_1":28,"latitude":59.14,"longitude":-2.82,"country":"United Kingdom","seabasin":"Greater North Sea","sea":"Greater North Sea","location":"Fall of Warness (Orkney)","coast_dist":911.0,"posinfo":"Original","name":"EMEC Atlantis Resources AK1000","facid":"OE-UK94","start_year":"2010","end_year":"","resource":"Tidal","technology":"Horizontal Axis Turbine","device":"AK1000","device_sca":"Large scale prototype","project_sc":"Sea testing","status":"Ceased operating","project_ca":"1000","project_pr":"Atlantis Resources Corporation","web_page":"N/A","source":"Web page","service_or":"Map viewer/Shapefile","link_to_so":"N/A","source_det":"N/A","date_of_la":"19/09/2023 00:00","metadata_a":"No","metadata_l":"N/A","otherlinks":"N/A","eia":"Yes","eialink":"https://tethys.pnnl.gov/annex-iv-sites/emec-fall-warness-grid-connected-tidal-test-site","notes":""}},{"type":"Feature","id":"oenergy.fid--752362db_1a116aa1509_-7a3c","geometry":{"type":"Point","coordinates":[-2.82,59.14]},"geometry_name":"the_geom","properties":{"id":28,"id_1":28,"latitude":59.14,"longitude":-2.82,"country":"United Kingdom","seabasin":"Greater North Sea","sea":"Greater North Sea","location":"Fall of Warness (Orkney)","coast_dist":911.0,"posinfo":"Original","name":"EMEC Alstom","facid":"OE-UK43","start_year":"2009","end_year":"2016","resource":"Tidal","technology":"Horizontal Axis Turbine","device":"DeepGen IV","device_sca":"Sea testing","project_sc":"","status":"Ceased operating","project_ca":"1000","project_pr":"Alstom","web_page":"N/A","source":"Web page","service_or":"N/A","link_to_so":"N/A","source_det":"N/A","date_of_la":"27/08/2025 00:00","metadata_a":"No","metadata_l":"N/A","otherlinks":"N/A","eia":"Yes","eialink":"https://tethys.pnnl.gov/annex-iv-sites/emec-fall-warness-grid-connected-tidal-test-site","notes":""}},{"type":"Feature","id":"oenergy.fid--752362db_1a116aa1509_-7a3b","geometry":{"type":"Point","coordinates":[-2.82,59.14]},"geometry_name":"the_geom","properties":{"id":28,"id_1":28,"latitude":59.14,"longitude":-2.82,"country":"United Kingdom","seabasin":"Greater North Sea","sea":"Greater North Sea","location":"Fall of Warness (Orkney)","coast_dist":911.0,"posinfo":"Original","name":"EMEC Bluewater TEC","facid":"OE-UK42","start_year":"2015","end_year":"","resource":"Tidal","technology":"N/A","device":"Dynamic Cable - no turbine","device_sca":"Pre-commercial","project_sc":"","status":"Completed","project_ca":"","project_pr":"Bluewater","web_page":"http://www.bluewater.com/new-energy/emec/","source":"Web page","service_or":"Map viewer/Shapefile","link_to_so":"N/A","source_det":"N/A","date_of_la":"19/09/2023 00:00","metadata_a":"No","metadata_l":"N/A","otherlinks":"N/A","eia":"Yes","eialink":"https://tethys.pnnl.gov/annex-iv-sites/emec-fall-warness-grid-connected-tidal-test-site","notes":""}},{"type":"Feature","id":"oenergy.fid--752362db_1a116aa1509_-7a3a","geometry":{"type":"Point","coordinates":[-2.82,59.14]},"geometry_name":"the_geom","properties":{"id":28,"id_1":28,"latitude":59.14,"longitude":-2.82,"country":"United Kingdom","seabasin":"Greater North Sea","sea":"Greater North Sea","location":"Fall of Warness (Orkney)","coast_dist":911.0,"posinfo":"Original","name":"EMEC OpenHydro","facid":"OE-UK41","start_year":"2006","end_year":"2018","resource":"Tidal","technology":"Horizontal Axis Turbine","device":"Open-Centre Turbine","device_sca":"Sea testing","project_sc":"","status":"Ceased operating","project_ca":"250","project_pr":"OpeHydro","web_page":"N/A","source":"Web page","service_or":"Data base","link_to_so":"N/A","source_det":"N/A","date_of_la":"20/09/2023 00:00","metadata_a":"Yes","metadata_l":"https://maps.espatial.com/maps/_UKRED-Marine-Map/pages/map.jsp?geoMapId=267704&TENANT_ID=115744","otherlinks":"N/A","eia":"Yes","eialink":"https://tethys.pnnl.gov/annex-iv-sites/emec-fall-warness-grid-connected-tidal-test-site","notes":""}},{"type":"Feature","id":"oenergy.fid--752362db_1a116aa1509_-7a39","geometry":{"type":"Point","coordinates":[-2.82,59.14]},"geometry_name":"the_geom","properties":{"id":28,"id_1":28,"latitude":59.14,"longitude":-2.82,"country":"United Kingdom","seabasin":"Greater North Sea","sea":"Greater North Sea","location":"Fall of Warness (Orkney)","coast_dist":911.0,"posinfo":"Original","name":"EMEC Kawasaki","facid":"OE-UK40","start_year":"","end_year":"","resource":"Tidal","technology":"Horizontal Axis Turbine","device":"N/A","device_sca":"Pre-commercial","project_sc":"","status":"N/A","project_ca":"1000","project_pr":"Kawasaki","web_page":"http://www.emec.org.uk/about-us/our-tidal-clients/kawasaki-heavy-industries/","source":"Web page","service_or":"Web page","link_to_so":"http://www.emec.org.uk/about-us/our-tidal-clients/kawasaki-heavy-industries/","source_det":"EMEC Orkney","date_of_la":"27/08/2025 00:00","metadata_a":"No","metadata_l":"N/A","otherlinks":"N/A","eia":"N/A","eialink":"","notes":""}},{"type":"Feature","id":"oenergy.fid--752362db_1a116aa1509_-7a38","geometry":{"type":"Point","coordinates":[-2.82,59.14]},"geometry_name":"the_geom","properties":{"id":28,"id_1":28,"latitude":59.14,"longitude":-2.82,"country":"United Kingdom","seabasin":"Greater North Sea","sea":"Greater North Sea","location":"Fall of Warness (Orkney)","coast_dist":911.0,"posinfo":"Original","name":"EMEC Voith Hydro","facid":"OE-UK39","start_year":"2013","end_year":"2015","resource":"Tidal","technology":"Horizontal Axis Turbine","device":"Hy-Tide","device_sca":"Pre-commercial","project_sc":"","status":"Ceased operating","project_ca":"1000","project_pr":"Voith Hydro Ocean Current Technologies","web_page":"http://www.voith.com/en/products-services/hydro-power/ocean-energies/tidal-current-power-stations--591.html","source":"Web page","service_or":"Map viewer/Shapefile","link_to_so":"N/A","source_det":"N/A","date_of_la":"19/09/2023 00:00","metadata_a":"No","metadata_l":"N/A","otherlinks":"N/A","eia":"Yes","eialink":"https://tethys.pnnl.gov/annex-iv-sites/emec-fall-warness-grid-connected-tidal-test-site","notes":""}},{"type":"Feature","id":"oenergy.fid--752362db_1a116aa1509_-7a37","geometry":{"type":"Point","coordinates":[-2.82,59.14]},"geometry_name":"the_geom","properties":{"id":28,"id_1":28,"latitude":59.14,"longitude":-2.82,"country":"United Kingdom","seabasin":"Greater North Sea","sea":"Greater North Sea","location":"Fall of Warness (Orkney)","coast_dist":911.0,"posinfo":"Original","name":"EMEC Andritz Hydro Hammerfest","facid":"OE-UK38","start_year":"2011","end_year":"2015","resource":"Tidal","technology":"Horizontal Axis Turbine","device":"HS1000","device_sca":"Sea testing","project_sc":"","status":"Ceased operating","project_ca":"1000","project_pr":"Hammerfest Str\u00f8m AS","web_page":"N/A","source":"Web page","service_or":"Map viewer/Shapefile","link_to_so":"N/A","source_det":"N/A","date_of_la":"19/09/2023 00:00","metadata_a":"No","metadata_l":"N/A","otherlinks":"N/A","eia":"Yes","eialink":"https://tethys.pnnl.gov/annex-iv-sites/emec-fall-warness-grid-connected-tidal-test-site","notes":""}},{"type":"Feature","id":"oenergy.fid--752362db_1a116aa1509_-7a36","geometry":{"type":"Point","coordinates":[-2.82,59.14]},"geometry_name":"the_geom","properties":{"id":28,"id_1":28,"latitude":59.14,"longitude":-2.82,"country":"United Kingdom","seabasin":"Greater North Sea","sea":"Greater North Sea","location":"Fall of Warness (Orkney)","coast_dist":911.0,"posinfo":"Original","name":"EMEC Scotrenewables SR250","facid":"OE-UK37","start_year":"2011","end_year":"2013","resource":"Tidal","technology":"Horizontal Axis Turbine","device":"SR250","device_sca":"Pre-commercial","project_sc":"","status":"Ceased operating","project_ca":"250","project_pr":"Scotrenewables","web_page":"https://orbitalmarine.com/","source":"Web page","service_or":"Map viewer/Shapefile","link_to_so":"N/A","source_det":"N/A","date_of_la":"20/09/2023 00:00","metadata_a":"No","metadata_l":"N/A","otherlinks":"N/A","eia":"Yes","eialink":"https://tethys.pnnl.gov/annex-iv-sites/emec-fall-warness-grid-connected-tidal-test-site","notes":""}},{"type":"Feature","id":"oenergy.fid--752362db_1a116aa1509_-7a35","geometry":{"type":"Point","coordinates":[-2.82,59.14]},"geometry_name":"the_geom","properties":{"id":28,"id_1":28,"latitude":59.14,"longitude":-2.82,"country":"United Kingdom","seabasin":"Greater North Sea","sea":"Greater North Sea","location":"Fall of Warness (Orkney)","coast_dist":911.0,"posinfo":"Original","name":"EMEC Atlantis Resources AR1000","facid":"OE-UK36","start_year":"2010","end_year":"2012","resource":"Tidal","technology":"Horizontal Axis Turbine","device":"AR1000","device_sca":"Large scale prototype","project_sc":"Sea testing","status":"Ceased operating","project_ca":"1000","project_pr":"Atlantis Resources Corporation","web_page":"N/A","source":"Web page","service_or":"Map viewer/Shapefile","link_to_so":"N/A","source_det":"N/A","date_of_la":"19/09/2023 00:00","metadata_a":"No","metadata_l":"N/A","otherlinks":"N/A","eia":"Yes","eialink":"https://tethys.pnnl.gov/annex-iv-sites/emec-fall-warness-grid-connected-tidal-test-site","notes":""}},{"type":"Feature","id":"oenergy.fid--752362db_1a116aa1509_-7a34","geometry":{"type":"Point","coordinates":[-2.82,59.14]},"geometry_name":"the_geom","properties":{"id":28,"id_1":28,"latitude":59.14,"longitude":-2.82,"country":"United Kingdom","seabasin":"Greater North Sea","sea":"Greater North Sea","location":"Fall of Warness (Orkney)","coast_dist":911.0,"posinfo":"Original","name":"Orbital Marine Eday Project","facid":"OE-UK159","start_year":"2026","end_year":"","resource":"Tidal","technology":"Horizontal Axis Turbine","device":"Orbital O2","device_sca":"Commercial","project_sc":"","status":"In planning","project_ca":"9200","project_pr":"Orbital Marine Power","web_page":"https://orbitalmarine.com/","source":"Web page","service_or":"Map viewer","link_to_so":"https://www.ocean-energy-systems.org/ocean-energy/gis-map-tool/","source_det":"IEA-OES GIS Map of Ocean Energy Installations","date_of_la":"27/08/2025 00:00","metadata_a":"No","metadata_l":"N/A","otherlinks":"https://orbitalmarine.com/orbital-awarded-two-cfds/","eia":"Yes","eialink":"https://tethys.pnnl.gov/sites/default/files/publications/Fall-of-Warness-Environmental-Appraisal.pdf","notes":""}},{"type":"Feature","id":"oenergy.fid--752362db_1a116aa1509_-7a33","geometry":{"type":"Point","coordinates":[-2.82,59.14]},"geometry_name":"the_geom","properties":{"id":28,"id_1":28,"latitude":59.14,"longitude":-2.82,"country":"United Kingdom","seabasin":"Greater North Sea","sea":"Greater North Sea","location":"Fall of Warness (Orkney)","coast_dist":911.0,"posinfo":"Original","name":"EMEC Magallanes 3","facid":"OE-UK144","start_year":"2021","end_year":"","resource":"Tidal","technology":"Axial Flow Turbine","device":"ATIR Floater","device_sca":"Commercial","project_sc":"","status":"Completed","project_ca":"1500","project_pr":"Magallanes Renovables, S.L.","web_page":"https://www.magallanesrenovables.com/","source":"Web page","service_or":"Web page","link_to_so":"https://openei.org/wiki/PRIMRE/Databases/Projects_Database/Devices; https://www.emec.org.uk/about-us/our-tidal-clients/magallanes-renovables/","source_det":"Portal and Repository for Information on Marine Renewable Energy (PRIMRE); EMEC Orkney","date_of_la":"27/08/2025 00:00","metadata_a":"No","metadata_l":"N/A","otherlinks":"https://www.ocean-energy-systems.org/publications/oes-annual-reports/document/oes-annual-report-2023/","eia":"N/A","eialink":"","notes":""}},{"type":"Feature","id":"oenergy.fid--752362db_1a116aa1509_-7a32","geometry":{"type":"Point","coordinates":[-2.82,59.14]},"geometry_name":"the_geom","properties":{"id":28,"id_1":28,"latitude":59.14,"longitude":-2.82,"country":"United Kingdom","seabasin":"Greater North Sea","sea":"Greater North Sea","location":"Fall of Warness (Orkney)","coast_dist":911.0,"posinfo":"Original","name":"EMEC Tocardo Phase 1","facid":"OE-UK141","start_year":"2017","end_year":"2017","resource":"Tidal","technology":"Horizontal Axis Turbine","device":"Tocardo (T2)","device_sca":"Sea testing","project_sc":"","status":"Ceased operating","project_ca":"250","project_pr":"Tocardo International BV","web_page":"http://www.tocardo.com/","source":"Web page","service_or":"Data base","link_to_so":"https://tethys.pnnl.gov/project-sites/tocardo-intotidal-emec","source_det":"TETHYS Database","date_of_la":"27/08/2025 00:00","metadata_a":"Yes","metadata_l":"https://maps.espatial.com/maps/_UKRED-Marine-Map/pages/map.jsp?geoMapId=267704&TENANT_ID=115744","otherlinks":"N/A","eia":"Yes","eialink":"https://tethys.pnnl.gov/sites/default/files/publications/Tocardo-PEMP-2017.pdf","notes":""}},{"type":"Feature","id":"oenergy.fid--752362db_1a116aa1509_-7a31","geometry":{"type":"Point","coordinates":[-2.82,59.14]},"geometry_name":"the_geom","properties":{"id":28,"id_1":28,"latitude":59.14,"longitude":-2.82,"country":"United Kingdom","seabasin":"Greater North Sea","sea":"Greater North Sea","location":"Fall of Warness (Orkney)","coast_dist":911.0,"posinfo":"Original","name":"EMEC Scotrenewables SR2000","facid":"OE-UK140","start_year":"2016","end_year":"2018","resource":"Tidal","technology":"Horizontal Axis Turbine","device":"SR2000","device_sca":"Commercial","project_sc":"","status":"Ceased operating","project_ca":"2000","project_pr":"Orbital Marine Power","web_page":"https://orbitalmarine.com/","source":"Web page","service_or":"Data base","link_to_so":"https://tethys.pnnl.gov/project-sites/scotrenewables-sr2000-emec","source_det":"TETHYS Database","date_of_la":"27/08/2025 00:00","metadata_a":"No","metadata_l":"N/A","otherlinks":"N/A","eia":"Yes","eialink":"https://tethys.pnnl.gov/sites/default/files/publications/Fall-of-Warness-Environmental-Appraisal.pdf","notes":""}},{"type":"Feature","id":"oenergy.fid--752362db_1a116aa1509_-7a30","geometry":{"type":"Point","coordinates":[-2.82,59.14]},"geometry_name":"the_geom","properties":{"id":28,"id_1":28,"latitude":59.14,"longitude":-2.82,"country":"United Kingdom","seabasin":"Greater North Sea","sea":"Greater North Sea","location":"Fall of Warness (Orkney)","coast_dist":911.0,"posinfo":"Original","name":"EMEC Magallanes 2","facid":"OE-UK138","start_year":"2019","end_year":"","resource":"Tidal","technology":"Axial Flow Turbine","device":"ATIR Floater","device_sca":"Part-function prototype","project_sc":"Demonstration array","status":"Completed","project_ca":"2000","project_pr":"Magallanes Renovables, S.L.","web_page":"https://www.magallanesrenovables.com/","source":"Web page","service_or":"N/A","link_to_so":"N/A","source_det":"N/A","date_of_la":"29/09/2024 00:00","metadata_a":"No","metadata_l":"N/A","otherlinks":"N/A","eia":"N/A","eialink":"","notes":""}},{"type":"Feature","id":"oenergy.fid--752362db_1a116aa1509_-7a2f","geometry":{"type":"Point","coordinates":[-2.82,59.14]},"geometry_name":"the_geom","properties":{"id":28,"id_1":28,"latitude":59.14,"longitude":-2.82,"country":"United Kingdom","seabasin":"Greater North Sea","sea":"Greater North Sea","location":"Fall of Warness (Orkney)","coast_dist":911.0,"posinfo":"Original","name":"EMEC Nautricity Phase 2","facid":"OE-UK117","start_year":"2017","end_year":"2018","resource":"Tidal","technology":"Horizontal Axis Turbine","device":"CoRMat","device_sca":"Sea testing","project_sc":"","status":"Ceased operating","project_ca":"500","project_pr":"Nautricity Ltd","web_page":"N/A","source":"Web page","service_or":"Data base","link_to_so":"https://www.emec.org.uk/about-us/our-tidal-clients/nautricity/","source_det":"EMEC Orkney","date_of_la":"27/08/2025 00:00","metadata_a":"Yes","metadata_l":"https://maps.espatial.com/maps/_UKRED-Marine-Map/pages/map.jsp?geoMapId=267704&TENANT_ID=115744","otherlinks":"N/A","eia":"Yes","eialink":"https://tethys.pnnl.gov/annex-iv-sites/emec-fall-warness-grid-connected-tidal-test-site","notes":""}},{"type":"Feature","id":"oenergy.fid--752362db_1a116aa1509_-7a2e","geometry":{"type":"Point","coordinates":[-2.82,59.14]},"geometry_name":"the_geom","properties":{"id":28,"id_1":28,"latitude":59.14,"longitude":-2.82,"country":"United Kingdom","seabasin":"Greater North Sea","sea":"Greater North Sea","location":"Fall of Warness (Orkney)","coast_dist":911.0,"posinfo":"Original","name":"EMEC Sustainable Marine Energy","facid":"OE-UK110","start_year":"2015","end_year":"2018","resource":"Tidal","technology":"Horizontal Axis Turbine","device":"SCHOTTEL Instream Turbines on PLAT-O","device_sca":"Demonstrator array","project_sc":"","status":"Ceased operating","project_ca":"1000","project_pr":"Sustainable Marine Energy Ltd","web_page":"www.sustainablemarine.com","source":"Web page","service_or":"Map viewer/Shapefile","link_to_so":"N/A","source_det":"N/A","date_of_la":"20/09/2023 00:00","metadata_a":"No","metadata_l":"N/A","otherlinks":"N/A","eia":"Yes","eialink":"https://tethys.pnnl.gov/annex-iv-sites/emec-fall-warness-grid-connected-tidal-test-site","notes":""}},{"type":"Feature","id":"oenergy.fid--752362db_1a116aa1509_-7a2d","geometry":{"type":"Point","coordinates":[-2.82,59.14]},"geometry_name":"the_geom","properties":{"id":28,"id_1":28,"latitude":59.14,"longitude":-2.82,"country":"United Kingdom","seabasin":"Greater North Sea","sea":"Greater North Sea","location":"Fall of Warness (Orkney)","coast_dist":911.0,"posinfo":"Original","name":"EMEC Tocardo Phase 2","facid":"OE-UK109","start_year":"2017","end_year":"","resource":"Tidal","technology":"Horizontal Axis Turbine","device":"Tocardo (T2)","device_sca":"Sea testing","project_sc":"","status":"Cancelled","project_ca":"1750","project_pr":"Tocardo International BV","web_page":"http://www.tocardo.com/","source":"Web page","service_or":"Map viewer/Shapefile","link_to_so":"N/A","source_det":"N/A","date_of_la":"20/09/2023 00:00","metadata_a":"No","metadata_l":"N/A","otherlinks":"N/A","eia":"Yes","eialink":"https://tethys.pnnl.gov/annex-iv-sites/emec-fall-warness-grid-connected-tidal-test-site","notes":""}},{"type":"Feature","id":"oenergy.fid--752362db_1a116aa1509_-7a2c","geometry":{"type":"Point","coordinates":[-2.82,59.14]},"geometry_name":"the_geom","properties":{"id":28,"id_1":28,"latitude":59.14,"longitude":-2.82,"country":"United Kingdom","seabasin":"Greater North Sea","sea":"Greater North Sea","location":"Fall of Warness (Orkney)","coast_dist":911.0,"posinfo":"Original","name":"EMEC Scotrenewables SR2000","facid":"OE-UK96","start_year":"2016","end_year":"2018","resource":"Tidal","technology":"Horizontal Axis Turbine","device":"SR2000","device_sca":"Large scale prototype","project_sc":"Pre-commercial","status":"Ceased operating","project_ca":"2000","project_pr":"Orbital Marine Power","web_page":"https://orbitalmarine.com/","source":"Web page","service_or":"Data base","link_to_so":"N/A","source_det":"N/A","date_of_la":"19/09/2023 00:00","metadata_a":"No","metadata_l":"N/A","otherlinks":"N/A","eia":"Not required","eialink":"","notes":"Key Environmental Issues: Baseline studies for the Billia Croo test site were performed by EMEC"}},{"type":"Feature","id":"oenergy.fid--752362db_1a116aa1509_-7a2b","geometry":{"type":"Point","coordinates":[-4.99195,50.11]},"geometry_name":"the_geom","properties":{"id":29,"id_1":29,"latitude":50.11,"longitude":-4.99195,"country":"United Kingdom","seabasin":"Atlantic","sea":"Celtic Sea","location":"Falmouth Bay","coast_dist":3491.0,"posinfo":"Original","name":"FaBTest Polygen","facid":"OE-UK97","start_year":"2015","end_year":"","resource":"Wave","technology":"Oscillating Wave Surge Converter","device":"Volta","device_sca":"Sea testing","project_sc":"N/A","status":"Completed","project_ca":"","project_pr":"PolyGen Ltd","web_page":"https://www.offshore-energy.biz/polygen-deploys-wave-energy-device-at-fabtest/","source":"Web page","service_or":"N/A","link_to_so":"N/A","source_det":"N/A","date_of_la":"27/08/2025 00:00","metadata_a":"Yes","metadata_l":"https://maps.espatial.com/maps/_UKRED-Marine-Map/pages/map.jsp?geoMapId=267704&TENANT_ID=115744","otherlinks":"N/A","eia":"Yes","eialink":"https://tethys.pnnl.gov/annex-iv-sites/falmouth-bay-test-site-fabtest","notes":""}},{"type":"Feature","id":"oenergy.fid--752362db_1a116aa1509_-7a2a","geometry":{"type":"Point","coordinates":[-4.99195,50.11]},"geometry_name":"the_geom","properties":{"id":29,"id_1":29,"latitude":50.11,"longitude":-4.99195,"country":"United Kingdom","seabasin":"Atlantic","sea":"Celtic Sea","location":"Falmouth Bay","coast_dist":3491.0,"posinfo":"Original","name":"FaBTest Fred. Olsen","facid":"OE-UK82","start_year":"2012","end_year":"2014","resource":"Wave","technology":"Point absorber","device":"BOLT","device_sca":"Pre-commercial","project_sc":"","status":"Ceased operating","project_ca":"240","project_pr":"Fred Olsen Ltd","web_page":"N/A","source":"Web page","service_or":"Map viewer","link_to_so":"N/A","source_det":"N/A","date_of_la":"20/09/2023 00:00","metadata_a":"No","metadata_l":"N/A","otherlinks":"N/A","eia":"Yes","eialink":"https://tethys.pnnl.gov/annex-iv-sites/falmouth-bay-test-site-fabtest","notes":""}},{"type":"Feature","id":"oenergy.fid--752362db_1a116aa1509_-7a29","geometry":{"type":"Point","coordinates":[-4.99195,50.11]},"geometry_name":"the_geom","properties":{"id":29,"id_1":29,"latitude":50.11,"longitude":-4.99195,"country":"United Kingdom","seabasin":"Atlantic","sea":"Celtic Sea","location":"Falmouth Bay","coast_dist":3491.0,"posinfo":"Original","name":"FaBTest OWEL","facid":"OE-UK81","start_year":"2015","end_year":"","resource":"Wave","technology":"Oscillating Water Column","device":"OWEL WEC","device_sca":"Pre-commercial","project_sc":"","status":"Ceased operating","project_ca":"150","project_pr":"Offshore Wave Energy Ltd (OWEL)","web_page":"N/A","source":"Web page","service_or":"Map viewer/Shapefile","link_to_so":"N/A","source_det":"N/A","date_of_la":"20/09/2023 00:00","metadata_a":"No","metadata_l":"N/A","otherlinks":"N/A","eia":"Not required","eialink":"","notes":"Taking into account that the prototype has been installed in FaBTest, the key environmental issues are those corresponding to the test site"}},{"type":"Feature","id":"oenergy.fid--752362db_1a116aa1509_-7a28","geometry":{"type":"Point","coordinates":[-4.99195,50.11]},"geometry_name":"the_geom","properties":{"id":29,"id_1":29,"latitude":50.11,"longitude":-4.99195,"country":"United Kingdom","seabasin":"Atlantic","sea":"Celtic Sea","location":"Falmouth Bay","coast_dist":3491.0,"posinfo":"Original","name":"FaBTest AMOG","facid":"OE-UK161","start_year":"2019","end_year":"2019","resource":"Wave","technology":"Point absorber","device":"AMOG","device_sca":"Pre-commercial","project_sc":"","status":"Completed","project_ca":"5000","project_pr":"Australian Marine & Offshore Group, AMOG","web_page":"N/A","source":"Web page","service_or":"Map viewer","link_to_so":"N/A","source_det":"N/A","date_of_la":"20/09/2023 00:00","metadata_a":"No","metadata_l":"N/A","otherlinks":"N/A","eia":"N/A","eialink":"","notes":""}},{"type":"Feature","id":"oenergy.fid--752362db_1a116aa1509_-7a27","geometry":{"type":"Point","coordinates":[-4.99195,50.11]},"geometry_name":"the_geom","properties":{"id":29,"id_1":29,"latitude":50.11,"longitude":-4.99195,"country":"United Kingdom","seabasin":"Atlantic","sea":"Celtic Sea","location":"Falmouth Bay","coast_dist":3491.0,"posinfo":"Original","name":"FaBTest WaveSub","facid":"OE-UK120","start_year":"2017","end_year":"","resource":"Wave","technology":"Rotating mass","device":"WaveSub","device_sca":"Sea testing","project_sc":"","status":"N/A","project_ca":"5000","project_pr":"Marine Power Systems Ltd","web_page":"http://marinepowersystems.co.uk/","source":"Web page","service_or":"Data base","link_to_so":"N/A","source_det":"N/A","date_of_la":"20/09/2023 00:00","metadata_a":"Yes","metadata_l":"https://maps.espatial.com/maps/_UKRED-Marine-Map/pages/map.jsp?geoMapId=267704&TENANT_ID=115744","otherlinks":"N/A","eia":"Not required","eialink":"","notes":"Taking into account that the prototype will be installed in FaBTest, the key environmental issues are those corresponding to the test site"}},{"type":"Feature","id":"oenergy.fid--752362db_1a116aa1509_-7a24","geometry":{"type":"Point","coordinates":[-6.48562,58.42491]},"geometry_name":"the_geom","properties":{"id":32,"id_1":32,"latitude":58.42491,"longitude":-6.48562,"country":"United Kingdom","seabasin":"Atlantic","sea":"Celtic Sea","location":"Galson (Isle of Lewis)","coast_dist":1547.0,"posinfo":"Estimated","name":"Lewis Wave Power Limited","facid":"OE-UK58","start_year":"","end_year":"","resource":"Wave","technology":"Oscillating Wave Surge Converter","device":"Oyster","device_sca":"Commercial array","project_sc":"","status":"Cancelled","project_ca":"10000","project_pr":"Aquamarine power","web_page":"N/A","source":"Web page","service_or":"Map viewer/Shapefile","link_to_so":"N/A","source_det":"N/A","date_of_la":"20/09/2023 00:00","metadata_a":"No","metadata_l":"N/A","otherlinks":"N/A","eia":"N/A","eialink":"","notes":""}},{"type":"Feature","id":"oenergy.fid--752362db_1a116aa1509_-7a23","geometry":{"type":"Point","coordinates":[-9.1853,53.1958]},"geometry_name":"the_geom","properties":{"id":33,"id_1":33,"latitude":53.1958,"longitude":-9.1853,"country":"Ireland","seabasin":"Atlantic","sea":"Celtic Sea","location":"Galway Bay test site","coast_dist":5531.0,"posinfo":"Original","name":"1:5 scale Wave Energy Converter (WEC)","facid":"OE-IE09","start_year":"2016","end_year":"2017","resource":"Wave","technology":"N/A","device":"N/A","device_sca":"Sea testing","project_sc":"","status":"Completed","project_ca":"","project_pr":"SeaPower","web_page":"N/A","source":"N/A","service_or":"N/A","link_to_so":"N/A","source_det":"N/A","date_of_la":"20/09/2023 00:00","metadata_a":"No","metadata_l":"N/A","otherlinks":"https://report2017.ocean-energy-systems.org/international-activities/ireland/technology-demonstration/","eia":"N/A","eialink":"","notes":""}},{"type":"Feature","id":"oenergy.fid--752362db_1a116aa1509_-7a22","geometry":{"type":"Point","coordinates":[-9.1853,53.1958]},"geometry_name":"the_geom","properties":{"id":33,"id_1":33,"latitude":53.1958,"longitude":-9.1853,"country":"Ireland","seabasin":"Atlantic","sea":"Celtic Sea","location":"Galway Bay test site","coast_dist":5531.0,"posinfo":"Original","name":"Ocean Energy Buoy (Phase 2)","facid":"OE-IE07","start_year":"2007","end_year":"2009","resource":"Wave","technology":"Oscillating Water Column","device":"OE Buoy","device_sca":"Sea testing","project_sc":"","status":"Completed","project_ca":"20","project_pr":"Ocean Energy Ltd.","web_page":"N/A","source":"Web page","service_or":"Map viewer","link_to_so":"https://marendata.eu","source_det":"MARENDATA","date_of_la":"17/07/2025 00:00","metadata_a":"No","metadata_l":"N/A","otherlinks":"N/A","eia":"No","eialink":"","notes":"No official environmental webpage. Related reports are available from the HMRC, University College Cork on request"}},{"type":"Feature","id":"oenergy.fid--752362db_1a116aa1509_-7a21","geometry":{"type":"Point","coordinates":[-9.1853,53.1958]},"geometry_name":"the_geom","properties":{"id":33,"id_1":33,"latitude":53.1958,"longitude":-9.1853,"country":"Ireland","seabasin":"Atlantic","sea":"Celtic Sea","location":"Galway Bay test site","coast_dist":5531.0,"posinfo":"Original","name":"Ocean Energy Buoy (Phase 1)","facid":"OE-IE06","start_year":"2006","end_year":"2006","resource":"Wave","technology":"Oscillating Water Column","device":"OE Buoy","device_sca":"Sea testing","project_sc":"","status":"Completed","project_ca":"20","project_pr":"Ocean Energy Ltd.","web_page":"N/A","source":"Web page","service_or":"Map viewer","link_to_so":"https://marendata.eu","source_det":"MARENDATA","date_of_la":"17/07/2025 00:00","metadata_a":"No","metadata_l":"N/A","otherlinks":"N/A","eia":"No","eialink":"","notes":"No official environmental webpage. Related reports are available from the HMRC, University College Cork on request"}},{"type":"Feature","id":"oenergy.fid--752362db_1a116aa1509_-7a20","geometry":{"type":"Point","coordinates":[-9.1853,53.1958]},"geometry_name":"the_geom","properties":{"id":33,"id_1":33,"latitude":53.1958,"longitude":-9.1853,"country":"Ireland","seabasin":"Atlantic","sea":"Celtic Sea","location":"Galway Bay test site","coast_dist":5531.0,"posinfo":"Original","name":"Ocean Energy Buoy (CORES Project)","facid":"OE-IE03","start_year":"2011","end_year":"2011","resource":"Wave","technology":"Oscillating Water Column","device":"OE Buoy","device_sca":"Sea testing","project_sc":"","status":"Completed","project_ca":"12","project_pr":"CORES EU FP7","web_page":"https://www.researchgate.net/publication/260819259_FP7_EU_funded_CORES_wave_energy_project_a_coordinators'_perspective_on_the_Galway_Bay_sea_trials","source":"Web page","service_or":"Map viewer","link_to_so":"https://marendata.eu","source_det":"MARENDATA","date_of_la":"17/07/2025 00:00","metadata_a":"No","metadata_l":"N/A","otherlinks":"N/A","eia":"No","eialink":"","notes":"No official environmental webpage. Related reports are available from the HMRC, University College Cork on request"}},{"type":"Feature","id":"oenergy.fid--752362db_1a116aa1509_-7a1f","geometry":{"type":"Point","coordinates":[-3.607,54.691]},"geometry_name":"the_geom","properties":{"id":34,"id_1":34,"latitude":54.691,"longitude":-3.607,"country":"United Kingdom","seabasin":"Atlantic","sea":"Celtic Sea","location":"Workington","coast_dist":4322.0,"posinfo":"Original","name":"West Cumbrian Tidal Lagoon","facid":"OE-UK101","start_year":"","end_year":"","resource":"Tidal","technology":"Tidal lagoon","device":"N/A","device_sca":"Commercial","project_sc":"","status":"Early concept","project_ca":"","project_pr":"Tidal Lagoon Power Ltd","web_page":"N/A","source":"Web page","service_or":"Map viewer","link_to_so":"https://www.ocean-energy-systems.org/ocean-energy/gis-map-tool/","source_det":"IEA-OES GIS Map of Ocean Energy Installations","date_of_la":"27/08/2025 00:00","metadata_a":"No","metadata_l":"N/A","otherlinks":"N/A","eia":"Yes","eialink":"N/A","notes":""}},{"type":"Feature","id":"oenergy.fid--752362db_1a116aa1509_-7a1e","geometry":{"type":"Point","coordinates":[-9.89272,53.8489]},"geometry_name":"the_geom","properties":{"id":35,"id_1":35,"latitude":53.8489,"longitude":-9.89272,"country":"Ireland","seabasin":"Atlantic","sea":"Celtic Sea","location":"Galway Bay-2 (near Spiddal)","coast_dist":1613.0,"posinfo":"Original","name":"Wavebob ADM-2","facid":"OE-IE02","start_year":"2007","end_year":"2007","resource":"Wave","technology":"Hydraulic System","device":"N/A","device_sca":"Sea testing","project_sc":"","status":"Completed","project_ca":"15","project_pr":"Wavebob","web_page":"N/A","source":"Web page","service_or":"Map viewer","link_to_so":"https://marendata.eu","source_det":"MARENDATA","date_of_la":"17/07/2025 00:00","metadata_a":"No","metadata_l":"N/A","otherlinks":"N/A","eia":"N/A","eialink":"","notes":""}},{"type":"Feature","id":"oenergy.fid--752362db_1a116aa1509_-7a1d","geometry":{"type":"Point","coordinates":[-9.89272,53.8489]},"geometry_name":"the_geom","properties":{"id":35,"id_1":35,"latitude":53.8489,"longitude":-9.89272,"country":"Ireland","seabasin":"Atlantic","sea":"Celtic Sea","location":"Galway Bay-2 (near Spiddal)","coast_dist":1613.0,"posinfo":"Original","name":"Wavebob ADM-1","facid":"OE-IE01","start_year":"2006","end_year":"2006","resource":"Wave","technology":"Hydraulic System","device":"N/A","device_sca":"Sea testing","project_sc":"","status":"Completed","project_ca":"15","project_pr":"Wavebob","web_page":"N/A","source":"Web page","service_or":"Map viewer","link_to_so":"https://marendata.eu","source_det":"MARENDATA","date_of_la":"17/07/2025 00:00","metadata_a":"No","metadata_l":"N/A","otherlinks":"N/A","eia":"N/A","eialink":"","notes":""}},{"type":"Feature","id":"oenergy.fid--752362db_1a116aa1509_-7a1c","geometry":{"type":"Point","coordinates":[-2.476352,56.705912]},"geometry_name":"the_geom","properties":{"id":38,"id_1":38,"latitude":56.705912,"longitude":-2.476352,"country":"United Kingdom","seabasin":"Greater North Sea","sea":"Greater North Sea","location":"Montrose","coast_dist":148.0,"posinfo":"Estimated","name":"GSK Montrose tidal array","facid":"OE-UK99","start_year":"","end_year":"","resource":"Tidal","technology":"Horizontal Axis Turbine","device":"Cygnet","device_sca":"Pre-commercial","project_sc":"","status":"Cancelled","project_ca":"750","project_pr":"Juno Energy","web_page":"N/A","source":"Web page","service_or":"Map viewer","link_to_so":"N/A","source_det":"N/A","date_of_la":"20/09/2023 00:00","metadata_a":"No","metadata_l":"N/A","otherlinks":"N/A","eia":"N/A","eialink":"","notes":""}},{"type":"Feature","id":"oenergy.fid--752362db_1a116aa1509_-7a18","geometry":{"type":"Point","coordinates":[-0.16257,53.6405]},"geometry_name":"the_geom","properties":{"id":42,"id_1":42,"latitude":53.6405,"longitude":-0.16257,"country":"United Kingdom","seabasin":"Greater North Sea","sea":"Greater North Sea","location":"Humber Estuary-1 (Immingham, South Humberside)","coast_dist":1860.0,"posinfo":"Original","name":"Pulse Stream 100 Demonstration Project","facid":"OE-UK02","start_year":"2009","end_year":"2013","resource":"Tidal","technology":"Oscillating Hydrofoils","device":"Pulse-Stream 100","device_sca":"Pre-commercial","project_sc":"","status":"Completed","project_ca":"100","project_pr":"Pulse Tidal","web_page":"N/A","source":"Web page","service_or":"Map viewer/Shapefile","link_to_so":"N/A","source_det":"N/A","date_of_la":"20/09/2023 00:00","metadata_a":"No","metadata_l":"N/A","otherlinks":"N/A","eia":"N/A","eialink":"","notes":""}},{"type":"Feature","id":"oenergy.fid--752362db_1a116aa1509_-7a17","geometry":{"type":"Point","coordinates":[-0.3287,53.738]},"geometry_name":"the_geom","properties":{"id":43,"id_1":43,"latitude":53.738,"longitude":-0.3287,"country":"United Kingdom","seabasin":"Greater North Sea","sea":"Greater North Sea","location":"Humber Estuary-2 (Immingham, South Humberside)","coast_dist":90.0,"posinfo":"Original","name":"Humber Pulse Tidal","facid":"OE-UK151","start_year":"","end_year":"","resource":"Tidal","technology":"N/A","device":"N/A","device_sca":"Part-function prototype","project_sc":"Demonstration array","status":"Decommissioned","project_ca":"100","project_pr":"N/A","web_page":"N/A","source":"N/A","service_or":"Map viewer","link_to_so":"N/A","source_det":"N/A","date_of_la":"21/09/2023 00:00","metadata_a":"No","metadata_l":"N/A","otherlinks":"N/A","eia":"N/A","eialink":"","notes":""}},{"type":"Feature","id":"oenergy.fid--752362db_1a116aa1509_-7a16","geometry":{"type":"Point","coordinates":[-0.3287,53.738]},"geometry_name":"the_geom","properties":{"id":43,"id_1":43,"latitude":53.738,"longitude":-0.3287,"country":"United Kingdom","seabasin":"Greater North Sea","sea":"Greater North Sea","location":"Humber Estuary-2 (Immingham, South Humberside)","coast_dist":90.0,"posinfo":"Original","name":"Proteus 1:10 Scale Prototype","facid":"OE-UK03","start_year":"2010","end_year":"2010","resource":"Tidal","technology":"Cross Flow Turbine","device":"Neptune Proteus NP1000","device_sca":"1:10 scale","project_sc":"Sea testing","status":"Decommissioned","project_ca":"1000","project_pr":"Neptune Renewable Energy Ltd","web_page":"https://openei.org/wiki/PRIMRE/Databases/Projects_Database/Projects/Humber_Pulse_Tidal","source":"Web page","service_or":"Map viewer","link_to_so":"N/A","source_det":"N/A","date_of_la":"25/09/2023 00:00","metadata_a":"No","metadata_l":"N/A","otherlinks":"N/A","eia":"N/A","eialink":"","notes":""}},{"type":"Feature","id":"oenergy.fid--752362db_1a116aa1509_-7a15","geometry":{"type":"Point","coordinates":[-4.208,57.687]},"geometry_name":"the_geom","properties":{"id":45,"id_1":45,"latitude":57.687,"longitude":-4.208,"country":"United Kingdom","seabasin":"Greater North Sea","sea":"Greater North Sea","location":"Invergordon","coast_dist":564.0,"posinfo":"Original","name":"PowerBuoy Mark 3 ocean trials","facid":"OE-UK04","start_year":"2011","end_year":"2011","resource":"Wave","technology":"Point absorber","device":"Mark 3 PowerBuoy (PB 150)","device_sca":"Full scale","project_sc":"Sea testing","status":"Completed","project_ca":"150","project_pr":"Ocean Power Technologies (OPT)","web_page":"N/A","source":"Web page","service_or":"Data base","link_to_so":"http://tethys.pnnl.gov/annex-iv-sites/ocean-power-technologies-moray-firth","source_det":"TETHYS Database","date_of_la":"27/08/2025 00:00","metadata_a":"No","metadata_l":"N/A","otherlinks":"N/A","eia":"No","eialink":"","notes":"Impact may occur on the following receptors: \u2022Cetaceans \u2022Ambient Noise levels \u2022Oil and Gas Sector \u2022Other sea users \u2022Mainly leisure craft. A Navigational Risk Assessment was also undertaken to support the Coastal Protection Act application."}},{"type":"Feature","id":"oenergy.fid--752362db_1a116aa1509_-7a12","geometry":{"type":"Point","coordinates":[-6.61,55.66]},"geometry_name":"the_geom","properties":{"id":47,"id_1":47,"latitude":55.66,"longitude":-6.61,"country":"United Kingdom","seabasin":"Atlantic","sea":"Celtic Sea","location":"Island of Islay","coast_dist":6110.0,"posinfo":"Original","name":"West Islay Tidal Energy Farm","facid":"OE-UK55","start_year":"2017","end_year":"","resource":"Tidal","technology":"N/A","device":"N/A","device_sca":"Full scale","project_sc":"Commercial array","status":"Cancelled","project_ca":"30000","project_pr":"DP Marine Energy Ltd","web_page":"https://www.dpenergy.com/projects/","source":"Web page","service_or":"Map viewer/Shapefile","link_to_so":"https://www.power-technology.com/projects/west-islay-tidal-farm-scotland/?cf-view","source_det":"UK Marine Energy Database (UKMED)","date_of_la":"27/08/2025 00:00","metadata_a":"Yes","metadata_l":"https://maps.esp.tl/maps/_UKRED-Marine-Map/pages/map.jsp?geoMapId=267704&TENANT_ID=115744","otherlinks":"https://www.ocean-energy-systems.org/ocean-energy/gis-map-tool/","eia":"Yes","eialink":"https://tethys.pnnl.gov/project-sites/west-islay-tidal-project-energy-park","notes":""}},{"type":"Feature","id":"oenergy.fid--752362db_1a116aa1509_-7a11","geometry":{"type":"Point","coordinates":[-6.52,55.69]},"geometry_name":"the_geom","properties":{"id":48,"id_1":48,"latitude":55.69,"longitude":-6.52,"country":"United Kingdom","seabasin":"Atlantic","sea":"Celtic Sea","location":"Portnahaven (Islay)","coast_dist":0.0,"posinfo":"Original","name":"Portnahaven","facid":"OE-UK84","start_year":"2000","end_year":"2013","resource":"Wave","technology":"Oscillating Water Column","device":"LIMPET","device_sca":"Part-scale / part-function prototype","project_sc":"Commercial","status":"Ceased operating","project_ca":"250","project_pr":"Voith Hydro Wavegen Ltd","web_page":"http://voith.com","source":"Web page","service_or":"Map viewer","link_to_so":"N/A","source_det":"N/A","date_of_la":"25/09/2023 00:00","metadata_a":"No","metadata_l":"N/A","otherlinks":"https://tethys.pnnl.gov/publications/islay-limpet-wave-power-plant-report","eia":"Yes","eialink":"https://tethys.pnnl.gov/publications/islay-limpet-wave-power-plant-report","notes":""}},{"type":"Feature","id":"oenergy.fid--752362db_1a116aa1509_-7a10","geometry":{"type":"Point","coordinates":[-0.97778306,60.7081]},"geometry_name":"the_geom","properties":{"id":49,"id_1":49,"latitude":60.7081,"longitude":-0.977783055556,"country":"United Kingdom","seabasin":"Atlantic","sea":"Celtic Sea","location":"North Yell (Shetland)","coast_dist":199.0,"posinfo":"Original","name":"Nova 30 Demonstrator","facid":"OE-UK50","start_year":"2014","end_year":"2014","resource":"Tidal","technology":"Horizontal Axis Turbine","device":"Nova 30","device_sca":"Large scale prototype","project_sc":"Pre-commercial","status":"Completed","project_ca":"30","project_pr":"Nova Innovation Ltd","web_page":"https://www.novainnovation.com/","source":"Web page","service_or":"Map viewer","link_to_so":"N/A","source_det":"N/A","date_of_la":"25/09/2023 00:00","metadata_a":"No","metadata_l":"N/A","otherlinks":"N/A","eia":"N/A","eialink":"","notes":""}},{"type":"Feature","id":"oenergy.fid--752362db_1a116aa1509_-7a0f","geometry":{"type":"Point","coordinates":[-6.29,49.91]},"geometry_name":"the_geom","properties":{"id":50,"id_1":50,"latitude":49.91,"longitude":-6.29,"country":"United Kingdom","seabasin":"Atlantic","sea":"Celtic Sea","location":"Isles of Scilly","coast_dist":77.0,"posinfo":"Original","name":"Scilly Airport WEP","facid":"OE-UK80","start_year":"2013","end_year":"2016","resource":"Wave","technology":"Submerged Pressure Differential","device":"R115","device_sca":"Part-scale / part-function prototype","project_sc":"Pre-commercial","status":"Cancelled","project_ca":"450","project_pr":"40 South Energy","web_page":"https://www.40southenergy.it/","source":"Web page","service_or":"Data base","link_to_so":"https://openei.org/wiki/PRIMRE/Databases/Projects_Database/Projects/Scilly_Airport_WEP","source_det":"Portal and Repository for Information on Marine Renewable Energy (PRIMRE)","date_of_la":"27/08/2025 00:00","metadata_a":"Yes","metadata_l":"https://maps.esp.tl/maps/_UKRED-Marine-Map/pages/map.jsp?geoMapId=267704&TENANT_ID=115744","otherlinks":"N/A","eia":"N/A","eialink":"","notes":""}},{"type":"Feature","id":"oenergy.fid--752362db_1a116aa1509_-7a0e","geometry":{"type":"Point","coordinates":[-2.72,59.22]},"geometry_name":"the_geom","properties":{"id":53,"id_1":53,"latitude":59.22,"longitude":-2.72,"country":"United Kingdom","seabasin":"Atlantic","sea":"Celtic Sea","location":"Lashy Sound (between the islands of Eday and Sanday in Orkney)","coast_dist":827.0,"posinfo":"Original","name":"Lashy Sound Phase (Rest)","facid":"OE-UK46","start_year":"2019","end_year":"2020","resource":"Tidal","technology":"Horizontal Axis Turbine","device":"SR2000","device_sca":"Full scale","project_sc":"Commercial array","status":"N/A","project_ca":"120000","project_pr":"Scotrenewables Tidal Power Ltd","web_page":"N/A","source":"Web page","service_or":"N/A","link_to_so":"N/A","source_det":"N/A","date_of_la":"19/09/2024 00:00","metadata_a":"No","metadata_l":"N/A","otherlinks":"N/A","eia":"No","eialink":"","notes":"https://tethys.pnnl.gov/sites/default/files/publications/LashySound-ScopingReport-2014.pdf"}},{"type":"Feature","id":"oenergy.fid--752362db_1a116aa1509_-7a0d","geometry":{"type":"Point","coordinates":[-2.72,59.22]},"geometry_name":"the_geom","properties":{"id":53,"id_1":53,"latitude":59.22,"longitude":-2.72,"country":"United Kingdom","seabasin":"Atlantic","sea":"Celtic Sea","location":"Lashy Sound (between the islands of Eday and Sanday in Orkney)","coast_dist":827.0,"posinfo":"Original","name":"Lashy Sound Phase 2","facid":"OE-UK45","start_year":"2018","end_year":"2019","resource":"Tidal","technology":"Horizontal Axis Turbine","device":"SR2000","device_sca":"Full scale","project_sc":"Commercial array","status":"Completed","project_ca":"20000","project_pr":"Scotrenewables Tidal Power Ltd","web_page":"https://orbitalmarine.com/","source":"Web page","service_or":"N/A","link_to_so":"N/A","source_det":"N/A","date_of_la":"19/09/2024 00:00","metadata_a":"Yes","metadata_l":"https://openei.org/wiki/PRIMRE/Databases/Projects_Database/Projects/Lashy_Sound_Phase_2","otherlinks":"N/A","eia":"No","eialink":"","notes":"https://tethys.pnnl.gov/sites/default/files/publications/LashySound-ScopingReport-2014.pdf"}},{"type":"Feature","id":"oenergy.fid--752362db_1a116aa1509_-7a0c","geometry":{"type":"Point","coordinates":[-2.72,59.22]},"geometry_name":"the_geom","properties":{"id":53,"id_1":53,"latitude":59.22,"longitude":-2.72,"country":"United Kingdom","seabasin":"Atlantic","sea":"Celtic Sea","location":"Lashy Sound (between the islands of Eday and Sanday in Orkney)","coast_dist":827.0,"posinfo":"Original","name":"Lashy Sound Phase 1","facid":"OE-UK44","start_year":"2016","end_year":"2017","resource":"Tidal","technology":"Horizontal Axis Turbine","device":"SR2000","device_sca":"Full scale","project_sc":"Demonstration array","status":"Completed","project_ca":"10000","project_pr":"Scotrenewables Tidal Power Ltd","web_page":"https://orbitalmarine.com/","source":"Web page","service_or":"N/A","link_to_so":"N/A","source_det":"N/A","date_of_la":"19/09/2024 00:00","metadata_a":"Yes","metadata_l":"https://openei.org/wiki/PRIMRE/Databases/Projects_Database/Projects/Lashy_Sound_Phase_1","otherlinks":"N/A","eia":"No","eialink":"","notes":"https://tethys.pnnl.gov/sites/default/files/publications/LashySound-ScopingReport-2014.pdf"}},{"type":"Feature","id":"oenergy.fid--752362db_1a116aa1509_-7a0a","geometry":{"type":"Point","coordinates":[-0.2498,51.4834]},"geometry_name":"the_geom","properties":{"id":56,"id_1":56,"latitude":51.4834,"longitude":-0.2498,"country":"United Kingdom","seabasin":"Greater North Sea","sea":"Greater North Sea","location":"London","coast_dist":0.0,"posinfo":"Original","name":"Thames at Chiswick","facid":"OE-UK01","start_year":"2010","end_year":"2010","resource":"Tidal","technology":"Axial Flow Turbine","device":"Triton T3","device_sca":"1:10 scale","project_sc":"N/A","status":"Completed","project_ca":"","project_pr":"Tidal Stream","web_page":"N/A","source":"Web page","service_or":"Data base","link_to_so":"https://openei.org/wiki/PRIMRE/Databases/Projects_Database/Devices","source_det":"Portal and Repository for Information on Marine Renewable Energy (PRIMRE)","date_of_la":"27/08/2025 00:00","metadata_a":"No","metadata_l":"N/A","otherlinks":"N/A","eia":"Yes","eialink":"N/A","notes":""}},{"type":"Feature","id":"oenergy.fid--752362db_1a116aa1509_-7a09","geometry":{"type":"Point","coordinates":[-3.87388,51.24937]},"geometry_name":"the_geom","properties":{"id":57,"id_1":57,"latitude":51.24937,"longitude":-3.87388,"country":"United Kingdom","seabasin":"Atlantic","sea":"Celtic Sea","location":"Lynmouth (Bristol Channel)","coast_dist":2024.0,"posinfo":"Estimated","name":"Lynmouth Pulse Stream","facid":"OE-UK74","start_year":"","end_year":"","resource":"Tidal","technology":"Oscillating Hydrofoils","device":"Pulse-Stream 100","device_sca":"Large scale prototype","project_sc":"Commercial","status":"Cancelled","project_ca":"","project_pr":"Pulse Tidal","web_page":"N/A","source":"Web page","service_or":"Map viewer/Shapefile","link_to_so":"N/A","source_det":"N/A","date_of_la":"25/09/2023 00:00","metadata_a":"No","metadata_l":"N/A","otherlinks":"N/A","eia":"N/A","eialink":"","notes":""}},{"type":"Feature","id":"oenergy.fid--752362db_1a116aa1509_-7a05","geometry":{"type":"Point","coordinates":[-3.4,57.925]},"geometry_name":"the_geom","properties":{"id":61,"id_1":61,"latitude":57.925,"longitude":-3.4,"country":"United Kingdom","seabasin":"Greater North Sea","sea":"Greater North Sea","location":"Moray Firth","coast_dist":22507.0,"posinfo":"Original","name":"Burghead","facid":"OE-UK06","start_year":"","end_year":"","resource":"Wave","technology":"N/A","device":"N/A","device_sca":"N/A","project_sc":"N/A","status":"Cancelled","project_ca":"159000","project_pr":"AWS Ocean Energy\u00a0","web_page":"http://awsocean.com/","source":"Web page","service_or":"Map viewer","link_to_so":"N/A","source_det":"N/A","date_of_la":"25/09/2023 00:00","metadata_a":"No","metadata_l":"N/A","otherlinks":"N/A","eia":"N/A","eialink":"","notes":""}},{"type":"Feature","id":"oenergy.fid--752362db_1a116aa1509_-7a04","geometry":{"type":"Point","coordinates":[-4.84,54.63]},"geometry_name":"the_geom","properties":{"id":62,"id_1":62,"latitude":54.63,"longitude":-4.84,"country":"United Kingdom","seabasin":"Atlantic","sea":"Celtic Sea","location":"Mull of Galloway","coast_dist":1127.0,"posinfo":"Original","name":"Mull of Galloway","facid":"OE-UK61","start_year":"2020","end_year":"","resource":"Tidal","technology":"Horizontal Axis Turbine","device":"Seagen U","device_sca":"Full scale","project_sc":"Demonstration array","status":"Inactive","project_ca":"30000","project_pr":"Atlantis Resources Ltd","web_page":"N/A","source":"Web page","service_or":"Map viewer/Shapefile","link_to_so":"N/A","source_det":"N/A","date_of_la":"10/11/2023 00:00","metadata_a":"No","metadata_l":"N/A","otherlinks":"N/A","eia":"N/A","eialink":"","notes":""}},{"type":"Feature","id":"oenergy.fid--752362db_1a116aa1509_-7a03","geometry":{"type":"Point","coordinates":[-5.84,55.31]},"geometry_name":"the_geom","properties":{"id":63,"id_1":63,"latitude":55.31,"longitude":-5.84,"country":"United Kingdom","seabasin":"Atlantic","sea":"Celtic Sea","location":"Mull of Kintyre","coast_dist":2306.0,"posinfo":"Original","name":"Argyll Tidal Demonstrator Project (Phase 1)","facid":"OE-UK60","start_year":"2011","end_year":"2012","resource":"Tidal","technology":"Horizontal Axis Turbine","device":"CoRMaT","device_sca":"Large scale prototype","project_sc":"Commercial","status":"Completed","project_ca":"500","project_pr":"Nautricity Ltd","web_page":"N/A","source":"Web page","service_or":"N/A","link_to_so":"N/A","source_det":"N/A","date_of_la":"29/09/2024 00:00","metadata_a":"No","metadata_l":"N/A","otherlinks":"https://tethys.pnnl.gov/annex-iv-sites/argyll-tidal-demonstrator-project","eia":"Yes","eialink":"https://tethys.pnnl.gov/sites/default/files/publications/Nautricity-EA-2013.pdf","notes":""}},{"type":"Feature","id":"oenergy.fid--752362db_1a116aa1509_-7a02","geometry":{"type":"Point","coordinates":[-5.84,55.31]},"geometry_name":"the_geom","properties":{"id":63,"id_1":63,"latitude":55.31,"longitude":-5.84,"country":"United Kingdom","seabasin":"Atlantic","sea":"Celtic Sea","location":"Mull of Kintyre","coast_dist":2306.0,"posinfo":"Original","name":"Argyll Tidal Demonstrator Project-Mull of Kintyre (Phase 2)","facid":"OE-UK05","start_year":"2012","end_year":"","resource":"Tidal","technology":"Horizontal Axis Turbine","device":"CoRMaT","device_sca":"Full scale","project_sc":"Demonstration array","status":"Completed","project_ca":"3000","project_pr":"Nautricity Ltd","web_page":"N/A","source":"N/A","service_or":"Map viewer/Shapefile","link_to_so":"N/A","source_det":"N/A","date_of_la":"19/09/2023 00:00","metadata_a":"No","metadata_l":"N/A","otherlinks":"N/A","eia":"N/A","eialink":"","notes":""}},{"type":"Feature","id":"oenergy.fid--752362db_1a116aa1509_-7a01","geometry":{"type":"Point","coordinates":[-3.001,53.918]},"geometry_name":"the_geom","properties":{"id":66,"id_1":66,"latitude":53.918,"longitude":-3.001,"country":"United Kingdom","seabasin":"Atlantic","sea":"Celtic Sea","location":"Fleetwood","coast_dist":262.0,"posinfo":"Original","name":"Wyre Barrage","facid":"OE-UK65","start_year":"2017","end_year":"","resource":"Tidal","technology":"Tidal barrage","device":"N/A","device_sca":"N/A","project_sc":"Commercial","status":"Cancelled","project_ca":"160000","project_pr":"Wyre tidal energy","web_page":"N/A","source":"Web page","service_or":"Data base","link_to_so":"https://openei.org/wiki/PRIMRE/Databases/Projects_Database/Projects/Wyre_Estuary_Tidal_Barrage","source_det":"Portal and Repository for Information on Marine Renewable Energy (PRIMRE)","date_of_la":"27/08/2025 00:00","metadata_a":"Yes","metadata_l":"https://maps.esp.tl/maps/_UKRED-Marine-Map/pages/map.jsp?geoMapId=267704&TENANT_ID=115744","otherlinks":"N/A","eia":"N/A","eialink":"","notes":""}},{"type":"Feature","id":"oenergy.fid--752362db_1a116aa1509_-7a00","geometry":{"type":"Point","coordinates":[-2.972,53.367]},"geometry_name":"the_geom","properties":{"id":67,"id_1":67,"latitude":53.367,"longitude":-2.972,"country":"United Kingdom","seabasin":"Atlantic","sea":"Celtic Sea","location":"Liverpool","coast_dist":922.0,"posinfo":"Original","name":"Mersey Tidal Power","facid":"OE-UK66","start_year":"2020","end_year":"","resource":"Tidal","technology":"Tidal barrage","device":"N/A","device_sca":"N/A","project_sc":"Commercial","status":"In development","project_ca":"700000","project_pr":"Mersey Tidal Power","web_page":"https://www.liverpoolcityregion-ca.gov.uk/mersey-tidal-power/","source":"Web page","service_or":"Map viewer","link_to_so":"https://www.ocean-energy-systems.org/ocean-energy/gis-map-tool/","source_det":"IEA-OES GIS Map of Ocean Energy Installations","date_of_la":"27/08/2025 00:00","metadata_a":"Yes","metadata_l":"https://maps.esp.tl/maps/pages/map.jsp?geoMapId=267704&TENANT_ID=115744","otherlinks":"N/A","eia":"N/A","eialink":"","notes":"https://www.liverpoolcityregion-ca.gov.uk/news/mersey-tidal-power-scheme-reaches-two-major-milestones"}},{"type":"Feature","id":"oenergy.fid--752362db_1a116aa1509_-79f8","geometry":{"type":"Point","coordinates":[-5.535,50.311]},"geometry_name":"the_geom","properties":{"id":69,"id_1":69,"latitude":50.311,"longitude":-5.535,"country":"United Kingdom","seabasin":"Atlantic","sea":"Celtic Sea","location":"North Cornwall","coast_dist":10439.0,"posinfo":"Original","name":"Wave Hub Simply Blue Energy","facid":"OE-UK95","start_year":"2015","end_year":"","resource":"Wave","technology":"Linear Generator","device":"Seabased WEC","device_sca":"Full scale","project_sc":"Commercial array","status":"Cancelled","project_ca":"10000","project_pr":"Simply Blue Energy Ltd","web_page":"https://simplyblueenergy.com/wave-energy/","source":"Web page","service_or":"Map viewer","link_to_so":"https://www.emec.org.uk/marine-energy/wave-and-tidal-projects/","source_det":"EMEC Orkney","date_of_la":"27/08/2025 00:00","metadata_a":"No","metadata_l":"N/A","otherlinks":"N/A","eia":"Not required","eialink":"","notes":"Taking into account that the prototype was installed at Wave Hub Test Site, the key environmental issues are those corresponding to Wave Hub Test Site"}},{"type":"Feature","id":"oenergy.fid--752362db_1a116aa1509_-79f7","geometry":{"type":"Point","coordinates":[-5.535,50.311]},"geometry_name":"the_geom","properties":{"id":69,"id_1":69,"latitude":50.311,"longitude":-5.535,"country":"United Kingdom","seabasin":"Atlantic","sea":"Celtic Sea","location":"North Cornwall","coast_dist":10439.0,"posinfo":"Original","name":"WaveHub Seatricity Phase 2","facid":"OE-UK78","start_year":"2016","end_year":"","resource":"Wave","technology":"Point absorber","device":"Oceanus 2","device_sca":"Full scale","project_sc":"Demonstration array","status":"Inactive","project_ca":"9735","project_pr":"Seatricity","web_page":"N/A","source":"Web page","service_or":"Map viewer/Shapefile","link_to_so":"N/A","source_det":"N/A","date_of_la":"10/11/2023 00:00","metadata_a":"No","metadata_l":"N/A","otherlinks":"N/A","eia":"Not required","eialink":"","notes":"Taking into account that the prototype was installed at Wave Hub Test Site, the key environmental issues are those corresponding to Wave Hub Test Site"}},{"type":"Feature","id":"oenergy.fid--752362db_1a116aa1509_-79f6","geometry":{"type":"Point","coordinates":[-5.535,50.311]},"geometry_name":"the_geom","properties":{"id":69,"id_1":69,"latitude":50.311,"longitude":-5.535,"country":"United Kingdom","seabasin":"Atlantic","sea":"Celtic Sea","location":"North Cornwall","coast_dist":10439.0,"posinfo":"Original","name":"WaveHub Seatricity Phase 1","facid":"OE-UK77","start_year":"2014","end_year":"","resource":"Wave","technology":"Point absorber","device":"Oceanus 2","device_sca":"Prototype","project_sc":"Sea testing","status":"Ceased operating","project_ca":"165","project_pr":"Seatricity","web_page":"N/A","source":"Web page","service_or":"Map viewer/Shapefile","link_to_so":"N/A","source_det":"N/A","date_of_la":"10/11/2023 00:00","metadata_a":"No","metadata_l":"N/A","otherlinks":"N/A","eia":"Not required","eialink":"","notes":"Taking into account that the prototype was installed at Wave Hub Test Site, the key environmental issues are those corresponding to Wave Hub Test Site"}},{"type":"Feature","id":"oenergy.fid--752362db_1a116aa1509_-79f5","geometry":{"type":"Point","coordinates":[-5.535,50.311]},"geometry_name":"the_geom","properties":{"id":69,"id_1":69,"latitude":50.311,"longitude":-5.535,"country":"United Kingdom","seabasin":"Atlantic","sea":"Celtic Sea","location":"North Cornwall","coast_dist":10439.0,"posinfo":"Original","name":"Wavehub Fortum","facid":"OE-UK76","start_year":"2016","end_year":"","resource":"Wave","technology":"Rotating mass","device":"Penguin","device_sca":"Full scale","project_sc":"Demonstration array","status":"Completed","project_ca":"10000","project_pr":"Fortum","web_page":"https://www.fortum.com/media/2014/02/fortum-partners-develop-wave-power-uk","source":"Web page","service_or":"Map viewer","link_to_so":"https://www.emec.org.uk/marine-energy/wave-and-tidal-projects/","source_det":"EMEC Orkney","date_of_la":"27/08/2025 00:00","metadata_a":"No","metadata_l":"N/A","otherlinks":"N/A","eia":"Not required","eialink":"","notes":"Taking into account that the prototype was installed at Wave Hub Test Site, the key environmental issues are those corresponding to Wave Hub Test Site"}},{"type":"Feature","id":"oenergy.fid--752362db_1a116aa1509_-79f4","geometry":{"type":"Point","coordinates":[-5.535,50.311]},"geometry_name":"the_geom","properties":{"id":69,"id_1":69,"latitude":50.311,"longitude":-5.535,"country":"United Kingdom","seabasin":"Atlantic","sea":"Celtic Sea","location":"North Cornwall","coast_dist":10439.0,"posinfo":"Original","name":"WaveHub CETO 6 Phase 1","facid":"OE-UK75","start_year":"2017","end_year":"","resource":"Wave","technology":"Point absorber","device":"Carnegie CETO6","device_sca":"Full scale","project_sc":"Demonstration array","status":"Inactive","project_ca":"1000","project_pr":"Carnegie Wave Energy Ltd","web_page":"https://www.carnegiece.com/portfolio/ceto-6-wave-hub-uk/","source":"Web page","service_or":"Map viewer","link_to_so":"N/A","source_det":"N/A","date_of_la":"10/11/2023 00:00","metadata_a":"No","metadata_l":"N/A","otherlinks":"N/A","eia":"Not required","eialink":"","notes":"Taking into account that the prototype was installed at Wave Hub Test Site, the key environmental issues are those corresponding to Wave Hub Test Site"}},{"type":"Feature","id":"oenergy.fid--752362db_1a116aa1509_-79f3","geometry":{"type":"Point","coordinates":[-5.535,50.311]},"geometry_name":"the_geom","properties":{"id":69,"id_1":69,"latitude":50.311,"longitude":-5.535,"country":"United Kingdom","seabasin":"Atlantic","sea":"Celtic Sea","location":"North Cornwall","coast_dist":10439.0,"posinfo":"Original","name":"WaveHub CETO 6 Phase 2","facid":"OE-UK142","start_year":"2022","end_year":"2022","resource":"Wave","technology":"Point absorber","device":"Carnegie CETO6","device_sca":"Full scale","project_sc":"Demonstration array","status":"Inactive","project_ca":"1000","project_pr":"Carnegie Wave Energy Ltd","web_page":"https://www.carnegiece.com/portfolio/ceto-6-wave-hub-uk/","source":"Web page","service_or":"Map viewer","link_to_so":"N/A","source_det":"N/A","date_of_la":"10/11/2023 00:00","metadata_a":"No","metadata_l":"N/A","otherlinks":"N/A","eia":"Not required","eialink":"","notes":"Taking into account that the prototype was installed at Wave Hub Test Site, the key environmental issues are those corresponding to Wave Hub Test Site"}},{"type":"Feature","id":"oenergy.fid--752362db_1a116aa1509_-79f2","geometry":{"type":"Point","coordinates":[-5.535,50.311]},"geometry_name":"the_geom","properties":{"id":69,"id_1":69,"latitude":50.311,"longitude":-5.535,"country":"United Kingdom","seabasin":"Atlantic","sea":"Celtic Sea","location":"North Cornwall","coast_dist":10439.0,"posinfo":"Original","name":"WaveHub Gwave","facid":"OE-UK121","start_year":"2020","end_year":"","resource":"Wave","technology":"N/A","device":"N/A","device_sca":"Full scale","project_sc":"Commercial array","status":"Inactive","project_ca":"9000","project_pr":"Gwave LLc","web_page":"N/A","source":"Web page","service_or":"Map viewer/Shapefile","link_to_so":"N/A","source_det":"N/A","date_of_la":"10/11/2023 00:00","metadata_a":"No","metadata_l":"N/A","otherlinks":"N/A","eia":"Not required","eialink":"","notes":"Taking into account that the prototype was installed at Wave Hub Test Site, the key environmental issues are those corresponding to Wave Hub Test Site"}},{"type":"Feature","id":"oenergy.fid--752362db_1a116aa1509_-79f1","geometry":{"type":"Point","coordinates":[-6.47,58.42]},"geometry_name":"the_geom","properties":{"id":71,"id_1":71,"latitude":58.42,"longitude":-6.47,"country":"United Kingdom","seabasin":"Atlantic","sea":"Celtic Sea","location":"North-West Lewis","coast_dist":565.0,"posinfo":"Original","name":"North West Lewis","facid":"OE-UK57","start_year":"2013","end_year":"2015","resource":"Wave","technology":"Oscillating Wave Surge Converter","device":"Oyster 800","device_sca":"Full scale","project_sc":"Demonstration array","status":"Cancelled","project_ca":"40000","project_pr":"Aquamarine power","web_page":"N/A","source":"Web page","service_or":"Data base","link_to_so":"https://openei.org/wiki/PRIMRE/Databases/Projects_Database/Projects/North_West_Lewis; https://tethys.pnnl.gov/project-sites/north-west-lewis-wave-array","source_det":"Portal and Repository for Information on Marine Renewable Energy (PRIMRE); Tethys Database","date_of_la":"27/08/2025 00:00","metadata_a":"Yes","metadata_l":"https://maps.esp.tl/maps/_UKRED-Marine-Map/pages/map.jsp?geoMapId=267704&TENANT_ID=115744","otherlinks":"N/A","eia":"Yes","eialink":"N/A","notes":""}},{"type":"Feature","id":"oenergy.fid--752362db_1a116aa1509_-79e5","geometry":{"type":"Point","coordinates":[-5.233,51.697]},"geometry_name":"the_geom","properties":{"id":77,"id_1":77,"latitude":51.697,"longitude":-5.233,"country":"United Kingdom","seabasin":"Atlantic","sea":"Celtic Sea","location":"Long Point (Pembrokeshire Coast)","coast_dist":2307.0,"posinfo":"Original","name":"Wave Dragon Pre-Commercial Demonstration Project","facid":"OE-UK70","start_year":"","end_year":"","resource":"Wave","technology":"Hydro Turbine","device":"WaveDragon","device_sca":"Full scale","project_sc":"Pre-commercial","status":"Cancelled","project_ca":"7000","project_pr":"Wave Dragon Wales Ltd","web_page":"http://www.wavedragon.net/index.php","source":"Web page","service_or":"Data base","link_to_so":"https://tethys.pnnl.gov/project-sites/wave-dragon-pre-commercial-demonstration-project","source_det":"TETHYS Database","date_of_la":"27/08/2025 00:00","metadata_a":"No","metadata_l":"N/A","otherlinks":"N/A","eia":"Yes","eialink":"https://tethys.pnnl.gov/project-sites/wave-dragon-pre-commercial-demonstration-project#key-environmental-issues","notes":""}},{"type":"Feature","id":"oenergy.fid--752362db_1a116aa1509_-79e4","geometry":{"type":"Point","coordinates":[-5.73455,50.1384]},"geometry_name":"the_geom","properties":{"id":78,"id_1":78,"latitude":50.1384,"longitude":-5.73455,"country":"United Kingdom","seabasin":"Atlantic","sea":"Celtic Sea","location":"Pendeen","coast_dist":2067.0,"posinfo":"Estimated","name":"Pendeen Array (Oceanus 2)","facid":"OE-UK79","start_year":"2017","end_year":"","resource":"Wave","technology":"Point absorber","device":"Oceanus 2","device_sca":"Full scale","project_sc":"Sea testing","status":"N/A","project_ca":"30000","project_pr":"Pendeen Consortium","web_page":"N/A","source":"Web page","service_or":"Map viewer","link_to_so":"N/A","source_det":"N/A","date_of_la":"10/11/2023 00:00","metadata_a":"No","metadata_l":"N/A","otherlinks":"N/A","eia":"N/A","eialink":"","notes":""}},{"type":"Feature","id":"oenergy.fid--752362db_1a116aa1509_-79e3","geometry":{"type":"Point","coordinates":[-3.13,58.66]},"geometry_name":"the_geom","properties":{"id":80,"id_1":80,"latitude":58.66,"longitude":-3.13,"country":"United Kingdom","seabasin":"Greater North Sea","sea":"Greater North Sea","location":"Inner Sound of the Pentland Firth","coast_dist":821.0,"posinfo":"Original","name":"Meygen Pentland Phase 2 & 3","facid":"OE-UK10","start_year":"2021","end_year":"","resource":"Tidal","technology":"Horizontal Axis Turbine","device":"AR1500","device_sca":"Full scale","project_sc":"Commercial array","status":"Operational","project_ca":"312000","project_pr":"SAE Renewables (SAE)","web_page":"https://ampeak.energy/tidal-stream/meygen/","source":"Web page","service_or":"Map viewer/Shapefile","link_to_so":"http://www.emec.org.uk/marine-energy/wave-and-tidal-projects/; https://opendata-thecrownestate.opendata.arcgis.com/","source_det":"EMEC Orkney; The Crown Estate","date_of_la":"27/08/2025 00:00","metadata_a":"Yes","metadata_l":"https://maps.esp.tl/maps/_UKRED-Marine-Map/pages/map.jsp?geoMapId=267704&TENANT_ID=115744","otherlinks":"https://tethys.pnnl.gov/project-sites/meygen-tidal-energy-project","eia":"N/A","eialink":"","notes":""}},{"type":"Feature","id":"oenergy.fid--752362db_1a116aa1509_-79e2","geometry":{"type":"Point","coordinates":[-3.13,58.66]},"geometry_name":"the_geom","properties":{"id":80,"id_1":80,"latitude":58.66,"longitude":-3.13,"country":"United Kingdom","seabasin":"Greater North Sea","sea":"Greater North Sea","location":"Inner Sound of the Pentland Firth","coast_dist":821.0,"posinfo":"Original","name":"Meygen Tidal Energy Project Phase 1","facid":"OE-UK09","start_year":"2021","end_year":"","resource":"Tidal","technology":"Horizontal Axis Turbine","device":"AR1500","device_sca":"Full scale","project_sc":"Commercial array","status":"Operational","project_ca":"252000","project_pr":"SAE Renewables (SAE)","web_page":"https://ampeak.energy/tidal-stream/meygen/","source":"Web page","service_or":"Map viewer/Shapefile","link_to_so":"http://www.emec.org.uk/marine-energy/wave-and-tidal-projects/; https://opendata-thecrownestate.opendata.arcgis.com/","source_det":"EMEC Orkney; The Crown Estate","date_of_la":"27/08/2025 00:00","metadata_a":"No","metadata_l":"N/A","otherlinks":"https://tethys.pnnl.gov/project-sites/meygen-tidal-energy-project","eia":"N/A","eialink":"","notes":""}},{"type":"Feature","id":"oenergy.fid--752362db_1a116aa1509_-79e1","geometry":{"type":"Point","coordinates":[-3.13,58.66]},"geometry_name":"the_geom","properties":{"id":80,"id_1":80,"latitude":58.66,"longitude":-3.13,"country":"United Kingdom","seabasin":"Greater North Sea","sea":"Greater North Sea","location":"Inner Sound of the Pentland Firth","coast_dist":821.0,"posinfo":"Original","name":"Meygen Pentland Firth Phase 1b","facid":"OE-UK08","start_year":"2020","end_year":"","resource":"Tidal","technology":"Horizontal Axis Turbine","device":"Seagen S","device_sca":"Full scale","project_sc":"Commercial array","status":"Cancelled","project_ca":"80000","project_pr":"Simec Atlantis Energy","web_page":"N/A","source":"Web page","service_or":"Map viewer/Shapefile","link_to_so":"https://opendata-thecrownestate.opendata.arcgis.com/","source_det":"The Crown Estate","date_of_la":"27/08/2025 00:00","metadata_a":"Yes","metadata_l":"https://maps.espatial.com/maps/_UKRED-Marine-Map/pages/map.jsp?geoMapId=267704&TENANT_ID=115744","otherlinks":"https://tethys.pnnl.gov/project-sites/meygen-tidal-energy-project-phase-i","eia":"N/A","eialink":"","notes":""}},{"type":"Feature","id":"oenergy.fid--752362db_1a116aa1509_-79e0","geometry":{"type":"Point","coordinates":[-3.13,58.66]},"geometry_name":"the_geom","properties":{"id":80,"id_1":80,"latitude":58.66,"longitude":-3.13,"country":"United Kingdom","seabasin":"Greater North Sea","sea":"Greater North Sea","location":"Inner Sound of the Pentland Firth","coast_dist":821.0,"posinfo":"Original","name":"Meygen Pentland Firth Phase 1a","facid":"OE-UK07","start_year":"2016","end_year":"","resource":"Tidal","technology":"Horizontal Axis Turbine","device":"HS1000/AR1000","device_sca":"Full scale","project_sc":"Demonstration array","status":"Operational","project_ca":"6000","project_pr":"Simec Atlantis Energy","web_page":"https://ampeak.energy/tidal-stream/meygen/","source":"Web page","service_or":"Map viewer/Shapefile","link_to_so":"http://www.emec.org.uk/marine-energy/wave-and-tidal-projects/; https://opendata-thecrownestate.opendata.arcgis.com/","source_det":"EMEC Orkney; The Crown Estate","date_of_la":"27/08/2025 00:00","metadata_a":"No","metadata_l":"N/A","otherlinks":"https://tethys.pnnl.gov/annex-iv-sites/meygen-tidal-energy-project-phase-i","eia":"Yes","eialink":"https://tethys.pnnl.gov/publications/meygen-tidal-energy-project-phase-1-environmental-statement; https://tethys.pnnl.gov/publications/meygen-tidal-energy-project-phase-1-project-environmental-monitoring-programme","notes":""}},{"type":"Feature","id":"oenergy.fid--752362db_1a116aa1509_-79df","geometry":{"type":"Point","coordinates":[-5.34299,51.8702]},"geometry_name":"the_geom","properties":{"id":83,"id_1":83,"latitude":51.8702,"longitude":-5.34299,"country":"United Kingdom","seabasin":"Atlantic","sea":"Celtic Sea","location":"Ramsey Sound (Pembrokeshire)","coast_dist":84.0,"posinfo":"Original","name":"Ramsey Sound","facid":"OE-UK69","start_year":"2015","end_year":"2016","resource":"Tidal","technology":"Horizontal Axis Turbine","device":"DeltaStream","device_sca":"Large scale prototype","project_sc":"Pre-commercial","status":"Inactive","project_ca":"400","project_pr":"Tidal Energy Ltd","web_page":"N/A","source":"Web page","service_or":"Map viewer/Shapefile","link_to_so":"N/A","source_det":"N/A","date_of_la":"10/11/2023 00:00","metadata_a":"No","metadata_l":"N/A","otherlinks":"N/A","eia":"Yes","eialink":"N/A","notes":""}},{"type":"Feature","id":"oenergy.fid--752362db_1a116aa1509_-79de","geometry":{"type":"Point","coordinates":[-5.34299,51.8702]},"geometry_name":"the_geom","properties":{"id":83,"id_1":83,"latitude":51.8702,"longitude":-5.34299,"country":"United Kingdom","seabasin":"Atlantic","sea":"Celtic Sea","location":"Ramsey Sound (Pembrokeshire)","coast_dist":84.0,"posinfo":"Original","name":"Ramsey Sound Regeneration Project- Tiger Project","facid":"OE-UK143","start_year":"2019","end_year":"","resource":"Tidal","technology":"N/A","device":"N/A","device_sca":"N/A","project_sc":"N/A","status":"Decommissioned","project_ca":"1000","project_pr":"Cambrian Offshore Ltd","web_page":"https://cambrian-offshore.com/","source":"Web page","service_or":"Map viewer/Shapefile","link_to_so":"https://opendata-thecrownestate.opendata.arcgis.com/datasets/thecrownestate::tidal-stream-site-agreements-england-wales-ni-the-crown-estate/explore?location=52.447569%2C-3.403240%2C7.78&showTable=true","source_det":"The Crown Estate","date_of_la":"27/08/2025 00:00","metadata_a":"Yes","metadata_l":"https://opendata-thecrownestate.opendata.arcgis.com/datasets/thecrownestate::tidal-stream-site-agreements-england-wales-ni-the-crown-estate/explore?location=52.447569%2C-3.403240%2C7.78&showTable=true","otherlinks":"https://interregtiger.com/","eia":"N/A","eialink":"N/A","notes":"The Ramsey Sound Regeneration Project is a partner in the\u00a0Interreg TIGER Project: https://www.ocean-energy-systems.org/publications/oes-annual-reports/document/oes-annual-report-2023/"}},{"type":"Feature","id":"oenergy.fid--752362db_1a116aa1509_-79dc","geometry":{"type":"Point","coordinates":[-5.6,55.33]},"geometry_name":"the_geom","properties":{"id":86,"id_1":86,"latitude":55.33,"longitude":-5.6,"country":"United Kingdom","seabasin":"Atlantic","sea":"Celtic Sea","location":"Sanda Sound","coast_dist":0.0,"posinfo":"Original","name":"Sanda Sound","facid":"OE-UK56","start_year":"2014","end_year":"2017","resource":"Tidal","technology":"Horizontal Axis Turbine","device":"Evopod E35-01","device_sca":"1:4 scale","project_sc":"Sea testing","status":"Ceased operating","project_ca":"100","project_pr":"Oceanflow Development Ltd","web_page":"http://www.oceanflowenergy.com/project-details2.html","source":"Web page","service_or":"Map viewer/Shapefile","link_to_so":"N/A","source_det":"N/A","date_of_la":"10/11/2023 00:00","metadata_a":"No","metadata_l":"N/A","otherlinks":"N/A","eia":"Yes","eialink":"https://tethys.pnnl.gov/annex-iv-sites/ocean-flow-energy-sanda-sound","notes":""}},{"type":"Feature","id":"oenergy.fid--752362db_1a116aa1509_-79db","geometry":{"type":"Point","coordinates":[-3.84,51.372]},"geometry_name":"the_geom","properties":{"id":89,"id_1":89,"latitude":51.372,"longitude":-3.84,"country":"United Kingdom","seabasin":"Atlantic","sea":"Celtic Sea","location":"Severn Estuary (Bristol Channel)","coast_dist":14464.0,"posinfo":"Original","name":"Severn Barrage","facid":"OE-UK73","start_year":"","end_year":"","resource":"Tidal","technology":"Tidal barrage","device":"N/A","device_sca":"N/A","project_sc":"Commercial","status":"Early concept","project_ca":"8560000","project_pr":"REUK - Renewable Energy UK","web_page":"http://www.reuk.co.uk/Severn-Barrage-Tidal-Power.htm","source":"Web page","service_or":"Map viewer","link_to_so":"https://www.ocean-energy-systems.org/ocean-energy/gis-map-tool/","source_det":"IEA-OES GIS Map of Ocean Energy Installations","date_of_la":"27/08/2025 00:00","metadata_a":"No","metadata_l":"N/A","otherlinks":"N/A","eia":"N/A","eialink":"","notes":""}},{"type":"Feature","id":"oenergy.fid--752362db_1a116aa1509_-79da","geometry":{"type":"Point","coordinates":[-8.942962,52.678324]},"geometry_name":"the_geom","properties":{"id":90,"id_1":90,"latitude":52.678324,"longitude":-8.942962,"country":"Ireland","seabasin":"Atlantic","sea":"Celtic Sea","location":"Shannon estuary","coast_dist":956.0,"posinfo":"Estimated","name":"Mc Cabe Wave Pump","facid":"OE-IE04","start_year":"1996","end_year":"1996","resource":"Wave","technology":"Hydraulic Pump","device":"Mc Cabe Wave Pump","device_sca":"N/A","project_sc":"Sea testing","status":"Completed","project_ca":"","project_pr":"Hydam Technology","web_page":"N/A","source":"Web page","service_or":"Map viewer","link_to_so":"https://marendata.eu","source_det":"MARENDATA","date_of_la":"17/07/2025 00:00","metadata_a":"No","metadata_l":"N/A","otherlinks":"N/A","eia":"N/A","eialink":"","notes":""}},{"type":"Feature","id":"oenergy.fid--752362db_1a116aa1509_-79d9","geometry":{"type":"Point","coordinates":[-2.875706,58.996495]},"geometry_name":"the_geom","properties":{"id":91,"id_1":91,"latitude":58.996495,"longitude":-2.875706,"country":"United Kingdom","seabasin":"Greater North Sea","sea":"Greater North Sea","location":"Shapinsay Sound","coast_dist":858.0,"posinfo":"Original","name":"EMEC Nautricity Phase 1","facid":"OE-UK52","start_year":"2014","end_year":"2014","resource":"Tidal","technology":"Horizontal Axis Turbine","device":"CoRMat","device_sca":"Large scale prototype","project_sc":"Sea testing","status":"Ceased operating","project_ca":"500","project_pr":"Nautricity Ltd","web_page":"N/A","source":"Web page","service_or":"Map viewer/Shapefile","link_to_so":"N/A","source_det":"N/A","date_of_la":"10/11/2023 00:00","metadata_a":"No","metadata_l":"N/A","otherlinks":"N/A","eia":"Yes","eialink":"http://www.emec.org.uk/facilities/scale-test-sites/","notes":""}},{"type":"Feature","id":"oenergy.fid--752362db_1a116aa1509_-79d8","geometry":{"type":"Point","coordinates":[-2.875706,58.996495]},"geometry_name":"the_geom","properties":{"id":91,"id_1":91,"latitude":58.996495,"longitude":-2.875706,"country":"United Kingdom","seabasin":"Greater North Sea","sea":"Greater North Sea","location":"Shapinsay Sound","coast_dist":858.0,"posinfo":"Original","name":"EMEC Aquantis","facid":"OE-UK158","start_year":"2023","end_year":"","resource":"Tidal","technology":"Floating system","device":"AQ Series","device_sca":"N/A","project_sc":"Sea testing","status":"Completed","project_ca":"","project_pr":"Aquantis, Inc","web_page":"http://www.aquantistech.com/","source":"Web page","service_or":"Web page","link_to_so":"https://www.emec.org.uk/press-release-aquantis-signs-up-to-emec-tidal-demo/","source_det":"EMEC Orkney","date_of_la":"27/08/2025 00:00","metadata_a":"No","metadata_l":"N/A","otherlinks":"N/A","eia":"Yes","eialink":"http://www.emec.org.uk/facilities/scale-test-sites/","notes":""}},{"type":"Feature","id":"oenergy.fid--752362db_1a116aa1509_-79d7","geometry":{"type":"Point","coordinates":[-2.875706,58.996495]},"geometry_name":"the_geom","properties":{"id":91,"id_1":91,"latitude":58.996495,"longitude":-2.875706,"country":"United Kingdom","seabasin":"Greater North Sea","sea":"Greater North Sea","location":"Shapinsay Sound","coast_dist":858.0,"posinfo":"Original","name":"EMEC Magallanes","facid":"OE-UK105","start_year":"2014","end_year":"2014","resource":"Tidal","technology":"Horizontal Axis Turbine","device":"ATIR","device_sca":"1:10 scale","project_sc":"Sea testing","status":"Ceased operating","project_ca":"2000","project_pr":"Magallanes Renovables, S.L.","web_page":"N/A","source":"Web page","service_or":"Map viewer","link_to_so":"N/A","source_det":"N/A","date_of_la":"10/11/2023 00:00","metadata_a":"No","metadata_l":"N/A","otherlinks":"N/A","eia":"Yes","eialink":"http://www.emec.org.uk/facilities/scale-test-sites/","notes":""}},{"type":"Feature","id":"oenergy.fid--752362db_1a116aa1509_-79d6","geometry":{"type":"Point","coordinates":[-2.875706,58.996495]},"geometry_name":"the_geom","properties":{"id":91,"id_1":91,"latitude":58.996495,"longitude":-2.875706,"country":"United Kingdom","seabasin":"Greater North Sea","sea":"Greater North Sea","location":"Shapinsay Sound","coast_dist":858.0,"posinfo":"Original","name":"EMEC Flumill","facid":"OE-UK100","start_year":"2011","end_year":"2012","resource":"Tidal","technology":"Archimedes Screw","device":"Flumill","device_sca":"Large scale prototype","project_sc":"Sea testing","status":"Ceased operating","project_ca":"","project_pr":"Flumill AS","web_page":"N/A","source":"Web page","service_or":"Map viewer/Shapefile","link_to_so":"N/A","source_det":"N/A","date_of_la":"10/11/2023 00:00","metadata_a":"No","metadata_l":"N/A","otherlinks":"N/A","eia":"Yes","eialink":"http://www.emec.org.uk/facilities/scale-test-sites/","notes":""}},{"type":"Feature","id":"oenergy.fid--752362db_1a116aa1509_-79d5","geometry":{"type":"Point","coordinates":[-1.2659,60.5303]},"geometry_name":"the_geom","properties":{"id":92,"id_1":92,"latitude":60.5303,"longitude":-1.2659,"country":"United Kingdom","seabasin":"Atlantic","sea":"Celtic Sea","location":"Yell Sound (Shetland)","coast_dist":1549.0,"posinfo":"Original","name":"Stingray project-Phase 2","facid":"OE-UK48","start_year":"2002","end_year":"2003","resource":"Tidal","technology":"Hydroplane Wing","device":"Stingray","device_sca":"Prototype","project_sc":"Sea testing","status":"Completed","project_ca":"150","project_pr":"The Engineering Business Ltd","web_page":"N/A","source":"Web page","service_or":"Data base","link_to_so":"http://tethys.pnnl.gov/annex-iv-sites/yell-sound","source_det":"TETHYS Database","date_of_la":"27/08/2025 00:00","metadata_a":"Yes","metadata_l":"https://maps.espatial.com/maps/_UKRED-Marine-Map/pages/map.jsp?geoMapId=267704&TENANT_ID=115744","otherlinks":"N/A","eia":"N/A","eialink":"","notes":""}},{"type":"Feature","id":"oenergy.fid--752362db_1a116aa1509_-79d4","geometry":{"type":"Point","coordinates":[-3.237,54.96]},"geometry_name":"the_geom","properties":{"id":94,"id_1":94,"latitude":54.96,"longitude":-3.237,"country":"United Kingdom","seabasin":"Atlantic","sea":"Celtic Sea","location":"Solway Firth","coast_dist":996.0,"posinfo":"Original","name":"Solway Firth-Venturi Enhanced Turbine Technology (VETT)","facid":"OE-UK64","start_year":"2020","end_year":"","resource":"Tidal","technology":"Venturi Enhanced Turbine","device":"N/A","device_sca":"N/A","project_sc":"Commercial","status":"Cancelled","project_ca":"200000","project_pr":"Solway Energy Gateway Ltd","web_page":"http://www.solwayenergygateway.co.uk/","source":"Web page","service_or":"Map viewer","link_to_so":"N/A","source_det":"N/A","date_of_la":"13/11/2023 00:00","metadata_a":"No","metadata_l":"N/A","otherlinks":"N/A","eia":"N/A","eialink":"","notes":""}},{"type":"Feature","id":"oenergy.fid--752362db_1a116aa1509_-79d3","geometry":{"type":"Point","coordinates":[-6.1,55.84]},"geometry_name":"the_geom","properties":{"id":96,"id_1":96,"latitude":55.84,"longitude":-6.1,"country":"United Kingdom","seabasin":"Atlantic","sea":"Celtic Sea","location":"Sound of Islay","coast_dist":138.0,"posinfo":"Original","name":"Sound of Islay Tidal Energy Project","facid":"OE-UK54","start_year":"2011","end_year":"2042","resource":"Tidal","technology":"Horizontal Axis Turbine","device":"HS1000","device_sca":"Full scale","project_sc":"Demonstration array","status":"Inactive","project_ca":"10000","project_pr":"SIMEC Atlantis","web_page":"N/A","source":"Web page","service_or":"Map viewer","link_to_so":"N/A","source_det":"N/A","date_of_la":"13/11/2023 00:00","metadata_a":"No","metadata_l":"N/A","otherlinks":"N/A","eia":"Yes","eialink":"https://www.scottishpowerrenewables.com/userfiles/file/Sound%20of%20Isaly%20Demonstration%20Tidal%20Array%20Cable%20Route%20Environmental%20Report_May%202013.pdf","notes":"Atlantis purchased the site from Scottish Power Renewables in 2016. The Project has full consent, grid connection and an agreement for lease from the Crown Estate"}},{"type":"Feature","id":"oenergy.fid--752362db_1a116aa1509_-79d2","geometry":{"type":"Point","coordinates":[-6.1,55.84]},"geometry_name":"the_geom","properties":{"id":96,"id_1":96,"latitude":55.84,"longitude":-6.1,"country":"United Kingdom","seabasin":"Atlantic","sea":"Celtic Sea","location":"Sound of Islay","coast_dist":138.0,"posinfo":"Original","name":"Sound of Islay - QED Navel","facid":"OE-UK164","start_year":"2021","end_year":"","resource":"Tidal","technology":"","device":"","device_sca":"Full scale","project_sc":"Commercial","status":"Consented","project_ca":"10000","project_pr":"QED Naval Limited","web_page":"https://qednaval.co.uk/projects/#islay","source":"Web page","service_or":"Map viewer","link_to_so":"https://maps.espatial.com/maps/pages/map.jsp?geoMapId=267704&TENANT_ID=115744","source_det":"","date_of_la":"27/08/2025 00:00","metadata_a":"No","metadata_l":"N/A","otherlinks":"N/A","eia":"","eialink":"","notes":""}},{"type":"Feature","id":"oenergy.fid--752362db_1a116aa1509_-79d1","geometry":{"type":"Point","coordinates":[-3.26,58.76]},"geometry_name":"the_geom","properties":{"id":97,"id_1":97,"latitude":58.76,"longitude":-3.26,"country":"United Kingdom","seabasin":"Greater North Sea","sea":"Greater North Sea","location":"South of Hoy (Orkney)","coast_dist":2011.0,"posinfo":"Original","name":"Brims Tidal Array (phase 2)","facid":"OE-UK18","start_year":"2023","end_year":"","resource":"Tidal","technology":"Horizontal Axis Turbine","device":"Open-Centre Turbine","device_sca":"Full scale","project_sc":"Commercial array","status":"Ceased operating","project_ca":"200000","project_pr":"SSE Renewables and OpenHydro Site Development Ltd","web_page":"N/A","source":"Web page","service_or":"N/A","link_to_so":"N/A","source_det":"N/A","date_of_la":"24/09/2024 00:00","metadata_a":"Yes","metadata_l":"https://maps.espatial.com/maps/_UKRED-Marine-Map/pages/map.jsp?geoMapId=267704&TENANT_ID=115744","otherlinks":"N/A","eia":"Yes","eialink":"http://marine.gov.scot/datafiles/lot/Brims_Tidal/Environmental_Statement/","notes":""}},{"type":"Feature","id":"oenergy.fid--752362db_1a116aa1509_-79d0","geometry":{"type":"Point","coordinates":[-3.26,58.76]},"geometry_name":"the_geom","properties":{"id":97,"id_1":97,"latitude":58.76,"longitude":-3.26,"country":"United Kingdom","seabasin":"Greater North Sea","sea":"Greater North Sea","location":"South of Hoy (Orkney)","coast_dist":2011.0,"posinfo":"Original","name":"Brims Tidal Array (phase 1)","facid":"OE-UK17","start_year":"2019","end_year":"","resource":"Tidal","technology":"Horizontal Axis Turbine","device":"Open-Centre Turbine","device_sca":"Full scale","project_sc":"Commercial array","status":"Ceased operating","project_ca":"60000","project_pr":"SSE Renewables and OpenHydro Site Development Ltd","web_page":"N/A","source":"Web page","service_or":"N/A","link_to_so":"N/A","source_det":"N/A","date_of_la":"24/09/2024 00:00","metadata_a":"Yes","metadata_l":"https://maps.espatial.com/maps/_UKRED-Marine-Map/pages/map.jsp?geoMapId=267704&TENANT_ID=115744","otherlinks":"N/A","eia":"Yes","eialink":"http://marine.gov.scot/datafiles/lot/Brims_Tidal/Environmental_Statement/","notes":""}},{"type":"Feature","id":"oenergy.fid--752362db_1a116aa1509_-79cf","geometry":{"type":"Point","coordinates":[-2.4491,50.49274]},"geometry_name":"the_geom","properties":{"id":98,"id_1":98,"latitude":50.49274,"longitude":-2.4491,"country":"United Kingdom","seabasin":"Greater North Sea","sea":"Greater North Sea","location":"South of Portland","coast_dist":2319.0,"posinfo":"Original","name":"Portland Bill","facid":"OE-UK83","start_year":"","end_year":"","resource":"Tidal","technology":"Horizontal Axis Turbine","device":"SeaGenU","device_sca":"Full scale","project_sc":"Demonstration array","status":"Inactive","project_ca":"30000","project_pr":"Marine Current Turbines Limited","web_page":"N/A","source":"Web page","service_or":"Map viewer/Shapefile","link_to_so":"https://opendata-thecrownestate.opendata.arcgis.com/","source_det":"The Crown Estate","date_of_la":"27/08/2025 00:00","metadata_a":"No","metadata_l":"N/A","otherlinks":"N/A","eia":"No","eialink":"","notes":"No EIA has been conducted"}},{"type":"Feature","id":"oenergy.fid--752362db_1a116aa1509_-79ce","geometry":{"type":"Point","coordinates":[-1.462,60.00861]},"geometry_name":"the_geom","properties":{"id":100,"id_1":100,"latitude":60.00861,"longitude":-1.462,"country":"United Kingdom","seabasin":"Atlantic","sea":"Celtic Sea","location":"South West Shetland","coast_dist":5310.0,"posinfo":"Estimated","name":"Aegir Wave power (JV)","facid":"OE-UK47","start_year":"","end_year":"","resource":"Wave","technology":"Attenuator","device":"Pelamis P2E","device_sca":"Full scale","project_sc":"Commercial array","status":"Cancelled","project_ca":"10000","project_pr":"Aegir","web_page":"N/A","source":"Web page","service_or":"Map viewer/Shapefile","link_to_so":"https://opendata-thecrownestate.opendata.arcgis.com/","source_det":"The Crown Estate","date_of_la":"27/08/2025 00:00","metadata_a":"No","metadata_l":"N/A","otherlinks":"N/A","eia":"N/A","eialink":"","notes":""}},{"type":"Feature","id":"oenergy.fid--752362db_1a116aa1509_-79cc","geometry":{"type":"Point","coordinates":[-5.324,51.905]},"geometry_name":"the_geom","properties":{"id":102,"id_1":102,"latitude":51.905,"longitude":-5.324,"country":"United Kingdom","seabasin":"Atlantic","sea":"Celtic Sea","location":"St David's Head (Pembrokeshire)","coast_dist":814.0,"posinfo":"Original","name":"St. David's Head","facid":"OE-UK68","start_year":"2017","end_year":"2017","resource":"Tidal","technology":"Horizontal Axis Turbine","device":"DeltaStream","device_sca":"Full scale","project_sc":"Demonstration array","status":"Ceased operating","project_ca":"10000","project_pr":"Tidal Energy Developments South Wales Ltd","web_page":"N/A","source":"Web page","service_or":"Map viewer/Shapefile","link_to_so":"N/A","source_det":"N/A","date_of_la":"13/11/2023 00:00","metadata_a":"Yes","metadata_l":"https://www.ocean-energy-systems.org/ocean-energy/gis-map-tool/","otherlinks":"N/A","eia":"Yes","eialink":"N/A","notes":""}},{"type":"Feature","id":"oenergy.fid--752362db_1a116aa1509_-79cb","geometry":{"type":"Point","coordinates":[-5.544,54.365]},"geometry_name":"the_geom","properties":{"id":105,"id_1":105,"latitude":54.365,"longitude":-5.544,"country":"United Kingdom","seabasin":"Atlantic","sea":"Celtic Sea","location":"Strangford Lough-1 (near Portaferry)","coast_dist":233.0,"posinfo":"Original","name":"Strangford Lough Array","facid":"OE-UK90","start_year":"","end_year":"","resource":"Tidal","technology":"Horizontal Axis Turbine","device":"SeaGenU","device_sca":"Full scale","project_sc":"Demonstration array","status":"Cancelled","project_ca":"20000","project_pr":"Marine Current Turbines","web_page":"N/A","source":"Web page","service_or":"Map viewer/Shapefile","link_to_so":"N/A","source_det":"N/A","date_of_la":"13/11/2023 00:00","metadata_a":"Yes","metadata_l":"https://opendata-thecrownestate.opendata.arcgis.com/","otherlinks":"N/A","eia":"N/A","eialink":"","notes":""}},{"type":"Feature","id":"oenergy.fid--752362db_1a116aa1509_-79ca","geometry":{"type":"Point","coordinates":[-5.544,54.365]},"geometry_name":"the_geom","properties":{"id":105,"id_1":105,"latitude":54.365,"longitude":-5.544,"country":"United Kingdom","seabasin":"Atlantic","sea":"Celtic Sea","location":"Strangford Lough-1 (near Portaferry)","coast_dist":233.0,"posinfo":"Original","name":"Strangford Lough Array","facid":"OE-UK145","start_year":"2014","end_year":"","resource":"Tidal","technology":"Horizontal Axis Turbine","device":"SeaGenU","device_sca":"Full scale","project_sc":"Demonstration array","status":"Ceased operating","project_ca":"20000","project_pr":"SIMEC Atlantis Energy Ltd","web_page":"https://simecatlantis.com/tidal-stream/","source":"Web page","service_or":"Map viewer","link_to_so":"N/A","source_det":"N/A","date_of_la":"13/11/2023 00:00","metadata_a":"No","metadata_l":"N/A","otherlinks":"N/A","eia":"N/A","eialink":"","notes":""}},{"type":"Feature","id":"oenergy.fid--752362db_1a116aa1509_-79c9","geometry":{"type":"Point","coordinates":[-5.56552,54.38523]},"geometry_name":"the_geom","properties":{"id":106,"id_1":106,"latitude":54.38523,"longitude":-5.56552,"country":"United Kingdom","seabasin":"Atlantic","sea":"Celtic Sea","location":"Strangford Lough-2 (near Portaferry)","coast_dist":470.0,"posinfo":"Estimated","name":"Strangford Lough","facid":"OE-UK88","start_year":"2012","end_year":"","resource":"Tidal","technology":"Tidal kite","device":"Deep GreenOcean-DGO","device_sca":"1:4 scale","project_sc":"Pre-commercial","status":"Ceased operating","project_ca":"30","project_pr":"Minesto UK Ltd","web_page":"http://minesto.com/strangford-lough/","source":"Web page","service_or":"Map viewer/Shapefile","link_to_so":"N/A","source_det":"N/A","date_of_la":"13/11/2023 00:00","metadata_a":"Yes","metadata_l":"https://opendata-thecrownestate.opendata.arcgis.com/","otherlinks":"N/A","eia":"N/A","eialink":"","notes":""}},{"type":"Feature","id":"oenergy.fid--752362db_1a116aa1509_-79c8","geometry":{"type":"Point","coordinates":[-5.566,54.388]},"geometry_name":"the_geom","properties":{"id":107,"id_1":107,"latitude":54.388,"longitude":-5.566,"country":"United Kingdom","seabasin":"Atlantic","sea":"Celtic Sea","location":"Strangford Lough-3 (near Portaferry)","coast_dist":377.0,"posinfo":"Original","name":"Evopod E1 demonstration","facid":"OE-UK91","start_year":"2008","end_year":"2009","resource":"Tidal","technology":"Mono tidal turbine","device":"Evopod E1","device_sca":"1:10 scale","project_sc":"Sea testing","status":"Completed","project_ca":"1","project_pr":"Oceanflow Energy Ltd","web_page":"http://www.oceanflowenergy.com/project-details1.html","source":"Web page","service_or":"N/A","link_to_so":"N/A","source_det":"N/A","date_of_la":"13/11/2023 00:00","metadata_a":"No","metadata_l":"N/A","otherlinks":"N/A","eia":"N/A","eialink":"","notes":""}},{"type":"Feature","id":"oenergy.fid--752362db_1a116aa1509_-79c6","geometry":{"type":"Point","coordinates":[-3.904,51.607]},"geometry_name":"the_geom","properties":{"id":109,"id_1":109,"latitude":51.607,"longitude":-3.904,"country":"United Kingdom","seabasin":"Atlantic","sea":"Celtic Sea","location":"Swansea Bay","coast_dist":634.0,"posinfo":"Original","name":"Swansea Bay Tidal Lagoon","facid":"OE-UK71","start_year":"2023","end_year":"","resource":"Tidal","technology":"Tidal lagoon","device":"N/A","device_sca":"N/A","project_sc":"Commercial","status":"Cancelled","project_ca":"320000","project_pr":"Swansea Bay Tidal Lagoon","web_page":"N/A","source":"Web page","service_or":"Map viewer/Shapefile","link_to_so":"N/A","source_det":"N/A","date_of_la":"13/11/2023 00:00","metadata_a":"Yes","metadata_l":"https://www.ocean-energy-systems.org/ocean-energy/gis-map-tool/","otherlinks":"https://tethys.pnnl.gov/annex-iv-sites/swansea-tidal-lagoon","eia":"Yes","eialink":"N/A","notes":""}},{"type":"Feature","id":"oenergy.fid--752362db_1a116aa1509_-79c5","geometry":{"type":"Point","coordinates":[-6.052,55.202]},"geometry_name":"the_geom","properties":{"id":111,"id_1":111,"latitude":55.202,"longitude":-6.052,"country":"United Kingdom","seabasin":"Atlantic","sea":"Celtic Sea","location":"Torr Head (north coast of County Antrim)","coast_dist":827.0,"posinfo":"Original","name":"Torr Head","facid":"OE-UK85","start_year":"2012","end_year":"2018","resource":"Tidal","technology":"Horizontal Axis Turbine","device":"OpenHydro","device_sca":"Full scale","project_sc":"Commercial array","status":"Cancelled","project_ca":"100000","project_pr":"Tidal Ventures Ltd","web_page":"N/A","source":"Web page","service_or":"Data base/Shapefile","link_to_so":"https://openei.org/wiki/PRIMRE/Databases/Projects_Database/Projects/Torr_Head; https://odims.ospar.org/en/submissions/ospar_offshore_renewables_2021_07/","source_det":"Portal and Repository for Information on Marine Renewable Energy (PRIMRE); Tethys Database; OSPAR Data & Information Management System (ODIMS)","date_of_la":"27/08/2025 00:00","metadata_a":"Yes","metadata_l":"https://maps.espatial.com/maps/_UKRED-Marine-Map/pages/map.jsp?geoMapId=267704&TENANT_ID=115744","otherlinks":"N/A","eia":"Yes","eialink":"https://tethys.pnnl.gov/sites/default/files/publications/Torr-Head-Scoping-Report-2013.pdf","notes":""}},{"type":"Feature","id":"oenergy.fid--752362db_1a116aa1509_-79c3","geometry":{"type":"Point","coordinates":[-3.45,58.98]},"geometry_name":"the_geom","properties":{"id":113,"id_1":113,"latitude":58.98,"longitude":-3.45,"country":"United Kingdom","seabasin":"Atlantic","sea":"Celtic Sea","location":"West coast of mainland-1 (Orkney)","coast_dist":5135.0,"posinfo":"Original","name":"West Orkney South (Phase 2)","facid":"OE-UK25","start_year":"","end_year":"","resource":"Wave","technology":"N/A","device":"N/A","device_sca":"N/A","project_sc":"N/A","status":"Cancelled","project_ca":"40000","project_pr":"E.ON Climate & Renewables UK Developments Limited","web_page":"N/A","source":"Web page","service_or":"Map viewer/Shapefile","link_to_so":"https://www.ocean-energy-systems.org/ocean-energy/gis-map-tool/; https://opendata-thecrownestate.opendata.arcgis.com/;","source_det":"IEA-OES GIS Map of Ocean Energy Installations; The Crown Estate","date_of_la":"27/08/2025 00:00","metadata_a":"Yes","metadata_l":"https://maps.espatial.com/maps/_UKRED-Marine-Map/pages/map.jsp?geoMapId=267704&TENANT_ID=115744","otherlinks":"N/A","eia":"Yes","eialink":"N/A","notes":""}},{"type":"Feature","id":"oenergy.fid--752362db_1a116aa1509_-79c2","geometry":{"type":"Point","coordinates":[-3.45,58.98]},"geometry_name":"the_geom","properties":{"id":113,"id_1":113,"latitude":58.98,"longitude":-3.45,"country":"United Kingdom","seabasin":"Atlantic","sea":"Celtic Sea","location":"West coast of mainland-1 (Orkney)","coast_dist":5135.0,"posinfo":"Original","name":"West Orkney South (Phase 1)","facid":"OE-UK24","start_year":"","end_year":"","resource":"Wave","technology":"N/A","device":"N/A","device_sca":"N/A","project_sc":"N/A","status":"Cancelled","project_ca":"10000","project_pr":"E.ON Climate & Renewables UK Developments Limited","web_page":"N/A","source":"Web page","service_or":"Map viewer/Shapefile","link_to_so":"https://www.ocean-energy-systems.org/ocean-energy/gis-map-tool/; https://opendata-thecrownestate.opendata.arcgis.com/;","source_det":"IEA-OES GIS Map of Ocean Energy Installations; The Crown Estate","date_of_la":"27/08/2025 00:00","metadata_a":"Yes","metadata_l":"https://maps.espatial.com/maps/_UKRED-Marine-Map/pages/map.jsp?geoMapId=267704&TENANT_ID=115744","otherlinks":"N/A","eia":"Yes","eialink":"N/A","notes":""}},{"type":"Feature","id":"oenergy.fid--752362db_1a116aa1509_-79c1","geometry":{"type":"Point","coordinates":[-3.45,59.02]},"geometry_name":"the_geom","properties":{"id":114,"id_1":114,"latitude":59.02,"longitude":-3.45,"country":"United Kingdom","seabasin":"Atlantic","sea":"Celtic Sea","location":"West coast of mainland-2 (Orkney)","coast_dist":4930.0,"posinfo":"Original","name":"West Orkney Middle South (Phase 2)","facid":"OE-UK27","start_year":"","end_year":"2016","resource":"Wave","technology":"N/A","device":"N/A","device_sca":"N/A","project_sc":"N/A","status":"Cancelled","project_ca":"40000","project_pr":"E.ON Climate & Renewables UK Developments Limited","web_page":"N/A","source":"Web page","service_or":"Map viewer","link_to_so":"N/A","source_det":"N/A","date_of_la":"13/11/2023 00:00","metadata_a":"No","metadata_l":"N/A","otherlinks":"N/A","eia":"Yes","eialink":"https://tethys.pnnl.gov/sites/default/files/publications/West_Orkney_South_Wave_Energy_Site.pdf","notes":""}},{"type":"Feature","id":"oenergy.fid--752362db_1a116aa1509_-79c0","geometry":{"type":"Point","coordinates":[-3.45,59.02]},"geometry_name":"the_geom","properties":{"id":114,"id_1":114,"latitude":59.02,"longitude":-3.45,"country":"United Kingdom","seabasin":"Atlantic","sea":"Celtic Sea","location":"West coast of mainland-2 (Orkney)","coast_dist":4930.0,"posinfo":"Original","name":"West Orkney Middle South (Phase 1)","facid":"OE-UK26","start_year":"","end_year":"2016","resource":"Wave","technology":"N/A","device":"N/A","device_sca":"N/A","project_sc":"N/A","status":"Cancelled","project_ca":"10000","project_pr":"E.ON Climate & Renewables UK Developments Limited","web_page":"N/A","source":"Web page","service_or":"Map viewer","link_to_so":"N/A","source_det":"N/A","date_of_la":"13/11/2023 00:00","metadata_a":"No","metadata_l":"N/A","otherlinks":"N/A","eia":"Yes","eialink":"https://tethys.pnnl.gov/sites/default/files/publications/West_Orkney_South_Wave_Energy_Site.pdf","notes":""}},{"type":"Feature","id":"oenergy.fid--752362db_1a116aa1509_-79bf","geometry":{"type":"Point","coordinates":[-3.41,59.09]},"geometry_name":"the_geom","properties":{"id":115,"id_1":115,"latitude":59.09,"longitude":-3.41,"country":"United Kingdom","seabasin":"Atlantic","sea":"Celtic Sea","location":"Markwick Head (Orkney)","coast_dist":3351.0,"posinfo":"Original","name":"Marwick Head Wave Energy Project","facid":"OE-UK28","start_year":"","end_year":"","resource":"Wave","technology":"Floating articulated attenuator","device":"Pelamis P2","device_sca":"Full scale","project_sc":"Commercial array","status":"Cancelled","project_ca":"49500","project_pr":"ScottishPower Renewables/Iberdrola","web_page":"N/A","source":"Web page","service_or":"Map viewer/Shapefile","link_to_so":"https://opendata-thecrownestate.opendata.arcgis.com/","source_det":"The Crown Estate","date_of_la":"27/08/2025 00:00","metadata_a":"Yes","metadata_l":"https://www.ocean-energy-systems.org/ocean-energy/gis-map-tool/","otherlinks":"N/A","eia":"Yes","eialink":"http://www.scottishpowerrenewables.com/userfiles/file/Marwick%20Head%20Scoping%20Report%20FINAL%2021_12_12.pdf","notes":""}},{"type":"Feature","id":"oenergy.fid--752362db_1a116aa1509_-79bd","geometry":{"type":"Point","coordinates":[-4.8,53.29]},"geometry_name":"the_geom","properties":{"id":117,"id_1":117,"latitude":53.29,"longitude":-4.8,"country":"United Kingdom","seabasin":"Atlantic","sea":"Celtic Sea","location":"west of Anglesey (North Wales)","coast_dist":6885.0,"posinfo":"Original","name":"Holyhead Deep - Phase 1","facid":"OE-UK67","start_year":"2019","end_year":"","resource":"Tidal","technology":"Tidal kite","device":"Deep Green Utility-DGU","device_sca":"N/A","project_sc":"Demonstration array","status":"Operational","project_ca":"500","project_pr":"Minesto UK Ltd","web_page":"https://minesto.com/projects/holyhead-deep","source":"Web page","service_or":"Map viewer/Shapefile","link_to_so":"https://opendata-thecrownestate.opendata.arcgis.com/datasets/5672a176762e4a3d8fb597039abb22d2_0/explore?showTable=true","source_det":"The Crown Estate","date_of_la":"27/08/2025 00:00","metadata_a":"No","metadata_l":"N/A","otherlinks":"https://tethys.pnnl.gov/project-sites/minesto-holyhead-deep-non-grid-connected-dg500","eia":"Yes","eialink":"N/A","notes":""}},{"type":"Feature","id":"oenergy.fid--752362db_1a116aa1509_-79bc","geometry":{"type":"Point","coordinates":[-4.8,53.29]},"geometry_name":"the_geom","properties":{"id":117,"id_1":117,"latitude":53.29,"longitude":-4.8,"country":"United Kingdom","seabasin":"Atlantic","sea":"Celtic Sea","location":"west of Anglesey (North Wales)","coast_dist":6885.0,"posinfo":"Original","name":"Holyhead Deep - Phase 1","facid":"OE-UK147","start_year":"2018","end_year":"2019","resource":"Tidal","technology":"Tidal kite","device":"Deep Green Utility-DGU","device_sca":"N/A","project_sc":"Demonstration array","status":"Completed","project_ca":"500","project_pr":"Minesto UK Ltd","web_page":"https://minesto.com/projects/holyhead-deep","source":"Web page","service_or":"Data base","link_to_so":"N/A","source_det":"N/A","date_of_la":"13/11/2023 00:00","metadata_a":"Yes","metadata_l":"https://maps.espatial.com/maps/_UKRED-Marine-Map/pages/map.jsp?geoMapId=267704&TENANT_ID=115744","otherlinks":"https://tethys.pnnl.gov/project-sites/minesto-holyhead-deep-non-grid-connected-dg500","eia":"Yes","eialink":"N/A","notes":""}},{"type":"Feature","id":"oenergy.fid--752362db_1a116aa1509_-79bb","geometry":{"type":"Point","coordinates":[-4.8,53.29]},"geometry_name":"the_geom","properties":{"id":117,"id_1":117,"latitude":53.29,"longitude":-4.8,"country":"United Kingdom","seabasin":"Atlantic","sea":"Celtic Sea","location":"west of Anglesey (North Wales)","coast_dist":6885.0,"posinfo":"Original","name":"Holyhead Deep","facid":"OE-UK146","start_year":"2018","end_year":"","resource":"Tidal","technology":"N/A","device":"N/A","device_sca":"N/A","project_sc":"N/A","status":"Completed","project_ca":"70000","project_pr":"Minesto UK Ltd","web_page":"https://minesto.com/projects/holyhead-deep","source":"Web page","service_or":"N/A","link_to_so":"N/A","source_det":"N/A","date_of_la":"27/08/2025 00:00","metadata_a":"No","metadata_l":"N/A","otherlinks":"N/A","eia":"Yes","eialink":"N/A","notes":""}},{"type":"Feature","id":"oenergy.fid--752362db_1a116aa1509_-79b5","geometry":{"type":"Point","coordinates":[-2.87,59.17]},"geometry_name":"the_geom","properties":{"id":120,"id_1":120,"latitude":59.17,"longitude":-2.87,"country":"United Kingdom","seabasin":"Atlantic","sea":"Celtic Sea","location":"Westray Firth","coast_dist":2361.0,"posinfo":"Original","name":"Westray south-Phase 2","facid":"OE-UK35","start_year":"2025","end_year":"","resource":"Tidal","technology":"Horizontal Axis Turbine","device":"N/A","device_sca":"Full scale","project_sc":"Commercial array","status":"Ceased operating","project_ca":"140000","project_pr":"DP Energy Ltd","web_page":"N/A","source":"Web page","service_or":"Map viewer/Shapefile","link_to_so":"N/A","source_det":"N/A","date_of_la":"13/11/2023 00:00","metadata_a":"Yes","metadata_l":"https://www.ocean-energy-systems.org/ocean-energy/gis-map-tool/","otherlinks":"N/A","eia":"Yes","eialink":"https://tethys.pnnl.gov/sites/default/files/publications/Westray_South_Tidal_Array_ESR.pdf","notes":""}},{"type":"Feature","id":"oenergy.fid--752362db_1a116aa1509_-79b4","geometry":{"type":"Point","coordinates":[-2.87,59.17]},"geometry_name":"the_geom","properties":{"id":120,"id_1":120,"latitude":59.17,"longitude":-2.87,"country":"United Kingdom","seabasin":"Atlantic","sea":"Celtic Sea","location":"Westray Firth","coast_dist":2361.0,"posinfo":"Original","name":"Westray south-Phase 1","facid":"OE-UK34","start_year":"2020","end_year":"2024","resource":"Tidal","technology":"Horizontal Axis Turbine","device":"N/A","device_sca":"Full scale","project_sc":"Commercial array","status":"Ceased operating","project_ca":"60000","project_pr":"DP Energy Ltd","web_page":"N/A","source":"Web page","service_or":"Map viewer/Shapefile","link_to_so":"N/A","source_det":"N/A","date_of_la":"13/11/2023 00:00","metadata_a":"Yes","metadata_l":"https://www.ocean-energy-systems.org/ocean-energy/gis-map-tool/","otherlinks":"N/A","eia":"Yes","eialink":"https://tethys.pnnl.gov/sites/default/files/publications/Westray_South_Tidal_Array_ESR.pdf","notes":""}},{"type":"Feature","id":"oenergy.fid--752362db_1a116aa1509_-79b3","geometry":{"type":"Point","coordinates":[-2.87,59.17]},"geometry_name":"the_geom","properties":{"id":120,"id_1":120,"latitude":59.17,"longitude":-2.87,"country":"United Kingdom","seabasin":"Atlantic","sea":"Celtic Sea","location":"Westray Firth","coast_dist":2361.0,"posinfo":"Original","name":"Orbital Westray Firth","facid":"OE-UK167","start_year":"2023","end_year":"","resource":"Tidal","technology":"Orbital O2","device":"Horizontal axis turbine","device_sca":"Full scale","project_sc":"Commercial","status":"Planned","project_ca":"30000","project_pr":"Orbital Marine Power Ltd","web_page":"https://www.orbitalmarine.com/","source":"Web page","service_or":"Data base","link_to_so":"https://tethys.pnnl.gov/project-sites/orbital-marine-power-westray-tidal-array","source_det":"TETHYS Database","date_of_la":"28/08/2025 00:00","metadata_a":"No","metadata_l":"N/A","otherlinks":"N/A","eia":"N/A","eialink":"","notes":""}},{"type":"Feature","id":"oenergy.fid--752362db_1a116aa1509_-79af","geometry":{"type":"Point","coordinates":[-9.732393,52.737197]},"geometry_name":"the_geom","properties":{"id":129,"id_1":129,"latitude":52.737197,"longitude":-9.732393,"country":"Ireland","seabasin":"Atlantic","sea":"Celtic Sea","location":"Killard","coast_dist":6636.0,"posinfo":"Estimated","name":"WestWave Demonstration Project","facid":"OE-IE05","start_year":"2025","end_year":"","resource":"Wave","technology":"N/A","device":"N/A","device_sca":"N/A","project_sc":"Pre-commercial","status":"N/A","project_ca":"5000","project_pr":"ESB","web_page":"N/A","source":"N/A","service_or":"N/A","link_to_so":"N/A","source_det":"N/A","date_of_la":"20/09/2023 00:00","metadata_a":"No","metadata_l":"N/A","otherlinks":"N/A","eia":"Yes","eialink":"https://tethys.pnnl.gov/publications/environmental-scoping-report-killard","notes":""}},{"type":"Feature","id":"oenergy.fid--752362db_1a116aa1509_-79ae","geometry":{"type":"Point","coordinates":[-8.64444,52.657778]},"geometry_name":"the_geom","properties":{"id":134,"id_1":134,"latitude":52.657778,"longitude":-8.64444,"country":"Ireland","seabasin":"Atlantic","sea":"Celtic Sea","location":"Limerick Docks","coast_dist":0.0,"posinfo":"Original","name":"Gkinetics OC1 project","facid":"OE-IE08","start_year":"2015","end_year":"2015","resource":"Tidal","technology":"Vertical Axis, Hydrokinetic Turbine","device":"OC1","device_sca":"Tow testing","project_sc":"Pilot device","status":"Completed","project_ca":"10","project_pr":"Gkinetic Energy Ltd.","web_page":"http://gkinetic.com/","source":"N/A","service_or":"N/A","link_to_so":"N/A","source_det":"N/A","date_of_la":"20/09/2023 00:00","metadata_a":"No","metadata_l":"N/A","otherlinks":"http://www.maritimejournal.com/news101/marine-renewable-energy/gkinetic-energy-launches-novel-tidal-energy-device","eia":"N/A","eialink":"","notes":""}},{"type":"Feature","id":"oenergy.fid--752362db_1a116aa1509_-79ac","geometry":{"type":"Point","coordinates":[-5.546,54.369]},"geometry_name":"the_geom","properties":{"id":137,"id_1":137,"latitude":54.369,"longitude":-5.546,"country":"United Kingdom","seabasin":"Atlantic","sea":"Celtic Sea","location":"Strangford Lough","coast_dist":305.0,"posinfo":"Original","name":"Seagen Strangford Lough","facid":"OE-UK89","start_year":"2008","end_year":"2017","resource":"Tidal","technology":"Horizontal Axis Turbine","device":"SeaGenS1.2","device_sca":"Large scale prototype","project_sc":"Commercial","status":"Ceased operating","project_ca":"1200","project_pr":"SeaGeneration Ltd","web_page":"N/A","source":"Web page","service_or":"Data base","link_to_so":"https://tethys.pnnl.gov/project-sites/strangford-lough-mct-seagen","source_det":"UK Marine Energy Database (UKMED); Tethys Database","date_of_la":"27/08/2025 00:00","metadata_a":"No","metadata_l":"N/A","otherlinks":"N/A","eia":"Yes","eialink":"https://tethys.pnnl.gov/project-sites/strangford-lough-mct-seagen#key-environmental-issues","notes":""}},{"type":"Feature","id":"oenergy.fid--752362db_1a116aa1509_-79ab","geometry":{"type":"Point","coordinates":[-5.546,54.369]},"geometry_name":"the_geom","properties":{"id":137,"id_1":137,"latitude":54.369,"longitude":-5.546,"country":"United Kingdom","seabasin":"Atlantic","sea":"Celtic Sea","location":"Strangford Lough","coast_dist":305.0,"posinfo":"Original","name":"DeepGreen 1/10","facid":"OE-UK106","start_year":"","end_year":"","resource":"Tidal","technology":"Tidal kite","device":"Deep Green 8","device_sca":"Prototype","project_sc":"Pre-commercial","status":"Completed","project_ca":"12","project_pr":"Minesto UK Ltd","web_page":"http://minesto.com/","source":"Web page","service_or":"Map viewer","link_to_so":"https://www.ocean-energy-systems.org/ocean-energy/gis-map-tool/","source_det":"IEA-OES GIS Map of Ocean Energy Installations","date_of_la":"27/08/2025 00:00","metadata_a":"No","metadata_l":"N/A","otherlinks":"N/A","eia":"N/A","eialink":"","notes":""}},{"type":"Feature","id":"oenergy.fid--752362db_1a116aa1509_-79aa","geometry":{"type":"Point","coordinates":[1.740654,52.593943]},"geometry_name":"the_geom","properties":{"id":138,"id_1":138,"latitude":52.593943,"longitude":1.740654,"country":"United Kingdom","seabasin":"Greater North Sea","sea":"Greater North Sea","location":"Great Yarmouth","coast_dist":169.0,"posinfo":"Estimated","name":"Plat-O","facid":"OE-UK107","start_year":"2015","end_year":"2016","resource":"Tidal","technology":"Horizontal axis turbine","device":"Schottel SG50","device_sca":"Prototype","project_sc":"Pre-commercial","status":"Completed","project_ca":"100","project_pr":"Sustainable Marine Energy Ltd (SME)","web_page":"N/A","source":"Web page","service_or":"N/A","link_to_so":"https://www.offshore-energy.biz/plat-o-tidal-turbines-platform-up-and-running/","source_det":"Offshore Energy","date_of_la":"28/08/2025 00:00","metadata_a":"No","metadata_l":"N/A","otherlinks":"N/A","eia":"Yes","eialink":"https://tethys.pnnl.gov/annex-iv-sites/plat-o-emec","notes":""}},{"type":"Feature","id":"oenergy.fid--752362db_1a116aa1509_-79a9","geometry":{"type":"Point","coordinates":[-6.232064,56.823026]},"geometry_name":"the_geom","properties":{"id":139,"id_1":139,"latitude":56.823026,"longitude":-6.232064,"country":"United Kingdom","seabasin":"Atlantic","sea":"Celtic Sea","location":"Isle of Muck","coast_dist":200.0,"posinfo":"Estimated","name":"Wave Net Array","facid":"OE-UK111","start_year":"2014","end_year":"2014","resource":"Wave","technology":"Attenuator","device":"Albatern","device_sca":"Full scale","project_sc":"Commercial","status":"Completed","project_ca":"22","project_pr":"Albatern WaveNET Albatern and Marine Harvest Scotland","web_page":"N/A","source":"Web page","service_or":"Map viewer","link_to_so":"https://www.ocean-energy-systems.org/ocean-energy/gis-map-tool/","source_det":"IEA-OES GIS Map of Ocean Energy Installations","date_of_la":"27/08/2025 00:00","metadata_a":"Yes","metadata_l":"https://maps.espatial.com/maps/_UKRED-Marine-Map/pages/map.jsp?geoMapId=267704&TENANT_ID=115744","otherlinks":"N/A","eia":"N/A","eialink":"","notes":""}},{"type":"Feature","id":"oenergy.fid--752362db_1a116aa1509_-79a8","geometry":{"type":"Point","coordinates":[-4.777,52.771]},"geometry_name":"the_geom","properties":{"id":141,"id_1":141,"latitude":52.771,"longitude":-4.777,"country":"United Kingdom","seabasin":"Atlantic","sea":"Celtic Sea","location":"off Bardsey Island, Wales","coast_dist":674.0,"posinfo":"Original","name":"Bardsey Sound (Enlli)","facid":"OE-UK115","start_year":"2017","end_year":"","resource":"Tidal","technology":"Horizontal Axis Turbine","device":"Nova M100","device_sca":"Full scale","project_sc":"Commercial","status":"Not progressed","project_ca":"2000","project_pr":"Nova Innovation Ltd","web_page":"https://www.novainnovation.com/","source":"Web page","service_or":"N/A","link_to_so":"N/A","source_det":"N/A","date_of_la":"24/09/2024 00:00","metadata_a":"Yes","metadata_l":"https://maps.espatial.com/maps/_UKRED-Marine-Map/pages/map.jsp?geoMapId=267704&TENANT_ID=115744","otherlinks":"N/A","eia":"No","eialink":"","notes":""}},{"type":"Feature","id":"oenergy.fid--752362db_1a116aa1509_-79a7","geometry":{"type":"Point","coordinates":[-6.06,56.69]},"geometry_name":"the_geom","properties":{"id":142,"id_1":142,"latitude":56.69,"longitude":-6.06,"country":"United Kingdom","seabasin":"Atlantic","sea":"Celtic Sea","location":"Mingary Bay, near Kilchoan","coast_dist":416.0,"posinfo":"Original","name":"Wave Net Array","facid":"OE-UK119","start_year":"2016","end_year":"","resource":"Wave","technology":"Point absorber","device":"Squid Device","device_sca":"Full scale","project_sc":"Commercial","status":"Completed","project_ca":"450","project_pr":"Albatern Ltd","web_page":"https://www.linkedin.com/company/albatern","source":"Web page","service_or":"Map viewer/Shapefile","link_to_so":"https://tethys.pnnl.gov/project-sites/wavenet-wave-energy-converter-array","source_det":"TETHYS Database","date_of_la":"27/08/2025 00:00","metadata_a":"No","metadata_l":"https://maps.espatial.com/maps/_UKRED-Marine-Map/pages/map.jsp?geoMapId=267704&TENANT_ID=115744","otherlinks":"N/A","eia":"N/A","eialink":"","notes":""}},{"type":"Feature","id":"oenergy.fid--752362db_1a116aa1509_-79a5","geometry":{"type":"Point","coordinates":[-2.1911,49.735064]},"geometry_name":"the_geom","properties":{"id":144,"id_1":144,"latitude":49.735064,"longitude":-2.1911,"country":"United Kingdom","seabasin":"Greater North Sea","sea":"Greater North Sea","location":"Channel Island of Alderney","coast_dist":675.0,"posinfo":"Original","name":"Alderney Race Tidal","facid":"OE-UK148","start_year":"2021","end_year":"","resource":"Tidal","technology":"N/A","device":"N/A","device_sca":"N/A","project_sc":"N/A","status":"Not progressed","project_ca":"","project_pr":"OpenHydro Group Ltd.","web_page":"N/A","source":"Web page","service_or":"Data base","link_to_so":"https://tethys.pnnl.gov/project-sites/openhydro-alderney","source_det":"TETHYS Database","date_of_la":"27/08/2025 00:00","metadata_a":"No","metadata_l":"N/A","otherlinks":"N/A","eia":"N/A","eialink":"","notes":""}},{"type":"Feature","id":"oenergy.fid--752362db_1a116aa1509_-79a4","geometry":{"type":"Point","coordinates":[-2.1911,49.735064]},"geometry_name":"the_geom","properties":{"id":144,"id_1":144,"latitude":49.735064,"longitude":-2.1911,"country":"United Kingdom","seabasin":"Greater North Sea","sea":"Greater North Sea","location":"Channel Island of Alderney","coast_dist":675.0,"posinfo":"Original","name":"Alderney Race Tidal","facid":"OE-UK122","start_year":"2005","end_year":"2018","resource":"Tidal","technology":"N/A","device":"OpenHydro","device_sca":"Full scale","project_sc":"Sea testing","status":"Cancelled","project_ca":"300000","project_pr":"OpenHydro Group Ltd.","web_page":"N/A","source":"Web page","service_or":"Data base","link_to_so":"https://tethys.pnnl.gov/project-sites/openhydro-alderney","source_det":"TETHYS Database","date_of_la":"27/08/2025 00:00","metadata_a":"No","metadata_l":"N/A","otherlinks":"N/A","eia":"Yes","eialink":"https://tethys.pnnl.gov/sites/default/files/publications/Strategic_Tidal_Stream_Assessment_for_Alderney.pdf","notes":""}},{"type":"Feature","id":"oenergy.fid--752362db_1a116aa1509_-79a3","geometry":{"type":"Point","coordinates":[-2.95,58.89]},"geometry_name":"the_geom","properties":{"id":145,"id_1":145,"latitude":58.89,"longitude":-2.95,"country":"United Kingdom","seabasin":"Greater North Sea","sea":"Greater North Sea","location":"EMEC Scapa Flow","coast_dist":1030.0,"posinfo":"Original","name":"Archimedes Wave Swing (AWS-Mk1)","facid":"OE-UK150","start_year":"2022","end_year":"2022","resource":"Wave","technology":"Submerged Pressure Differential","device":"AWS-Mk1","device_sca":"Full scale","project_sc":"Sea testing","status":"Completed","project_ca":"16","project_pr":"AWS Ocean Energy\u00a0","web_page":"https://awsocean.com/","source":"Web page","service_or":"Map viewer","link_to_so":"https://www.emec.org.uk/aws-waveswing-gets-shakedown-at-emec/","source_det":"EMEC Orkney","date_of_la":"27/08/2025 00:00","metadata_a":"Yes","metadata_l":"https://maps.espatial.com/maps/_UKRED-Marine-Map/pages/map.jsp?geoMapId=267704&TENANT_ID=115744","otherlinks":"N/A","eia":"N/A","eialink":"","notes":""}},{"type":"Feature","id":"oenergy.fid--752362db_1a116aa1509_-79a2","geometry":{"type":"Point","coordinates":[-2.95,58.89]},"geometry_name":"the_geom","properties":{"id":145,"id_1":145,"latitude":58.89,"longitude":-2.95,"country":"United Kingdom","seabasin":"Greater North Sea","sea":"Greater North Sea","location":"EMEC Scapa Flow","coast_dist":1030.0,"posinfo":"Original","name":"EMEC Blue Horizon","facid":"OE-UK149","start_year":"2021","end_year":"","resource":"Wave","technology":"Attenuator","device":"Blue X","device_sca":"1:10 scale","project_sc":"Sea testing","status":"Completed","project_ca":"10","project_pr":"Mocean Energy","web_page":"https://www.mocean.energy/","source":"Web page","service_or":"N/A","link_to_so":"N/A","source_det":"N/A","date_of_la":"10/09/2024 00:00","metadata_a":"No","metadata_l":"N/A","otherlinks":"https://www.emec.org.uk/about-us/wave-clients/mocean-energy/; https://www.ocean-energy-systems.org/publications/oes-annual-reports/document/oes-annual-report-2023/","eia":"N/A","eialink":"","notes":""}},{"type":"Feature","id":"oenergy.fid--752362db_1a116aa1509_-79a1","geometry":{"type":"Point","coordinates":[-2.95,58.89]},"geometry_name":"the_geom","properties":{"id":145,"id_1":145,"latitude":58.89,"longitude":-2.95,"country":"United Kingdom","seabasin":"Greater North Sea","sea":"Greater North Sea","location":"EMEC Scapa Flow","coast_dist":1030.0,"posinfo":"Original","name":"EMEC CorPower Ocean","facid":"OE-UK118","start_year":"2018","end_year":"","resource":"Wave","technology":"Oscillating Wave Surge Converter","device":"WaveSpring","device_sca":"Part-function prototype","project_sc":"Demonstration array","status":"Ceased operating","project_ca":"50","project_pr":"CorPower Ocean","web_page":"http://www.corpowerocean.com/","source":"Web page","service_or":"Map viewer/Shapefile","link_to_so":"N/A","source_det":"N/A","date_of_la":"13/11/2023 00:00","metadata_a":"No","metadata_l":"N/A","otherlinks":"N/A","eia":"N/A","eialink":"","notes":""}},{"type":"Feature","id":"oenergy.fid--752362db_1a116aa1509_-79a0","geometry":{"type":"Point","coordinates":[-4.3,58.61]},"geometry_name":"the_geom","properties":{"id":148,"id_1":148,"latitude":58.61,"longitude":-4.3,"country":"United Kingdom","seabasin":"Atlantic","sea":"Celtic Sea","location":"Caithness","coast_dist":5748.0,"posinfo":"Original","name":"Katanes Wave Demonstrator","facid":"OE-UK124","start_year":"2022","end_year":"","resource":"Wave","technology":"Point absorber","device":"Poseidon P80","device_sca":"N/A","project_sc":"Commercial","status":"Cancelled","project_ca":"3600","project_pr":"Floating Power Plant","web_page":"N/A","source":"Web page","service_or":"Map viewer","link_to_so":"https://maps.esp.tl/maps/_UKRED-Marine-Map/pages/map.jsp?geoMapId=267704&TENANT_ID=115744","source_det":"RenewableUK Marine Energy Database","date_of_la":"27/08/2025 00:00","metadata_a":"No","metadata_l":"N/A","otherlinks":"N/A","eia":"N/A","eialink":"","notes":""}},{"type":"Feature","id":"oenergy.fid--752362db_1a116aa1509_-799f","geometry":{"type":"Point","coordinates":[-2.896,58.893]},"geometry_name":"the_geom","properties":{"id":149,"id_1":149,"latitude":58.893,"longitude":-2.896,"country":"United Kingdom","seabasin":"Greater North Sea","sea":"Greater North Sea","location":"Orkney Islands","coast_dist":291.0,"posinfo":"Original","name":"Churchill Barrier No.1","facid":"OE-UK125","start_year":"","end_year":"","resource":"Tidal","technology":"Tidal barrier","device":"N/A","device_sca":"N/A","project_sc":"N/A","status":"Early concept","project_ca":"","project_pr":"N/A","web_page":"https://www.jbaconsulting.com/; https://tethys.pnnl.gov/project-sites/churchill-barriers-wave-overtopping-tidal-flow-energy-capture","source":"Web page","service_or":"Map viewer","link_to_so":"https://www.ocean-energy-systems.org/ocean-energy/gis-map-tool/","source_det":"IEA-OES GIS Map of Ocean Energy Installations","date_of_la":"28/08/2025 00:00","metadata_a":"No","metadata_l":"N/A","otherlinks":"N/A","eia":"N/A","eialink":"","notes":""}},{"type":"Feature","id":"oenergy.fid--752362db_1a116aa1509_-799e","geometry":{"type":"Point","coordinates":[-2.903,58.882]},"geometry_name":"the_geom","properties":{"id":150,"id_1":150,"latitude":58.882,"longitude":-2.903,"country":"United Kingdom","seabasin":"Greater North Sea","sea":"Greater North Sea","location":"Orkney Islands","coast_dist":254.0,"posinfo":"Original","name":"Churchill Barrier No.2","facid":"OE-UK126","start_year":"","end_year":"","resource":"Tidal","technology":"Tidal barrier","device":"N/A","device_sca":"N/A","project_sc":"N/A","status":"Early concept","project_ca":"","project_pr":"N/A","web_page":"https://www.jbaconsulting.com/; https://tethys.pnnl.gov/project-sites/churchill-barriers-wave-overtopping-tidal-flow-energy-capture","source":"Web page","service_or":"Map viewer","link_to_so":"https://www.ocean-energy-systems.org/ocean-energy/gis-map-tool/","source_det":"IEA-OES GIS Map of Ocean Energy Installations","date_of_la":"28/08/2025 00:00","metadata_a":"No","metadata_l":"N/A","otherlinks":"N/A","eia":"N/A","eialink":"","notes":""}},{"type":"Feature","id":"oenergy.fid--752362db_1a116aa1509_-799d","geometry":{"type":"Point","coordinates":[-3.24,54.18]},"geometry_name":"the_geom","properties":{"id":151,"id_1":151,"latitude":54.18,"longitude":-3.24,"country":"United Kingdom","seabasin":"Atlantic","sea":"Celtic Sea","location":"Duddon Estuary","coast_dist":921.0,"posinfo":"Original","name":"Duddon Estuary Tidal Lagoon","facid":"OE-UK127","start_year":"","end_year":"","resource":"Tidal","technology":"Tidal range","device":"N/A","device_sca":"N/A","project_sc":"Commercial","status":"Inactive","project_ca":"2500","project_pr":"North West Energy Squared","web_page":"N/A","source":"Web page","service_or":"Map viewer","link_to_so":"N/A","source_det":"N/A","date_of_la":"13/11/2023 00:00","metadata_a":"No","metadata_l":"N/A","otherlinks":"N/A","eia":"N/A","eialink":"","notes":""}},{"type":"Feature","id":"oenergy.fid--752362db_1a116aa1509_-799c","geometry":{"type":"Point","coordinates":[-3.03,54.05]},"geometry_name":"the_geom","properties":{"id":152,"id_1":152,"latitude":54.05,"longitude":-3.03,"country":"United Kingdom","seabasin":"Atlantic","sea":"Celtic Sea","location":"Morecambe Bay","coast_dist":6765.0,"posinfo":"Original","name":"Morecambe Bay Tidal Lagoon","facid":"OE-UK128","start_year":"","end_year":"","resource":"Tidal","technology":"Tidal range","device":"N/A","device_sca":"N/A","project_sc":"Commercial","status":"Inactive","project_ca":"2500","project_pr":"North West Energy Squared","web_page":"N/A","source":"Web page","service_or":"Map viewer","link_to_so":"N/A","source_det":"N/A","date_of_la":"13/11/2023 00:00","metadata_a":"No","metadata_l":"N/A","otherlinks":"N/A","eia":"N/A","eialink":"","notes":""}},{"type":"Feature","id":"oenergy.fid--752362db_1a116aa1509_-799b","geometry":{"type":"Point","coordinates":[-3.34,51.22]},"geometry_name":"the_geom","properties":{"id":153,"id_1":153,"latitude":51.22,"longitude":-3.34,"country":"United Kingdom","seabasin":"Atlantic","sea":"Celtic Sea","location":"West Somerset","coast_dist":4126.0,"posinfo":"Original","name":"West Somerset Tidal Lagoon","facid":"OE-UK129","start_year":"","end_year":"","resource":"Tidal","technology":"Tidal range","device":"N/A","device_sca":"N/A","project_sc":"Commercial","status":"Cancelled","project_ca":"3000","project_pr":"Halcyon Tidal Power; LongBay SeaPower Ltd","web_page":"N/A","source":"Web page","service_or":"Map viewer","link_to_so":"N/A","source_det":"N/A","date_of_la":"13/11/2023 00:00","metadata_a":"No","metadata_l":"N/A","otherlinks":"N/A","eia":"N/A","eialink":"","notes":""}},{"type":"Feature","id":"oenergy.fid--752362db_1a116aa1509_-799a","geometry":{"type":"Point","coordinates":[-3.645,53.323]},"geometry_name":"the_geom","properties":{"id":154,"id_1":154,"latitude":53.323,"longitude":-3.645,"country":"United Kingdom","seabasin":"Atlantic","sea":"Celtic Sea","location":"between Prestatyn and Llandudno, Wales","coast_dist":3233.0,"posinfo":"Original","name":"NWTE project","facid":"OE-UK130","start_year":"","end_year":"","resource":"Tidal","technology":"Tidal barrier","device":"N/A","device_sca":"N/A","project_sc":"Commercial","status":"In development","project_ca":"2500000","project_pr":"N/A","web_page":"https://www.northwalestidalenergy.com/","source":"Web page","service_or":"Map viewer","link_to_so":"https://www.ocean-energy-systems.org/ocean-energy/gis-map-tool/","source_det":"IEA-OES GIS Map of Ocean Energy Installations","date_of_la":"28/08/2025 00:00","metadata_a":"No","metadata_l":"N/A","otherlinks":"N/A","eia":"N/A","eialink":"","notes":""}},{"type":"Feature","id":"oenergy.fid--752362db_1a116aa1509_-7994","geometry":{"type":"Point","coordinates":[-5.06,51.55]},"geometry_name":"the_geom","properties":{"id":165,"id_1":165,"latitude":51.55,"longitude":-5.06,"country":"United Kingdom","seabasin":"Atlantic","sea":"Celtic Sea","location":"West Anglesey Demonstration Zone","coast_dist":7418.0,"posinfo":"Original","name":"Morlais Magallanes GR3","facid":"OE-UK168","start_year":"2027","end_year":"","resource":"Tidal","technology":"Axial Flow Turbine","device":"ATIR 2.0 device","device_sca":"Commercial","project_sc":"","status":"In planning","project_ca":"5620","project_pr":"Magallanes Renovables, S.L.","web_page":"","source":"Web page","service_or":"Map viewer","link_to_so":"https://www.ocean-energy-systems.org/ocean-energy/gis-map-tool/","source_det":"IEA-OES GIS Map of Ocean Energy Installations","date_of_la":"28/08/2025 00:00","metadata_a":"No","metadata_l":"N/A","otherlinks":"https://www.ocean-energy-systems.org/publications/oes-annual-reports/","eia":"N/A","eialink":"","notes":""}},{"type":"Feature","id":"oenergy.fid--752362db_1a116aa1509_-7993","geometry":{"type":"Point","coordinates":[-5.06,51.55]},"geometry_name":"the_geom","properties":{"id":165,"id_1":165,"latitude":51.55,"longitude":-5.06,"country":"United Kingdom","seabasin":"Atlantic","sea":"Celtic Sea","location":"West Anglesey Demonstration Zone","coast_dist":7418.0,"posinfo":"Original","name":"Morlais Orbital O2","facid":"OE-UK100","start_year":"2018","end_year":"","resource":"Tidal","technology":"Horizontal axis turbine","device":"Orbital O2","device_sca":"Part-scale / part-function prototype","project_sc":"Sea testing","status":"Consented","project_ca":"2000","project_pr":"Orbital Marine Power","web_page":"https://orbitalanglesey.com/","source":"Web page","service_or":"Report","link_to_so":"https://www.ocean-energy-systems.org/publications/oes-annual-reports/","source_det":"OES Annual Reports","date_of_la":"28/08/2025 00:00","metadata_a":"No","metadata_l":"N/A","otherlinks":"N/A","eia":"N/A","eialink":"","notes":""}},{"type":"Feature","id":"oenergy.fid--752362db_1a116aa1509_-7992","geometry":{"type":"Point","coordinates":[-4.969,52.013]},"geometry_name":"the_geom","properties":{"id":166,"id_1":166,"latitude":52.013,"longitude":-4.969,"country":"United Kingdom","seabasin":"Atlantic","sea":"Celtic Sea","location":"off the coastline of Fishguard and Goodwick, Pembrokeshire","coast_dist":945.0,"posinfo":"Original","name":"Strumble Head tidal energy project","facid":"OE-UK101","start_year":"","end_year":"","resource":"Tidal","technology":"N/A","device":"N/A","device_sca":"N/A","project_sc":"N/A","status":"Early concept","project_ca":"","project_pr":"Transition Bro Gwaun (TBG)","web_page":"http://transitionbrogwaun.org.uk/tidal-energy-project/","source":"Web page","service_or":"Map viewer","link_to_so":"https://www.ocean-energy-systems.org/ocean-energy/gis-map-tool/","source_det":"IEA-OES GIS Map of Ocean Energy Installations","date_of_la":"28/08/2025 00:00","metadata_a":"No","metadata_l":"N/A","otherlinks":"N/A","eia":"N/A","eialink":"","notes":""}},{"type":"Feature","id":"oenergy.fid--752362db_1a116aa1509_-7991","geometry":{"type":"Point","coordinates":[1.843,57.484]},"geometry_name":"the_geom","properties":{"id":167,"id_1":167,"latitude":57.484,"longitude":1.843,"country":"United Kingdom","seabasin":"Greater North Sea","sea":"Greater North Sea","location":"Huntington Oil Field","coast_dist":216485.0,"posinfo":"Original","name":"Huntington Oil Field","facid":"OE-UK133","start_year":"2019","end_year":"","resource":"Wave","technology":"Point absorber","device":"PB3","device_sca":"N/A","project_sc":"N/A","status":"Completed","project_ca":"110","project_pr":"Ocean Power Technologies (OPT)","web_page":"https://oceanpowertechnologies.com/","source":"Web page","service_or":"Map viewer","link_to_so":"https://www.ocean-energy-systems.org/ocean-energy/gis-map-tool/","source_det":"IEA-OES GIS Map of Ocean Energy Installations","date_of_la":"27/08/2025 00:00","metadata_a":"No","metadata_l":"N/A","otherlinks":"N/A","eia":"N/A","eialink":"","notes":""}},{"type":"Feature","id":"oenergy.fid--752362db_1a116aa1509_-798f","geometry":{"type":"Point","coordinates":[-6.11,55.89]},"geometry_name":"the_geom","properties":{"id":169,"id_1":169,"latitude":55.89,"longitude":-6.11,"country":"United Kingdom","seabasin":"Atlantic","sea":"Celtic Sea","location":"Sound of Islay","coast_dist":1050.0,"posinfo":"Original","name":"Oran na Mara","facid":"OE-UK135","start_year":"2021","end_year":"","resource":"Tidal","technology":"Horizontal axis turbine","device":"TBC","device_sca":"Full scale","project_sc":"Commercial","status":"Pre-planning application","project_ca":"3000","project_pr":"Nova Innovation Ltd","web_page":"https://www.novainnovation.com","source":"Web page","service_or":"N/A","link_to_so":"N/A","source_det":"N/A","date_of_la":"19/09/2024 00:00","metadata_a":"No","metadata_l":"N/A","otherlinks":"N/A","eia":"N/A","eialink":"","notes":"https://marine.gov.scot/sites/default/files/volume_3_-_technical_reports_-_appendix_6.4_-_cumulative_effects_screening.pdf"}},{"type":"Feature","id":"oenergy.fid--752362db_1a116aa1509_-798b","geometry":{"type":"Point","coordinates":[-9.547,52.944]},"geometry_name":"the_geom","properties":{"id":177,"id_1":177,"latitude":52.944,"longitude":-9.547,"country":"Ireland","seabasin":"Atlantic","sea":"Celtic Sea","location":"off the west coast of Co. Clare","coast_dist":4809.0,"posinfo":"Original","name":"Western Star Wave / Project Saoirse (2)","facid":"OE-IE11","start_year":"","end_year":"","resource":"Wave","technology":"Point Absorber","device":"N/A","device_sca":"N/A","project_sc":"Commercial","status":"Planned","project_ca":"25000","project_pr":"Simply Blue Energy (SBE)","web_page":"https://simplybluegroup.com/project/saoirse-wave-energy/","source":"Web page","service_or":"Report","link_to_so":"https://www.ocean-energy-systems.org/publications/oes-annual-reports/document/oes-annual-report-2022/","source_det":"OES Annual Reports","date_of_la":"17/07/2025 00:00","metadata_a":"No","metadata_l":"N/A","otherlinks":"https://ec.europa.eu/assets/cinea/project_fiches/innovation_fund/101133237.pdf","eia":"N/A","eialink":"","notes":""}},{"type":"Feature","id":"oenergy.fid--752362db_1a116aa1509_-798a","geometry":{"type":"Point","coordinates":[-9.547,52.944]},"geometry_name":"the_geom","properties":{"id":177,"id_1":177,"latitude":52.944,"longitude":-9.547,"country":"Ireland","seabasin":"Atlantic","sea":"Celtic Sea","location":"off the west coast of Co. Clare","coast_dist":4809.0,"posinfo":"Original","name":"Western Star Wave / Project Saoirse (1)","facid":"OE-IE10","start_year":"2029","end_year":"","resource":"Wave","technology":"Point Absorber","device":"CorPower C4","device_sca":"N/A","project_sc":"Pre-commercial","status":"Planned","project_ca":"5000","project_pr":"CorPower Ocean","web_page":"https://corpowerocean.com/","source":"Web page","service_or":"Report","link_to_so":"https://www.ocean-energy-systems.org/publications/oes-annual-reports/document/oes-annual-report-2022/","source_det":"OES Annual Reports","date_of_la":"17/07/2025 00:00","metadata_a":"No","metadata_l":"N/A","otherlinks":"https://www.saoirsewaveenergy.com/home","eia":"N/A","eialink":"","notes":""}},{"type":"Feature","id":"oenergy.fid--752362db_1a116aa1509_-7987","geometry":{"type":"Point","coordinates":[-5.07384,51.65866]},"geometry_name":"the_geom","properties":{"id":182,"id_1":182,"latitude":51.65866,"longitude":-5.07384,"country":"United Kingdom","seabasin":"Atlantic","sea":"Celtic Sea","location":"East Pickard Bay (Pembrokeshire)","coast_dist":674.0,"posinfo":"Estimated","name":"mWave Demonstrator","facid":"OE-UK152","start_year":"2021","end_year":"2022","resource":"Wave","technology":"Submerged Pressure Differential","device":"mWave","device_sca":"Full scale","project_sc":"Sea testing","status":"In construction","project_ca":"1500","project_pr":"Bombora Wave Power","web_page":"https://bomborawave.com/projects/","source":"Web page","service_or":"Map viewer","link_to_so":"https://www.ocean-energy-systems.org/ocean-energy/gis-map-tool/","source_det":"IEA-OES GIS Map of Ocean Energy Installations","date_of_la":"27/08/2025 00:00","metadata_a":"No","metadata_l":"N/A","otherlinks":"https://opendata-thecrownestate.opendata.arcgis.com/datasets/thecrownestate::wave-site-agreements-england-wales-ni-the-crown-estate/explore?location=40.957617%2C-79.496111%2C15.43&showTable=true","eia":"N/A","eialink":"","notes":""}},{"type":"Feature","id":"oenergy.fid--752362db_1a116aa1509_-7986","geometry":{"type":"Point","coordinates":[-5.39911,56.45578]},"geometry_name":"the_geom","properties":{"id":183,"id_1":183,"latitude":56.45578,"longitude":-5.39911,"country":"United Kingdom","seabasin":"Atlantic","sea":"Celtic Sea","location":"Connel Sound (Oban)","coast_dist":236.0,"posinfo":"Estimated","name":"PLAT-I Floating Tidal Energy Platform","facid":"OE-UK153","start_year":"2017","end_year":"2018","resource":"Tidal","technology":"Horizontal axis turbine","device":"SCHOTTEL-SIT250","device_sca":"Prototype","project_sc":"Sea testing","status":"Ceased operating","project_ca":"280","project_pr":"Sustainable Marine Energy Ltd","web_page":"www.sustainablemarine.com","source":"Web page","service_or":"Map viewer","link_to_so":"https://maps.espatial.com/maps/_UKRED-Marine-Map/pages/map.jsp?geoMapId=267704&TENANT_ID=115744; https://www.offshore-energy.biz/plat-i-tidal-platform-generates-first-power/","source_det":"Offshore Energy; RenewableUK Marine Energy Database","date_of_la":"27/08/2025 00:00","metadata_a":"No","metadata_l":"N/A","otherlinks":"https://www.researchgate.net/publication/326572960_Field_Performance_Testing_of_a_Floating_Tidal_Energy_Platform-Part_1_Power_Performance","eia":"N/A","eialink":"","notes":""}},{"type":"Feature","id":"oenergy.fid--752362db_1a116aa1509_-7980","geometry":{"type":"Point","coordinates":[-1.501507,50.706535]},"geometry_name":"the_geom","properties":{"id":190,"id_1":190,"latitude":50.706535,"longitude":-1.501507,"country":"United Kingdom","seabasin":"Greater North Sea","sea":"Greater North Sea","location":"Yarmouth Harbour (Isle of Wight)","coast_dist":63.0,"posinfo":"Estimated","name":"Tiger project-T2, T3","facid":"OE-UK156","start_year":"2022","end_year":"","resource":"Tidal","technology":"Horizontal Axis Turbine","device":"Tocardo T2 & T3","device_sca":"Full scale","project_sc":"Commercial","status":"Completed","project_ca":"600","project_pr":"Tocardo International BV","web_page":"http://www.tocardo.com/projects_and_showcases/den_oever_ttc.html","source":"Web page","service_or":"N/A","link_to_so":"N/A","source_det":"N/A","date_of_la":"13/11/2023 00:00","metadata_a":"No","metadata_l":"N/A","otherlinks":"https://interregtiger.com/expanding-the-marine-energy-market/development-sites-and-procurement/yarmouth-harbour/","eia":"N/A","eialink":"","notes":""}},{"type":"Feature","id":"oenergy.fid--752362db_1a116aa1509_-797f","geometry":{"type":"Point","coordinates":[-1.501507,50.706535]},"geometry_name":"the_geom","properties":{"id":190,"id_1":190,"latitude":50.706535,"longitude":-1.501507,"country":"United Kingdom","seabasin":"Greater North Sea","sea":"Greater North Sea","location":"Yarmouth Harbour (Isle of Wight)","coast_dist":63.0,"posinfo":"Estimated","name":"Tiger project-T1","facid":"OE-UK155","start_year":"2021","end_year":"","resource":"Tidal","technology":"Horizontal Axis Turbine","device":"Tocardo T1","device_sca":"Full scale","project_sc":"Commercial","status":"Completed","project_ca":"350","project_pr":"Tocardo International BV","web_page":"http://www.tocardo.com/projects_and_showcases/den_oever_ttc.html","source":"Web page","service_or":"N/A","link_to_so":"N/A","source_det":"N/A","date_of_la":"13/11/2023 00:00","metadata_a":"No","metadata_l":"N/A","otherlinks":"https://interregtiger.com/expanding-the-marine-energy-market/development-sites-and-procurement/yarmouth-harbour/","eia":"N/A","eialink":"","notes":""}},{"type":"Feature","id":"oenergy.fid--752362db_1a116aa1509_-797e","geometry":{"type":"Point","coordinates":[-1.2826393,50.54933601]},"geometry_name":"the_geom","properties":{"id":191,"id_1":191,"latitude":50.549336005,"longitude":-1.28263930022,"country":"United Kingdom","seabasin":"Greater North Sea","sea":"Greater North Sea","location":"St Catherine's Point (Isle of Wight)","coast_dist":2980.0,"posinfo":"Original","name":"PTEC Regeneration Process- Tiger Project","facid":"OE-UK157","start_year":"2021","end_year":"","resource":"Tidal","technology":"N/A","device":"N/A","device_sca":"N/A","project_sc":"N/A","status":"Consented","project_ca":"5000","project_pr":"QED Naval","web_page":"N/A","source":"Web page","service_or":"Map viewer/Shapefile","link_to_so":"https://opendata-thecrownestate.opendata.arcgis.com/datasets/5672a176762e4a3d8fb597039abb22d2/explore?showTable=true","source_det":"The Crown Estate","date_of_la":"28/08/2025 00:00","metadata_a":"No","metadata_l":"N/A","otherlinks":"https://interregtiger.com/press-release-isle-of-wight-tidal-power-project-gains-consent/; https://interregtiger.com/expanding-the-marine-energy-market/development-sites-and-procurement/yarmouth-harbour/","eia":"N/A","eialink":"","notes":""}},{"type":"Feature","id":"oenergy.fid--752362db_1a116aa1509_-797b","geometry":{"type":"Point","coordinates":[-5.636611,57.391674]},"geometry_name":"the_geom","properties":{"id":199,"id_1":199,"latitude":57.391674,"longitude":-5.636611,"country":"United Kingdom","seabasin":"Atlantic","sea":"Celtic Sea","location":"Kishorn Port","coast_dist":273.0,"posinfo":"Estimated","name":"Wave Net Array","facid":"OE-UK160","start_year":"2013","end_year":"2014","resource":"Wave","technology":"Point absorber","device":"Squid Device","device_sca":"Prototype","project_sc":"Sea testing","status":"Completed","project_ca":"450","project_pr":"Albatern Ltd","web_page":"https://www.linkedin.com/company/albatern","source":"Web page","service_or":"N/A","link_to_so":"N/A","source_det":"N/A","date_of_la":"13/11/2023 00:00","metadata_a":"No","metadata_l":"N/A","otherlinks":"N/A","eia":"N/A","eialink":"","notes":""}},{"type":"Feature","id":"oenergy.fid--752362db_1a116aa1509_-797a","geometry":{"type":"Point","coordinates":[-4.422078,57.326701]},"geometry_name":"the_geom","properties":{"id":200,"id_1":200,"latitude":57.326701,"longitude":-4.422078,"country":"United Kingdom","seabasin":"Greater North Sea","sea":"Greater North Sea","location":"Loch Ness","coast_dist":0.0,"posinfo":"Estimated","name":"AWS Ocean","facid":"OE-UK162","start_year":"2010","end_year":"","resource":"Wave","technology":"Point Absorber","device":"AWSIII","device_sca":"1:9 scale","project_sc":"Pilot device","status":"Completed","project_ca":"","project_pr":"AWS Ocean Energy\u00a0","web_page":"https://awsocean.com/research-development/","source":"Web page","service_or":"N/A","link_to_so":"N/A","source_det":"N/A","date_of_la":"13/11/2023 00:00","metadata_a":"No","metadata_l":"N/A","otherlinks":"https://www.renewableenergymagazine.com/ocean_energy/aws-tests-wave-energy-prototype-in-loch","eia":"N/A","eialink":"","notes":""}},{"type":"Feature","id":"oenergy.fid--752362db_1a116aa1509_-7979","geometry":{"type":"Point","coordinates":[-3.186863,58.833428]},"geometry_name":"the_geom","properties":{"id":201,"id_1":201,"latitude":58.833428,"longitude":-3.186863,"country":"United Kingdom","seabasin":"Greater North Sea","sea":"Greater North Sea","location":"Lynes quay (Orkney)","coast_dist":243.0,"posinfo":"Estimated","name":"AWS Ocean","facid":"OE-UK163","start_year":"2014","end_year":"","resource":"Wave","technology":"Point Absorber","device":"AWSIII","device_sca":"Full Scale","project_sc":"Sea testing","status":"Completed","project_ca":"2400","project_pr":"AWS Ocean Energy\u00a0","web_page":"https://awsocean.com/research-development/","source":"Web page","service_or":"N/A","link_to_so":"N/A","source_det":"N/A","date_of_la":"13/11/2023 00:00","metadata_a":"No","metadata_l":"N/A","otherlinks":"https://www.researchgate.net/publication/338740936_Preliminary_design_of_a_hybrid_wave_energy_converter_integrated_into_a_rubble_mound_breakwater","eia":"N/A","eialink":"","notes":""}},{"type":"Feature","id":"oenergy.fid--752362db_1a116aa1509_-7978","geometry":{"type":"Point","coordinates":[-5.47,51.78]},"geometry_name":"the_geom","properties":{"id":205,"id_1":205,"latitude":51.78,"longitude":-5.47,"country":"United Kingdom","seabasin":"Atlantic","sea":"Celtic Sea","location":"Wales","coast_dist":9321.0,"posinfo":"Original","name":"Dyfed Wave Demonstrator","facid":"OE-UK165","start_year":"","end_year":"2022","resource":"Wave","technology":"N/A","device":"N/A","device_sca":"N/A","project_sc":"N/A","status":"Cancelled","project_ca":"3600","project_pr":"Floating Power Plant Ltd","web_page":"https://www.floatingpowerplant.com/floating-wind-projects/","source":"Web page","service_or":"Map viewer","link_to_so":"https://maps.esp.tl/maps/_UKRED-Marine-Map/pages/map.jsp?geoMapId=267704&TENANT_ID=115744","source_det":"RenewableUK Marine Energy Database","date_of_la":"27/08/2025 00:00","metadata_a":"No","metadata_l":"N/A","otherlinks":"N/A","eia":"N/A","eialink":"","notes":""}}],"numberReturned":178,"timeStamp":"2026-10-07T14:03:21.884Z","crs":{"type":"name","properties":{"name":"urn:ogc:def:crs:EPSG::4326"}},"helmlore_source":{"provider":"EMODnet Human Activities","metadata":"https://emodnet.ec.europa.eu/geonetwork/srv/api/records/6414b069-8cb5-443e-a0d7-d08e909c43e2","retrieved":"2026-10-07","query_bounds":[-20,48,10,63],"scope":"UK and Ireland surrounding seas study extent, including neighbouring countries. Features intersect extent; not clipped or country filtered. Not a complete hazard inventory.","changes":"Spatial query subset; geometry unchanged. Country filtered to UK and Ireland (UK fibre cables layer retained as supplied).","licence":"CC BY 4.0"}}