{"type":"FeatureCollection","features":[{"type":"Feature","id":"platforms.95","geometry":{"type":"Point","coordinates":[-8.01549,51.360809]},"geometry_name":"the_geom","properties":{"country":"Ireland","platformid":"IE2","current_status":"Operational","name":"Kinsale Head Alpha","category":"Fixed steel","function":"Above water production","operator":"PSE Kinsale Energy","location_blocks":"Block 49/16","primary_production":"Natural Gas","weight_sub":5000.0,"weight_top":3000.0,"production_start":null,"valid_from":"19780101","valid_to":null,"water_depth":92.0,"coast_dist":45021.9059494,"remarks":null}},{"type":"Feature","id":"platforms.97","geometry":{"type":"Point","coordinates":[-7.944936,51.37082]},"geometry_name":"the_geom","properties":{"country":"Ireland","platformid":"IE3","current_status":"Operational","name":"Kinsale Head Bravo","category":"Fixed steel","function":"Above water storage and production","operator":"PSE Kinsale Energy","location_blocks":"Block 48/20","primary_production":"Natural Gas","weight_sub":5000.0,"weight_top":3000.0,"production_start":null,"valid_from":"19780101","valid_to":null,"water_depth":93.0,"coast_dist":47250.9502611,"remarks":null}},{"type":"Feature","id":"platforms.91","geometry":{"type":"Point","coordinates":[-8.33418,51.196803]},"geometry_name":"the_geom","properties":{"country":"Ireland","platformid":"IE6","current_status":"Operational","name":"Seven Heads","category":"Subsea steel","function":"Subsea (5 wells)","operator":"PSE Kinsale Energy","location_blocks":"Block 48/24","primary_production":"Natural Gas","weight_sub":82.0,"weight_top":null,"production_start":null,"valid_from":"20030101","valid_to":null,"water_depth":93.0,"coast_dist":47414.8819442,"remarks":null}},{"type":"Feature","id":"platforms.92","geometry":{"type":"Point","coordinates":[-8.124558,51.451944]},"geometry_name":"the_geom","properties":{"country":"Ireland","platformid":"IE1","current_status":"Operational","name":"Ballycotton","category":"Subsea steel","function":"Subsea (1 well)","operator":"PSE Kinsale Energy","location_blocks":"Block 48/20","primary_production":"Natural Gas","weight_sub":35.0,"weight_top":null,"production_start":null,"valid_from":"19910101","valid_to":null,"water_depth":87.0,"coast_dist":33016.9996039,"remarks":null}},{"type":"Feature","id":"platforms.93","geometry":{"type":"Point","coordinates":[-11.058547,54.339003]},"geometry_name":"the_geom","properties":{"country":"Ireland","platformid":"IE7","current_status":"Decommissioned","name":"Corrib","category":"Subsea steel","function":"Subsea (7 wells)","operator":"Shell","location_blocks":"Block 18/20-25","primary_production":"Natural Gas","weight_sub":375.0,"weight_top":null,"production_start":null,"valid_from":null,"valid_to":null,"water_depth":333.0,"coast_dist":56856.6051747,"remarks":"Under commission, Central manifold location,"}},{"type":"Feature","id":"platforms.94","geometry":{"type":"Point","coordinates":[-8.099091,51.32642]},"geometry_name":"the_geom","properties":{"country":"Ireland","platformid":"IE5","current_status":"Operational","name":"Greensand","category":"Subsea steel","function":"Subsea (1 well)","operator":"PSE Kinsale Energy","location_blocks":"Block 48/25","primary_production":"Natural Gas","weight_sub":35.0,"weight_top":null,"production_start":null,"valid_from":"20030101","valid_to":null,"water_depth":93.0,"coast_dist":43213.3681683,"remarks":null}},{"type":"Feature","id":"platforms.96","geometry":{"type":"Point","coordinates":[-8.098433,51.327114]},"geometry_name":"the_geom","properties":{"country":"Ireland","platformid":"IE4","current_status":"Operational","name":"South West Kinsale","category":"Subsea steel","function":"Subsea (3 wells)","operator":"PSE Kinsale Energy","location_blocks":"Block 48/25","primary_production":"Natural Gas","weight_sub":105.0,"weight_top":null,"production_start":null,"valid_from":"20010101","valid_to":null,"water_depth":93.0,"coast_dist":43189.7172436,"remarks":null}},{"type":"Feature","id":"platforms.1315","geometry":{"type":"Point","coordinates":[1.02721771,53.80658136]},"geometry_name":"the_geom","properties":{"country":"United Kingdom","platformid":"da061ede-0266-4723-a0fe-111920b2","current_status":"Operational","name":"HYDE","category":"PLATFORM","function":"WELLHEAD STEEL","operator":"PERENCO OIL & GAS","location_blocks":null,"primary_production":null,"weight_sub":null,"weight_top":null,"production_start":null,"valid_from":null,"valid_to":null,"water_depth":0.0,"coast_dist":61904.1554945,"remarks":null}},{"type":"Feature","id":"platforms.1350","geometry":{"type":"Point","coordinates":[-4.1218069,54.78648963]},"geometry_name":"the_geom","properties":{"country":"United Kingdom","platformid":"9cfd38a2-8adb-4364-b2bc-d9ff3734","current_status":"Operational","name":"DUNROD POINT","category":"TERMINAL","function":"DUNROD POINT","operator":null,"location_blocks":null,"primary_production":null,"weight_sub":null,"weight_top":null,"production_start":null,"valid_from":null,"valid_to":null,"water_depth":0.0,"coast_dist":130.903421706,"remarks":null}},{"type":"Feature","id":"platforms.1227","geometry":{"type":"Point","coordinates":[-3.86137143,54.02623955]},"geometry_name":"the_geom","properties":{"country":"United Kingdom","platformid":"0cf73cb0-d034-45ac-9aba-16ab5945","current_status":"Operational","name":"MILLOM WEST","category":"PLATFORM","function":"REMOTE DRILLING AND PRODUCTION PLATFORM","operator":"HARBOUR ENERGY PLC","location_blocks":null,"primary_production":null,"weight_sub":null,"weight_top":null,"production_start":null,"valid_from":null,"valid_to":null,"water_depth":0.0,"coast_dist":39242.9568564,"remarks":null}},{"type":"Feature","id":"platforms.1228","geometry":{"type":"Point","coordinates":[1.65835557,54.29886632]},"geometry_name":"the_geom","properties":{"country":"United Kingdom","platformid":"4307cce6-d5a6-4a90-a25c-71113b31","current_status":"Operational","name":"TRENT","category":"PLATFORM","function":"WELLHEAD STEEL","operator":"PERENCO OIL & GAS","location_blocks":null,"primary_production":null,"weight_sub":null,"weight_top":null,"production_start":null,"valid_from":null,"valid_to":null,"water_depth":0.0,"coast_dist":115000.292362,"remarks":null}},{"type":"Feature","id":"platforms.1229","geometry":{"type":"Point","coordinates":[1.40282335,58.04691686]},"geometry_name":"the_geom","properties":{"country":"United Kingdom","platformid":"797573da-3b0b-40d3-aad7-0063c7a4","current_status":"Operational","name":"ANDREW","category":"PLATFORM","function":"DRILLING & PRODUCTION STEEL","operator":"BP EXPLORATION","location_blocks":null,"primary_production":null,"weight_sub":null,"weight_top":null,"production_start":null,"valid_from":null,"valid_to":null,"water_depth":0.0,"coast_dist":197672.907485,"remarks":null}},{"type":"Feature","id":"platforms.1230","geometry":{"type":"Point","coordinates":[2.32236403,54.26795147]},"geometry_name":"the_geom","properties":{"country":"United Kingdom","platformid":"9b86a7be-29ab-418e-9f25-d3c5c428","current_status":"Closed down","name":"MURDOCH DRILLING","category":"PLATFORM","function":"WELLHEAD DRILLING STEEL","operator":"CHRYSAOR HOLDINGS","location_blocks":null,"primary_production":null,"weight_sub":null,"weight_top":null,"production_start":null,"valid_from":"19930101","valid_to":null,"water_depth":0.0,"coast_dist":157458.020981,"remarks":"Change in status from ACTIVE to NOT IN USE."}},{"type":"Feature","id":"platforms.1231","geometry":{"type":"Point","coordinates":[-1.83810239,50.51613678]},"geometry_name":"the_geom","properties":{"country":"United Kingdom","platformid":"3bebaf37-69c0-401c-8a21-66f2b645","current_status":"Operational","name":"ENGLISH CHANNEL TITAN BUOY 2: KFB18/2012 AREA4","category":"BUOY","function":"ENGLISH CHANNEL TITAN BUOY 2: KFB18/2012 AREA4","operator":null,"location_blocks":null,"primary_production":null,"weight_sub":null,"weight_top":null,"production_start":null,"valid_from":"20120910","valid_to":null,"water_depth":0.0,"coast_dist":11842.4994487,"remarks":"marked with dahn flag. attached to a ground weight and from this a ground line connects a sub surface riser and instruments will be positioned at approx10 metres above the sea bed."}},{"type":"Feature","id":"platforms.1232","geometry":{"type":"Point","coordinates":[0.72266974,53.61068178]},"geometry_name":"the_geom","properties":{"country":"United Kingdom","platformid":"7fe69d1c-08b0-4f8f-a51a-55523873","current_status":"Operational","name":"AMETHYST A1D","category":"PLATFORM","function":"WELLHEAD STEEL","operator":"PERENCO OIL & GAS","location_blocks":null,"primary_production":null,"weight_sub":null,"weight_top":null,"production_start":null,"valid_from":null,"valid_to":null,"water_depth":0.0,"coast_dist":38070.9532131,"remarks":null}},{"type":"Feature","id":"platforms.1233","geometry":{"type":"Point","coordinates":[-1.93696721,50.58252078]},"geometry_name":"the_geom","properties":{"country":"United Kingdom","platformid":"437c0416-b475-416d-a16d-472839aa","current_status":"Operational","name":"ENGLISH CHANNEL TITAN BUOY 6: KFB18/2012 AREA4","category":"BUOY","function":"ENGLISH CHANNEL TITAN BUOY 6: KFB18/2012 AREA4","operator":null,"location_blocks":null,"primary_production":null,"weight_sub":null,"weight_top":null,"production_start":null,"valid_from":"20120910","valid_to":null,"water_depth":0.0,"coast_dist":1673.09222674,"remarks":"marked with dahn flag. attached to a ground weight and from this a ground line connects a sub surface riser and instruments will be positioned at approx10 metres above the sea bed."}},{"type":"Feature","id":"platforms.1234","geometry":{"type":"Point","coordinates":[-3.18263897,54.09238557]},"geometry_name":"the_geom","properties":{"country":"United Kingdom","platformid":"2194e037-8f05-434d-b948-f3685b38","current_status":"Operational","name":"BARROW-IN-FURNESS GAS TERMINAL","category":"TERMINAL","function":"BARROW-IN-FURNESS GAS TERMINAL","operator":null,"location_blocks":null,"primary_production":null,"weight_sub":null,"weight_top":null,"production_start":null,"valid_from":null,"valid_to":null,"water_depth":0.0,"coast_dist":284.141353706,"remarks":null}},{"type":"Feature","id":"platforms.1235","geometry":{"type":"Point","coordinates":[1.21928314,53.96301095]},"geometry_name":"the_geom","properties":{"country":"United Kingdom","platformid":"a2480ab4-a44c-447b-b644-dbaa2f4e","current_status":"Operational","name":"BABBAGE","category":"PLATFORM","function":"BABBAGE","operator":"NEO ENERGY GROUP","location_blocks":null,"primary_production":null,"weight_sub":null,"weight_top":null,"production_start":null,"valid_from":"20090920","valid_to":null,"water_depth":0.0,"coast_dist":79975.7496315,"remarks":null}},{"type":"Feature","id":"platforms.1236","geometry":{"type":"Point","coordinates":[1.1479831,61.23993063]},"geometry_name":"the_geom","properties":{"country":"United Kingdom","platformid":"d7b68aba-7d40-4bf4-b979-07f85afd","current_status":"Operational","name":"CORMORANT NORTH","category":"PLATFORM","function":"PRODUCTION & DRILLING STEEL","operator":"TAQA EUROPA B.V.","location_blocks":null,"primary_production":null,"weight_sub":null,"weight_top":null,"production_start":null,"valid_from":null,"valid_to":null,"water_depth":0.0,"coast_dist":113182.392323,"remarks":null}},{"type":"Feature","id":"platforms.1237","geometry":{"type":"Point","coordinates":[2.31458334,53.04038879]},"geometry_name":"the_geom","properties":{"country":"United Kingdom","platformid":"93d89588-2226-41a5-8923-1a569e12","current_status":"Operational","name":"LEMAN FP","category":"PLATFORM","function":"PRODUCTION STEEL","operator":"PERENCO OIL & GAS","location_blocks":null,"primary_production":null,"weight_sub":null,"weight_top":null,"production_start":null,"valid_from":null,"valid_to":null,"water_depth":0.0,"coast_dist":54289.1144495,"remarks":null}},{"type":"Feature","id":"platforms.1238","geometry":{"type":"Point","coordinates":[-3.34982095,53.53333567]},"geometry_name":"the_geom","properties":{"country":"United Kingdom","platformid":"3725f329-5227-4705-a10b-9774e594","current_status":"Operational","name":"LIVERPOOL BAY SMART BUOY KFB20/2012 AREA5","category":"BUOY","function":"LIVERPOOL BAY SMART BUOY KFB20/2012 AREA5","operator":"CEFAS","location_blocks":null,"primary_production":null,"weight_sub":null,"weight_top":null,"production_start":null,"valid_from":"20120914","valid_to":null,"water_depth":0.0,"coast_dist":16434.2117053,"remarks":null}},{"type":"Feature","id":"platforms.1239","geometry":{"type":"Point","coordinates":[1.53635839,59.54512124]},"geometry_name":"the_geom","properties":{"country":"United Kingdom","platformid":"1e078993-d72a-4423-9581-7c03678a","current_status":"Operational","name":"BERYL A RISER","category":"PLATFORM","function":"RISER STEEL","operator":"APACHE CORPORATION","location_blocks":null,"primary_production":null,"weight_sub":null,"weight_top":null,"production_start":null,"valid_from":null,"valid_to":null,"water_depth":0.0,"coast_dist":157057.019907,"remarks":null}},{"type":"Feature","id":"platforms.1240","geometry":{"type":"Point","coordinates":[2.65926324,54.40303578]},"geometry_name":"the_geom","properties":{"country":"United Kingdom","platformid":"7874012f-dd38-4b03-b6f9-ef5d67f2","current_status":"Under construction","name":"KATY KT","category":"PLATFORM","function":"KATY PLATFORM","operator":"CHRYSAOR HOLDINGS","location_blocks":null,"primary_production":null,"weight_sub":null,"weight_top":null,"production_start":null,"valid_from":"20120704","valid_to":null,"water_depth":0.0,"coast_dist":181075.324414,"remarks":"Change in status from PRECOMMISSION to ACTIVE."}},{"type":"Feature","id":"platforms.1241","geometry":{"type":"Point","coordinates":[2.20606372,56.72440733]},"geometry_name":"the_geom","properties":{"country":"United Kingdom","platformid":"4246bb75-94eb-4692-9145-b882af32","current_status":"Under construction","name":"JASMINE WELLHEAD PLATFORM","category":"PLATFORM","function":"JASMINE WELLHEAD PLATFORM","operator":"CHRYSAOR HOLDINGS","location_blocks":null,"primary_production":null,"weight_sub":null,"weight_top":null,"production_start":null,"valid_from":"20110601","valid_to":null,"water_depth":0.0,"coast_dist":255262.997427,"remarks":"Asset transfer from ConocoPhillips to Chrysaor October 2019"}},{"type":"Feature","id":"platforms.1242","geometry":{"type":"Point","coordinates":[-3.54599535,53.68274637]},"geometry_name":"the_geom","properties":{"country":"United Kingdom","platformid":"d24aac6c-1b84-4c25-b089-beba09c1","current_status":"Operational","name":"OSI (OFFSHORE STORAGE INST.)","category":"FPSO","function":"STORAGE UNIT ATTACHED TO CALRAM BUOY","operator":"ENI UK LIMITED","location_blocks":null,"primary_production":null,"weight_sub":null,"weight_top":null,"production_start":null,"valid_from":"19950101","valid_to":null,"water_depth":0.0,"coast_dist":32181.4903166,"remarks":null}},{"type":"Feature","id":"platforms.1243","geometry":{"type":"Point","coordinates":[2.81670225,53.1833276]},"geometry_name":"the_geom","properties":{"country":"United Kingdom","platformid":"11283cd7-dcc3-44f0-a7d2-8ed3b06a","current_status":"Operational","name":"SURFACE MOORING BUOY 2","category":"OTHER SURFACE","function":"MOORING BUOY 2 LOCATED BETWEEN ROMEO AND PAP PLATFORMS","operator":"ONE-DYAS","location_blocks":null,"primary_production":null,"weight_sub":null,"weight_top":null,"production_start":null,"valid_from":"20170314","valid_to":null,"water_depth":0.0,"coast_dist":90918.0638264,"remarks":null}},{"type":"Feature","id":"platforms.1244","geometry":{"type":"Point","coordinates":[1.73089811,53.45856692]},"geometry_name":"the_geom","properties":{"country":"United Kingdom","platformid":"77290eac-0363-4065-a46d-c5e923f4","current_status":"Operational","name":"CLIPPER PT","category":"PLATFORM","function":"CLIPPER PT","operator":"ROYAL DUTCH SHELL","location_blocks":null,"primary_production":null,"weight_sub":null,"weight_top":null,"production_start":null,"valid_from":"19900401","valid_to":null,"water_depth":0.0,"coast_dist":65197.8995599,"remarks":null}},{"type":"Feature","id":"platforms.1245","geometry":{"type":"Point","coordinates":[-1.89555292,50.46997089]},"geometry_name":"the_geom","properties":{"country":"United Kingdom","platformid":"68fdfad5-33c1-4f60-a565-f9531cde","current_status":"Operational","name":"ENGLISH CHANNEL TITAN BUOY 1: KFB18/2012 AREA4","category":"BUOY","function":"ENGLISH CHANNEL TITAN BUOY 1: KFB18/2012 AREA4","operator":null,"location_blocks":null,"primary_production":null,"weight_sub":null,"weight_top":null,"production_start":null,"valid_from":"20120910","valid_to":null,"water_depth":0.0,"coast_dist":14232.1207697,"remarks":"marked with dahn flag. attached to a ground weight and from this a ground line connects a sub surface riser and instruments will be positioned at approx10 metres above the sea bed."}},{"type":"Feature","id":"platforms.1246","geometry":{"type":"Point","coordinates":[-2.49171085,56.55450486]},"geometry_name":"the_geom","properties":{"country":"United Kingdom","platformid":"6f0531aa-febe-4817-90a7-db9f648d","current_status":"Closed down","name":"ARBORATH SAMMO - 1 DATA BUOY KFB 23/2012 AREA 2","category":"BUOY","function":"ARBORATH SAMMO - 1 DATA BUOY KFB 23/2012 AREA 2","operator":null,"location_blocks":null,"primary_production":null,"weight_sub":null,"weight_top":null,"production_start":null,"valid_from":"20121105","valid_to":null,"water_depth":0.0,"coast_dist":3224.54254896,"remarks":null}},{"type":"Feature","id":"platforms.1247","geometry":{"type":"Point","coordinates":[-2.49360189,60.73643041]},"geometry_name":"the_geom","properties":{"country":"United Kingdom","platformid":"d411d73f-5549-45aa-9e87-ba8083b8","current_status":"Operational","name":"CLAIR RIDGE DP","category":"PLATFORM","function":"CLAIR RIDGE DRILLING AND PRODUCTION PLATFORM","operator":"BP EXPLORATION","location_blocks":null,"primary_production":null,"weight_sub":null,"weight_top":null,"production_start":null,"valid_from":"20131009","valid_to":null,"water_depth":0.0,"coast_dist":53060.4365381,"remarks":"V33 Now manned - Jacket installed June. Final location may change very slightly (<1.0m)"}},{"type":"Feature","id":"platforms.1248","geometry":{"type":"Point","coordinates":[0.59354881,53.94934705]},"geometry_name":"the_geom","properties":{"country":"United Kingdom","platformid":"69a80bbb-a573-4f32-95a4-2a85d1bf","current_status":"Operational","name":"MINERVA","category":"PLATFORM","function":"MINERVA PLATFORM","operator":"PERENCO OIL & GAS","location_blocks":null,"primary_production":null,"weight_sub":null,"weight_top":null,"production_start":null,"valid_from":null,"valid_to":null,"water_depth":0.0,"coast_dist":44050.5618774,"remarks":"BP provide operating service to BG"}},{"type":"Feature","id":"platforms.1249","geometry":{"type":"Point","coordinates":[1.03307033,54.05398117]},"geometry_name":"the_geom","properties":{"country":"United Kingdom","platformid":"a6de4011-32f8-4c0c-a8ed-49bf095f","current_status":"Operational","name":"RAVENSPURN NORTH ST2","category":"PLATFORM","function":"WELLHEAD STEEL","operator":"PERENCO OIL & GAS","location_blocks":null,"primary_production":null,"weight_sub":null,"weight_top":null,"production_start":null,"valid_from":null,"valid_to":null,"water_depth":0.0,"coast_dist":72896.0267484,"remarks":null}},{"type":"Feature","id":"platforms.1250","geometry":{"type":"Point","coordinates":[0.7506404,50.7451016]},"geometry_name":"the_geom","properties":{"country":"United Kingdom","platformid":"d5f8570f-ab9c-4dab-8f02-693d1dcb","current_status":"Operational","name":"HASTINGS GUARD BUOY 2 KFB25/2012 AREA3","category":"BUOY","function":"HASTINGS GUARD BUOY 2 KFB25/2012 AREA3","operator":"CEFAS","location_blocks":null,"primary_production":null,"weight_sub":null,"weight_top":null,"production_start":null,"valid_from":"20120801","valid_to":null,"water_depth":0.0,"coast_dist":15320.9792925,"remarks":"OCEANOGRAPHIC EQUIPMENT FITTED WITH A YELLOW LIGHT EXHIBITING THE SEQUENCE FL Y (5) 20S"}},{"type":"Feature","id":"platforms.1251","geometry":{"type":"Point","coordinates":[1.5268667,61.5771667]},"geometry_name":"the_geom","properties":{"country":"United Kingdom","platformid":"40379364-128f-49e1-9ea8-8403c9f3","current_status":"Operational","name":"PENGUINS WAVERIDER","category":"MONITOR BUOY","function":"PENGUINS WAVERIDER","operator":"ROYAL DUTCH SHELL","location_blocks":null,"primary_production":null,"weight_sub":null,"weight_top":null,"production_start":null,"valid_from":"20211005","valid_to":null,"water_depth":0.0,"coast_dist":148752.618012,"remarks":"Installed by BV Solutions (0.9m Diameter) Notification by sspeirs@bvsolutions-mo.com 04/10/2021"}},{"type":"Feature","id":"platforms.1252","geometry":{"type":"Point","coordinates":[2.56633944,53.30665452]},"geometry_name":"the_geom","properties":{"country":"United Kingdom","platformid":"16c0acfc-a78d-479d-b3bb-cbd9311b","current_status":"Operational","name":"INDE CD","category":"PLATFORM","function":"DRILLING & ACCOMMODATION STEEL","operator":"PERENCO OIL & GAS","location_blocks":null,"primary_production":null,"weight_sub":null,"weight_top":null,"production_start":null,"valid_from":null,"valid_to":null,"water_depth":0.0,"coast_dist":86279.6121173,"remarks":null}},{"type":"Feature","id":"platforms.1253","geometry":{"type":"Point","coordinates":[-3.93322075,51.43332145]},"geometry_name":"the_geom","properties":{"country":"United Kingdom","platformid":"a5312048-a450-4d2f-b064-11901c0a","current_status":"Operational","name":"SCARWEATHER WAVERIDER BUOY KFB20/2012 AREA5","category":"BUOY","function":"SCARWEATHER WAVERIDER BUOY KFB20/2012 AREA5","operator":"CEFAS","location_blocks":null,"primary_production":null,"weight_sub":null,"weight_top":null,"production_start":null,"valid_from":"20120914","valid_to":null,"water_depth":0.0,"coast_dist":14939.2591067,"remarks":null}},{"type":"Feature","id":"platforms.1254","geometry":{"type":"Point","coordinates":[0.80823494,57.25653303]},"geometry_name":"the_geom","properties":{"country":"United Kingdom","platformid":"bcb1c849-dc88-4c24-83a9-e9531003","current_status":"Operational","name":"ANASURIA","category":"FPSO","function":"FPSO (ANASURIA)","operator":"ANASURIA OPERATING COMPANY LIMITED","location_blocks":null,"primary_production":null,"weight_sub":null,"weight_top":null,"production_start":null,"valid_from":null,"valid_to":null,"water_depth":0.0,"coast_dist":157352.756181,"remarks":"amend Company Identifying Installation and Installation Owner from SHELL to ANASURIA, Shell have been informed."}},{"type":"Feature","id":"platforms.1255","geometry":{"type":"Point","coordinates":[0.91357045,57.74866126]},"geometry_name":"the_geom","properties":{"country":"United Kingdom","platformid":"0978a4c7-f031-4f81-94b2-f7653985","current_status":"Operational","name":"FORTIES BRAVO","category":"PLATFORM","function":"FORTIES BRAVO","operator":"APACHE CORPORATION","location_blocks":null,"primary_production":null,"weight_sub":null,"weight_top":null,"production_start":null,"valid_from":"19740831","valid_to":null,"water_depth":0.0,"coast_dist":162425.140148,"remarks":null}},{"type":"Feature","id":"platforms.1256","geometry":{"type":"Point","coordinates":[2.57443251,53.32436496]},"geometry_name":"the_geom","properties":{"country":"United Kingdom","platformid":"0d0a7652-057f-452e-9be5-860d28d6","current_status":"Operational","name":"INDE AQ","category":"PLATFORM","function":"ACCOMMODATION STEEL","operator":"PERENCO OIL & GAS","location_blocks":null,"primary_production":null,"weight_sub":null,"weight_top":null,"production_start":null,"valid_from":null,"valid_to":null,"water_depth":0.0,"coast_dist":88024.7603727,"remarks":null}},{"type":"Feature","id":"platforms.1257","geometry":{"type":"Point","coordinates":[1.7200935,61.09562566]},"geometry_name":"the_geom","properties":{"country":"United Kingdom","platformid":"20f5b898-9312-4f4c-ba59-0c639f86","current_status":"Operational","name":"BRENT C","category":"PLATFORM","function":"BRENT C","operator":"ROYAL DUTCH SHELL","location_blocks":null,"primary_production":null,"weight_sub":null,"weight_top":null,"production_start":null,"valid_from":"19780701","valid_to":null,"water_depth":0.0,"coast_dist":137898.674633,"remarks":null}},{"type":"Feature","id":"platforms.1258","geometry":{"type":"Point","coordinates":[1.54658529,61.58313033]},"geometry_name":"the_geom","properties":{"country":"United Kingdom","platformid":"5006fb7a-4d87-4729-9fc4-22ea9184","current_status":"Under construction","name":"PENGUINS FPSO","category":"FPSO","function":"PENGUINS FPSO","operator":"ROYAL DUTCH SHELL","location_blocks":null,"primary_production":null,"weight_sub":null,"weight_top":null,"production_start":null,"valid_from":null,"valid_to":null,"water_depth":0.0,"coast_dist":149992.630666,"remarks":"Penguins Redevelopment Project - Derived from Subsea 7 ABZ17-134-RD-AA-0000.dwg"}},{"type":"Feature","id":"platforms.1259","geometry":{"type":"Point","coordinates":[0.23469636,53.36074188]},"geometry_name":"the_geom","properties":{"country":"United Kingdom","platformid":"88bb3242-9470-4ec1-974a-2ead03a2","current_status":"Operational","name":"THEDDLETHORPE GAS TERMINAL","category":"TERMINAL","function":"THEDDLETHORPE GAS TERMINAL","operator":null,"location_blocks":null,"primary_production":null,"weight_sub":null,"weight_top":null,"production_start":null,"valid_from":null,"valid_to":null,"water_depth":0.0,"coast_dist":1011.01923528,"remarks":null}},{"type":"Feature","id":"platforms.1260","geometry":{"type":"Point","coordinates":[2.15288204,54.24299883]},"geometry_name":"the_geom","properties":{"country":"United Kingdom","platformid":"a72c1585-41d9-4244-9a13-fd2f43ee","current_status":"Operational","name":"BOULTON","category":"PLATFORM","function":"WELLHEAD GAS LIFT","operator":"CHRYSAOR HOLDINGS","location_blocks":null,"primary_production":null,"weight_sub":null,"weight_top":null,"production_start":null,"valid_from":"19970101","valid_to":null,"water_depth":0.0,"coast_dist":146216.452982,"remarks":"Asset transfer from ConocoPhillips to Chrysaor October 2019"}},{"type":"Feature","id":"platforms.1261","geometry":{"type":"Point","coordinates":[2.49888525,53.30170793]},"geometry_name":"the_geom","properties":{"country":"United Kingdom","platformid":"4dc1a1be-e19a-4610-95fc-f6ffd7fc","current_status":"Operational","name":"INDE D","category":"PLATFORM","function":"WELLHEAD STEEL","operator":"PERENCO OIL & GAS","location_blocks":null,"primary_production":null,"weight_sub":null,"weight_top":null,"production_start":null,"valid_from":null,"valid_to":null,"water_depth":0.0,"coast_dist":82638.3891624,"remarks":null}},{"type":"Feature","id":"platforms.1262","geometry":{"type":"Point","coordinates":[-1.72211788,50.63285353]},"geometry_name":"the_geom","properties":{"country":"United Kingdom","platformid":"5df542b7-6d61-41a1-ab52-59d4a268","current_status":"Operational","name":"POOLE BAY BUOY 3: KFB 18/2012 AREA 4","category":"BUOY","function":"POOLE BAY GUARD BUOY 3: KFB 18/2012 AREA 4 AUG1012 - APR2016","operator":"CEFAS","location_blocks":null,"primary_production":null,"weight_sub":null,"weight_top":null,"production_start":null,"valid_from":"20120801","valid_to":null,"water_depth":0.0,"coast_dist":9027.79321729,"remarks":"Buoys are fitted with a yellow light exhibiting the sequence Fl Y (5) 20s"}},{"type":"Feature","id":"platforms.1263","geometry":{"type":"Point","coordinates":[-4.27417623,60.31559435]},"geometry_name":"the_geom","properties":{"country":"United Kingdom","platformid":"d7cb57f7-72f9-4285-9428-cdc2fcf7","current_status":"Operational","name":"FOINAVEN FPSO","category":"FPSO","function":"FPSO","operator":"BP EXPLORATION","location_blocks":null,"primary_production":null,"weight_sub":null,"weight_top":null,"production_start":null,"valid_from":null,"valid_to":null,"water_depth":0.0,"coast_dist":121280.360232,"remarks":null}},{"type":"Feature","id":"platforms.1264","geometry":{"type":"Point","coordinates":[-1.2102496,54.63633099]},"geometry_name":"the_geom","properties":{"country":"United Kingdom","platformid":"810321c2-f0ac-46f7-991f-0ff2ba58","current_status":"Operational","name":"TEESSIDE OIL STORAGE DEPOT","category":"TERMINAL","function":"TEESSIDE OIL STORAGE DEPOT","operator":null,"location_blocks":null,"primary_production":null,"weight_sub":null,"weight_top":null,"production_start":null,"valid_from":null,"valid_to":null,"water_depth":0.0,"coast_dist":1041.33633985,"remarks":null}},{"type":"Feature","id":"platforms.1265","geometry":{"type":"Point","coordinates":[-2.00423431,50.55218688]},"geometry_name":"the_geom","properties":{"country":"United Kingdom","platformid":"dc9dfd09-e208-41a6-8e74-25189144","current_status":"Operational","name":"ENGLISH CHANNEL TITAN BUOY 5: KFB18/2012 AREA4","category":"BUOY","function":"ENGLISH CHANNEL TITAN BUOY 5: KFB18/2012 AREA4","operator":null,"location_blocks":null,"primary_production":null,"weight_sub":null,"weight_top":null,"production_start":null,"valid_from":"20120910","valid_to":null,"water_depth":0.0,"coast_dist":4031.59307973,"remarks":"marked with dahn flag. attached to a ground weight and from this a ground line connects a sub surface riser and instruments will be positioned at approx10 metres above the sea bed."}},{"type":"Feature","id":"platforms.1266","geometry":{"type":"Point","coordinates":[0.51066688,57.46767848]},"geometry_name":"the_geom","properties":{"country":"United Kingdom","platformid":"50c58648-4670-41fc-88c4-a6218f3d","current_status":"Operational","name":"KITTIWAKE","category":"PLATFORM","function":"PRODUCTION DRILLING & ACCOMMODATION STEEL","operator":"ENQUEST PLC","location_blocks":null,"primary_production":null,"weight_sub":null,"weight_top":null,"production_start":null,"valid_from":null,"valid_to":null,"water_depth":0.0,"coast_dist":136712.92853,"remarks":null}},{"type":"Feature","id":"platforms.1267","geometry":{"type":"Point","coordinates":[2.86121541,53.18893094]},"geometry_name":"the_geom","properties":{"country":"United Kingdom","platformid":"a274738e-1a71-4dbc-93ec-00c8691d","current_status":"Operational","name":"SEAN PD","category":"PLATFORM","function":"SEAN PP-PD PLATFORM COMPLEX","operator":"ONE-DYAS","location_blocks":null,"primary_production":null,"weight_sub":null,"weight_top":null,"production_start":null,"valid_from":"19860610","valid_to":null,"water_depth":0.0,"coast_dist":93744.6055001,"remarks":null}},{"type":"Feature","id":"platforms.1268","geometry":{"type":"Point","coordinates":[2.25414873,56.84914211]},"geometry_name":"the_geom","properties":{"country":"United Kingdom","platformid":"5d6bb73a-91e5-47f9-a8b4-6b8e34ba","current_status":"Operational","name":"JADE","category":"PLATFORM","function":"JADE","operator":"CHRYSAOR HOLDINGS","location_blocks":null,"primary_production":null,"weight_sub":null,"weight_top":null,"production_start":null,"valid_from":null,"valid_to":null,"water_depth":0.0,"coast_dist":253553.434871,"remarks":"Asset transfer from ConocoPhillips to Chrysaor October 2019"}},{"type":"Feature","id":"platforms.1269","geometry":{"type":"Point","coordinates":[-1.12989331,54.6196609]},"geometry_name":"the_geom","properties":{"country":"United Kingdom","platformid":"486f7b30-6b0d-48e5-9a0b-ba48ac03","current_status":"Operational","name":"TEESSIDE TERMINAL","category":"TERMINAL","function":"TEESSIDE TERMINAL","operator":null,"location_blocks":null,"primary_production":null,"weight_sub":null,"weight_top":null,"production_start":null,"valid_from":null,"valid_to":null,"water_depth":0.0,"coast_dist":1128.44834036,"remarks":null}},{"type":"Feature","id":"platforms.1270","geometry":{"type":"Point","coordinates":[2.56836925,53.36283372]},"geometry_name":"the_geom","properties":{"country":"United Kingdom","platformid":"a92b8e94-a2f6-4bed-bfc0-f924e465","current_status":"Operational","name":"INDE AP","category":"PLATFORM","function":"PRODUCTION STEEL","operator":"PERENCO OIL & GAS","location_blocks":null,"primary_production":null,"weight_sub":null,"weight_top":null,"production_start":null,"valid_from":null,"valid_to":null,"water_depth":0.0,"coast_dist":90686.2594201,"remarks":null}},{"type":"Feature","id":"platforms.1271","geometry":{"type":"Point","coordinates":[0.90162793,57.72176109]},"geometry_name":"the_geom","properties":{"country":"United Kingdom","platformid":"6b746730-66c1-4075-a97d-5ee9b228","current_status":"Operational","name":"FORTIES DELTA","category":"PLATFORM","function":"FORTIES DELTA","operator":"APACHE CORPORATION","location_blocks":null,"primary_production":null,"weight_sub":null,"weight_top":null,"production_start":null,"valid_from":"19750630","valid_to":null,"water_depth":0.0,"coast_dist":161309.511996,"remarks":null}},{"type":"Feature","id":"platforms.1272","geometry":{"type":"Point","coordinates":[0.07203335,58.36925]},"geometry_name":"the_geom","properties":{"country":"United Kingdom","platformid":"1137b508-9c1d-46dc-aa50-b06667cd","current_status":"Closed down","name":"TARTAN A","category":"PLATFORM","function":"PRODUCTION LIFT","operator":"REPSOL SINOPEC RESOURCES","location_blocks":null,"primary_production":null,"weight_sub":null,"weight_top":null,"production_start":null,"valid_from":null,"valid_to":null,"water_depth":0.0,"coast_dist":140264.494377,"remarks":null}},{"type":"Feature","id":"platforms.1273","geometry":{"type":"Point","coordinates":[-1.44128273,59.97601564]},"geometry_name":"the_geom","properties":{"country":"United Kingdom","platformid":"1218056c-88c1-4b1e-ade3-8ee28c41","current_status":"Operational","name":"AEGIR WAVERIDER BUOY WEST ST NINIAN KFB21/2012 AREA1","category":"BUOY","function":"AEGIR WAVERIDER BUOY WEST ST NINIAN OCT2012-OCT2015 KFB21/2012 AREA1","operator":null,"location_blocks":null,"primary_production":null,"weight_sub":null,"weight_top":null,"production_start":null,"valid_from":"20121001","valid_to":null,"water_depth":0.0,"coast_dist":4278.23581383,"remarks":"yellow,0.7m in diameter, fitted with yellow flashing light.moored by a slack line with underwater floats allows to move around a 200m watch circle.Mariners are asked to keep distance from the buoy."}},{"type":"Feature","id":"platforms.1274","geometry":{"type":"Point","coordinates":[1.96947931,53.56779346]},"geometry_name":"the_geom","properties":{"country":"United Kingdom","platformid":"6aa872f8-f61f-4dc2-9bd1-14c8eb39","current_status":"Closed down","name":"AUDREY B (XW)","category":"PLATFORM","function":"AUDREY B PLATFORM","operator":"SPIRIT ENERGY","location_blocks":null,"primary_production":null,"weight_sub":null,"weight_top":null,"production_start":null,"valid_from":null,"valid_to":null,"water_depth":0.0,"coast_dist":83277.1434815,"remarks":null}},{"type":"Feature","id":"platforms.1275","geometry":{"type":"Point","coordinates":[2.54559376,53.08365954]},"geometry_name":"the_geom","properties":{"country":"United Kingdom","platformid":"b7576d01-d404-4d11-b313-3e4e57a1","current_status":"Closed down","name":"THAMES A","category":"PLATFORM","function":"PRODUCTION","operator":"PERENCO OIL & GAS","location_blocks":null,"primary_production":null,"weight_sub":null,"weight_top":null,"production_start":null,"valid_from":null,"valid_to":null,"water_depth":0.0,"coast_dist":69684.445391,"remarks":"Platform Removed"}},{"type":"Feature","id":"platforms.1276","geometry":{"type":"Point","coordinates":[2.27010699,57.1557261]},"geometry_name":"the_geom","properties":{"country":"United Kingdom","platformid":"52ec33c9-ae01-4d77-8c8a-4e2b56f6","current_status":"Operational","name":"PIERCE WAVERIDER","category":"MONITOR BUOY","function":"PIERCE WAVERIDER","operator":"ROYAL DUTCH SHELL","location_blocks":null,"primary_production":null,"weight_sub":null,"weight_top":null,"production_start":null,"valid_from":"20200428","valid_to":null,"water_depth":0.0,"coast_dist":246209.033381,"remarks":"Deployment position notification from Jon Upton 28/04/2020"}},{"type":"Feature","id":"platforms.1277","geometry":{"type":"Point","coordinates":[1.02676212,51.52623347]},"geometry_name":"the_geom","properties":{"country":"United Kingdom","platformid":"c1c646c2-3f38-435f-ad72-0a92df1b","current_status":"Operational","name":"WARP GUARD BUOY KFB25/2012 AREA3","category":"BUOY","function":"WARP GUARD BUOY KFB25/2012 AREA3","operator":"CEFAS","location_blocks":null,"primary_production":null,"weight_sub":null,"weight_top":null,"production_start":null,"valid_from":"20120801","valid_to":null,"water_depth":0.0,"coast_dist":10047.9551174,"remarks":"OCEANOGRAPHIC EQUIPMENT FITTED WITH A YELLOW LIGHT EXHIBITING THE SEQUENCE FL Y (5) 20S"}},{"type":"Feature","id":"platforms.1278","geometry":{"type":"Point","coordinates":[0.43226794,54.59481139]},"geometry_name":"the_geom","properties":{"country":"United Kingdom","platformid":"e9447b39-45ed-49eb-a9ff-433a011f","current_status":"Operational","name":"BREAGH ALPHA","category":"PLATFORM","function":"BREAGH ALPHA PLATFORM LOCATION","operator":"INEOS INDUSTRIES","location_blocks":null,"primary_production":null,"weight_sub":null,"weight_top":null,"production_start":null,"valid_from":"20111016","valid_to":null,"water_depth":0.0,"coast_dist":61569.7778658,"remarks":null}},{"type":"Feature","id":"platforms.1279","geometry":{"type":"Point","coordinates":[0.44006352,54.04014241]},"geometry_name":"the_geom","properties":{"country":"United Kingdom","platformid":"b6fab6d1-8fa6-41a7-aba7-dea4d45e","current_status":"Under construction","name":"TOLMOUNT","category":"PLATFORM","function":"TOLMOUNT PLATFORM","operator":"HARBOUR ENERGY PLC","location_blocks":null,"primary_production":null,"weight_sub":null,"weight_top":null,"production_start":null,"valid_from":null,"valid_to":null,"water_depth":0.0,"coast_dist":34781.9129151,"remarks":null}},{"type":"Feature","id":"platforms.1280","geometry":{"type":"Point","coordinates":[2.05619938,53.65011843]},"geometry_name":"the_geom","properties":{"country":"United Kingdom","platformid":"0f393e82-d62f-4be3-a2b6-8ae23f8d","current_status":"Under construction","name":"49/11B TETHYS","category":"PLATFORM","function":"TETHYS PLATFORM","operator":"CHRYSAOR HOLDINGS","location_blocks":null,"primary_production":null,"weight_sub":null,"weight_top":null,"production_start":null,"valid_from":"20060605","valid_to":null,"water_depth":0.0,"coast_dist":94080.8561848,"remarks":"Change in status from PRECOMMISSION to ACTIVE."}},{"type":"Feature","id":"platforms.1281","geometry":{"type":"Point","coordinates":[1.80213242,57.75743616]},"geometry_name":"the_geom","properties":{"country":"United Kingdom","platformid":"7e5b0e17-d6ba-48ed-b0e3-f6061231","current_status":"Operational","name":"CATS RISER","category":"PLATFORM","function":"RISER STEEL","operator":"CHRYSAOR HOLDINGS","location_blocks":null,"primary_production":null,"weight_sub":null,"weight_top":null,"production_start":null,"valid_from":"20170707","valid_to":null,"water_depth":0.0,"coast_dist":215029.443589,"remarks":null}},{"type":"Feature","id":"platforms.1282","geometry":{"type":"Point","coordinates":[1.14399908,57.66222823]},"geometry_name":"the_geom","properties":{"country":"United Kingdom","platformid":"ee9b960a-24a0-41f2-8d38-02dd9f5e","current_status":"Operational","name":"NELSON A","category":"PLATFORM","function":"NELSON A","operator":"ROYAL DUTCH SHELL","location_blocks":null,"primary_production":null,"weight_sub":null,"weight_top":null,"production_start":null,"valid_from":null,"valid_to":null,"water_depth":0.0,"coast_dist":175006.440878,"remarks":null}},{"type":"Feature","id":"platforms.1283","geometry":{"type":"Point","coordinates":[1.73366136,60.80960967]},"geometry_name":"the_geom","properties":{"country":"United Kingdom","platformid":"a4db3b56-c96d-4f91-a4a9-1b14d7e4","current_status":"Operational","name":"ALWYN NORTH NAB","category":"PLATFORM","function":"PRODUCTION STEEL","operator":"TOTALENERGIES UPSTREAM UK LIMITED","location_blocks":null,"primary_production":null,"weight_sub":null,"weight_top":null,"production_start":null,"valid_from":null,"valid_to":null,"water_depth":0.0,"coast_dist":135715.653448,"remarks":null}},{"type":"Feature","id":"platforms.1284","geometry":{"type":"Point","coordinates":[1.53421541,59.54458853]},"geometry_name":"the_geom","properties":{"country":"United Kingdom","platformid":"ba90780a-347a-4ed7-a849-62053d0e","current_status":"Operational","name":"BERYL A","category":"PLATFORM","function":"PRODUCTION DRILLING CONCRETE GRAVITY BASE","operator":"APACHE CORPORATION","location_blocks":null,"primary_production":null,"weight_sub":null,"weight_top":null,"production_start":null,"valid_from":null,"valid_to":null,"water_depth":0.0,"coast_dist":156973.828919,"remarks":null}},{"type":"Feature","id":"platforms.1285","geometry":{"type":"Point","coordinates":[1.0765156,59.60829506]},"geometry_name":"the_geom","properties":{"country":"United Kingdom","platformid":"e8410621-9d68-44a1-9831-400173dd","current_status":"Operational","name":"MARINER B FSU","category":"FSO","function":"MARINER B FSU","operator":"EQUINOR ASA","location_blocks":null,"primary_production":null,"weight_sub":null,"weight_top":null,"production_start":null,"valid_from":null,"valid_to":null,"water_depth":0.0,"coast_dist":130672.57207,"remarks":null}},{"type":"Feature","id":"platforms.1286","geometry":{"type":"Point","coordinates":[2.06192253,56.39992995]},"geometry_name":"the_geom","properties":{"country":"United Kingdom","platformid":"062004c9-0197-42f3-ba78-097357b5","current_status":"Operational","name":"AUK A","category":"PLATFORM","function":"PRODUCTION & DRILLING STEEL","operator":"REPSOL SINOPEC RESOURCES","location_blocks":null,"primary_production":null,"weight_sub":null,"weight_top":null,"production_start":null,"valid_from":null,"valid_to":null,"water_depth":0.0,"coast_dist":243733.460814,"remarks":null}},{"type":"Feature","id":"platforms.1287","geometry":{"type":"Point","coordinates":[1.03169609,51.52500047]},"geometry_name":"the_geom","properties":{"country":"United Kingdom","platformid":"499f8bc6-9155-4002-889b-6969e786","current_status":"Operational","name":"WARP SMART BUOY KFB25/2012 AREA3","category":"BUOY","function":"WARP SMART BUOY KFB25/2012 AREA3","operator":"CEFAS","location_blocks":null,"primary_production":null,"weight_sub":null,"weight_top":null,"production_start":null,"valid_from":"20120801","valid_to":null,"water_depth":0.0,"coast_dist":10384.9988054,"remarks":"OCEANOGRAPHIC EQUIPMENT FITTED WITH A YELLOW LIGHT EXHIBITING THE SEQUENCE FL Y (5) 20S"}},{"type":"Feature","id":"platforms.1288","geometry":{"type":"Point","coordinates":[1.52518123,53.61242086]},"geometry_name":"the_geom","properties":{"country":"United Kingdom","platformid":"f9a3dbb0-5f79-4e2e-9891-23d3a2fa","current_status":"Operational","name":"BARQUE PB","category":"PLATFORM","function":"BARQUE PB","operator":"ROYAL DUTCH SHELL","location_blocks":null,"primary_production":null,"weight_sub":null,"weight_top":null,"production_start":null,"valid_from":"19900401","valid_to":null,"water_depth":0.0,"coast_dist":76846.5682744,"remarks":null}},{"type":"Feature","id":"platforms.1289","geometry":{"type":"Point","coordinates":[1.80761797,60.59567497]},"geometry_name":"the_geom","properties":{"country":"United Kingdom","platformid":"c2c9d0e7-67e4-42e3-93ee-0fb5207f","current_status":"Operational","name":"WELLHEAD MARKER BUOY: KFB 04/2005","category":"BUOY","function":"WELLHEAD MARKER BUOY: KINGFISHER FORTNIGHTLY BULLETIN 04/2005","operator":null,"location_blocks":null,"primary_production":null,"weight_sub":null,"weight_top":null,"production_start":null,"valid_from":"20040217","valid_to":null,"water_depth":0.0,"coast_dist":140508.594872,"remarks":null}},{"type":"Feature","id":"platforms.1290","geometry":{"type":"Point","coordinates":[-3.58049432,53.84619898]},"geometry_name":"the_geom","properties":{"country":"United Kingdom","platformid":"ba039432-e6de-49c8-ba69-8a9aa224","current_status":"Operational","name":"DRILLING PLATFORM DP1","category":"PLATFORM","function":"DRILLING PLATFORM DP1","operator":"SPIRIT ENERGY","location_blocks":null,"primary_production":null,"weight_sub":null,"weight_top":null,"production_start":null,"valid_from":null,"valid_to":null,"water_depth":0.0,"coast_dist":33167.8261052,"remarks":"Asset transfer from ConocoPhillips to Chrysaor October 2019"}},{"type":"Feature","id":"platforms.1291","geometry":{"type":"Point","coordinates":[1.99659733,57.37469776]},"geometry_name":"the_geom","properties":{"country":"United Kingdom","platformid":"85d8c6f8-09c4-4285-b2b9-826974f5","current_status":"Operational","name":"MUNGO","category":"PLATFORM","function":"WELLHEAD STEEL","operator":"BP EXPLORATION","location_blocks":null,"primary_production":null,"weight_sub":null,"weight_top":null,"production_start":null,"valid_from":null,"valid_to":null,"water_depth":0.0,"coast_dist":226472.295037,"remarks":null}},{"type":"Feature","id":"platforms.1292","geometry":{"type":"Point","coordinates":[1.6103954,55.89946593]},"geometry_name":"the_geom","properties":{"country":"United Kingdom","platformid":"c224555b-b624-4287-8d8f-d2a97b96","current_status":"Removed","name":"BOOSTER PLATFORM 37/4A NORPIPE A.S","category":"PLATFORM","function":"BOOSTER PLATFORM 37/4A NORPIPE A.S","operator":"CONOCOPHILLIPS","location_blocks":null,"primary_production":null,"weight_sub":null,"weight_top":null,"production_start":null,"valid_from":null,"valid_to":null,"water_depth":0.0,"coast_dist":203905.985798,"remarks":"Removed June 15. 2010"}},{"type":"Feature","id":"platforms.1293","geometry":{"type":"Point","coordinates":[2.23458132,53.05461677]},"geometry_name":"the_geom","properties":{"country":"United Kingdom","platformid":"674f58db-6eb3-49a0-bb49-f68ca521","current_status":"Operational","name":"LEMAN AQ","category":"PLATFORM","function":"ACCOMMODATION STEEL","operator":"PERENCO OIL & GAS","location_blocks":null,"primary_production":null,"weight_sub":null,"weight_top":null,"production_start":null,"valid_from":null,"valid_to":null,"water_depth":0.0,"coast_dist":51063.7142199,"remarks":null}},{"type":"Feature","id":"platforms.1294","geometry":{"type":"Point","coordinates":[2.32157402,54.26749145]},"geometry_name":"the_geom","properties":{"country":"United Kingdom","platformid":"053194b7-f33a-48f1-97c7-f9a55a33","current_status":"Closed down","name":"MURDOCH COMPRESSION","category":"PLATFORM","function":"COMPRESSION & ACCOMMODATION STEEL","operator":"CHRYSAOR HOLDINGS","location_blocks":null,"primary_production":null,"weight_sub":null,"weight_top":null,"production_start":null,"valid_from":"19960101","valid_to":null,"water_depth":0.0,"coast_dist":157402.095655,"remarks":"Change in status from ACTIVE to NOT IN USE."}},{"type":"Feature","id":"platforms.1295","geometry":{"type":"Point","coordinates":[1.07934979,53.75256479]},"geometry_name":"the_geom","properties":{"country":"United Kingdom","platformid":"d11c011f-208f-4b4a-9086-f3e2c4c9","current_status":"Operational","name":"WEST SOLE C","category":"PLATFORM","function":"PRODUCTION & ACCOMMODATION STEEL","operator":"PERENCO OIL & GAS","location_blocks":null,"primary_production":null,"weight_sub":null,"weight_top":null,"production_start":null,"valid_from":null,"valid_to":null,"water_depth":0.0,"coast_dist":63616.6802053,"remarks":null}},{"type":"Feature","id":"platforms.1296","geometry":{"type":"Point","coordinates":[1.5114609,59.60978809]},"geometry_name":"the_geom","properties":{"country":"United Kingdom","platformid":"e1299f05-cd22-434a-a807-709cc389","current_status":"Operational","name":"BERYL B","category":"PLATFORM","function":"PRODUCTION DRILLING STEEL","operator":"APACHE CORPORATION","location_blocks":null,"primary_production":null,"weight_sub":null,"weight_top":null,"production_start":null,"valid_from":null,"valid_to":null,"water_depth":0.0,"coast_dist":152767.025373,"remarks":null}},{"type":"Feature","id":"platforms.1297","geometry":{"type":"Point","coordinates":[-6.56648211,51.13333872]},"geometry_name":"the_geom","properties":{"country":"United Kingdom","platformid":"ca33e9cb-0963-4890-ac55-54386db8","current_status":"Operational","name":"CELTIC DEEP GUARD BUOY KFB20/2012 AREA5","category":"BUOY","function":"CELTIC DEEP GUARD BUOY KFB20/2012 AREA5","operator":"CEFAS","location_blocks":null,"primary_production":null,"weight_sub":null,"weight_top":null,"production_start":null,"valid_from":"20120914","valid_to":null,"water_depth":0.0,"coast_dist":108646.707172,"remarks":null}},{"type":"Feature","id":"platforms.1298","geometry":{"type":"Point","coordinates":[-3.15333328,58.09406677]},"geometry_name":"the_geom","properties":{"country":"United Kingdom","platformid":"336c3d30-8f19-4f0a-9bdd-d6af98d7","current_status":"Decommissioned","name":"BEATRICE C","category":"PLATFORM","function":"INJECTION STEEL","operator":"REPSOL SINOPEC RESOURCES","location_blocks":null,"primary_production":null,"weight_sub":null,"weight_top":null,"production_start":null,"valid_from":null,"valid_to":null,"water_depth":0.0,"coast_dist":22128.9247608,"remarks":null}},{"type":"Feature","id":"platforms.1299","geometry":{"type":"Point","coordinates":[-3.58211649,53.8459035]},"geometry_name":"the_geom","properties":{"country":"United Kingdom","platformid":"8d2f4ba6-ba4c-444d-ab5b-4c710b5a","current_status":"Operational","name":"SOUTH MORECAMBE CPP1","category":"PLATFORM","function":"PROCESSING PLATFORM","operator":"SPIRIT ENERGY","location_blocks":null,"primary_production":null,"weight_sub":null,"weight_top":null,"production_start":null,"valid_from":null,"valid_to":null,"water_depth":0.0,"coast_dist":33268.6750077,"remarks":null}},{"type":"Feature","id":"platforms.1300","geometry":{"type":"Point","coordinates":[0.20075393,58.28870362]},"geometry_name":"the_geom","properties":{"country":"United Kingdom","platformid":"26df6790-4966-42c2-bc65-a98bb6ea","current_status":"Operational","name":"SCOTT JD","category":"PLATFORM","function":"PRODUCTION STEEL DRILLING","operator":"CNOOC INTERNATIONAL","location_blocks":null,"primary_production":null,"weight_sub":null,"weight_top":null,"production_start":null,"valid_from":null,"valid_to":null,"water_depth":0.0,"coast_dist":141568.264273,"remarks":null}},{"type":"Feature","id":"platforms.1301","geometry":{"type":"Point","coordinates":[2.32039401,54.26710142]},"geometry_name":"the_geom","properties":{"country":"United Kingdom","platformid":"92e8ef29-28dd-412b-93d1-075da98c","current_status":"Closed down","name":"MURDOCH ACCOMMODATION","category":"PLATFORM","function":"MURDOCH ACCOMMODATION","operator":"CHRYSAOR HOLDINGS","location_blocks":null,"primary_production":null,"weight_sub":null,"weight_top":null,"production_start":null,"valid_from":"20020101","valid_to":null,"water_depth":0.0,"coast_dist":157321.597562,"remarks":"Change in status from ACTIVE to NOT IN USE."}},{"type":"Feature","id":"platforms.1302","geometry":{"type":"Point","coordinates":[1.37395977,53.40933141]},"geometry_name":"the_geom","properties":{"country":"United Kingdom","platformid":"ff714349-63b5-4bb5-aa8c-d49cd6c5","current_status":"Operational","name":"LANCELOT A","category":"PLATFORM","function":"WELLHEAD STEEL","operator":"PERENCO OIL & GAS","location_blocks":null,"primary_production":null,"weight_sub":null,"weight_top":null,"production_start":null,"valid_from":null,"valid_to":null,"water_depth":0.0,"coast_dist":52692.5129268,"remarks":null}},{"type":"Feature","id":"platforms.1303","geometry":{"type":"Point","coordinates":[2.57357673,53.3228517]},"geometry_name":"the_geom","properties":{"country":"United Kingdom","platformid":"943059b7-51ca-40c7-8e40-de1cb5a5","current_status":"Operational","name":"INDE AC","category":"PLATFORM","function":"COMPRESSION STEEL","operator":"PERENCO OIL & GAS","location_blocks":null,"primary_production":null,"weight_sub":null,"weight_top":null,"production_start":null,"valid_from":null,"valid_to":null,"water_depth":0.0,"coast_dist":87868.4171409,"remarks":null}},{"type":"Feature","id":"platforms.1304","geometry":{"type":"Point","coordinates":[2.09443579,53.31757865]},"geometry_name":"the_geom","properties":{"country":"United Kingdom","platformid":"76597460-c7f9-40b6-afc5-2c008bbf","current_status":"Closed down","name":"SOUTH VALIANT","category":"PLATFORM","function":"WELLHEAD STEEL","operator":"CHRYSAOR HOLDINGS","location_blocks":null,"primary_production":null,"weight_sub":null,"weight_top":null,"production_start":null,"valid_from":"19880101","valid_to":null,"water_depth":0.0,"coast_dist":65688.3449036,"remarks":"Change in status from ACTIVE to NOT IN USE."}},{"type":"Feature","id":"platforms.1305","geometry":{"type":"Point","coordinates":[2.48448294,53.19741712]},"geometry_name":"the_geom","properties":{"country":"United Kingdom","platformid":"26a37543-3caf-4c9a-a4ec-332fa31b","current_status":"Operational","name":"BESSEMER A","category":"PLATFORM","function":"WELLHEAD STEEL","operator":"PERENCO OIL & GAS","location_blocks":null,"primary_production":null,"weight_sub":null,"weight_top":null,"production_start":null,"valid_from":null,"valid_to":null,"water_depth":0.0,"coast_dist":74087.7074969,"remarks":null}},{"type":"Feature","id":"platforms.1306","geometry":{"type":"Point","coordinates":[0.43275643,53.88601724]},"geometry_name":"the_geom","properties":{"country":"United Kingdom","platformid":"7a43c8e5-a63d-4d2d-a3e9-23eb1c36","current_status":"Operational","name":"YORK PLATFORM","category":"PLATFORM","function":"YORK PLATFORM","operator":"SPIRIT ENERGY","location_blocks":null,"primary_production":null,"weight_sub":null,"weight_top":null,"production_start":null,"valid_from":"20121026","valid_to":null,"water_depth":0.0,"coast_dist":31351.4662069,"remarks":null}},{"type":"Feature","id":"platforms.1307","geometry":{"type":"Point","coordinates":[1.90796418,57.1902471]},"geometry_name":"the_geom","properties":{"country":"United Kingdom","platformid":"af56ff5c-ed5d-4354-b0b1-ab2ae227","current_status":"Operational","name":"CULZEAN LIVING QTRS AND UTILITY (ULQ)","category":"PLATFORM","function":"CULZEAN ULQ PLATFORM (UTILITY AMD LIVING QTRS)","operator":"TOTALENERGIES UPSTREAM UK LIMITED","location_blocks":null,"primary_production":null,"weight_sub":null,"weight_top":null,"production_start":null,"valid_from":null,"valid_to":null,"water_depth":0.0,"coast_dist":223977.803852,"remarks":"Status Change - now ACTIVE and co-ord update -Jacket Structure Installed Aug 2017 - Topside installations ongoing. As-Built Co-ords Updated.Due to be installed later in 2017"}},{"type":"Feature","id":"platforms.1308","geometry":{"type":"Point","coordinates":[-3.58215257,53.84675273]},"geometry_name":"the_geom","properties":{"country":"United Kingdom","platformid":"d6c03b15-81a5-4ce6-a34b-e81f7316","current_status":"Operational","name":"SOUTH MORECAMBE FL1","category":"PLATFORM","function":"FLARE PLATFORM","operator":"SPIRIT ENERGY","location_blocks":null,"primary_production":null,"weight_sub":null,"weight_top":null,"production_start":null,"valid_from":null,"valid_to":null,"water_depth":0.0,"coast_dist":33206.6491071,"remarks":null}},{"type":"Feature","id":"platforms.1309","geometry":{"type":"Point","coordinates":[-1.89006074,57.38392889]},"geometry_name":"the_geom","properties":{"country":"United Kingdom","platformid":"33f20f9f-a202-4872-8cf3-afa7b380","current_status":"Operational","name":"CRUDEN BAY TANKS","category":"TERMINAL","function":"CRUDEN BAY TANKS","operator":null,"location_blocks":null,"primary_production":null,"weight_sub":null,"weight_top":null,"production_start":null,"valid_from":null,"valid_to":null,"water_depth":0.0,"coast_dist":718.069663167,"remarks":null}},{"type":"Feature","id":"platforms.1310","geometry":{"type":"Point","coordinates":[-1.95560171,50.50573689]},"geometry_name":"the_geom","properties":{"country":"United Kingdom","platformid":"144be78c-c747-45f5-aedc-2d5db02c","current_status":"Operational","name":"ENGLISH CHANNEL TITAN BUOY 3: KFB18/2012 AREA4","category":"BUOY","function":"ENGLISH CHANNEL TITAN BUOY 3: KFB18/2012 AREA4","operator":null,"location_blocks":null,"primary_production":null,"weight_sub":null,"weight_top":null,"production_start":null,"valid_from":"20120910","valid_to":null,"water_depth":0.0,"coast_dist":9509.28289927,"remarks":"marked with dahn flag. attached to a ground weight and from this a ground line connects a sub surface riser and instruments will be positioned at approx10 metres above the sea bed."}},{"type":"Feature","id":"platforms.1311","geometry":{"type":"Point","coordinates":[2.10906985,56.78075667]},"geometry_name":"the_geom","properties":{"country":"United Kingdom","platformid":"d286743b-8c17-464e-8a64-c230a607","current_status":"Operational","name":"FPF1","category":"FPSO","function":"STELLA FPF1","operator":"ITHACA ENERGY","location_blocks":null,"primary_production":null,"weight_sub":null,"weight_top":null,"production_start":null,"valid_from":"20160830","valid_to":null,"water_depth":0.0,"coast_dist":247547.281764,"remarks":null}},{"type":"Feature","id":"platforms.1312","geometry":{"type":"Point","coordinates":[2.38036573,53.03672229]},"geometry_name":"the_geom","properties":{"country":"United Kingdom","platformid":"9a92d587-9efd-4173-bac8-a517e385","current_status":"Operational","name":"LEMAN G (PERENCO)","category":"PLATFORM","function":"WELLHEAD ACCOMMODATION STEEL","operator":"PERENCO OIL & GAS","location_blocks":null,"primary_production":null,"weight_sub":null,"weight_top":null,"production_start":null,"valid_from":null,"valid_to":null,"water_depth":0.0,"coast_dist":57618.2951491,"remarks":null}},{"type":"Feature","id":"platforms.1313","geometry":{"type":"Point","coordinates":[-3.56229408,53.87526358]},"geometry_name":"the_geom","properties":{"country":"United Kingdom","platformid":"ac7ec548-0231-4880-a5c4-c0f6023d","current_status":"Operational","name":"SOUTH MORECAMBE DP4","category":"PLATFORM","function":"REMOTE DRILLING PLATFORM","operator":"SPIRIT ENERGY","location_blocks":null,"primary_production":null,"weight_sub":null,"weight_top":null,"production_start":null,"valid_from":null,"valid_to":null,"water_depth":0.0,"coast_dist":30139.0997385,"remarks":null}},{"type":"Feature","id":"platforms.1314","geometry":{"type":"Point","coordinates":[-0.9175156,57.96127339]},"geometry_name":"the_geom","properties":{"country":"United Kingdom","platformid":"d8d2d6d5-9e78-4dba-a026-9986d600","current_status":"Operational","name":"GOLDEN EAGLE WELLHEAD PLATFORM","category":"PLATFORM","function":"GOLDEN EAGLE WELLHEAD PLATFORM","operator":"CNOOC INTERNATIONAL","location_blocks":null,"primary_production":null,"weight_sub":null,"weight_top":null,"production_start":null,"valid_from":"20130804","valid_to":null,"water_depth":0.0,"coast_dist":66389.8956688,"remarks":"v27 RETURN"}},{"type":"Feature","id":"platforms.1316","geometry":{"type":"Point","coordinates":[2.23370944,53.05414373]},"geometry_name":"the_geom","properties":{"country":"United Kingdom","platformid":"9c4449d4-f823-4473-8246-02741181","current_status":"Operational","name":"LEMAN 27 AC","category":"PLATFORM","function":"COMPRESSION STEEL","operator":"PERENCO OIL & GAS","location_blocks":null,"primary_production":null,"weight_sub":null,"weight_top":null,"production_start":null,"valid_from":null,"valid_to":null,"water_depth":0.0,"coast_dist":50985.1118487,"remarks":null}},{"type":"Feature","id":"platforms.1317","geometry":{"type":"Point","coordinates":[-0.34991381,54.29099916]},"geometry_name":"the_geom","properties":{"country":"United Kingdom","platformid":"1a5d031f-9350-4bd6-9b7b-592a6340","current_status":"Operational","name":"SCARBOROUGH WAVERIDER BUOY KFB02/2013 AREA3","category":"BUOY","function":"SCARBOROUGH WAVERIDER BUOY KFB02/2013 AREA3","operator":"FUGRO","location_blocks":null,"primary_production":null,"weight_sub":null,"weight_top":null,"production_start":null,"valid_from":"20130114","valid_to":null,"water_depth":0.0,"coast_dist":2286.28790554,"remarks":null}},{"type":"Feature","id":"platforms.1318","geometry":{"type":"Point","coordinates":[1.88411964,53.44892906]},"geometry_name":"the_geom","properties":{"country":"United Kingdom","platformid":"fefa3d91-4e90-4b2e-94a0-86d4628d","current_status":"Operational","name":"SKIFF PS","category":"PLATFORM","function":"SKIFF PS","operator":"ROYAL DUTCH SHELL","location_blocks":null,"primary_production":null,"weight_sub":null,"weight_top":null,"production_start":null,"valid_from":null,"valid_to":null,"water_depth":0.0,"coast_dist":69023.3562051,"remarks":null}},{"type":"Feature","id":"platforms.1319","geometry":{"type":"Point","coordinates":[1.46751256,60.85627837]},"geometry_name":"the_geom","properties":{"country":"United Kingdom","platformid":"10d5ca66-2158-4359-a187-13eabda9","current_status":"Operational","name":"NINIAN CENTRAL","category":"PLATFORM","function":"NINIAN CENTRAL PLATFORM","operator":"CNR INTERNATIONAL","location_blocks":null,"primary_production":null,"weight_sub":null,"weight_top":null,"production_start":null,"valid_from":null,"valid_to":null,"water_depth":0.0,"coast_dist":121225.806949,"remarks":null}},{"type":"Feature","id":"platforms.1320","geometry":{"type":"Point","coordinates":[2.8602488,53.18838091]},"geometry_name":"the_geom","properties":{"country":"United Kingdom","platformid":"1aea6a34-2521-4297-8953-d32f196f","current_status":"Operational","name":"SEAN PP","category":"PLATFORM","function":"SEAN PP-PD PLATFORM COMPLEX","operator":"ONE-DYAS","location_blocks":null,"primary_production":null,"weight_sub":null,"weight_top":null,"production_start":null,"valid_from":"19860610","valid_to":null,"water_depth":0.0,"coast_dist":93657.1063429,"remarks":null}},{"type":"Feature","id":"platforms.1321","geometry":{"type":"Point","coordinates":[1.84635842,52.99871192]},"geometry_name":"the_geom","properties":{"country":"United Kingdom","platformid":"f5b3f8d9-74dd-47ae-b8f1-bd9cc348","current_status":"Operational","name":"52/5A","category":"PLATFORM","function":"SATELLITE PLATFORM","operator":"ENI UK LIMITED","location_blocks":null,"primary_production":null,"weight_sub":null,"weight_top":null,"production_start":null,"valid_from":null,"valid_to":null,"water_depth":0.0,"coast_dist":28041.8836668,"remarks":null}},{"type":"Feature","id":"platforms.1322","geometry":{"type":"Point","coordinates":[2.18690333,53.05201438]},"geometry_name":"the_geom","properties":{"country":"United Kingdom","platformid":"b116feee-51cc-46d2-9a0e-5fd6ec9e","current_status":"Operational","name":"LEMAN E","category":"PLATFORM","function":"LEMAN E","operator":"ROYAL DUTCH SHELL","location_blocks":null,"primary_production":null,"weight_sub":null,"weight_top":null,"production_start":null,"valid_from":"19820101","valid_to":null,"water_depth":0.0,"coast_dist":48439.3495509,"remarks":null}},{"type":"Feature","id":"platforms.1323","geometry":{"type":"Point","coordinates":[1.89626255,53.72433415]},"geometry_name":"the_geom","properties":{"country":"United Kingdom","platformid":"2e24a83f-a631-4ea5-8a26-4ea01748","current_status":"Operational","name":"SATURN ND","category":"PLATFORM","function":"SATURN ND PLATFORM","operator":"CHRYSAOR HOLDINGS","location_blocks":null,"primary_production":null,"weight_sub":null,"weight_top":null,"production_start":null,"valid_from":"20050601","valid_to":null,"water_depth":0.0,"coast_dist":96617.2608728,"remarks":"Asset transfer from ConocoPhillips to Chrysaor October 2019 | Normally unmanned installation"}},{"type":"Feature","id":"platforms.1324","geometry":{"type":"Point","coordinates":[1.15927602,53.5242392]},"geometry_name":"the_geom","properties":{"country":"United Kingdom","platformid":"a334ebd4-1af6-44fb-a7d1-b605ac49","current_status":"Closed down","name":"PICKERILL B","category":"PLATFORM","function":"WELLHEAD STEEL","operator":"PERENCO OIL & GAS","location_blocks":null,"primary_production":null,"weight_sub":null,"weight_top":null,"production_start":null,"valid_from":null,"valid_to":null,"water_depth":0.0,"coast_dist":61671.545524,"remarks":null}},{"type":"Feature","id":"platforms.1325","geometry":{"type":"Point","coordinates":[2.62134922,53.23118045]},"geometry_name":"the_geom","properties":{"country":"United Kingdom","platformid":"751f304c-92ad-4f5d-9c3d-25bc5aeb","current_status":"Operational","name":"CORVETTE CV","category":"PLATFORM","function":"CORVETTE CV","operator":"ROYAL DUTCH SHELL","location_blocks":null,"primary_production":null,"weight_sub":null,"weight_top":null,"production_start":null,"valid_from":null,"valid_to":null,"water_depth":0.0,"coast_dist":83522.1057286,"remarks":null}},{"type":"Feature","id":"platforms.1326","geometry":{"type":"Point","coordinates":[2.92245303,53.46951913]},"geometry_name":"the_geom","properties":{"country":"United Kingdom","platformid":"84487364-4fe7-4ee3-9d7c-a3811a45","current_status":"Operational","name":"SHAMROCK QS","category":"PLATFORM","function":"SHAMROCK QS","operator":"ROYAL DUTCH SHELL","location_blocks":null,"primary_production":null,"weight_sub":null,"weight_top":null,"production_start":null,"valid_from":"20070821","valid_to":null,"water_depth":0.0,"coast_dist":115966.394029,"remarks":"Lucy - Smallfoot"}},{"type":"Feature","id":"platforms.1327","geometry":{"type":"Point","coordinates":[2.12819504,53.08928961]},"geometry_name":"the_geom","properties":{"country":"United Kingdom","platformid":"14e69b16-24ed-40f4-8e45-2fda2c6e","current_status":"Operational","name":"LEMAN AD1","category":"PLATFORM","function":"LEMAN AD1","operator":"ROYAL DUTCH SHELL","location_blocks":null,"primary_production":null,"weight_sub":null,"weight_top":null,"production_start":null,"valid_from":"19670601","valid_to":null,"water_depth":0.0,"coast_dist":48410.4681185,"remarks":null}},{"type":"Feature","id":"platforms.1328","geometry":{"type":"Point","coordinates":[2.17980159,53.08078341]},"geometry_name":"the_geom","properties":{"country":"United Kingdom","platformid":"0bb948c4-fad9-43f0-be24-166e3cae","current_status":"Operational","name":"LEMAN BT","category":"PLATFORM","function":"LEMAN BT","operator":"ROYAL DUTCH SHELL","location_blocks":null,"primary_production":null,"weight_sub":null,"weight_top":null,"production_start":null,"valid_from":"19700601","valid_to":null,"water_depth":0.0,"coast_dist":50247.8109992,"remarks":null}},{"type":"Feature","id":"platforms.1329","geometry":{"type":"Point","coordinates":[2.06562848,53.10803179]},"geometry_name":"the_geom","properties":{"country":"United Kingdom","platformid":"b14c1d2b-c525-4a99-ba2c-d0018c03","current_status":"Operational","name":"LEMAN F","category":"PLATFORM","function":"LEMAN F","operator":"ROYAL DUTCH SHELL","location_blocks":null,"primary_production":null,"weight_sub":null,"weight_top":null,"production_start":null,"valid_from":"19851201","valid_to":null,"water_depth":0.0,"coast_dist":46886.0728326,"remarks":null}},{"type":"Feature","id":"platforms.1330","geometry":{"type":"Point","coordinates":[-1.83771799,57.57613399]},"geometry_name":"the_geom","properties":{"country":"United Kingdom","platformid":"a44987b5-5295-4eb8-91f2-53d916ac","current_status":"Operational","name":"ST FERGUS GAS TERMINAL","category":"TERMINAL","function":"ST FERGUS GAS TERMINAL","operator":null,"location_blocks":null,"primary_production":null,"weight_sub":null,"weight_top":null,"production_start":null,"valid_from":null,"valid_to":null,"water_depth":0.0,"coast_dist":723.407251199,"remarks":null}},{"type":"Feature","id":"platforms.1331","geometry":{"type":"Point","coordinates":[1.86864657,56.96621385]},"geometry_name":"the_geom","properties":{"country":"United Kingdom","platformid":"2c9d20de-d125-4b46-aaaa-66d1278a","current_status":"Operational","name":"FRANKLIN WHP","category":"PLATFORM","function":"FRANKLIN","operator":"TOTALENERGIES UPSTREAM UK LIMITED","location_blocks":null,"primary_production":null,"weight_sub":null,"weight_top":null,"production_start":null,"valid_from":"20010801","valid_to":null,"water_depth":0.0,"coast_dist":227346.185872,"remarks":null}},{"type":"Feature","id":"platforms.1332","geometry":{"type":"Point","coordinates":[2.23212842,53.0532795]},"geometry_name":"the_geom","properties":{"country":"United Kingdom","platformid":"6d2ed73a-07b4-4c25-b78f-c73c05ea","current_status":"Operational","name":"LEMAN 27 AD","category":"PLATFORM","function":"DRILLING STEEL","operator":"PERENCO OIL & GAS","location_blocks":null,"primary_production":null,"weight_sub":null,"weight_top":null,"production_start":null,"valid_from":null,"valid_to":null,"water_depth":0.0,"coast_dist":50842.1150798,"remarks":null}},{"type":"Feature","id":"platforms.1333","geometry":{"type":"Point","coordinates":[1.96110107,57.19547484]},"geometry_name":"the_geom","properties":{"country":"United Kingdom","platformid":"55571717-807f-4621-9892-8e5ff0aa","current_status":"Operational","name":"CULZEAN FSO - AILSA","category":"FSO","function":"CULZEAN FSO - AILSA","operator":"TOTALENERGIES UPSTREAM UK LIMITED","location_blocks":null,"primary_production":null,"weight_sub":null,"weight_top":null,"production_start":null,"valid_from":"20170411","valid_to":null,"water_depth":0.0,"coast_dist":227032.128538,"remarks":"Status Change - now ACTIVEDue to be installed later in 2017"}},{"type":"Feature","id":"platforms.1334","geometry":{"type":"Point","coordinates":[1.76437567,53.09704658]},"geometry_name":"the_geom","properties":{"country":"United Kingdom","platformid":"5cd93984-b134-4c80-b7cd-79a27384","current_status":"Operational","name":"48/29C","category":"PLATFORM","function":"SATELLITE PLATFORM","operator":"ENI UK LIMITED","location_blocks":null,"primary_production":null,"weight_sub":null,"weight_top":null,"production_start":null,"valid_from":null,"valid_to":null,"water_depth":0.0,"coast_dist":32704.5918222,"remarks":null}},{"type":"Feature","id":"platforms.1335","geometry":{"type":"Point","coordinates":[-5.30939823,50.06154184]},"geometry_name":"the_geom","properties":{"country":"United Kingdom","platformid":"d55c47e8-be75-433d-91be-520716c9","current_status":"Operational","name":"ENGLISH CHANNEL WAVERIDER BUOY 2","category":"BUOY","function":"ENGLISH CHANNEL WAVERIDER BUOY 2 - BUOY IS 0.9 METRES IN DIAMETER, PAINTED IN HIGH VIS YELLOW PAINT","operator":"EMU LIMITED","location_blocks":null,"primary_production":null,"weight_sub":null,"weight_top":null,"production_start":null,"valid_from":"20110810","valid_to":null,"water_depth":0.0,"coast_dist":1321.67868748,"remarks":"THE BUOY WILL HAVE A FLASHING AMBER LED LIGHT ON TOP OF THE TRANSMITTER AERIAL (FLASHING 5 TIMES AT 1 HZ EVERY 20 SECONDS). IN ADDITION, THE BUOY WILL BE EQUIPPED WI TH RADAR REFLECTORS."}},{"type":"Feature","id":"platforms.1336","geometry":{"type":"Point","coordinates":[0.20177649,55.28997535]},"geometry_name":"the_geom","properties":{"country":"United Kingdom","platformid":"a87dd1e7-8d51-42d6-b3bc-a17b2718","current_status":"Removed","name":"BOOSTER PLATFORM 36/22A NORPIPE A.S","category":"PLATFORM","function":"BOOSTER PLATFORM 36/22A NORPIPE A.S","operator":"CONOCOPHILLIPS","location_blocks":null,"primary_production":null,"weight_sub":null,"weight_top":null,"production_start":null,"valid_from":null,"valid_to":null,"water_depth":0.0,"coast_dist":102590.905354,"remarks":"Removed June 1. 2010"}},{"type":"Feature","id":"platforms.1337","geometry":{"type":"Point","coordinates":[0.75384654,61.21450128]},"geometry_name":"the_geom","properties":{"country":"United Kingdom","platformid":"f67a51ae-9e19-49e0-b261-ce6edbc5","current_status":"Operational","name":"WESTERN ISLES FPSO","category":"FPSO","function":"WESTERN ISLES FPSO","operator":"KOREA NATIONAL OIL CORPORATION","location_blocks":null,"primary_production":null,"weight_sub":null,"weight_top":null,"production_start":null,"valid_from":"20170630","valid_to":null,"water_depth":0.0,"coast_dist":92756.2566199,"remarks":null}},{"type":"Feature","id":"platforms.1338","geometry":{"type":"Point","coordinates":[0.44249131,53.83443881]},"geometry_name":"the_geom","properties":{"country":"United Kingdom","platformid":"e2f6d721-20fd-44a8-9fa2-63508e0d","current_status":"Operational","name":"ROUGH CD","category":"PLATFORM","function":"ROUGH CD PRODUCTION (WINTER), INJECTION(SUMMER)","operator":"CENTRICA STORAGE HOLDINGS","location_blocks":null,"primary_production":null,"weight_sub":null,"weight_top":null,"production_start":null,"valid_from":"19850101","valid_to":null,"water_depth":0.0,"coast_dist":28605.4658344,"remarks":"Rough BD, BP and CD, three platforms linked by two footbridges"}},{"type":"Feature","id":"platforms.1339","geometry":{"type":"Point","coordinates":[0.938071,60.95316305]},"geometry_name":"the_geom","properties":{"country":"United Kingdom","platformid":"5b5ba710-1974-4777-9ab2-89f3e3d7","current_status":"Operational","name":"HEATHER A","category":"PLATFORM","function":"PRODUCTION DRILLING FIXED STEEL","operator":"ENQUEST PLC","location_blocks":null,"primary_production":null,"weight_sub":null,"weight_top":null,"production_start":null,"valid_from":null,"valid_to":null,"water_depth":0.0,"coast_dist":93460.0282511,"remarks":null}},{"type":"Feature","id":"platforms.1340","geometry":{"type":"Point","coordinates":[2.15360455,56.4920466]},"geometry_name":"the_geom","properties":{"country":"United Kingdom","platformid":"7b7b4291-ce3a-4631-9feb-20bfccda","current_status":"Operational","name":"FULMAR AD","category":"PLATFORM","function":"WELLHEAD STEEL","operator":"REPSOL SINOPEC RESOURCES","location_blocks":null,"primary_production":null,"weight_sub":null,"weight_top":null,"production_start":null,"valid_from":null,"valid_to":null,"water_depth":0.0,"coast_dist":252488.760921,"remarks":null}},{"type":"Feature","id":"platforms.1341","geometry":{"type":"Point","coordinates":[2.15317132,56.49296335]},"geometry_name":"the_geom","properties":{"country":"United Kingdom","platformid":"58ee676f-4c9d-437f-ba21-0a62461b","current_status":"Operational","name":"FULMAR A","category":"PLATFORM","function":"PRODUCTION & DRILLING STEEL","operator":"REPSOL SINOPEC RESOURCES","location_blocks":null,"primary_production":null,"weight_sub":null,"weight_top":null,"production_start":null,"valid_from":null,"valid_to":null,"water_depth":0.0,"coast_dist":252499.32466,"remarks":null}},{"type":"Feature","id":"platforms.1342","geometry":{"type":"Point","coordinates":[2.36394075,54.46002954]},"geometry_name":"the_geom","properties":{"country":"United Kingdom","platformid":"717ee788-25c7-4596-b2dc-da53ef68","current_status":"Operational","name":"44/17A WELLHEAD MARKER BUOY KFB20/2012 AREA3","category":"BUOY","function":"44/17A WELLHEAD MARKER BUOY KFB20/2012 AREA3","operator":"CHRYSAOR HOLDINGS","location_blocks":null,"primary_production":null,"weight_sub":null,"weight_top":null,"production_start":null,"valid_from":"20120917","valid_to":null,"water_depth":0.0,"coast_dist":163431.149405,"remarks":"Asset transfer from ConocoPhillips to Chrysaor October 2019"}},{"type":"Feature","id":"platforms.1343","geometry":{"type":"Point","coordinates":[2.05482754,53.71565298]},"geometry_name":"the_geom","properties":{"country":"United Kingdom","platformid":"7569afb8-ecc6-4562-8850-dba71add","current_status":"Closed down","name":"ANN TEMPLATE BUOY: KFB 17/2008","category":"BUOY","function":"ANN TEMPLATE BUOY: KINGFISHER FORTNIGHTLY BULLETIN 17/2008","operator":"SPIRIT ENERGY","location_blocks":null,"primary_production":null,"weight_sub":null,"weight_top":null,"production_start":null,"valid_from":"20080812","valid_to":null,"water_depth":0.0,"coast_dist":100377.425232,"remarks":"Position is 100 mtrs x 360 Degrees (T) from the template."}},{"type":"Feature","id":"platforms.1344","geometry":{"type":"Point","coordinates":[2.10317887,53.11730261]},"geometry_name":"the_geom","properties":{"country":"United Kingdom","platformid":"f9784b9b-eee3-4491-b1d9-7752f6fb","current_status":"Operational","name":"LEMAN G","category":"PLATFORM","function":"LEMAN G","operator":"ROYAL DUTCH SHELL","location_blocks":null,"primary_production":null,"weight_sub":null,"weight_top":null,"production_start":null,"valid_from":"19860101","valid_to":null,"water_depth":0.0,"coast_dist":49378.4700148,"remarks":null}},{"type":"Feature","id":"platforms.1345","geometry":{"type":"Point","coordinates":[-3.624187,53.89104655]},"geometry_name":"the_geom","properties":{"country":"United Kingdom","platformid":"cc2b16b2-a6b3-470f-a578-e8759221","current_status":"Operational","name":"DP8 PLATFORM","category":"PLATFORM","function":"DP8 PLATFORM","operator":"SPIRIT ENERGY","location_blocks":null,"primary_production":null,"weight_sub":null,"weight_top":null,"production_start":null,"valid_from":null,"valid_to":null,"water_depth":0.0,"coast_dist":32352.3967896,"remarks":"Asset transfer from ConocoPhillips to Chrysaor October 2019"}},{"type":"Feature","id":"platforms.1346","geometry":{"type":"Point","coordinates":[1.5694483,59.36030596]},"geometry_name":"the_geom","properties":{"country":"United Kingdom","platformid":"0ed97d08-23c8-4c42-a411-4d90e70c","current_status":"Operational","name":"GRYPHON ALPHA","category":"FPSO","function":"FPSO GRYPHON ALPHA","operator":"TOTALENERGIES UPSTREAM UK LIMITED","location_blocks":null,"primary_production":null,"weight_sub":null,"weight_top":null,"production_start":null,"valid_from":"19930101","valid_to":null,"water_depth":0.0,"coast_dist":168616.794797,"remarks":"FPSO back on location (as of 28th August 2012) @ Same Co-ords."}},{"type":"Feature","id":"platforms.1347","geometry":{"type":"Point","coordinates":[2.52376141,53.39180603]},"geometry_name":"the_geom","properties":{"country":"United Kingdom","platformid":"ef3abcca-d667-4eec-8506-4982a147","current_status":"Operational","name":"INDE BP","category":"PLATFORM","function":"PRODUCTION STEEL","operator":"PERENCO OIL & GAS","location_blocks":null,"primary_production":null,"weight_sub":null,"weight_top":null,"production_start":null,"valid_from":null,"valid_to":null,"water_depth":0.0,"coast_dist":90829.6215888,"remarks":null}},{"type":"Feature","id":"platforms.1348","geometry":{"type":"Point","coordinates":[-2.54363217,60.69185156]},"geometry_name":"the_geom","properties":{"country":"United Kingdom","platformid":"6305cb2e-345b-477c-9b34-cb22437d","current_status":"Operational","name":"CLAIR","category":"PLATFORM","function":"CLAIR","operator":"BP EXPLORATION","location_blocks":null,"primary_production":null,"weight_sub":null,"weight_top":null,"production_start":null,"valid_from":null,"valid_to":null,"water_depth":0.0,"coast_dist":53046.8696671,"remarks":null}},{"type":"Feature","id":"platforms.1349","geometry":{"type":"Point","coordinates":[1.24294567,53.54309811]},"geometry_name":"the_geom","properties":{"country":"United Kingdom","platformid":"2aa242a4-aa78-47b7-af73-38fa760e","current_status":"Operational","name":"MALORY","category":"PLATFORM","function":"WELLHEAD STEEL","operator":"PERENCO OIL & GAS","location_blocks":null,"primary_production":null,"weight_sub":null,"weight_top":null,"production_start":null,"valid_from":null,"valid_to":null,"water_depth":0.0,"coast_dist":65009.8754183,"remarks":null}},{"type":"Feature","id":"platforms.1351","geometry":{"type":"Point","coordinates":[1.52551376,58.87556889]},"geometry_name":"the_geom","properties":{"country":"United Kingdom","platformid":"ce16b05c-b53a-40e6-b1d8-0a6dc502","current_status":"Operational","name":"BRAE EAST","category":"PLATFORM","function":"PRODUCTION DRILLING STEEL","operator":"TAQA EUROPA B.V.","location_blocks":null,"primary_production":null,"weight_sub":null,"weight_top":null,"production_start":null,"valid_from":null,"valid_to":null,"water_depth":0.0,"coast_dist":192847.506535,"remarks":null}},{"type":"Feature","id":"platforms.1352","geometry":{"type":"Point","coordinates":[1.03063263,57.71556148]},"geometry_name":"the_geom","properties":{"country":"United Kingdom","platformid":"7721311b-c72a-4ce9-ac03-4032b3b0","current_status":"Operational","name":"FORTIES ECHO","category":"PLATFORM","function":"FORTIES ECHO","operator":"APACHE CORPORATION","location_blocks":null,"primary_production":null,"weight_sub":null,"weight_top":null,"production_start":null,"valid_from":"19860630","valid_to":null,"water_depth":0.0,"coast_dist":168853.292819,"remarks":null}},{"type":"Feature","id":"platforms.1353","geometry":{"type":"Point","coordinates":[0.87731706,53.56101509]},"geometry_name":"the_geom","properties":{"country":"United Kingdom","platformid":"bd1e61b9-04bd-46ad-b51e-d98c5d58","current_status":"Operational","name":"AMETHYST B1D","category":"PLATFORM","function":"WELLHEAD STEEL","operator":"PERENCO OIL & GAS","location_blocks":null,"primary_production":null,"weight_sub":null,"weight_top":null,"production_start":null,"valid_from":null,"valid_to":null,"water_depth":0.0,"coast_dist":46870.5039427,"remarks":null}},{"type":"Feature","id":"platforms.1354","geometry":{"type":"Point","coordinates":[1.38678294,57.45003227]},"geometry_name":"the_geom","properties":{"country":"United Kingdom","platformid":"cbf085a2-3460-43ea-8e66-421470cf","current_status":"Operational","name":"MONTROSE A","category":"PLATFORM","function":"PRODUCTION & DRILLING STEEL","operator":"REPSOL SINOPEC RESOURCES","location_blocks":null,"primary_production":null,"weight_sub":null,"weight_top":null,"production_start":null,"valid_from":null,"valid_to":null,"water_depth":0.0,"coast_dist":189320.631434,"remarks":null}},{"type":"Feature","id":"platforms.1355","geometry":{"type":"Point","coordinates":[0.96505439,54.02873123]},"geometry_name":"the_geom","properties":{"country":"United Kingdom","platformid":"186b1b9e-c5d6-4398-8f49-c2b72140","current_status":"Operational","name":"RAVENSPURN SOUTH A","category":"PLATFORM","function":"WELLHEAD STEEL","operator":"PERENCO OIL & GAS","location_blocks":null,"primary_production":null,"weight_sub":null,"weight_top":null,"production_start":null,"valid_from":null,"valid_to":null,"water_depth":0.0,"coast_dist":68818.5949823,"remarks":null}},{"type":"Feature","id":"platforms.1356","geometry":{"type":"Point","coordinates":[0.82374053,54.08248134]},"geometry_name":"the_geom","properties":{"country":"United Kingdom","platformid":"4c99a28f-ae82-4d80-ab97-fc4e21cf","current_status":"Operational","name":"RAVENSPURN SOUTH C","category":"PLATFORM","function":"WELLHEAD STEEL","operator":"PERENCO OIL & GAS","location_blocks":null,"primary_production":null,"weight_sub":null,"weight_top":null,"production_start":null,"valid_from":null,"valid_to":null,"water_depth":0.0,"coast_dist":58976.1289012,"remarks":null}},{"type":"Feature","id":"platforms.1357","geometry":{"type":"Point","coordinates":[-3.583285,53.84577199]},"geometry_name":"the_geom","properties":{"country":"United Kingdom","platformid":"4ad92d86-3c7b-4423-8e57-8e9bab76","current_status":"Operational","name":"ACOMMODATION PLATFORM AP1","category":"PLATFORM","function":"ACOMMODATION PLATFORM AP1","operator":"CHRYSAOR HOLDINGS","location_blocks":null,"primary_production":null,"weight_sub":null,"weight_top":null,"production_start":null,"valid_from":null,"valid_to":null,"water_depth":0.0,"coast_dist":33335.2557787,"remarks":"Asset transfer from ConocoPhillips to Chrysaor October 2019"}},{"type":"Feature","id":"platforms.1358","geometry":{"type":"Point","coordinates":[1.5147711,59.27890356]},"geometry_name":"the_geom","properties":{"country":"United Kingdom","platformid":"159c9790-0ef8-4967-a032-b4100dfa","current_status":"Operational","name":"HARDING","category":"PLATFORM","function":"PRODUCTION & DRILLING STEEL","operator":"TAQA EUROPA B.V.","location_blocks":null,"primary_production":null,"weight_sub":null,"weight_top":null,"production_start":null,"valid_from":null,"valid_to":null,"water_depth":0.0,"coast_dist":170073.556573,"remarks":null}},{"type":"Feature","id":"platforms.1359","geometry":{"type":"Point","coordinates":[-3.94673538,60.0521089]},"geometry_name":"the_geom","properties":{"country":"United Kingdom","platformid":"d6f3d73e-8040-43e9-8101-0180e3f7","current_status":"Operational","name":"HEV MOORING LINE SURFACE BUOY","category":"BUOY","function":"HEV MOORING LINE SURFACE BUOY - SOLAN","operator":"HARBOUR ENERGY PLC","location_blocks":null,"primary_production":null,"weight_sub":null,"weight_top":null,"production_start":null,"valid_from":null,"valid_to":null,"water_depth":0.0,"coast_dist":94125.0622214,"remarks":"Yellow flashing surface buoy"}},{"type":"Feature","id":"platforms.1360","geometry":{"type":"Point","coordinates":[-2.49627022,60.7358834]},"geometry_name":"the_geom","properties":{"country":"United Kingdom","platformid":"d7dd829d-c073-48fe-918f-e08db8a7","current_status":"Operational","name":"CLAIR RIDGE QU","category":"PLATFORM","function":"CLAIR RIDGE QUARTERS PLATFORM","operator":"BP EXPLORATION","location_blocks":null,"primary_production":null,"weight_sub":null,"weight_top":null,"production_start":null,"valid_from":"20131009","valid_to":null,"water_depth":0.0,"coast_dist":53170.9145759,"remarks":"v32 Now Manned Final location changed very slightly (<1.0m)"}},{"type":"Feature","id":"platforms.1361","geometry":{"type":"Point","coordinates":[1.05336479,53.53099822]},"geometry_name":"the_geom","properties":{"country":"United Kingdom","platformid":"e3c15617-ade5-4523-a615-30d853f0","current_status":"Operational","name":"DOWSING WAVERIDER BUOY KFB25/2012 AREA3","category":"BUOY","function":"DOWSING WAVERIDER BUOY KFB25/2012 AREA3","operator":"CEFAS","location_blocks":null,"primary_production":null,"weight_sub":null,"weight_top":null,"production_start":null,"valid_from":"20120801","valid_to":null,"water_depth":0.0,"coast_dist":56304.3990929,"remarks":"OCEANOGRAPHIC EQUIPMENT FITTED WITH A YELLOW LIGHT EXHIBITING THE SEQUENCE FL Y (5) 20S"}},{"type":"Feature","id":"platforms.1362","geometry":{"type":"Point","coordinates":[-4.06692689,60.35641838]},"geometry_name":"the_geom","properties":{"country":"United Kingdom","platformid":"ee2e9913-5259-437f-9a86-0f2cdbe0","current_status":"Operational","name":"GLEN LYON","category":"FPSO","function":"GLEN LYON FPSO","operator":"BP EXPLORATION","location_blocks":null,"primary_production":null,"weight_sub":null,"weight_top":null,"production_start":null,"valid_from":"20160605","valid_to":null,"water_depth":0.0,"coast_dist":110791.377377,"remarks":"To allow for vessel turning the statutory safety zone is effectively increased to 750m"}},{"type":"Feature","id":"platforms.1363","geometry":{"type":"Point","coordinates":[1.4196582,60.90555828]},"geometry_name":"the_geom","properties":{"country":"United Kingdom","platformid":"7ac8fd20-5db0-49ec-8aeb-ac44a45e","current_status":"Decommissioned","name":"NINIAN NORTHERN","category":"PLATFORM","function":"NINIAN NORTHERN PLATFORM","operator":"CNR INTERNATIONAL","location_blocks":null,"primary_production":null,"weight_sub":null,"weight_top":null,"production_start":null,"valid_from":null,"valid_to":null,"water_depth":0.0,"coast_dist":118864.173128,"remarks":null}},{"type":"Feature","id":"platforms.1364","geometry":{"type":"Point","coordinates":[2.61822129,54.31582981]},"geometry_name":"the_geom","properties":{"country":"United Kingdom","platformid":"13798b31-1f98-4b6f-aff0-00642624","current_status":"Operational","name":"WINGATE PLATFORM","category":"PLATFORM","function":"WINGATE SATELLITE PLATFORM","operator":"WINTERSHALL B.V.","location_blocks":null,"primary_production":null,"weight_sub":null,"weight_top":null,"production_start":null,"valid_from":"20110725","valid_to":null,"water_depth":0.0,"coast_dist":176679.643452,"remarks":null}},{"type":"Feature","id":"platforms.1365","geometry":{"type":"Point","coordinates":[-3.93323683,51.43167145]},"geometry_name":"the_geom","properties":{"country":"United Kingdom","platformid":"af9b7219-e2bd-4d72-bea0-44e5a6af","current_status":"Operational","name":"SCARWEATHER GUARD BUOY KFB20/2012 AREA5","category":"BUOY","function":"SCARWEATHER GUARD BUOY KFB20/2012 AREA5","operator":"CEFAS","location_blocks":null,"primary_production":null,"weight_sub":null,"weight_top":null,"production_start":null,"valid_from":"20120914","valid_to":null,"water_depth":0.0,"coast_dist":15119.963267,"remarks":null}},{"type":"Feature","id":"platforms.1366","geometry":{"type":"Point","coordinates":[0.90792268,53.66643048]},"geometry_name":"the_geom","properties":{"country":"United Kingdom","platformid":"3cae4862-1a88-455a-9a8f-02967fac","current_status":"Decommissioned","name":"ROSE BUOY: 47/15B- 6W","category":"BUOY","function":"ROSE MOORING BUOY","operator":"SPIRIT ENERGY","location_blocks":null,"primary_production":null,"weight_sub":null,"weight_top":null,"production_start":null,"valid_from":"20040715","valid_to":null,"water_depth":0.0,"coast_dist":50751.6096072,"remarks":"The buoy is offset from the wellhead. This location is close to the boundary of a shipping lane and the buoy is offset to accommodate this."}},{"type":"Feature","id":"platforms.1367","geometry":{"type":"Point","coordinates":[2.06289121,59.87916099]},"geometry_name":"the_geom","properties":{"country":"United Kingdom","platformid":"9fe69727-1e91-48e7-89e0-e5b7bbdb","current_status":"Decommissioned","name":"FRIGG TP 1","category":"PLATFORM","function":"FRIGG TP 1","operator":"TOTALENERGIES UPSTREAM UK LIMITED","location_blocks":null,"primary_production":null,"weight_sub":null,"weight_top":null,"production_start":null,"valid_from":"19760101","valid_to":null,"water_depth":0.0,"coast_dist":164827.835612,"remarks":null}},{"type":"Feature","id":"platforms.1368","geometry":{"type":"Point","coordinates":[1.0532148,53.53133122]},"geometry_name":"the_geom","properties":{"country":"United Kingdom","platformid":"da62a327-7469-4fcb-b5f1-01672e20","current_status":"Operational","name":"DOWSING SMART BUOY KFB25/2012 AREA3","category":"BUOY","function":"DOWSING SMART BUOY KFB25/2012 AREA3","operator":"CEFAS","location_blocks":null,"primary_production":null,"weight_sub":null,"weight_top":null,"production_start":null,"valid_from":"20120801","valid_to":null,"water_depth":0.0,"coast_dist":56309.8858868,"remarks":"OCEANOGRAPHIC EQUIPMENT FITTED WITH A YELLOW LIGHT EXHIBITING THE SEQUENCE FL Y (5) 20S"}},{"type":"Feature","id":"platforms.1369","geometry":{"type":"Point","coordinates":[1.73264595,53.45856693]},"geometry_name":"the_geom","properties":{"country":"United Kingdom","platformid":"397ead78-2e25-4728-8d3b-544d0692","current_status":"Operational","name":"CLIPPER PM","category":"PLATFORM","function":"CLIPPER PM","operator":"ROYAL DUTCH SHELL","location_blocks":null,"primary_production":null,"weight_sub":null,"weight_top":null,"production_start":null,"valid_from":"19940422","valid_to":null,"water_depth":0.0,"coast_dist":65247.9809927,"remarks":null}},{"type":"Feature","id":"platforms.1370","geometry":{"type":"Point","coordinates":[-1.88705142,50.54465378]},"geometry_name":"the_geom","properties":{"country":"United Kingdom","platformid":"2709d7e8-889c-4892-807f-28954f33","current_status":"Operational","name":"ENGLISH CHANNEL TITAN BUOY 4: KFB18/2012 AREA4","category":"BUOY","function":"ENGLISH CHANNEL TITAN BUOY 4: KFB18/2012 AREA4","operator":null,"location_blocks":null,"primary_production":null,"weight_sub":null,"weight_top":null,"production_start":null,"valid_from":"20120910","valid_to":null,"water_depth":0.0,"coast_dist":7170.50800289,"remarks":"marked with dahn flag. attached to a ground weight and from this a ground line connects a sub surface riser and instruments will be positioned at approx10 metres above the sea bed."}},{"type":"Feature","id":"platforms.1371","geometry":{"type":"Point","coordinates":[2.28368425,53.05127459]},"geometry_name":"the_geom","properties":{"country":"United Kingdom","platformid":"7aa63518-8981-4c77-a2e6-61c2a630","current_status":"Operational","name":"LEMAN 27 BC","category":"PLATFORM","function":"COMPRESSION STEEL","operator":"PERENCO OIL & GAS","location_blocks":null,"primary_production":null,"weight_sub":null,"weight_top":null,"production_start":null,"valid_from":null,"valid_to":null,"water_depth":0.0,"coast_dist":53379.9932551,"remarks":null}},{"type":"Feature","id":"platforms.1372","geometry":{"type":"Point","coordinates":[-0.25507754,58.44870524]},"geometry_name":"the_geom","properties":{"country":"United Kingdom","platformid":"496da53d-5530-4d57-a494-a16c3bfe","current_status":"Operational","name":"CLAYMORE CPP","category":"PLATFORM","function":"PRODUCTION DRILLING STEEL","operator":"REPSOL SINOPEC RESOURCES","location_blocks":null,"primary_production":null,"weight_sub":null,"weight_top":null,"production_start":null,"valid_from":null,"valid_to":null,"water_depth":0.0,"coast_dist":130732.371027,"remarks":null}},{"type":"Feature","id":"platforms.1373","geometry":{"type":"Point","coordinates":[1.35924444,53.54598136]},"geometry_name":"the_geom","properties":{"country":"United Kingdom","platformid":"b1500ae6-216f-4961-bb4d-5435232c","current_status":"Operational","name":"GALAHAD","category":"PLATFORM","function":"WELLHEAD STEEL","operator":"PERENCO OIL & GAS","location_blocks":null,"primary_production":null,"weight_sub":null,"weight_top":null,"production_start":null,"valid_from":null,"valid_to":null,"water_depth":0.0,"coast_dist":67515.6780828,"remarks":null}},{"type":"Feature","id":"platforms.1374","geometry":{"type":"Point","coordinates":[1.95342503,57.03039102]},"geometry_name":"the_geom","properties":{"country":"United Kingdom","platformid":"0c7317ed-88c0-40f8-9b4a-bba043af","current_status":"Operational","name":"SHEARWATER C","category":"PLATFORM","function":"SHEARWATER C","operator":"ROYAL DUTCH SHELL","location_blocks":null,"primary_production":null,"weight_sub":null,"weight_top":null,"production_start":null,"valid_from":"19990502","valid_to":null,"water_depth":0.0,"coast_dist":230504.739459,"remarks":null}},{"type":"Feature","id":"platforms.1375","geometry":{"type":"Point","coordinates":[-3.08901671,58.11411673]},"geometry_name":"the_geom","properties":{"country":"United Kingdom","platformid":"2b353f24-10f9-4256-a456-bbaafcb3","current_status":"Decommissioned","name":"BEATRICE AP","category":"PLATFORM","function":"PRODUCTION STEEL","operator":"REPSOL SINOPEC RESOURCES","location_blocks":null,"primary_production":null,"weight_sub":null,"weight_top":null,"production_start":null,"valid_from":null,"valid_to":null,"water_depth":0.0,"coast_dist":22626.5320932,"remarks":null}},{"type":"Feature","id":"platforms.1376","geometry":{"type":"Point","coordinates":[1.67060566,59.74317161]},"geometry_name":"the_geom","properties":{"country":"United Kingdom","platformid":"227de6db-3224-45a6-bf91-95404aa4","current_status":"Operational","name":"BRUCE D","category":"PLATFORM","function":"DRILLING & PRODUCTION STEEL","operator":"SERICA ENERGY","location_blocks":null,"primary_production":null,"weight_sub":null,"weight_top":null,"production_start":null,"valid_from":null,"valid_to":null,"water_depth":0.0,"coast_dist":153420.362236,"remarks":null}},{"type":"Feature","id":"platforms.1377","geometry":{"type":"Point","coordinates":[1.73443059,61.13183806]},"geometry_name":"the_geom","properties":{"country":"United Kingdom","platformid":"73266aa7-07a0-43b1-ae90-922ea7f6","current_status":"Closed down","name":"BRENT D","category":"PLATFORM","function":"BRENT D","operator":"ROYAL DUTCH SHELL","location_blocks":null,"primary_production":null,"weight_sub":null,"weight_top":null,"production_start":null,"valid_from":"19760701","valid_to":null,"water_depth":0.0,"coast_dist":139536.232387,"remarks":"Platform Topsides Removed 28th April 2017 by Pioneering Spirit. GBS cells and legs remain in situ."}},{"type":"Feature","id":"platforms.1378","geometry":{"type":"Point","coordinates":[1.05554068,59.58853334]},"geometry_name":"the_geom","properties":{"country":"United Kingdom","platformid":"c7f5190e-cd73-49aa-b3ab-1774f359","current_status":"Operational","name":"MARINER PDQ JACKET","category":"PLATFORM","function":"MARINER JACKET","operator":"EQUINOR ASA","location_blocks":null,"primary_production":null,"weight_sub":null,"weight_top":null,"production_start":null,"valid_from":null,"valid_to":null,"water_depth":0.0,"coast_dist":130658.804536,"remarks":null}},{"type":"Feature","id":"platforms.1379","geometry":{"type":"Point","coordinates":[-5.30923123,50.06154185]},"geometry_name":"the_geom","properties":{"country":"United Kingdom","platformid":"acbfc304-bc88-44e5-b9c6-238292e6","current_status":"Operational","name":"ENGLISH CHANNEL WAVERIDER BUOY 3","category":"BUOY","function":"ENGLISH CHANNEL WAVERIDER BUOY 3 -BUOY IS 0.9 METRES IN DIAMETER, PAINTED IN HIGH VIS YELLOW PAINT","operator":"EMU LIMITED","location_blocks":null,"primary_production":null,"weight_sub":null,"weight_top":null,"production_start":null,"valid_from":"20110810","valid_to":null,"water_depth":0.0,"coast_dist":1313.4062201,"remarks":"THE BUOY WILL HAVE A FLASHING AMBER LED LIGHT ON TOP OF THE TRANSMITTER AERIAL (FLASHING 5 TIMES AT 1 HZ EVERY 20 SECONDS). IN ADDITION, THE BUOY WILL BE EQUIPPED WI TH RADAR REFLECTORS."}},{"type":"Feature","id":"platforms.1380","geometry":{"type":"Point","coordinates":[2.20965402,53.06011728]},"geometry_name":"the_geom","properties":{"country":"United Kingdom","platformid":"35cd281f-fb70-4535-8bc9-a63ecd35","current_status":"Operational","name":"LEMAN ED","category":"PLATFORM","function":"DRILLING & ACCOMMODATION STEEL","operator":"PERENCO OIL & GAS","location_blocks":null,"primary_production":null,"weight_sub":null,"weight_top":null,"production_start":null,"valid_from":null,"valid_to":null,"water_depth":0.0,"coast_dist":50183.3820934,"remarks":null}},{"type":"Feature","id":"platforms.1381","geometry":{"type":"Point","coordinates":[0.47065837,53.82488381]},"geometry_name":"the_geom","properties":{"country":"United Kingdom","platformid":"95277267-11ac-4f7f-8c9e-b2011cbf","current_status":"Operational","name":"ROUGH AP","category":"PLATFORM","function":"ROUGH AP","operator":"CENTRICA STORAGE HOLDINGS","location_blocks":null,"primary_production":null,"weight_sub":null,"weight_top":null,"production_start":null,"valid_from":"19750101","valid_to":null,"water_depth":0.0,"coast_dist":29511.5200703,"remarks":"Rough AD and AP, two platforms linked by a footbridge"}},{"type":"Feature","id":"platforms.1382","geometry":{"type":"Point","coordinates":[2.07902894,51.98083242]},"geometry_name":"the_geom","properties":{"country":"United Kingdom","platformid":"57572596-4b79-4561-aac5-36e10b5b","current_status":"Operational","name":"WEST GABBARD WAVERIDER BUOY KFB25/2012 AREA3","category":"BUOY","function":"WEST GABBARD WAVERIDER BUOY KFB25/2012 AREA3","operator":"CEFAS","location_blocks":null,"primary_production":null,"weight_sub":null,"weight_top":null,"production_start":null,"valid_from":"20120801","valid_to":null,"water_depth":0.0,"coast_dist":36170.3089316,"remarks":"OCEANOGRAPHIC EQUIPMENT FITTED WITH A YELLOW LIGHT EXHIBITING THE SEQUENCE FL Y (5) 20S"}},{"type":"Feature","id":"platforms.1383","geometry":{"type":"Point","coordinates":[-3.6721993,53.95969057]},"geometry_name":"the_geom","properties":{"country":"United Kingdom","platformid":"8b8ff45c-f6d4-49a3-9b6a-448f74ac","current_status":"Operational","name":"NORTH MORECAMBE DPPA","category":"PLATFORM","function":"REMOTE DRILLING AND PRODUCTION PLATFORM","operator":"SPIRIT ENERGY","location_blocks":null,"primary_production":null,"weight_sub":null,"weight_top":null,"production_start":null,"valid_from":null,"valid_to":null,"water_depth":0.0,"coast_dist":31006.9574813,"remarks":null}},{"type":"Feature","id":"platforms.1384","geometry":{"type":"Point","coordinates":[1.66153932,57.29444821]},"geometry_name":"the_geom","properties":{"country":"United Kingdom","platformid":"2ca1162d-d7dd-46dd-816d-b98f5b09","current_status":"Operational","name":"ETAP PDR","category":"PLATFORM","function":"PRODUCTION & DRILLING STEEL","operator":"BP EXPLORATION","location_blocks":null,"primary_production":null,"weight_sub":null,"weight_top":null,"production_start":null,"valid_from":null,"valid_to":null,"water_depth":0.0,"coast_dist":207441.062785,"remarks":null}},{"type":"Feature","id":"platforms.1385","geometry":{"type":"Point","coordinates":[2.25603278,53.02621112]},"geometry_name":"the_geom","properties":{"country":"United Kingdom","platformid":"91ac490e-0c36-467e-8d98-d301ef88","current_status":"Operational","name":"LEMAN CP (PERENCO)","category":"PLATFORM","function":"PRODUCTION STEEL","operator":"PERENCO OIL & GAS","location_blocks":null,"primary_production":null,"weight_sub":null,"weight_top":null,"production_start":null,"valid_from":null,"valid_to":null,"water_depth":0.0,"coast_dist":50201.2132043,"remarks":null}},{"type":"Feature","id":"platforms.1386","geometry":{"type":"Point","coordinates":[1.27224413,53.41401495]},"geometry_name":"the_geom","properties":{"country":"United Kingdom","platformid":"0e8fe88c-4b7e-4701-91cc-28a68c28","current_status":"Closed down","name":"GUINEVERE A","category":"PLATFORM","function":"WELLHEAD STEEL","operator":"PERENCO OIL & GAS","location_blocks":null,"primary_production":null,"weight_sub":null,"weight_top":null,"production_start":null,"valid_from":null,"valid_to":null,"water_depth":0.0,"coast_dist":51980.5167616,"remarks":null}},{"type":"Feature","id":"platforms.1387","geometry":{"type":"Point","coordinates":[2.3792376,56.9003812]},"geometry_name":"the_geom","properties":{"country":"United Kingdom","platformid":"281f09b2-2b76-48bc-9513-9c3ba026","current_status":"Under construction","name":"JACKDAW","category":"PLATFORM","function":"JACKDAW","operator":"ROYAL DUTCH SHELL","location_blocks":null,"primary_production":null,"weight_sub":null,"weight_top":null,"production_start":null,"valid_from":null,"valid_to":null,"water_depth":0.0,"coast_dist":259245.383906,"remarks":"Official agreed proposed location."}},{"type":"Feature","id":"platforms.1388","geometry":{"type":"Point","coordinates":[0.11364123,53.65819328]},"geometry_name":"the_geom","properties":{"country":"United Kingdom","platformid":"ed8f1bc4-4f48-48d9-b8a7-b654216d","current_status":"Operational","name":"EASINGTON/DIMLINGTON GAS TERMINAL","category":"TERMINAL","function":"EASINGTON/DIMLINGTON GAS TERMINAL","operator":null,"location_blocks":null,"primary_production":null,"weight_sub":null,"weight_top":null,"production_start":null,"valid_from":null,"valid_to":null,"water_depth":0.0,"coast_dist":348.752023076,"remarks":null}},{"type":"Feature","id":"platforms.1389","geometry":{"type":"Point","coordinates":[-3.45431294,53.56597537]},"geometry_name":"the_geom","properties":{"country":"United Kingdom","platformid":"4fe59ce4-602e-4525-8bba-9e8bb447","current_status":"Operational","name":"HAMILTON","category":"PLATFORM","function":"WELLHEAD STEEL","operator":"ENI UK LIMITED","location_blocks":null,"primary_production":null,"weight_sub":null,"weight_top":null,"production_start":null,"valid_from":"19950101","valid_to":null,"water_depth":0.0,"coast_dist":23252.3235928,"remarks":null}},{"type":"Feature","id":"platforms.1390","geometry":{"type":"Point","coordinates":[-5.30939822,50.06170885]},"geometry_name":"the_geom","properties":{"country":"United Kingdom","platformid":"d37ddce3-b44f-44ab-8cea-b101410b","current_status":"Operational","name":"ENGLISH CHANNEL WAVERIDER BUOY 1","category":"BUOY","function":"ENGLISH CHANNEL WAVERIDER BUOY 1 - BUOY IS 0.9 METRES IN DIAMETER, PAINTED IN HIGH VIS YELLOW PAINT","operator":"EMU LIMITED","location_blocks":null,"primary_production":null,"weight_sub":null,"weight_top":null,"production_start":null,"valid_from":"20110810","valid_to":null,"water_depth":0.0,"coast_dist":1308.26642176,"remarks":"THE BUOY WILL HAVE A FLASHING AMBER LED LIGHT ON TOP OF THE TRANSMITTER AERIAL (FLASHING 5 TIMES AT 1 HZ EVERY 20 SECONDS). IN ADDITION, THE BUOY WILL BE EQUIPPED WI TH RADAR REFLECTORS."}},{"type":"Feature","id":"platforms.1391","geometry":{"type":"Point","coordinates":[1.1397244,58.04813486]},"geometry_name":"the_geom","properties":{"country":"United Kingdom","platformid":"11c6e9fd-3fa6-4e63-84d0-1fe489c0","current_status":"Operational","name":"BRITANNIA BLP","category":"PLATFORM","function":"BRIDGE LINKED PLATFORM","operator":"CHRYSAOR HOLDINGS","location_blocks":null,"primary_production":null,"weight_sub":null,"weight_top":null,"production_start":null,"valid_from":"20060801","valid_to":null,"water_depth":0.0,"coast_dist":182606.560946,"remarks":"Asset transfer from ConocoPhillips to Chrysaor October 2019 | Platform is an unmanned 4-legged structure, bridge linked to existing Britannia Platform, and is expected to become active, i.e. commence processing hydrocarbons, in June 2008"}},{"type":"Feature","id":"platforms.1392","geometry":{"type":"Point","coordinates":[2.23292633,53.05371612]},"geometry_name":"the_geom","properties":{"country":"United Kingdom","platformid":"0b13dbcf-4380-495e-b589-ec069fa0","current_status":"Operational","name":"LEMAN 27 AP (PERENCO)","category":"PLATFORM","function":"PRODUCTION STEEL","operator":"PERENCO OIL & GAS","location_blocks":null,"primary_production":null,"weight_sub":null,"weight_top":null,"production_start":null,"valid_from":null,"valid_to":null,"water_depth":0.0,"coast_dist":50914.3158818,"remarks":null}},{"type":"Feature","id":"platforms.1393","geometry":{"type":"Point","coordinates":[1.84439911,57.9568185]},"geometry_name":"the_geom","properties":{"country":"United Kingdom","platformid":"0621475f-cbc3-4bf3-a91b-f04455be","current_status":"Operational","name":"ARMADA","category":"PLATFORM","function":"ARMADA PLATFORM","operator":"CHRYSAOR HOLDINGS","location_blocks":null,"primary_production":null,"weight_sub":null,"weight_top":null,"production_start":null,"valid_from":null,"valid_to":null,"water_depth":0.0,"coast_dist":220892.744469,"remarks":"Installed circa 1996."}},{"type":"Feature","id":"platforms.1394","geometry":{"type":"Point","coordinates":[1.15982055,61.35681461]},"geometry_name":"the_geom","properties":{"country":"United Kingdom","platformid":"0730959f-f299-4633-a74d-1b9c1751","current_status":"Operational","name":"EIDER A","category":"PLATFORM","function":"PRODUCTION & DRILLING STEEL","operator":"TAQA EUROPA B.V.","location_blocks":null,"primary_production":null,"weight_sub":null,"weight_top":null,"production_start":null,"valid_from":null,"valid_to":null,"water_depth":0.0,"coast_dist":119386.441521,"remarks":null}},{"type":"Feature","id":"platforms.1395","geometry":{"type":"Point","coordinates":[1.67120562,59.74373824]},"geometry_name":"the_geom","properties":{"country":"United Kingdom","platformid":"15e1d20d-a95c-4f8c-a9dc-131ec4a9","current_status":"Operational","name":"BRUCE CR","category":"PLATFORM","function":"COMPRESSION RISER STEEL","operator":"SERICA ENERGY","location_blocks":null,"primary_production":null,"weight_sub":null,"weight_top":null,"production_start":null,"valid_from":null,"valid_to":null,"water_depth":0.0,"coast_dist":153417.351573,"remarks":null}},{"type":"Feature","id":"platforms.1396","geometry":{"type":"Point","coordinates":[-3.61798984,53.86423099]},"geometry_name":"the_geom","properties":{"country":"United Kingdom","platformid":"db2f5756-9f58-43cf-b93d-be43f561","current_status":"Operational","name":"SOUTH MORECAMBE DP6","category":"PLATFORM","function":"REMOTE DRILLING PLATFORM","operator":"SPIRIT ENERGY","location_blocks":null,"primary_production":null,"weight_sub":null,"weight_top":null,"production_start":null,"valid_from":null,"valid_to":null,"water_depth":0.0,"coast_dist":33771.1294264,"remarks":null}},{"type":"Feature","id":"platforms.1397","geometry":{"type":"Point","coordinates":[0.72719158,54.03273148]},"geometry_name":"the_geom","properties":{"country":"United Kingdom","platformid":"c61f2373-e679-43f9-8be0-02dffd90","current_status":"Operational","name":"CLEETON CC","category":"PLATFORM","function":"COMPRESSION STEEL","operator":"PERENCO OIL & GAS","location_blocks":null,"primary_production":null,"weight_sub":null,"weight_top":null,"production_start":null,"valid_from":null,"valid_to":null,"water_depth":0.0,"coast_dist":53363.1573999,"remarks":null}},{"type":"Feature","id":"platforms.1398","geometry":{"type":"Point","coordinates":[2.47974573,54.44856808]},"geometry_name":"the_geom","properties":{"country":"United Kingdom","platformid":"ea6f0115-8b73-49cf-8722-07aea22a","current_status":"Closed down","name":"TYNE","category":"PLATFORM","function":"WELLHEAD STEEL","operator":"PERENCO OIL & GAS","location_blocks":null,"primary_production":null,"weight_sub":null,"weight_top":null,"production_start":null,"valid_from":null,"valid_to":null,"water_depth":0.0,"coast_dist":170511.244306,"remarks":"Platform Removed"}},{"type":"Feature","id":"platforms.1399","geometry":{"type":"Point","coordinates":[1.78338674,53.40384857]},"geometry_name":"the_geom","properties":{"country":"United Kingdom","platformid":"3afd4a44-a337-42ed-a864-2536d816","current_status":"Operational","name":"CLIPPER SOUTH","category":"PLATFORM","function":"CLIPPER SOUTH PLATFORM","operator":"INEOS INDUSTRIES","location_blocks":null,"primary_production":null,"weight_sub":null,"weight_top":null,"production_start":null,"valid_from":"20110814","valid_to":null,"water_depth":0.0,"coast_dist":61313.442526,"remarks":null}},{"type":"Feature","id":"platforms.1400","geometry":{"type":"Point","coordinates":[-3.67294191,53.62586478]},"geometry_name":"the_geom","properties":{"country":"United Kingdom","platformid":"4eb63552-e86a-4879-8946-e96ca70c","current_status":"Operational","name":"CONWY PLATFORM","category":"PLATFORM","function":"CONWY NPAI PLATFORM","operator":"ENI UK LIMITED","location_blocks":null,"primary_production":null,"weight_sub":null,"weight_top":null,"production_start":null,"valid_from":"20130121","valid_to":null,"water_depth":0.0,"coast_dist":33764.1632893,"remarks":null}},{"type":"Feature","id":"platforms.1401","geometry":{"type":"Point","coordinates":[2.86776211,53.84221303]},"geometry_name":"the_geom","properties":{"country":"United Kingdom","platformid":"8d7edc71-83ab-4b5e-b534-69b81686","current_status":"Decommissioned","name":"ST-1 PLATFORM","category":"PLATFORM","function":"ST-1 PLATFORM","operator":"SPIRIT ENERGY","location_blocks":null,"primary_production":null,"weight_sub":null,"weight_top":null,"production_start":null,"valid_from":"19940630","valid_to":null,"water_depth":0.0,"coast_dist":143320.216592,"remarks":null}},{"type":"Feature","id":"platforms.1402","geometry":{"type":"Point","coordinates":[-3.5767859,53.53720636]},"geometry_name":"the_geom","properties":{"country":"United Kingdom","platformid":"44fb673e-de8e-4b25-aa86-e177d05a","current_status":"Operational","name":"DOUGLAS DW","category":"PLATFORM","function":"WELLHEAD STEEL","operator":"ENI UK LIMITED","location_blocks":null,"primary_production":null,"weight_sub":null,"weight_top":null,"production_start":null,"valid_from":"19950101","valid_to":null,"water_depth":0.0,"coast_dist":24009.5653804,"remarks":null}},{"type":"Feature","id":"platforms.1403","geometry":{"type":"Point","coordinates":[1.68336467,52.20999928]},"geometry_name":"the_geom","properties":{"country":"United Kingdom","platformid":"74a8a6f3-b83b-4114-852f-e1614e76","current_status":"Operational","name":"SIZEWELL WAVERIDER BUOY KFB25/2012 AREA3","category":"BUOY","function":"SIZEWELL WAVERIDER BUOY KFB25/2012 AREA3","operator":"CEFAS","location_blocks":null,"primary_production":null,"weight_sub":null,"weight_top":null,"production_start":null,"valid_from":"20120801","valid_to":null,"water_depth":0.0,"coast_dist":4083.96063497,"remarks":"OCEANOGRAPHIC EQUIPMENT FITTED WITH A YELLOW LIGHT EXHIBITING THE SEQUENCE FL Y (5) 20S"}},{"type":"Feature","id":"platforms.1404","geometry":{"type":"Point","coordinates":[1.05149783,53.53229822]},"geometry_name":"the_geom","properties":{"country":"United Kingdom","platformid":"1559cede-7a74-47c9-a29f-9a0dd592","current_status":"Operational","name":"DOWSING GUARD BUOY KFB25/2012 AREA3","category":"BUOY","function":"DOWSING GUARD BUOY KFB25/2012 AREA3","operator":"CEFAS","location_blocks":null,"primary_production":null,"weight_sub":null,"weight_top":null,"production_start":null,"valid_from":"20120801","valid_to":null,"water_depth":0.0,"coast_dist":56247.9973814,"remarks":"OCEANOGRAPHIC EQUIPMENT FITTED WITH A YELLOW LIGHT EXHIBITING THE SEQUENCE FL Y (5) 20S"}},{"type":"Feature","id":"platforms.1405","geometry":{"type":"Point","coordinates":[-1.74443416,58.30489194]},"geometry_name":"the_geom","properties":{"country":"United Kingdom","platformid":"ccf07fe9-9d9e-4507-ab7f-ba4e301c","current_status":"Operational","name":"CAPTAIN","category":"FPSO","function":"FPSO","operator":"ITHACA ENERGY","location_blocks":null,"primary_production":null,"weight_sub":null,"weight_top":null,"production_start":null,"valid_from":null,"valid_to":null,"water_depth":0.0,"coast_dist":69267.2168647,"remarks":null}},{"type":"Feature","id":"platforms.1406","geometry":{"type":"Point","coordinates":[0.74756935,54.91671486]},"geometry_name":"the_geom","properties":{"country":"United Kingdom","platformid":"235fffd4-fd3d-4854-bc5a-50a0a2d6","current_status":"Operational","name":"TYNE TEES GUARD BUOY KFB25/2012 AREA3","category":"BUOY","function":"TYNE TEES GUARD BUOY KFB25/2012 AREA3","operator":"CEFAS","location_blocks":null,"primary_production":null,"weight_sub":null,"weight_top":null,"production_start":null,"valid_from":"20120801","valid_to":null,"water_depth":0.0,"coast_dist":97126.1054092,"remarks":"OCEANOGRAPHIC EQUIPMENT FITTED WITH A YELLOW LIGHT EXHIBITING THE SEQUENCE FL Y (5) 20S"}},{"type":"Feature","id":"platforms.1407","geometry":{"type":"Point","coordinates":[-6.22394511,53.64203498]},"geometry_name":"the_geom","properties":{"country":"United Kingdom","platformid":"ca614f10-e4e2-4349-ada6-5d1cea2b","current_status":"Operational","name":"BRAYMORE POINT","category":"TERMINAL","function":"BRAYMORE POINT","operator":null,"location_blocks":null,"primary_production":null,"weight_sub":null,"weight_top":null,"production_start":null,"valid_from":null,"valid_to":null,"water_depth":0.0,"coast_dist":463.037281716,"remarks":null}},{"type":"Feature","id":"platforms.1408","geometry":{"type":"Point","coordinates":[1.28909879,56.9968009]},"geometry_name":"the_geom","properties":{"country":"United Kingdom","platformid":"fc2e478b-7ac6-44ef-81c5-28a75f2d","current_status":"Operational","name":"CARDINAL BUOY 2","category":"BUOY","function":"BANFF WEST CARDINAL BUOY","operator":"CNR INTERNATIONAL","location_blocks":null,"primary_production":null,"weight_sub":null,"weight_top":null,"production_start":null,"valid_from":null,"valid_to":null,"water_depth":0.0,"coast_dist":192567.192754,"remarks":null}},{"type":"Feature","id":"platforms.1409","geometry":{"type":"Point","coordinates":[-3.67223974,53.95974422]},"geometry_name":"the_geom","properties":{"country":"United Kingdom","platformid":"91074c9a-ad62-4be1-8981-3fbcaec5","current_status":"Operational","name":"NORTH MORCAMBE PLATFORM","category":"PLATFORM","function":"NORTH MORCAMBE PLATFORM","operator":"SPIRIT ENERGY","location_blocks":null,"primary_production":null,"weight_sub":null,"weight_top":null,"production_start":null,"valid_from":null,"valid_to":null,"water_depth":0.0,"coast_dist":31006.5973557,"remarks":"Asset transfer from ConocoPhillips to Chrysaor October 2019"}},{"type":"Feature","id":"platforms.1410","geometry":{"type":"Point","coordinates":[1.72923138,53.45848367]},"geometry_name":"the_geom","properties":{"country":"United Kingdom","platformid":"69da04f8-38c7-49d7-8691-19409030","current_status":"Operational","name":"CLIPPER PH","category":"PLATFORM","function":"CLIPPER PH","operator":"ROYAL DUTCH SHELL","location_blocks":null,"primary_production":null,"weight_sub":null,"weight_top":null,"production_start":null,"valid_from":"20140704","valid_to":null,"water_depth":0.0,"coast_dist":65141.9381313,"remarks":null}},{"type":"Feature","id":"platforms.1411","geometry":{"type":"Point","coordinates":[0.890961,57.08329809]},"geometry_name":"the_geom","properties":{"country":"United Kingdom","platformid":"7f4a4958-379c-41c4-8b8e-77d21535","current_status":"Operational","name":"TRITON","category":"FPSO","function":"TRITON FPSO","operator":"KOREA NATIONAL OIL CORPORATION","location_blocks":null,"primary_production":null,"weight_sub":null,"weight_top":null,"production_start":null,"valid_from":"20000430","valid_to":null,"water_depth":0.0,"coast_dist":166669.916304,"remarks":null}},{"type":"Feature","id":"platforms.1412","geometry":{"type":"Point","coordinates":[0.7891624,53.98336234]},"geometry_name":"the_geom","properties":{"country":"United Kingdom","platformid":"82b7824a-77d4-4917-861c-2cd8548a","current_status":"Operational","name":"NEPTUNE","category":"PLATFORM","function":"NEPTUNE PLATFORM","operator":"PERENCO OIL & GAS","location_blocks":null,"primary_production":null,"weight_sub":null,"weight_top":null,"production_start":null,"valid_from":null,"valid_to":null,"water_depth":0.0,"coast_dist":56777.2166529,"remarks":"BP provide operating service to BG"}},{"type":"Feature","id":"platforms.1413","geometry":{"type":"Point","coordinates":[1.8000607,57.75803335]},"geometry_name":"the_geom","properties":{"country":"United Kingdom","platformid":"06c07a81-94f0-4b59-9c02-701f1045","current_status":"Operational","name":"NORTH EVEREST","category":"PLATFORM","function":"PRODUCTION DRILLING STEEL","operator":"CHRYSAOR HOLDINGS","location_blocks":null,"primary_production":null,"weight_sub":null,"weight_top":null,"production_start":null,"valid_from":"20170707","valid_to":null,"water_depth":0.0,"coast_dist":214913.699488,"remarks":null}},{"type":"Feature","id":"platforms.1414","geometry":{"type":"Point","coordinates":[2.81182314,53.2273757]},"geometry_name":"the_geom","properties":{"country":"United Kingdom","platformid":"bd306142-a42d-47cc-a10d-50184bab","current_status":"Operational","name":"SHELL 17 UK 49/25A (W. CARDINAL BUOY)","category":"BUOY","function":"SHELL 17 UK 49/25A (W. CARDINAL BUOY)","operator":"ONE-DYAS","location_blocks":null,"primary_production":null,"weight_sub":null,"weight_top":null,"production_start":null,"valid_from":"20010903","valid_to":null,"water_depth":0.0,"coast_dist":93430.7380038,"remarks":null}},{"type":"Feature","id":"platforms.1415","geometry":{"type":"Point","coordinates":[-2.16471878,56.94283817]},"geometry_name":"the_geom","properties":{"country":"United Kingdom","platformid":"0358442e-ee94-4e7e-bd57-043b026c","current_status":"Closed down","name":"STONEHAVEN SAMMO - 2 DATA BUOY KFB 23/2012 AREA2","category":"BUOY","function":"STONEHAVEN SAMMO - 2 DATA BUOY KFB 23/2012 AREA2","operator":null,"location_blocks":null,"primary_production":null,"weight_sub":null,"weight_top":null,"production_start":null,"valid_from":"20121105","valid_to":null,"water_depth":0.0,"coast_dist":1894.31893727,"remarks":null}},{"type":"Feature","id":"platforms.1416","geometry":{"type":"Point","coordinates":[2.33886063,53.0162725]},"geometry_name":"the_geom","properties":{"country":"United Kingdom","platformid":"9e711b42-11ff-45cc-952b-a3c92d0b","current_status":"Operational","name":"LEMAN DD","category":"PLATFORM","function":"DRILLING & ACCOMMODATION STEEL","operator":"PERENCO OIL & GAS","location_blocks":null,"primary_production":null,"weight_sub":null,"weight_top":null,"production_start":null,"valid_from":null,"valid_to":null,"water_depth":0.0,"coast_dist":54034.237298,"remarks":null}},{"type":"Feature","id":"platforms.1417","geometry":{"type":"Point","coordinates":[0.8627342,58.35284898]},"geometry_name":"the_geom","properties":{"country":"United Kingdom","platformid":"1f6b40c5-7c00-4328-9788-7194c0e9","current_status":"Operational","name":"FPSO GLOBAL PRODUCER III","category":"FPSO","function":"FPSO GLOBAL PRODUCER III","operator":"NEO ENERGY GROUP","location_blocks":null,"primary_production":null,"weight_sub":null,"weight_top":null,"production_start":null,"valid_from":"20010901","valid_to":null,"water_depth":0.0,"coast_dist":179035.418413,"remarks":null}},{"type":"Feature","id":"platforms.1418","geometry":{"type":"Point","coordinates":[2.48838771,54.04941358]},"geometry_name":"the_geom","properties":{"country":"United Kingdom","platformid":"7adf1f6e-8409-4805-831c-1bb6c82a","current_status":"Closed down","name":"KETCH","category":"PLATFORM","function":"WELLHEAD STEEL","operator":"DNO NORTH SEA","location_blocks":null,"primary_production":null,"weight_sub":null,"weight_top":null,"production_start":null,"valid_from":null,"valid_to":null,"water_depth":0.0,"coast_dist":146807.246907,"remarks":"Shut-in awaiting removal"}},{"type":"Feature","id":"platforms.1419","geometry":{"type":"Point","coordinates":[2.28360459,53.05031946]},"geometry_name":"the_geom","properties":{"country":"United Kingdom","platformid":"c76c821a-1c80-4f6f-9710-7bfca5c7","current_status":"Operational","name":"LEMAN BD (PERENCO)","category":"PLATFORM","function":"DRILLING & ACCOMMODATION STEEL","operator":"PERENCO OIL & GAS","location_blocks":null,"primary_production":null,"weight_sub":null,"weight_top":null,"production_start":null,"valid_from":null,"valid_to":null,"water_depth":0.0,"coast_dist":53309.5557139,"remarks":null}},{"type":"Feature","id":"platforms.1420","geometry":{"type":"Point","coordinates":[-3.58209891,53.84682937]},"geometry_name":"the_geom","properties":{"country":"United Kingdom","platformid":"f5c6e29c-e996-4cb8-9d7e-06c282d5","current_status":"Operational","name":"FLARE TRIPOD","category":"PLATFORM","function":"FLARE TRIPOD","operator":"SPIRIT ENERGY","location_blocks":null,"primary_production":null,"weight_sub":null,"weight_top":null,"production_start":null,"valid_from":null,"valid_to":null,"water_depth":0.0,"coast_dist":33198.293025,"remarks":"Asset transfer from ConocoPhillips to Chrysaor October 2019"}},{"type":"Feature","id":"platforms.1421","geometry":{"type":"Point","coordinates":[1.79471294,53.01732933]},"geometry_name":"the_geom","properties":{"country":"United Kingdom","platformid":"7c85c032-90ae-4264-9152-748cad17","current_status":"Operational","name":"48/29A-P","category":"PLATFORM","function":"PROCESS PLATFORM","operator":"ENI UK LIMITED","location_blocks":null,"primary_production":null,"weight_sub":null,"weight_top":null,"production_start":null,"valid_from":null,"valid_to":null,"water_depth":0.0,"coast_dist":27493.3884615,"remarks":null}},{"type":"Feature","id":"platforms.1422","geometry":{"type":"Point","coordinates":[2.56628972,53.30712173]},"geometry_name":"the_geom","properties":{"country":"United Kingdom","platformid":"eb4caa48-0440-400d-95d3-6fb96dd3","current_status":"Operational","name":"INDE CP","category":"PLATFORM","function":"PRODUCTION STEEL","operator":"PERENCO OIL & GAS","location_blocks":null,"primary_production":null,"weight_sub":null,"weight_top":null,"production_start":null,"valid_from":null,"valid_to":null,"water_depth":0.0,"coast_dist":86313.2314197,"remarks":null}},{"type":"Feature","id":"platforms.1423","geometry":{"type":"Point","coordinates":[2.89757051,53.42921318]},"geometry_name":"the_geom","properties":{"country":"United Kingdom","platformid":"18cab728-f0b1-4a33-ab1d-fc65af66","current_status":"Operational","name":"CARAVEL QR","category":"PLATFORM","function":"CARAVEL QR","operator":"ROYAL DUTCH SHELL","location_blocks":null,"primary_production":null,"weight_sub":null,"weight_top":null,"production_start":null,"valid_from":"20070812","valid_to":null,"water_depth":0.0,"coast_dist":111762.11189,"remarks":null}},{"type":"Feature","id":"platforms.1424","geometry":{"type":"Point","coordinates":[2.28844204,54.56816752]},"geometry_name":"the_geom","properties":{"country":"United Kingdom","platformid":"179b172b-151c-4776-a52f-8b0886d3","current_status":"Operational","name":"CYGNUS A (AUQ)","category":"PLATFORM","function":"ALPHA LIVING QUARTERS PLATFORM","operator":"NEPTUNE E&P","location_blocks":null,"primary_production":null,"weight_sub":null,"weight_top":null,"production_start":null,"valid_from":"20140731","valid_to":null,"water_depth":0.0,"coast_dist":161780.643382,"remarks":"bridge linked to APU Alpha Process & Utilities Platform"}},{"type":"Feature","id":"platforms.1425","geometry":{"type":"Point","coordinates":[-3.58328825,53.84571168]},"geometry_name":"the_geom","properties":{"country":"United Kingdom","platformid":"566b1498-692e-46e4-96eb-0b66c80b","current_status":"Operational","name":"SOUTH MORECAMBE AP1","category":"PLATFORM","function":"ACCOMMODATION PLATFORM","operator":"SPIRIT ENERGY","location_blocks":null,"primary_production":null,"weight_sub":null,"weight_top":null,"production_start":null,"valid_from":null,"valid_to":null,"water_depth":0.0,"coast_dist":33339.9421304,"remarks":null}},{"type":"Feature","id":"platforms.1426","geometry":{"type":"Point","coordinates":[1.14803171,53.70254804]},"geometry_name":"the_geom","properties":{"country":"United Kingdom","platformid":"d1f40b1d-58c1-4c06-85ea-979fcb63","current_status":"Operational","name":"WEST SOLE A (6 LEG)","category":"PLATFORM","function":"WELLHEAD STEEL","operator":"PERENCO OIL & GAS","location_blocks":null,"primary_production":null,"weight_sub":null,"weight_top":null,"production_start":null,"valid_from":null,"valid_to":null,"water_depth":0.0,"coast_dist":67011.9056162,"remarks":null}},{"type":"Feature","id":"platforms.1427","geometry":{"type":"Point","coordinates":[-4.21806275,50.24905942]},"geometry_name":"the_geom","properties":{"country":"United Kingdom","platformid":"7c87f8dc-722b-4648-a549-5a3027f7","current_status":"Operational","name":"ENGLISH CHANNEL SCIENTIFIC MONITORING BUOYS L4","category":"BUOY","function":"ENGLISH CHANNEL SCIENTIFIC MONITORING BUOYS L4 -BUOYS ARE 3.1M IN DIAMETER AND HAVE A 4M TALL TOWER","operator":null,"location_blocks":null,"primary_production":null,"weight_sub":null,"weight_top":null,"production_start":null,"valid_from":"20110719","valid_to":null,"water_depth":0.0,"coast_dist":6932.08801806,"remarks":"EACH BUOY HAS TWO MOORING CHAINS EXTENDING 150M TO THE EAST AND WEST FIXED TO CLUMP WEIGHTS. -ADVISORY SAFETY ZONE OF 300M REQUESTED"}},{"type":"Feature","id":"platforms.1428","geometry":{"type":"Point","coordinates":[1.95380749,57.03154667]},"geometry_name":"the_geom","properties":{"country":"United Kingdom","platformid":"6d6a3007-3f02-4870-b275-5bfef6de","current_status":"Operational","name":"SHEARWATER A","category":"PLATFORM","function":"SHEARWATER A","operator":"ROYAL DUTCH SHELL","location_blocks":null,"primary_production":null,"weight_sub":null,"weight_top":null,"production_start":null,"valid_from":"19970718","valid_to":null,"water_depth":0.0,"coast_dist":230496.317773,"remarks":null}},{"type":"Feature","id":"platforms.1429","geometry":{"type":"Point","coordinates":[1.77336355,53.59053463]},"geometry_name":"the_geom","properties":{"country":"United Kingdom","platformid":"8c606fb1-2b89-4405-8994-e8a4cb86","current_status":"Closed down","name":"ENSIGN PLATFORM","category":"PLATFORM","function":"ENSIGN NPAI PLATFORM","operator":"SPIRIT ENERGY","location_blocks":null,"primary_production":null,"weight_sub":null,"weight_top":null,"production_start":null,"valid_from":"20110805","valid_to":null,"water_depth":0.0,"coast_dist":79711.1852616,"remarks":null}},{"type":"Feature","id":"platforms.1430","geometry":{"type":"Point","coordinates":[1.26504307,58.47779036]},"geometry_name":"the_geom","properties":{"country":"United Kingdom","platformid":"71bfdca3-f164-4b76-9de0-6e71827b","current_status":"Operational","name":"TIFFANY","category":"PLATFORM","function":"PRODUCTION STEEL JACKET","operator":"CNR INTERNATIONAL","location_blocks":null,"primary_production":null,"weight_sub":null,"weight_top":null,"production_start":null,"valid_from":null,"valid_to":null,"water_depth":0.0,"coast_dist":202117.499137,"remarks":null}},{"type":"Feature","id":"platforms.1431","geometry":{"type":"Point","coordinates":[2.28428278,53.05080899]},"geometry_name":"the_geom","properties":{"country":"United Kingdom","platformid":"3adb0051-480d-4e04-a139-a117a934","current_status":"Operational","name":"LEMAN BP (PERENCO)","category":"PLATFORM","function":"PRODUCTION STEEL","operator":"PERENCO OIL & GAS","location_blocks":null,"primary_production":null,"weight_sub":null,"weight_top":null,"production_start":null,"valid_from":null,"valid_to":null,"water_depth":0.0,"coast_dist":53379.0464896,"remarks":null}},{"type":"Feature","id":"platforms.1432","geometry":{"type":"Point","coordinates":[1.29299697,59.92546273]},"geometry_name":"the_geom","properties":{"country":"United Kingdom","platformid":"d968d54e-b10b-4d55-a81f-2e348d3b","current_status":"Under construction","name":"KRAKEN FPSO","category":"FPSO","function":"KRAKEN FPSO","operator":"ENQUEST PLC","location_blocks":null,"primary_production":null,"weight_sub":null,"weight_top":null,"production_start":null,"valid_from":"20150401","valid_to":null,"water_depth":0.0,"coast_dist":125075.483444,"remarks":null}},{"type":"Feature","id":"platforms.1433","geometry":{"type":"Point","coordinates":[1.34319394,53.4642814]},"geometry_name":"the_geom","properties":{"country":"United Kingdom","platformid":"475e85a2-0c6c-4b9e-932f-d1e778ef","current_status":"Operational","name":"EXCALIBUR EA","category":"PLATFORM","function":"WELLHEAD STEEL","operator":"PERENCO OIL & GAS","location_blocks":null,"primary_production":null,"weight_sub":null,"weight_top":null,"production_start":null,"valid_from":null,"valid_to":null,"water_depth":0.0,"coast_dist":58370.2165254,"remarks":null}},{"type":"Feature","id":"platforms.1434","geometry":{"type":"Point","coordinates":[1.86725723,53.62633058]},"geometry_name":"the_geom","properties":{"country":"United Kingdom","platformid":"af6254a5-693b-432a-acb3-32950883","current_status":"Operational","name":"ANDREA WELLHEAD 48/15B - LIGHTED BUOY","category":"BUOY","function":"KFB 04/2012 - ANDREA WELLHEAD 48/15B - LIGHTED BUOY","operator":"MARITINE CONSULTING","location_blocks":null,"primary_production":null,"weight_sub":null,"weight_top":null,"production_start":null,"valid_from":"20120204","valid_to":null,"water_depth":0.0,"coast_dist":85935.6694661,"remarks":"THE BUOY WAS INSTALLED ON THE 4TH FEBRUARY 2012. BUOY DESCRIPTION - YELLOW SPECIAL MARK - PILLAR BUOY. LIGHT CHARACTERISTIC 1 FL (Y) EV. 10 SECS"}},{"type":"Feature","id":"platforms.1435","geometry":{"type":"Point","coordinates":[1.63233,53.56721812]},"geometry_name":"the_geom","properties":{"country":"United Kingdom","platformid":"a71c1963-70a6-41b3-943f-b309d555","current_status":"Operational","name":"BARQUE PL","category":"PLATFORM","function":"BARQUE PL","operator":"ROYAL DUTCH SHELL","location_blocks":null,"primary_production":null,"weight_sub":null,"weight_top":null,"production_start":null,"valid_from":"19940810","valid_to":null,"water_depth":0.0,"coast_dist":73980.8301855,"remarks":null}},{"type":"Feature","id":"platforms.1436","geometry":{"type":"Point","coordinates":[2.57293674,53.32230109]},"geometry_name":"the_geom","properties":{"country":"United Kingdom","platformid":"d4bdffae-9698-4791-9ade-2f164af4","current_status":"Operational","name":"INDE AT","category":"PLATFORM","function":"TERMINAL/RISER STEEL","operator":"PERENCO OIL & GAS","location_blocks":null,"primary_production":null,"weight_sub":null,"weight_top":null,"production_start":null,"valid_from":null,"valid_to":null,"water_depth":0.0,"coast_dist":87795.5027024,"remarks":null}},{"type":"Feature","id":"platforms.1437","geometry":{"type":"Point","coordinates":[-0.25752732,58.44908854]},"geometry_name":"the_geom","properties":{"country":"United Kingdom","platformid":"38ae4bbc-82e5-471d-8f52-b8dfcbbe","current_status":"Operational","name":"CLAYMORE CAP","category":"PLATFORM","function":"ACCOMMODATION STEEL","operator":"REPSOL SINOPEC RESOURCES","location_blocks":null,"primary_production":null,"weight_sub":null,"weight_top":null,"production_start":null,"valid_from":null,"valid_to":null,"water_depth":0.0,"coast_dist":130651.577724,"remarks":null}},{"type":"Feature","id":"platforms.1438","geometry":{"type":"Point","coordinates":[0.24957227,58.46073737]},"geometry_name":"the_geom","properties":{"country":"United Kingdom","platformid":"7e55a207-e0cb-4d2d-82f2-9e892d93","current_status":"Operational","name":"PIPER B","category":"PLATFORM","function":"DRILLING PRODUCTION & ACCOMMODATION FIXED STEEL","operator":"REPSOL SINOPEC RESOURCES","location_blocks":null,"primary_production":null,"weight_sub":null,"weight_top":null,"production_start":null,"valid_from":null,"valid_to":null,"water_depth":0.0,"coast_dist":154662.206878,"remarks":null}},{"type":"Feature","id":"platforms.1439","geometry":{"type":"Point","coordinates":[0.99494871,54.27248377]},"geometry_name":"the_geom","properties":{"country":"United Kingdom","platformid":"d5293647-7188-4f7a-ad73-513bac7d","current_status":"Operational","name":"GARROW NUI","category":"PLATFORM","function":"GARROW","operator":"ALPHA PETROLEUM UK HOLDINGS","location_blocks":null,"primary_production":null,"weight_sub":null,"weight_top":null,"production_start":null,"valid_from":"20061023","valid_to":null,"water_depth":0.0,"coast_dist":72062.0136716,"remarks":"ODE AM appointed Installation Operator Oct. 2021; Alpha is the Licence Operator"}},{"type":"Feature","id":"platforms.1440","geometry":{"type":"Point","coordinates":[-3.33829829,53.35293625]},"geometry_name":"the_geom","properties":{"country":"United Kingdom","platformid":"3ec5c9f9-ce01-43bc-a23d-ca67e2c2","current_status":"Operational","name":"POINT OF AYR","category":"TERMINAL","function":"POINT OF AYR","operator":null,"location_blocks":null,"primary_production":null,"weight_sub":null,"weight_top":null,"production_start":null,"valid_from":null,"valid_to":null,"water_depth":0.0,"coast_dist":139.406850386,"remarks":null}},{"type":"Feature","id":"platforms.1441","geometry":{"type":"Point","coordinates":[1.59600207,61.27429589]},"geometry_name":"the_geom","properties":{"country":"United Kingdom","platformid":"1732e277-b3e1-4f7b-b454-841eae44","current_status":"Operational","name":"DUNLIN A","category":"PLATFORM","function":"PRODUCTION & DRILLING STEEL","operator":"FAIRFIELD ENERGY LIMITED","location_blocks":null,"primary_production":null,"weight_sub":null,"weight_top":null,"production_start":null,"valid_from":null,"valid_to":null,"water_depth":0.0,"coast_dist":136966.396425,"remarks":null}},{"type":"Feature","id":"platforms.1442","geometry":{"type":"Point","coordinates":[2.08336194,51.98333241]},"geometry_name":"the_geom","properties":{"country":"United Kingdom","platformid":"4f374ebc-cf2a-4d06-ae49-eb99d3d8","current_status":"Operational","name":"WEST GABBARD SMART BUOY KFB25/2012 AREA3","category":"BUOY","function":"WEST GABBARD SMART BUOY KFB25/2012 AREA3","operator":"CEFAS","location_blocks":null,"primary_production":null,"weight_sub":null,"weight_top":null,"production_start":null,"valid_from":"20120801","valid_to":null,"water_depth":0.0,"coast_dist":36357.3143186,"remarks":"OCEANOGRAPHIC EQUIPMENT FITTED WITH A YELLOW LIGHT EXHIBITING THE SEQUENCE FL Y (5) 20S"}},{"type":"Feature","id":"platforms.1443","geometry":{"type":"Point","coordinates":[2.23337502,53.05449214]},"geometry_name":"the_geom","properties":{"country":"United Kingdom","platformid":"58c010b4-075a-4bdc-b051-89a1ee9a","current_status":"Operational","name":"LEMAN AX","category":"PLATFORM","function":"COMPRESSION STEEL","operator":"PERENCO OIL & GAS","location_blocks":null,"primary_production":null,"weight_sub":null,"weight_top":null,"production_start":null,"valid_from":null,"valid_to":null,"water_depth":0.0,"coast_dist":50993.0101291,"remarks":null}},{"type":"Feature","id":"platforms.1444","geometry":{"type":"Point","coordinates":[1.14724841,53.70248132]},"geometry_name":"the_geom","properties":{"country":"United Kingdom","platformid":"cd5731c1-b48e-4c22-8d84-793b5cd7","current_status":"Operational","name":"WEST SOLE A SP","category":"PLATFORM","function":"WELLHEAD STEEL","operator":"PERENCO OIL & GAS","location_blocks":null,"primary_production":null,"weight_sub":null,"weight_top":null,"production_start":null,"valid_from":null,"valid_to":null,"water_depth":0.0,"coast_dist":66959.6560929,"remarks":null}},{"type":"Feature","id":"platforms.1445","geometry":{"type":"Point","coordinates":[1.65170758,53.36759537]},"geometry_name":"the_geom","properties":{"country":"United Kingdom","platformid":"21243e43-cd43-4d07-806f-bbedcb96","current_status":"Operational","name":"ANGLIA YD","category":"PLATFORM","function":"ANGLIA YD PLATFORM","operator":"ITHACA ENERGY","location_blocks":null,"primary_production":null,"weight_sub":null,"weight_top":null,"production_start":null,"valid_from":null,"valid_to":null,"water_depth":0.0,"coast_dist":53796.9389971,"remarks":"Asset transfer from ConocoPhillips to Chrysaor October 2019"}},{"type":"Feature","id":"platforms.1446","geometry":{"type":"Point","coordinates":[2.20439613,56.72360896]},"geometry_name":"the_geom","properties":{"country":"United Kingdom","platformid":"830b5751-c219-4d70-a2ec-b9c68534","current_status":"Under construction","name":"JASMINE JLQ","category":"PLATFORM","function":"JASMINE LIVING QUARTERS PLATFORM","operator":"CHRYSAOR HOLDINGS","location_blocks":null,"primary_production":null,"weight_sub":null,"weight_top":null,"production_start":null,"valid_from":"20120717","valid_to":null,"water_depth":0.0,"coast_dist":255198.409263,"remarks":"Asset transfer from ConocoPhillips to Chrysaor October 2019 | TOPSIDES TO BE INSTALLED 2013"}},{"type":"Feature","id":"platforms.1447","geometry":{"type":"Point","coordinates":[2.8455,53.3516667]},"geometry_name":"the_geom","properties":{"country":"United Kingdom","platformid":"30fb3b7a-0ebb-48c5-984b-1a28f8fa","current_status":"Operational","name":"OFF BOTNEY GROUND","category":"BUOY","function":"OFF BOTNEY GROUND","operator":"ROYAL DUTCH SHELL","location_blocks":null,"primary_production":null,"weight_sub":null,"weight_top":null,"production_start":null,"valid_from":"20070702","valid_to":null,"water_depth":0.0,"coast_dist":103569.285292,"remarks":"Marks southern end of protection zone around Caravel and Shamrock Platforms\r\n"}},{"type":"Feature","id":"platforms.1448","geometry":{"type":"Point","coordinates":[1.56116112,59.55372287]},"geometry_name":"the_geom","properties":{"country":"United Kingdom","platformid":"4bb90fc7-1697-4a2d-89cd-a6465e2e","current_status":"Operational","name":"BERYL SPM-2","category":"SBM","function":"SPM-2","operator":"APACHE CORPORATION","location_blocks":null,"primary_production":null,"weight_sub":null,"weight_top":null,"production_start":null,"valid_from":null,"valid_to":null,"water_depth":0.0,"coast_dist":157908.494343,"remarks":null}},{"type":"Feature","id":"platforms.1449","geometry":{"type":"Point","coordinates":[-3.56157798,53.81586377]},"geometry_name":"the_geom","properties":{"country":"United Kingdom","platformid":"378759d5-ee36-4348-908c-8cf8b401","current_status":"Operational","name":"SOUTH MORECAMBE DP3","category":"PLATFORM","function":"REMOTE DRILLING PLATFORM","operator":"SPIRIT ENERGY","location_blocks":null,"primary_production":null,"weight_sub":null,"weight_top":null,"production_start":null,"valid_from":null,"valid_to":null,"water_depth":0.0,"coast_dist":33200.9431221,"remarks":null}},{"type":"Feature","id":"platforms.1450","geometry":{"type":"Point","coordinates":[1.55838872,59.53303275]},"geometry_name":"the_geom","properties":{"country":"United Kingdom","platformid":"f3725b3a-1c44-4944-ac56-2775113b","current_status":"Operational","name":"BERYL SPM-3","category":"SBM","function":"SPM-3","operator":"APACHE CORPORATION","location_blocks":null,"primary_production":null,"weight_sub":null,"weight_top":null,"production_start":null,"valid_from":null,"valid_to":null,"water_depth":0.0,"coast_dist":158766.57447,"remarks":null}},{"type":"Feature","id":"platforms.1451","geometry":{"type":"Point","coordinates":[2.82623238,53.22539761]},"geometry_name":"the_geom","properties":{"country":"United Kingdom","platformid":"297cc795-613d-4a39-9683-c567b4e0","current_status":"Operational","name":"SEAN RD","category":"PLATFORM","function":"SEAN RD REMOTE PLATFORM","operator":"ONE-DYAS","location_blocks":null,"primary_production":null,"weight_sub":null,"weight_top":null,"production_start":null,"valid_from":"19860610","valid_to":null,"water_depth":0.0,"coast_dist":94093.4616465,"remarks":null}},{"type":"Feature","id":"platforms.1452","geometry":{"type":"Point","coordinates":[2.28496108,53.05128951]},"geometry_name":"the_geom","properties":{"country":"United Kingdom","platformid":"0dccee4c-973e-4f92-88bc-82bd31be","current_status":"Operational","name":"LEMAN BT (PERENCO)","category":"PLATFORM","function":"TERMINAL / RISER STEEL","operator":"PERENCO OIL & GAS","location_blocks":null,"primary_production":null,"weight_sub":null,"weight_top":null,"production_start":null,"valid_from":null,"valid_to":null,"water_depth":0.0,"coast_dist":53447.9219234,"remarks":null}},{"type":"Feature","id":"platforms.1453","geometry":{"type":"Point","coordinates":[0.75419041,50.7468346]},"geometry_name":"the_geom","properties":{"country":"United Kingdom","platformid":"2f8fb310-e672-48ff-bb2c-683dc6ef","current_status":"Operational","name":"HASTINGS WAVERIDER BUOY KFB25/2012 AREA3","category":"BUOY","function":"HASTINGS WAVERIDER BUOY KFB25/2012 AREA3","operator":"CEFAS","location_blocks":null,"primary_production":null,"weight_sub":null,"weight_top":null,"production_start":null,"valid_from":"20120801","valid_to":null,"water_depth":0.0,"coast_dist":15245.8139723,"remarks":"OCEANOGRAPHIC EQUIPMENT FITTED WITH A YELLOW LIGHT EXHIBITING THE SEQUENCE FL Y (5) 20S"}},{"type":"Feature","id":"platforms.1454","geometry":{"type":"Point","coordinates":[-1.43990925,58.10090717]},"geometry_name":"the_geom","properties":{"country":"United Kingdom","platformid":"dfdc623d-8dd1-4ddd-b56f-dfd97fd8","current_status":"Operational","name":"ROSS","category":"FPSO","function":"FPSO BLEOHOLM BLUEWATER","operator":"REPSOL SINOPEC RESOURCES","location_blocks":null,"primary_production":null,"weight_sub":null,"weight_top":null,"production_start":null,"valid_from":null,"valid_to":null,"water_depth":0.0,"coast_dist":55386.8000336,"remarks":null}},{"type":"Feature","id":"platforms.1455","geometry":{"type":"Point","coordinates":[1.91719683,53.46196213]},"geometry_name":"the_geom","properties":{"country":"United Kingdom","platformid":"85276f8b-fdd8-4059-afeb-407302c2","current_status":"Operational","name":"GALLEON PN","category":"PLATFORM","function":"GALLEON PN","operator":"ROYAL DUTCH SHELL","location_blocks":null,"primary_production":null,"weight_sub":null,"weight_top":null,"production_start":null,"valid_from":"19900101","valid_to":null,"water_depth":0.0,"coast_dist":71419.5147889,"remarks":"Convergence 1.542\u00ba True more than Grid"}},{"type":"Feature","id":"platforms.1456","geometry":{"type":"Point","coordinates":[1.71136898,61.05533588]},"geometry_name":"the_geom","properties":{"country":"United Kingdom","platformid":"5595b6c1-182f-4460-a318-b8c9233f","current_status":"Closed down","name":"BRENT B","category":"PLATFORM","function":"BRENT B","operator":"ROYAL DUTCH SHELL","location_blocks":null,"primary_production":null,"weight_sub":null,"weight_top":null,"production_start":null,"valid_from":"19750901","valid_to":null,"water_depth":0.0,"coast_dist":136581.39426,"remarks":"Platform Topsides Removed 18th June 2019 by Pioneering Spirit. GBS cells and legs remain in situ."}},{"type":"Feature","id":"platforms.1457","geometry":{"type":"Point","coordinates":[1.55051929,59.27643681]},"geometry_name":"the_geom","properties":{"country":"United Kingdom","platformid":"94530e03-bc09-4801-8bf0-63203a14","current_status":"Operational","name":"HARDING OLS BUOY","category":"BUOY","function":"HARDING OFFLOADING BUOY","operator":"TAQA EUROPA B.V.","location_blocks":null,"primary_production":null,"weight_sub":null,"weight_top":null,"production_start":null,"valid_from":null,"valid_to":null,"water_depth":0.0,"coast_dist":172053.517003,"remarks":null}},{"type":"Feature","id":"platforms.1458","geometry":{"type":"Point","coordinates":[-1.76991454,58.30682545]},"geometry_name":"the_geom","properties":{"country":"United Kingdom","platformid":"2fd1b2b4-6aff-4dba-a76f-82443aa1","current_status":"Operational","name":"CAPTAIN WPPA","category":"PLATFORM","function":"WELLHEAD DRILLING & ACCOMMODATION STEEL","operator":"ITHACA ENERGY","location_blocks":null,"primary_production":null,"weight_sub":null,"weight_top":null,"production_start":null,"valid_from":null,"valid_to":null,"water_depth":0.0,"coast_dist":69158.906995,"remarks":null}},{"type":"Feature","id":"platforms.1459","geometry":{"type":"Point","coordinates":[2.5230901,53.391327]},"geometry_name":"the_geom","properties":{"country":"United Kingdom","platformid":"ce2a5379-46b9-45c0-8de9-a9a3abfa","current_status":"Operational","name":"INDE BD","category":"PLATFORM","function":"DRILLING & ACCOMMODATION STEEL","operator":"PERENCO OIL & GAS","location_blocks":null,"primary_production":null,"weight_sub":null,"weight_top":null,"production_start":null,"valid_from":null,"valid_to":null,"water_depth":0.0,"coast_dist":90760.2816783,"remarks":null}},{"type":"Feature","id":"platforms.1460","geometry":{"type":"Point","coordinates":[0.60233866,53.64493186]},"geometry_name":"the_geom","properties":{"country":"United Kingdom","platformid":"10660efd-37da-4b9a-9f6c-2dc02c6a","current_status":"Closed down","name":"AMETHYST C1D","category":"PLATFORM","function":"WELLHEAD STEEL","operator":"PERENCO OIL & GAS","location_blocks":null,"primary_production":null,"weight_sub":null,"weight_top":null,"production_start":null,"valid_from":null,"valid_to":null,"water_depth":0.0,"coast_dist":30409.7976603,"remarks":null}},{"type":"Feature","id":"platforms.1461","geometry":{"type":"Point","coordinates":[-3.47790037,53.64637598]},"geometry_name":"the_geom","properties":{"country":"United Kingdom","platformid":"818112e2-0161-433f-9d9a-b14e95e2","current_status":"Operational","name":"HAMILTON NORTH","category":"PLATFORM","function":"WELLHEAD STEEL","operator":"ENI UK LIMITED","location_blocks":null,"primary_production":null,"weight_sub":null,"weight_top":null,"production_start":null,"valid_from":"19950101","valid_to":null,"water_depth":0.0,"coast_dist":26549.2763306,"remarks":null}},{"type":"Feature","id":"platforms.1462","geometry":{"type":"Point","coordinates":[2.09692869,53.1832749]},"geometry_name":"the_geom","properties":{"country":"United Kingdom","platformid":"3778d6a3-5f34-4cd2-9659-6f0f04c8","current_status":"Operational","name":"SOUTHWARK JACKET","category":"OTHER SURFACE","function":"SOUTHWARK JACKET","operator":"IOG PLC","location_blocks":null,"primary_production":null,"weight_sub":null,"weight_top":null,"production_start":null,"valid_from":null,"valid_to":null,"water_depth":0.0,"coast_dist":54559.4393137,"remarks":null}},{"type":"Feature","id":"platforms.1463","geometry":{"type":"Point","coordinates":[-3.56232434,53.87525448]},"geometry_name":"the_geom","properties":{"country":"United Kingdom","platformid":"e08d6897-fd22-4b81-a452-ff8e10e7","current_status":"Operational","name":"DP4 PLATFORM","category":"PLATFORM","function":"DP4 PLATFORM","operator":"SPIRIT ENERGY","location_blocks":null,"primary_production":null,"weight_sub":null,"weight_top":null,"production_start":null,"valid_from":null,"valid_to":null,"water_depth":0.0,"coast_dist":30141.2780153,"remarks":"Asset transfer from ConocoPhillips to Chrysaor October 2019"}},{"type":"Feature","id":"platforms.1464","geometry":{"type":"Point","coordinates":[0.33420602,58.41680682]},"geometry_name":"the_geom","properties":{"country":"United Kingdom","platformid":"4f5b9312-0b8d-4d6d-9800-c76fbeed","current_status":"Decommissioned","name":"SALTIRE","category":"PLATFORM","function":"DRILLING PRODUCTION STEEL","operator":"REPSOL SINOPEC RESOURCES","location_blocks":null,"primary_production":null,"weight_sub":null,"weight_top":null,"production_start":null,"valid_from":null,"valid_to":null,"water_depth":0.0,"coast_dist":155857.050403,"remarks":null}},{"type":"Feature","id":"platforms.1465","geometry":{"type":"Point","coordinates":[-3.86908694,60.17991966]},"geometry_name":"the_geom","properties":{"country":"United Kingdom","platformid":"8ad8e54b-455a-46a6-a48b-01cb3120","current_status":"Operational","name":"AOKA MIZU","category":"FPSO","function":"AOKA MIZU FPSO","operator":"HURRICANE ENERGY","location_blocks":null,"primary_production":null,"weight_sub":null,"weight_top":null,"production_start":null,"valid_from":"20181214","valid_to":null,"water_depth":0.0,"coast_dist":97511.7454567,"remarks":"FPSO Subsea Mooring System consists of 12 mooring lines and disconnectable turret buoy"}},{"type":"Feature","id":"platforms.1466","geometry":{"type":"Point","coordinates":[1.14848171,53.70263135]},"geometry_name":"the_geom","properties":{"country":"United Kingdom","platformid":"b577a212-4aee-4232-b555-4e37bad8","current_status":"Operational","name":"WEST SOLE A (8 LEG)","category":"PLATFORM","function":"PRODUCTION & ACCOMMODATION STEEL","operator":"PERENCO OIL & GAS","location_blocks":null,"primary_production":null,"weight_sub":null,"weight_top":null,"production_start":null,"valid_from":null,"valid_to":null,"water_depth":0.0,"coast_dist":67042.6527868,"remarks":null}},{"type":"Feature","id":"platforms.1467","geometry":{"type":"Point","coordinates":[1.33480776,54.28985932]},"geometry_name":"the_geom","properties":{"country":"United Kingdom","platformid":"e1eb9e10-1e81-4089-9d23-936a0791","current_status":"Operational","name":"KILMAR NUI","category":"PLATFORM","function":"PLATFORM STEEL","operator":"ALPHA PETROLEUM UK HOLDINGS","location_blocks":null,"primary_production":null,"weight_sub":null,"weight_top":null,"production_start":null,"valid_from":null,"valid_to":null,"water_depth":0.0,"coast_dist":94098.645041,"remarks":"Operator transferred to Alpha Petroleum October 2021"}},{"type":"Feature","id":"platforms.1468","geometry":{"type":"Point","coordinates":[2.18403805,53.0758098]},"geometry_name":"the_geom","properties":{"country":"United Kingdom","platformid":"023e2dfc-45ce-43da-9559-89ddd102","current_status":"Operational","name":"LEMAN BD","category":"PLATFORM","function":"LEMAN BD","operator":"ROYAL DUTCH SHELL","location_blocks":null,"primary_production":null,"weight_sub":null,"weight_top":null,"production_start":null,"valid_from":"19690601","valid_to":null,"water_depth":0.0,"coast_dist":50071.3177161,"remarks":null}},{"type":"Feature","id":"platforms.1469","geometry":{"type":"Point","coordinates":[-0.2879951,58.82684005]},"geometry_name":"the_geom","properties":{"country":"United Kingdom","platformid":"5dd940d0-14c3-4c36-bed2-59e56258","current_status":"Decommissioned","name":"MCP01","category":"PLATFORM","function":"MANIFOLD COMPRESSION CONCRETE GRAVITY BASE","operator":"TOTALENERGIES UPSTREAM UK LIMITED","location_blocks":null,"primary_production":null,"weight_sub":null,"weight_top":null,"production_start":null,"valid_from":null,"valid_to":null,"water_depth":0.0,"coast_dist":108233.079968,"remarks":"Concrete Structure Remains. DECC comment, we have been advised by Total that they have received the SFF clear seabed certificate and the trawl tests have been completed."}},{"type":"Feature","id":"platforms.1470","geometry":{"type":"Point","coordinates":[1.68603165,52.20949928]},"geometry_name":"the_geom","properties":{"country":"United Kingdom","platformid":"465a4591-7ead-4ec4-bee9-5a42a0d0","current_status":"Operational","name":"SIZEWELL GUARD BUOY KFB25/2012 AREA3","category":"BUOY","function":"SIZEWELL GUARD BUOY KFB25/2012 AREA3","operator":"CEFAS","location_blocks":null,"primary_production":null,"weight_sub":null,"weight_top":null,"production_start":null,"valid_from":"20120801","valid_to":null,"water_depth":0.0,"coast_dist":4270.35990207,"remarks":"OCEANOGRAPHIC EQUIPMENT FITTED WITH A YELLOW LIGHT EXHIBITING THE SEQUENCE FL Y (5) 20S"}},{"type":"Feature","id":"platforms.1471","geometry":{"type":"Point","coordinates":[0.46979668,53.82446708]},"geometry_name":"the_geom","properties":{"country":"United Kingdom","platformid":"94631e9f-dda9-48f4-be3a-9355ff74","current_status":"Operational","name":"ROUGH AD","category":"PLATFORM","function":"ROUGH AD","operator":"CENTRICA STORAGE HOLDINGS","location_blocks":null,"primary_production":null,"weight_sub":null,"weight_top":null,"production_start":null,"valid_from":"19750101","valid_to":null,"water_depth":0.0,"coast_dist":29438.3046961,"remarks":"Rough AD and AP, two platforms linked by a footbridge"}},{"type":"Feature","id":"platforms.1472","geometry":{"type":"Point","coordinates":[1.10221902,54.0311146]},"geometry_name":"the_geom","properties":{"country":"United Kingdom","platformid":"d584d6c1-8060-4cc2-a560-9c4b4c01","current_status":"Operational","name":"RAVENSPURN NORTH CCW","category":"PLATFORM","function":"WELLHEAD STEEL","operator":"PERENCO OIL & GAS","location_blocks":null,"primary_production":null,"weight_sub":null,"weight_top":null,"production_start":null,"valid_from":null,"valid_to":null,"water_depth":0.0,"coast_dist":76758.3624722,"remarks":null}},{"type":"Feature","id":"platforms.1473","geometry":{"type":"Point","coordinates":[1.57817336,61.36254649]},"geometry_name":"the_geom","properties":{"country":"United Kingdom","platformid":"13fe7722-fc50-4e5f-a5f9-c4c36393","current_status":"Operational","name":"THISTLE A","category":"PLATFORM","function":"PRODUCTION & DRILLING STEEL","operator":"ENQUEST PLC","location_blocks":null,"primary_production":null,"weight_sub":null,"weight_top":null,"production_start":null,"valid_from":null,"valid_to":null,"water_depth":0.0,"coast_dist":139759.752348,"remarks":null}},{"type":"Feature","id":"platforms.1474","geometry":{"type":"Point","coordinates":[1.07584795,53.54922127]},"geometry_name":"the_geom","properties":{"country":"United Kingdom","platformid":"a28407e3-3ee5-4a54-b74a-a21acc1c","current_status":"Closed down","name":"PICKERILL A","category":"PLATFORM","function":"WELLHEAD STEEL","operator":"PERENCO OIL & GAS","location_blocks":null,"primary_production":null,"weight_sub":null,"weight_top":null,"production_start":null,"valid_from":null,"valid_to":null,"water_depth":0.0,"coast_dist":58487.2560155,"remarks":null}},{"type":"Feature","id":"platforms.1475","geometry":{"type":"Point","coordinates":[1.83630525,57.01105425]},"geometry_name":"the_geom","properties":{"country":"United Kingdom","platformid":"07b5bdcb-8d10-4ec2-a62d-da5aa0ae","current_status":"Operational","name":"ELGIN PUQ","category":"PLATFORM","function":"PRODUCTION UTILITIES JACKUP","operator":"TOTALENERGIES UPSTREAM UK LIMITED","location_blocks":null,"primary_production":null,"weight_sub":null,"weight_top":null,"production_start":null,"valid_from":null,"valid_to":null,"water_depth":0.0,"coast_dist":224150.38865,"remarks":null}},{"type":"Feature","id":"platforms.1476","geometry":{"type":"Point","coordinates":[0.75527342,50.74716859]},"geometry_name":"the_geom","properties":{"country":"United Kingdom","platformid":"684351ca-2bbf-4afe-a9f3-7224e0a4","current_status":"Operational","name":"HASTINGS GUARD BUOY 1 KFB25/2012 AREA3","category":"BUOY","function":"HASTINGS GUARD BUOY 1 KFB25/2012 AREA3","operator":"CEFAS","location_blocks":null,"primary_production":null,"weight_sub":null,"weight_top":null,"production_start":null,"valid_from":"20120801","valid_to":null,"water_depth":0.0,"coast_dist":15243.7820997,"remarks":"OCEANOGRAPHIC EQUIPMENT FITTED WITH A YELLOW LIGHT EXHIBITING THE SEQUENCE FL Y (5) 20S"}},{"type":"Feature","id":"platforms.1477","geometry":{"type":"Point","coordinates":[-1.77111445,58.30605872]},"geometry_name":"the_geom","properties":{"country":"United Kingdom","platformid":"1c4be57d-ddd6-4bfb-95df-c1d5aea6","current_status":"Operational","name":"CAPTAIN BLPA","category":"PLATFORM","function":"WELLHEAD DRILLING & ACCOMMODATION STEEL","operator":"ITHACA ENERGY","location_blocks":null,"primary_production":null,"weight_sub":null,"weight_top":null,"production_start":null,"valid_from":null,"valid_to":null,"water_depth":0.0,"coast_dist":69061.0801232,"remarks":null}},{"type":"Feature","id":"platforms.1478","geometry":{"type":"Point","coordinates":[2.21389774,53.00401458]},"geometry_name":"the_geom","properties":{"country":"United Kingdom","platformid":"58c3f1b1-5d23-4406-9f5e-adfb621e","current_status":"Operational","name":"LEMAN H","category":"PLATFORM","function":"WELLHEAD ACCOMMODATION STEEL","operator":"PERENCO OIL & GAS","location_blocks":null,"primary_production":null,"weight_sub":null,"weight_top":null,"production_start":null,"valid_from":null,"valid_to":null,"water_depth":0.0,"coast_dist":46455.9812946,"remarks":null}},{"type":"Feature","id":"platforms.1479","geometry":{"type":"Point","coordinates":[1.83855409,57.01161192]},"geometry_name":"the_geom","properties":{"country":"United Kingdom","platformid":"00944471-1d55-48d5-8dcb-76fc1e6f","current_status":"Operational","name":"ELGIN A WHP","category":"PLATFORM","function":"ELGIN A WELLHEAD PRODUCTION STEEL","operator":"TOTALENERGIES UPSTREAM UK LIMITED","location_blocks":null,"primary_production":null,"weight_sub":null,"weight_top":null,"production_start":null,"valid_from":"20000301","valid_to":null,"water_depth":0.0,"coast_dist":224266.57708,"remarks":null}},{"type":"Feature","id":"platforms.1480","geometry":{"type":"Point","coordinates":[1.23772563,57.97626955]},"geometry_name":"the_geom","properties":{"country":"United Kingdom","platformid":"18137851-e94d-4327-8df2-28b4d24c","current_status":"Operational","name":"HUMMINGBIRD FPSO","category":"FPSO","function":"HUMMINGBIRD","operator":"TEEKAY PETROJARL","location_blocks":null,"primary_production":null,"weight_sub":null,"weight_top":null,"production_start":null,"valid_from":"20071223","valid_to":null,"water_depth":0.0,"coast_dist":186442.679902,"remarks":"1st circular FPSO in North Sea, WG PSN operators"}},{"type":"Feature","id":"platforms.1481","geometry":{"type":"Point","coordinates":[2.06985977,57.03921389]},"geometry_name":"the_geom","properties":{"country":"United Kingdom","platformid":"3e347f9e-d8a1-4f0f-a1f4-886c0e83","current_status":"Operational","name":"ERSKINE","category":"PLATFORM","function":"DRILLING LIFT","operator":"ITHACA ENERGY","location_blocks":null,"primary_production":null,"weight_sub":null,"weight_top":null,"production_start":null,"valid_from":null,"valid_to":null,"water_depth":0.0,"coast_dist":237139.576004,"remarks":null}},{"type":"Feature","id":"platforms.1482","geometry":{"type":"Point","coordinates":[0.1991873,58.28835357]},"geometry_name":"the_geom","properties":{"country":"United Kingdom","platformid":"91046a87-f1c8-45d0-9482-2075dcd8","current_status":"Operational","name":"SCOTT JU","category":"PLATFORM","function":"ACCOMMODATION STEEL JACK-UP","operator":"CNOOC INTERNATIONAL","location_blocks":null,"primary_production":null,"weight_sub":null,"weight_top":null,"production_start":null,"valid_from":null,"valid_to":null,"water_depth":0.0,"coast_dist":141469.488991,"remarks":null}},{"type":"Feature","id":"platforms.1483","geometry":{"type":"Point","coordinates":[1.84039087,57.01203017]},"geometry_name":"the_geom","properties":{"country":"United Kingdom","platformid":"6ec64662-c785-40ad-840e-d21cc5f9","current_status":"Operational","name":"ELGIN B WHP","category":"PLATFORM","function":"ELGIN B WELLHEAD PLATFORM","operator":"TOTALENERGIES UPSTREAM UK LIMITED","location_blocks":null,"primary_production":null,"weight_sub":null,"weight_top":null,"production_start":null,"valid_from":"20120903","valid_to":null,"water_depth":0.0,"coast_dist":224362.558833,"remarks":"Jacket installation October 2012"}},{"type":"Feature","id":"platforms.1484","geometry":{"type":"Point","coordinates":[2.85370083,53.71583035]},"geometry_name":"the_geom","properties":{"country":"United Kingdom","platformid":"3bd3897a-265e-476c-912c-ca7e0c42","current_status":"Operational","name":"GROVE PLATFORM","category":"PLATFORM","function":"GROVE PLATFORM","operator":"SPIRIT ENERGY","location_blocks":null,"primary_production":null,"weight_sub":null,"weight_top":null,"production_start":null,"valid_from":"20060702","valid_to":null,"water_depth":0.0,"coast_dist":132248.260092,"remarks":"Location taken from Kingfisher Fortnightly Bulletin 23/2006"}},{"type":"Feature","id":"platforms.1485","geometry":{"type":"Point","coordinates":[2.56759406,53.36221968]},"geometry_name":"the_geom","properties":{"country":"United Kingdom","platformid":"df475276-a888-4252-bf97-8fe47e8c","current_status":"Operational","name":"INDE AD","category":"PLATFORM","function":"DRILLING & ACCOMMODATION STEEL","operator":"PERENCO OIL & GAS","location_blocks":null,"primary_production":null,"weight_sub":null,"weight_top":null,"production_start":null,"valid_from":null,"valid_to":null,"water_depth":0.0,"coast_dist":90601.9156079,"remarks":null}},{"type":"Feature","id":"platforms.1486","geometry":{"type":"Point","coordinates":[2.13006455,53.08978275]},"geometry_name":"the_geom","properties":{"country":"United Kingdom","platformid":"16921d3e-9f0b-4cec-b4c6-ff4d4025","current_status":"Operational","name":"LEMAN AD2","category":"PLATFORM","function":"LEMAN AD2","operator":"ROYAL DUTCH SHELL","location_blocks":null,"primary_production":null,"weight_sub":null,"weight_top":null,"production_start":null,"valid_from":"19690901","valid_to":null,"water_depth":0.0,"coast_dist":48538.0165309,"remarks":null}},{"type":"Feature","id":"platforms.1487","geometry":{"type":"Point","coordinates":[0.84594036,57.72631161]},"geometry_name":"the_geom","properties":{"country":"United Kingdom","platformid":"cc344de9-8dbd-4d96-92d9-1d0ce4fa","current_status":"Operational","name":"FORTIES CHARLIE","category":"PLATFORM","function":"FORTIES CHARLIE","operator":"APACHE CORPORATION","location_blocks":null,"primary_production":null,"weight_sub":null,"weight_top":null,"production_start":null,"valid_from":"19750601","valid_to":null,"water_depth":0.0,"coast_dist":158087.692208,"remarks":null}},{"type":"Feature","id":"platforms.1488","geometry":{"type":"Point","coordinates":[1.68468138,53.05399478]},"geometry_name":"the_geom","properties":{"country":"United Kingdom","platformid":"295c7972-df3f-4ae8-b9ab-da37e338","current_status":"Operational","name":"48/29B","category":"PLATFORM","function":"SATELLITE PLATFORM","operator":"ENI UK LIMITED","location_blocks":null,"primary_production":null,"weight_sub":null,"weight_top":null,"production_start":null,"valid_from":null,"valid_to":null,"water_depth":0.0,"coast_dist":25580.1125675,"remarks":null}},{"type":"Feature","id":"platforms.1489","geometry":{"type":"Point","coordinates":[1.65087775,60.62890895]},"geometry_name":"the_geom","properties":{"country":"United Kingdom","platformid":"f882d2c1-cd15-46c5-bfd5-09e53ea0","current_status":"Operational","name":"DUNBAR","category":"PLATFORM","function":"WELLHEAD ACCOMMODATION STEEL","operator":"TOTALENERGIES UPSTREAM UK LIMITED","location_blocks":null,"primary_production":null,"weight_sub":null,"weight_top":null,"production_start":null,"valid_from":null,"valid_to":null,"water_depth":0.0,"coast_dist":132331.550958,"remarks":null}},{"type":"Feature","id":"platforms.1490","geometry":{"type":"Point","coordinates":[2.33698547,56.69679652]},"geometry_name":"the_geom","properties":{"country":"United Kingdom","platformid":"1aa14b09-f775-48f2-8368-56e6e822","current_status":"Operational","name":"JUDY","category":"PLATFORM","function":"PRODUCTION DRILLING STEEL","operator":"CHRYSAOR HOLDINGS","location_blocks":null,"primary_production":null,"weight_sub":null,"weight_top":null,"production_start":null,"valid_from":null,"valid_to":null,"water_depth":0.0,"coast_dist":263846.798155,"remarks":"Asset transfer from ConocoPhillips to Chrysaor October 2019"}},{"type":"Feature","id":"platforms.1491","geometry":{"type":"Point","coordinates":[2.5468088,53.08317124]},"geometry_name":"the_geom","properties":{"country":"United Kingdom","platformid":"bd81abba-8bd7-495c-a1e5-9e9eb992","current_status":"Closed down","name":"THAMES AR","category":"PLATFORM","function":"RISER STEEL","operator":"PERENCO OIL & GAS","location_blocks":null,"primary_production":null,"weight_sub":null,"weight_top":null,"production_start":null,"valid_from":null,"valid_to":null,"water_depth":0.0,"coast_dist":69720.4705019,"remarks":"Platform Removed"}},{"type":"Feature","id":"platforms.1492","geometry":{"type":"Point","coordinates":[0.91793458,61.27551941]},"geometry_name":"the_geom","properties":{"country":"United Kingdom","platformid":"9f7111f4-73c1-4007-87f1-d2c57c9e","current_status":"Operational","name":"TERN","category":"PLATFORM","function":"TERN PLATFORM","operator":"TAQA EUROPA B.V.","location_blocks":null,"primary_production":null,"weight_sub":null,"weight_top":null,"production_start":null,"valid_from":"19960925","valid_to":null,"water_depth":0.0,"coast_dist":103695.24127,"remarks":null}},{"type":"Feature","id":"platforms.1493","geometry":{"type":"Point","coordinates":[1.33369564,57.01371037]},"geometry_name":"the_geom","properties":{"country":"United Kingdom","platformid":"79da2326-78ab-4269-a2d4-061d5667","current_status":"Operational","name":"CARDINAL BUOY 1","category":"BUOY","function":"BANFF EAST CARDINAL BUOY","operator":"CNR INTERNATIONAL","location_blocks":null,"primary_production":null,"weight_sub":null,"weight_top":null,"production_start":null,"valid_from":null,"valid_to":null,"water_depth":0.0,"coast_dist":194629.166035,"remarks":null}},{"type":"Feature","id":"platforms.1494","geometry":{"type":"Point","coordinates":[-3.62417191,53.89104708]},"geometry_name":"the_geom","properties":{"country":"United Kingdom","platformid":"e4cf3fcd-8090-49b9-a2e7-8db74c7c","current_status":"Operational","name":"SOUTH MORECAMBE DP8","category":"PLATFORM","function":"REMOTE DRILLING PLATFORM","operator":"SPIRIT ENERGY","location_blocks":null,"primary_production":null,"weight_sub":null,"weight_top":null,"production_start":null,"valid_from":null,"valid_to":null,"water_depth":0.0,"coast_dist":32351.5460646,"remarks":null}},{"type":"Feature","id":"platforms.1495","geometry":{"type":"Point","coordinates":[-3.08768329,58.11463337]},"geometry_name":"the_geom","properties":{"country":"United Kingdom","platformid":"426436f1-9f42-4f29-825f-c12f98fb","current_status":"Decommissioned","name":"BEATRICE AD","category":"PLATFORM","function":"DRILLING & ACCOMMODATION STEEL","operator":"REPSOL SINOPEC RESOURCES","location_blocks":null,"primary_production":null,"weight_sub":null,"weight_top":null,"production_start":null,"valid_from":null,"valid_to":null,"water_depth":0.0,"coast_dist":22606.7700869,"remarks":null}},{"type":"Feature","id":"platforms.1496","geometry":{"type":"Point","coordinates":[2.74579446,53.93920793]},"geometry_name":"the_geom","properties":{"country":"United Kingdom","platformid":"f939741f-e7f3-49cb-96a0-ff3b62fc","current_status":"Operational","name":"CHISWICK PLATFORM","category":"PLATFORM","function":"CHISWICK PLATFORM","operator":"SPIRIT ENERGY","location_blocks":null,"primary_production":null,"weight_sub":null,"weight_top":null,"production_start":null,"valid_from":"20060819","valid_to":null,"water_depth":0.0,"coast_dist":146449.593141,"remarks":null}},{"type":"Feature","id":"platforms.1497","geometry":{"type":"Point","coordinates":[-6.56214788,51.13867271]},"geometry_name":"the_geom","properties":{"country":"United Kingdom","platformid":"282278d6-245e-4780-ad7c-8b03d04e","current_status":"Operational","name":"CELTIC DEEP SMART BUOY KFB20/2012 AREA5","category":"BUOY","function":"CELTIC DEEP SMART BUOY KFB20/2012 AREA5","operator":"CEFAS","location_blocks":null,"primary_production":null,"weight_sub":null,"weight_top":null,"production_start":null,"valid_from":"20120914","valid_to":null,"water_depth":0.0,"coast_dist":108064.801859,"remarks":null}},{"type":"Feature","id":"platforms.1498","geometry":{"type":"Point","coordinates":[-0.97577427,57.81356455]},"geometry_name":"the_geom","properties":{"country":"United Kingdom","platformid":"ba4069ee-6a7e-4e53-bd05-ff98fb9d","current_status":"Operational","name":"PRODUCTION (P) JACKET","category":"PLATFORM","function":"PRODUCTION (P) JACKET","operator":"CNOOC INTERNATIONAL","location_blocks":null,"primary_production":null,"weight_sub":null,"weight_top":null,"production_start":null,"valid_from":"20050603","valid_to":null,"water_depth":0.0,"coast_dist":55243.2905448,"remarks":"Height of jacket substructure above LAT -26m. Temp Nav Aid - 1 no. 10 nautical mile main lantern, with GPS synchro unit."}},{"type":"Feature","id":"platforms.1499","geometry":{"type":"Point","coordinates":[0.20177649,55.28997535]},"geometry_name":"the_geom","properties":{"country":"United Kingdom","platformid":"a87dd1e7-8d51-42d6-b3bc-a17b2718","current_status":"Operational","name":"BOOSTER PLATFORM 36/22A NORPIPE A.S","category":"PLATFORM","function":"BOOSTER PLATFORM 36/22A NORPIPE A.S","operator":"CONOCOPHILLIPS","location_blocks":null,"primary_production":null,"weight_sub":null,"weight_top":null,"production_start":null,"valid_from":null,"valid_to":null,"water_depth":0.0,"coast_dist":102590.905354,"remarks":"Asset transfer from ConocoPhillips to Chrysaor October 2019"}},{"type":"Feature","id":"platforms.1500","geometry":{"type":"Point","coordinates":[-3.15876449,51.23350404]},"geometry_name":"the_geom","properties":{"country":"United Kingdom","platformid":"a6fa8013-5e72-4aff-be08-4ba06b5c","current_status":"Operational","name":"HINKLEY POINT WAVERIDER BUOY KFB20/2012 AREA5","category":"BUOY","function":"HINKLEY POINT WAVERIDER BUOY KFB20/2012 AREA5","operator":"CEFAS","location_blocks":null,"primary_production":null,"weight_sub":null,"weight_top":null,"production_start":null,"valid_from":"20120914","valid_to":null,"water_depth":0.0,"coast_dist":2804.72374946,"remarks":null}},{"type":"Feature","id":"platforms.1501","geometry":{"type":"Point","coordinates":[1.73202563,53.45876323]},"geometry_name":"the_geom","properties":{"country":"United Kingdom","platformid":"b5a60863-f367-4151-84f4-f2e08cf7","current_status":"Operational","name":"CLIPPER PC","category":"PLATFORM","function":"CLIPPER PC","operator":"ROYAL DUTCH SHELL","location_blocks":null,"primary_production":null,"weight_sub":null,"weight_top":null,"production_start":null,"valid_from":"19910101","valid_to":null,"water_depth":0.0,"coast_dist":65249.8888141,"remarks":null}},{"type":"Feature","id":"platforms.1502","geometry":{"type":"Point","coordinates":[1.1178656,53.71856473]},"geometry_name":"the_geom","properties":{"country":"United Kingdom","platformid":"acbfe39d-affb-43ae-8f63-20987d96","current_status":"Operational","name":"WEST SOLE B","category":"PLATFORM","function":"PRODUCTION & ACCOMMODATION STEEL","operator":"PERENCO OIL & GAS","location_blocks":null,"primary_production":null,"weight_sub":null,"weight_top":null,"production_start":null,"valid_from":null,"valid_to":null,"water_depth":0.0,"coast_dist":65334.378386,"remarks":null}},{"type":"Feature","id":"platforms.1503","geometry":{"type":"Point","coordinates":[-3.11910658,58.83885972]},"geometry_name":"the_geom","properties":{"country":"United Kingdom","platformid":"10e91839-7c30-468f-b747-77d564c7","current_status":"Operational","name":"FLOTTA MARINE OIL TERMINAL","category":"TERMINAL","function":"FLOTTA MARINE OIL TERMINAL","operator":null,"location_blocks":null,"primary_production":null,"weight_sub":null,"weight_top":null,"production_start":null,"valid_from":null,"valid_to":null,"water_depth":0.0,"coast_dist":369.039900293,"remarks":null}},{"type":"Feature","id":"platforms.1504","geometry":{"type":"Point","coordinates":[2.18431783,53.00877643]},"geometry_name":"the_geom","properties":{"country":"United Kingdom","platformid":"60334791-c56b-4d04-a8ff-eafcba66","current_status":"Operational","name":"LEMAN D","category":"PLATFORM","function":"LEMAN D","operator":"ROYAL DUTCH SHELL","location_blocks":null,"primary_production":null,"weight_sub":null,"weight_top":null,"production_start":null,"valid_from":"19710901","valid_to":null,"water_depth":0.0,"coast_dist":45224.516867,"remarks":null}},{"type":"Feature","id":"platforms.1505","geometry":{"type":"Point","coordinates":[2.06516868,59.87948252]},"geometry_name":"the_geom","properties":{"country":"United Kingdom","platformid":"8a29e9be-e42b-4e27-b909-5087768c","current_status":"Decommissioned","name":"FRIGG TCP 2","category":"PLATFORM","function":"FRIGG TCP 2","operator":"TOTALENERGIES UPSTREAM UK LIMITED","location_blocks":null,"primary_production":null,"weight_sub":null,"weight_top":null,"production_start":null,"valid_from":"19770601","valid_to":null,"water_depth":0.0,"coast_dist":164695.60257,"remarks":null}},{"type":"Feature","id":"platforms.1506","geometry":{"type":"Point","coordinates":[1.13726746,58.04801743]},"geometry_name":"the_geom","properties":{"country":"United Kingdom","platformid":"a2314fda-0964-4fbb-9610-c5f83c4b","current_status":"Operational","name":"BRITANNIA","category":"PLATFORM","function":"PRODUCTION DRILLING STEEL","operator":"CHRYSAOR HOLDINGS","location_blocks":null,"primary_production":null,"weight_sub":null,"weight_top":null,"production_start":null,"valid_from":null,"valid_to":null,"water_depth":0.0,"coast_dist":182462.765185,"remarks":"Asset transfer from ConocoPhillips to Chrysaor October 2019"}},{"type":"Feature","id":"platforms.1507","geometry":{"type":"Point","coordinates":[2.13027032,53.09042903]},"geometry_name":"the_geom","properties":{"country":"United Kingdom","platformid":"609f276e-18ae-4080-9842-b2282c00","current_status":"Operational","name":"LEMAN AC","category":"PLATFORM","function":"LEMAN AC","operator":"ROYAL DUTCH SHELL","location_blocks":null,"primary_production":null,"weight_sub":null,"weight_top":null,"production_start":null,"valid_from":"20140818","valid_to":null,"water_depth":0.0,"coast_dist":48598.4127866,"remarks":null}},{"type":"Feature","id":"platforms.1508","geometry":{"type":"Point","coordinates":[0.74906935,54.91883086]},"geometry_name":"the_geom","properties":{"country":"United Kingdom","platformid":"8d98617f-e76b-4065-926f-13c52a3b","current_status":"Operational","name":"TYNE TEES WAVERIDER BUOY KFB25/2012 AREA3","category":"BUOY","function":"TYNE TEES WAVERIDER BUOY KFB25/2012 AREA3","operator":"CEFAS","location_blocks":null,"primary_production":null,"weight_sub":null,"weight_top":null,"production_start":null,"valid_from":"20120801","valid_to":null,"water_depth":0.0,"coast_dist":97332.8728695,"remarks":"OCEANOGRAPHIC EQUIPMENT FITTED WITH A YELLOW LIGHT EXHIBITING THE SEQUENCE FL Y (5) 20S"}},{"type":"Feature","id":"platforms.1509","geometry":{"type":"Point","coordinates":[1.66087266,57.29361498]},"geometry_name":"the_geom","properties":{"country":"United Kingdom","platformid":"63d9d909-c119-4ec7-9b3f-5dfe7fa7","current_status":"Operational","name":"ETAP QU","category":"PLATFORM","function":"UTILITIES & ACCOMMODATION STEEL","operator":"BP EXPLORATION","location_blocks":null,"primary_production":null,"weight_sub":null,"weight_top":null,"production_start":null,"valid_from":null,"valid_to":null,"water_depth":0.0,"coast_dist":207413.978884,"remarks":null}},{"type":"Feature","id":"platforms.1510","geometry":{"type":"Point","coordinates":[-5.1771606,54.97966751]},"geometry_name":"the_geom","properties":{"country":"United Kingdom","platformid":"f7dd0bcc-1832-46b8-9eb6-ce121406","current_status":"Operational","name":"CORSEWALL POINT","category":"TERMINAL","function":"CORESWALL POINT","operator":null,"location_blocks":null,"primary_production":null,"weight_sub":null,"weight_top":null,"production_start":null,"valid_from":null,"valid_to":null,"water_depth":0.0,"coast_dist":209.324238501,"remarks":null}},{"type":"Feature","id":"platforms.1511","geometry":{"type":"Point","coordinates":[2.21789291,53.03198049]},"geometry_name":"the_geom","properties":{"country":"United Kingdom","platformid":"8e0a3cba-2d2f-4415-afc5-93ef9ae2","current_status":"Operational","name":"LEMAN J","category":"PLATFORM","function":"WELLHEAD ACCOMMODATION STEEL","operator":"PERENCO OIL & GAS","location_blocks":null,"primary_production":null,"weight_sub":null,"weight_top":null,"production_start":null,"valid_from":null,"valid_to":null,"water_depth":0.0,"coast_dist":48598.8687017,"remarks":null}},{"type":"Feature","id":"platforms.1512","geometry":{"type":"Point","coordinates":[1.70474381,53.7621518]},"geometry_name":"the_geom","properties":{"country":"United Kingdom","platformid":"3e349287-8236-42b2-9064-78aa0b29","current_status":"Operational","name":"MIMAS MN","category":"PLATFORM","function":"MIMAS MN PLATFORM","operator":"CHRYSAOR HOLDINGS","location_blocks":null,"primary_production":null,"weight_sub":null,"weight_top":null,"production_start":null,"valid_from":null,"valid_to":null,"water_depth":0.0,"coast_dist":96117.7243374,"remarks":"Asset transfer from ConocoPhillips to Chrysaor October 2019"}},{"type":"Feature","id":"platforms.1513","geometry":{"type":"Point","coordinates":[2.03862379,53.35627924]},"geometry_name":"the_geom","properties":{"country":"United Kingdom","platformid":"4c4450e1-5685-4756-b3c5-9b2dd9c5","current_status":"Closed down","name":"NORTH VALIANT 2","category":"PLATFORM","function":"WELLHEAD STEEL","operator":"CHRYSAOR HOLDINGS","location_blocks":null,"primary_production":null,"weight_sub":null,"weight_top":null,"production_start":null,"valid_from":"19870101","valid_to":null,"water_depth":0.0,"coast_dist":66580.6922881,"remarks":"Platform is in cold suspension with no mobile hydrocarbons and awaiting removal.Asset transfer from ConocoPhillips to Chrysaor October 2019"}},{"type":"Feature","id":"platforms.1514","geometry":{"type":"Point","coordinates":[1.80157454,60.59797164]},"geometry_name":"the_geom","properties":{"country":"United Kingdom","platformid":"71271400-c3f5-4d0e-b957-587866e9","current_status":"Operational","name":"ELLON / GRANT BUOY","category":"BUOY","function":"SUBSEA WELLHEAD MARKER BUOY","operator":"TOTALENERGIES UPSTREAM UK LIMITED","location_blocks":null,"primary_production":null,"weight_sub":null,"weight_top":null,"production_start":null,"valid_from":"20101202","valid_to":null,"water_depth":0.0,"coast_dist":140209.879582,"remarks":"Decommissioned at original location and redeployed to this position"}},{"type":"Feature","id":"platforms.1515","geometry":{"type":"Point","coordinates":[-4.59934538,54.26797216]},"geometry_name":"the_geom","properties":{"country":"United Kingdom","platformid":"ac4b692a-40ee-475f-8ee6-b6ff2269","current_status":"Operational","name":"GLEN MOOAN","category":"TERMINAL","function":"GLEN MOOAN","operator":null,"location_blocks":null,"primary_production":null,"weight_sub":null,"weight_top":null,"production_start":null,"valid_from":null,"valid_to":null,"water_depth":0.0,"coast_dist":758.37014874,"remarks":null}},{"type":"Feature","id":"platforms.1516","geometry":{"type":"Point","coordinates":[1.07973669,58.05803425]},"geometry_name":"the_geom","properties":{"country":"United Kingdom","platformid":"116e2e99-f034-465d-b313-58467d4d","current_status":"Operational","name":"ALBA NORTH","category":"PLATFORM","function":"PRODUCTION DRILLING FIXED STEEL","operator":"ITHACA ENERGY","location_blocks":null,"primary_production":null,"weight_sub":null,"weight_top":null,"production_start":null,"valid_from":null,"valid_to":null,"water_depth":0.0,"coast_dist":179458.158139,"remarks":null}},{"type":"Feature","id":"platforms.1517","geometry":{"type":"Point","coordinates":[1.79636087,53.01757166]},"geometry_name":"the_geom","properties":{"country":"United Kingdom","platformid":"f3613078-ada2-46f8-8f9b-68eb256c","current_status":"Operational","name":"48/29A-Q","category":"PLATFORM","function":"QUARTERS PLATFORM","operator":"ENI UK LIMITED","location_blocks":null,"primary_production":null,"weight_sub":null,"weight_top":null,"production_start":null,"valid_from":null,"valid_to":null,"water_depth":0.0,"coast_dist":27587.3418573,"remarks":null}},{"type":"Feature","id":"platforms.1518","geometry":{"type":"Point","coordinates":[-3.17640401,53.63134734]},"geometry_name":"the_geom","properties":{"country":"United Kingdom","platformid":"a9bc54ed-0c5d-4fbf-b257-bbdacfb7","current_status":"Operational","name":"LENNOX","category":"PLATFORM","function":"WELLHEAD STEEL","operator":"ENI UK LIMITED","location_blocks":null,"primary_production":null,"weight_sub":null,"weight_top":null,"production_start":null,"valid_from":"19950101","valid_to":null,"water_depth":0.0,"coast_dist":7731.6260781,"remarks":null}},{"type":"Feature","id":"platforms.1519","geometry":{"type":"Point","coordinates":[1.70474798,53.76215397]},"geometry_name":"the_geom","properties":{"country":"United Kingdom","platformid":"e4a1d16f-462b-426f-b39d-3f344007","current_status":"Under construction","name":"48/9A MIMAS","category":"PLATFORM","function":"MIMAS PLATFORM","operator":"CHRYSAOR HOLDINGS","location_blocks":null,"primary_production":null,"weight_sub":null,"weight_top":null,"production_start":null,"valid_from":"20060705","valid_to":null,"water_depth":0.0,"coast_dist":96118.0341918,"remarks":"Change in status from PRECOMMISSION to ACTIVE."}},{"type":"Feature","id":"platforms.1520","geometry":{"type":"Point","coordinates":[1.20632777,53.80276968]},"geometry_name":"the_geom","properties":{"country":"United Kingdom","platformid":"252a211c-e2a9-4a8c-86f3-683257f3","current_status":"Operational","name":"HOTON","category":"PLATFORM","function":"HOTON","operator":"PERENCO OIL & GAS","location_blocks":null,"primary_production":null,"weight_sub":null,"weight_top":null,"production_start":null,"valid_from":null,"valid_to":null,"water_depth":0.0,"coast_dist":73098.1036977,"remarks":null}},{"type":"Feature","id":"platforms.1521","geometry":{"type":"Point","coordinates":[0.44160302,53.83377205]},"geometry_name":"the_geom","properties":{"country":"United Kingdom","platformid":"8650c995-7b36-44eb-a5a3-0633614a","current_status":"Operational","name":"ROUGH BP","category":"PLATFORM","function":"ROUGH BP PRODUCTION (WINTER), INJECTION(SUMMER)","operator":"CENTRICA STORAGE HOLDINGS","location_blocks":null,"primary_production":null,"weight_sub":null,"weight_top":null,"production_start":null,"valid_from":"19840101","valid_to":null,"water_depth":0.0,"coast_dist":28514.5498026,"remarks":"Rough BD, BP and CD, three platforms linked by two footbridges"}},{"type":"Feature","id":"platforms.1555","geometry":{"type":"Point","coordinates":[-3.61798087,53.8642309]},"geometry_name":"the_geom","properties":{"country":"United Kingdom","platformid":"268f8a84-69f6-490a-aa0b-d60adc72","current_status":"Operational","name":"DP6 PLATFORM","category":"PLATFORM","function":"DP6 PLATFORM","operator":"SPIRIT ENERGY","location_blocks":null,"primary_production":null,"weight_sub":null,"weight_top":null,"production_start":null,"valid_from":null,"valid_to":null,"water_depth":0.0,"coast_dist":33770.6666217,"remarks":"Asset transfer from ConocoPhillips to Chrysaor October 2019"}},{"type":"Feature","id":"platforms.1522","geometry":{"type":"Point","coordinates":[2.11030452,53.3775207]},"geometry_name":"the_geom","properties":{"country":"United Kingdom","platformid":"83c368ce-85e8-4dd2-b416-640431ea","current_status":"Closed down","name":"VANGUARD","category":"PLATFORM","function":"WELLHEAD STEEL","operator":"CHRYSAOR HOLDINGS","location_blocks":null,"primary_production":null,"weight_sub":null,"weight_top":null,"production_start":null,"valid_from":"19870101","valid_to":null,"water_depth":0.0,"coast_dist":71428.1324693,"remarks":"Platform is in cold suspension with no mobile hydrocarbons and awaiting removal.Asset transfer from ConocoPhillips to Chrysaor October 2019"}},{"type":"Feature","id":"platforms.1523","geometry":{"type":"Point","coordinates":[1.30289399,53.35234803]},"geometry_name":"the_geom","properties":{"country":"United Kingdom","platformid":"c6d208a0-749d-4b0a-a03f-0af2d28f","current_status":"Operational","name":"WAVENEY","category":"PLATFORM","function":"PRODUCTION STEEL","operator":"PERENCO OIL & GAS","location_blocks":null,"primary_production":null,"weight_sub":null,"weight_top":null,"production_start":null,"valid_from":null,"valid_to":null,"water_depth":0.0,"coast_dist":45653.6528763,"remarks":null}},{"type":"Feature","id":"platforms.1524","geometry":{"type":"Point","coordinates":[2.17670898,57.28689731]},"geometry_name":"the_geom","properties":{"country":"United Kingdom","platformid":"fae34c19-30fe-4112-9979-774eeff7","current_status":"Operational","name":"LOMOND","category":"PLATFORM","function":"PRODUCTION & DRILLING STEEL","operator":"CHRYSAOR HOLDINGS","location_blocks":null,"primary_production":null,"weight_sub":null,"weight_top":null,"production_start":null,"valid_from":null,"valid_to":null,"water_depth":0.0,"coast_dist":238329.554158,"remarks":null}},{"type":"Feature","id":"platforms.1525","geometry":{"type":"Point","coordinates":[1.03273854,58.04783427]},"geometry_name":"the_geom","properties":{"country":"United Kingdom","platformid":"50993f84-939f-406a-bd0d-895a22d0","current_status":"Operational","name":"ALBA","category":"FPSO","function":"FSU","operator":"ITHACA ENERGY","location_blocks":null,"primary_production":null,"weight_sub":null,"weight_top":null,"production_start":null,"valid_from":null,"valid_to":null,"water_depth":0.0,"coast_dist":176484.955338,"remarks":null}},{"type":"Feature","id":"platforms.1526","geometry":{"type":"Point","coordinates":[2.1608232,53.09609764]},"geometry_name":"the_geom","properties":{"country":"United Kingdom","platformid":"55d21bd5-4550-4052-8ce3-40b6e63e","current_status":"Operational","name":"LEMAN CD","category":"PLATFORM","function":"LEMAN CD","operator":"ROYAL DUTCH SHELL","location_blocks":null,"primary_production":null,"weight_sub":null,"weight_top":null,"production_start":null,"valid_from":"19700701","valid_to":null,"water_depth":0.0,"coast_dist":50505.1900254,"remarks":null}},{"type":"Feature","id":"platforms.1527","geometry":{"type":"Point","coordinates":[2.33554063,56.69803864]},"geometry_name":"the_geom","properties":{"country":"United Kingdom","platformid":"481b5d11-4870-4cf0-8301-c8d53f3d","current_status":"Under construction","name":"JUDY JRP","category":"PLATFORM","function":"JUDY RISER PLATFORM","operator":"CHRYSAOR HOLDINGS","location_blocks":null,"primary_production":null,"weight_sub":null,"weight_top":null,"production_start":null,"valid_from":"20120711","valid_to":null,"water_depth":0.0,"coast_dist":263715.421697,"remarks":"Asset transfer from ConocoPhillips to Chrysaor October 2019 | TOPSIDES TO BE INSTALLED 2013"}},{"type":"Feature","id":"platforms.1528","geometry":{"type":"Point","coordinates":[-1.71696791,50.63300353]},"geometry_name":"the_geom","properties":{"country":"United Kingdom","platformid":"6770430b-36ed-4f75-8cf4-81bd262c","current_status":"Operational","name":"POOLE BAY BUOY 2: KFB 18/2012 AREA 4","category":"BUOY","function":"POOLE BAY GUARD BUOY 2: KFB 18/2012 AREA 4 AUG1012 - APR2016","operator":"CEFAS","location_blocks":null,"primary_production":null,"weight_sub":null,"weight_top":null,"production_start":null,"valid_from":"20120801","valid_to":null,"water_depth":0.0,"coast_dist":9096.37871809,"remarks":"Buoys are fitted with a yellow light exhibiting the sequence Fl Y (5) 20s"}},{"type":"Feature","id":"platforms.1529","geometry":{"type":"Point","coordinates":[-3.66309884,53.80748973]},"geometry_name":"the_geom","properties":{"country":"United Kingdom","platformid":"c0125577-42a7-4e3b-9ab6-39b08c66","current_status":"Operational","name":"CALDER","category":"PLATFORM","function":"REMOTE DRILLING AND PRODUCTION PLATFORM","operator":"HARBOUR ENERGY PLC","location_blocks":null,"primary_production":null,"weight_sub":null,"weight_top":null,"production_start":null,"valid_from":"20021001","valid_to":null,"water_depth":0.0,"coast_dist":39816.273064,"remarks":null}},{"type":"Feature","id":"platforms.1530","geometry":{"type":"Point","coordinates":[0.91338895,54.07264799]},"geometry_name":"the_geom","properties":{"country":"United Kingdom","platformid":"ef42ac0d-1c31-4d09-ae0d-cb42a567","current_status":"Operational","name":"RAVENSPURN NORTH ST3","category":"PLATFORM","function":"WELLHEAD STEEL","operator":"PERENCO OIL & GAS","location_blocks":null,"primary_production":null,"weight_sub":null,"weight_top":null,"production_start":null,"valid_from":null,"valid_to":null,"water_depth":0.0,"coast_dist":64906.8786377,"remarks":null}},{"type":"Feature","id":"platforms.1531","geometry":{"type":"Point","coordinates":[1.44616669,53.24125411]},"geometry_name":"the_geom","properties":{"country":"United Kingdom","platformid":"b2396cd7-04dd-4e22-a751-5f3fe399","current_status":"Operational","name":"BLYTHE JACKET","category":"OTHER SURFACE","function":"BLYTHE JACKET CRP","operator":"IOG PLC","location_blocks":null,"primary_production":null,"weight_sub":null,"weight_top":null,"production_start":null,"valid_from":null,"valid_to":null,"water_depth":0.0,"coast_dist":35675.8703679,"remarks":null}},{"type":"Feature","id":"platforms.1532","geometry":{"type":"Point","coordinates":[2.62240153,53.69484771]},"geometry_name":"the_geom","properties":{"country":"United Kingdom","platformid":"85d59890-81ef-483a-a1a1-0fd727cf","current_status":"Operational","name":"CUTTER QC","category":"PLATFORM","function":"CUTTER QC","operator":"ROYAL DUTCH SHELL","location_blocks":null,"primary_production":null,"weight_sub":null,"weight_top":null,"production_start":null,"valid_from":"20050704","valid_to":null,"water_depth":0.0,"coast_dist":120317.396622,"remarks":"Convergence 1.75\u00ba Grid less than True"}},{"type":"Feature","id":"platforms.1533","geometry":{"type":"Point","coordinates":[2.47937406,54.33291318]},"geometry_name":"the_geom","properties":{"country":"United Kingdom","platformid":"4f77f70c-7c40-4d21-814f-daa8654c","current_status":"Under construction","name":"44/23A KELVIN TM","category":"PLATFORM","function":"KELVIN PLATFORM","operator":"CHRYSAOR HOLDINGS","location_blocks":null,"primary_production":null,"weight_sub":null,"weight_top":null,"production_start":null,"valid_from":"20070527","valid_to":null,"water_depth":0.0,"coast_dist":168404.754158,"remarks":"Change in status from PRECOMMISSION to ACTIVE."}},{"type":"Feature","id":"platforms.1534","geometry":{"type":"Point","coordinates":[0.9984246,57.18437564]},"geometry_name":"the_geom","properties":{"country":"United Kingdom","platformid":"cb7bd07c-2cfd-43ef-af0d-30997273","current_status":"Operational","name":"GANNET A","category":"PLATFORM","function":"GANNET A","operator":"ROYAL DUTCH SHELL","location_blocks":null,"primary_production":null,"weight_sub":null,"weight_top":null,"production_start":null,"valid_from":"19910101","valid_to":null,"water_depth":0.0,"coast_dist":170275.187578,"remarks":null}},{"type":"Feature","id":"platforms.1535","geometry":{"type":"Point","coordinates":[2.21031943,53.06045427]},"geometry_name":"the_geom","properties":{"country":"United Kingdom","platformid":"34c226e5-02f4-492b-9e14-7bda2fbb","current_status":"Operational","name":"LEMAN EP","category":"PLATFORM","function":"PRODUCTION STEEL","operator":"PERENCO OIL & GAS","location_blocks":null,"primary_production":null,"weight_sub":null,"weight_top":null,"production_start":null,"valid_from":null,"valid_to":null,"water_depth":0.0,"coast_dist":50241.6404346,"remarks":null}},{"type":"Feature","id":"platforms.1536","geometry":{"type":"Point","coordinates":[-3.97039196,60.06163581]},"geometry_name":"the_geom","properties":{"country":"United Kingdom","platformid":"5d56380f-5f6a-4425-bd94-22cb1322","current_status":"Operational","name":"SOLAN","category":"PLATFORM","function":"SOLAN PLATFORM","operator":"HARBOUR ENERGY PLC","location_blocks":null,"primary_production":null,"weight_sub":null,"weight_top":null,"production_start":null,"valid_from":"20141120","valid_to":null,"water_depth":0.0,"coast_dist":95725.1296772,"remarks":"Change in status - now active"}},{"type":"Feature","id":"platforms.1537","geometry":{"type":"Point","coordinates":[1.70368596,61.03438416]},"geometry_name":"the_geom","properties":{"country":"United Kingdom","platformid":"34713e69-cd22-43a7-90cf-1082a80d","current_status":"Closed down","name":"BRENT A","category":"PLATFORM","function":"BRENT A","operator":"ROYAL DUTCH SHELL","location_blocks":null,"primary_production":null,"weight_sub":null,"weight_top":null,"production_start":null,"valid_from":"19760501","valid_to":null,"water_depth":0.0,"coast_dist":135782.270103,"remarks":"Platform Topsides Removed 22nd June 2020 by Pioneering Spirit. Steel jacket remains in situ."}},{"type":"Feature","id":"platforms.1538","geometry":{"type":"Point","coordinates":[2.29114302,54.56909352]},"geometry_name":"the_geom","properties":{"country":"United Kingdom","platformid":"f944c1a3-6fcc-4ef3-af44-ef37aa5c","current_status":"Operational","name":"CYGNUS A (AWHP)","category":"PLATFORM","function":"ALPHA WELL HEAD PLATFORM","operator":"NEPTUNE E&P","location_blocks":null,"primary_production":null,"weight_sub":null,"weight_top":null,"production_start":null,"valid_from":"20140512","valid_to":null,"water_depth":0.0,"coast_dist":161977.869075,"remarks":"bridge linked to APU Alpha Wellhead Platform"}},{"type":"Feature","id":"platforms.1539","geometry":{"type":"Point","coordinates":[2.18507375,53.07606851]},"geometry_name":"the_geom","properties":{"country":"United Kingdom","platformid":"b73e635d-d546-49d5-a2f6-db098024","current_status":"Operational","name":"LEMAN BP","category":"PLATFORM","function":"LEMAN BP","operator":"ROYAL DUTCH SHELL","location_blocks":null,"primary_production":null,"weight_sub":null,"weight_top":null,"production_start":null,"valid_from":"19690901","valid_to":null,"water_depth":0.0,"coast_dist":50141.5607441,"remarks":"Convergence 1.75\u00ba Grid less than True"}},{"type":"Feature","id":"platforms.1540","geometry":{"type":"Point","coordinates":[2.89476972,53.00442198]},"geometry_name":"the_geom","properties":{"country":"United Kingdom","platformid":"6aec0f22-8772-455c-97ba-c081a070","current_status":"Operational","name":"DAVY A","category":"PLATFORM","function":"WELLHEAD STEEL","operator":"PERENCO OIL & GAS","location_blocks":null,"primary_production":null,"weight_sub":null,"weight_top":null,"production_start":null,"valid_from":null,"valid_to":null,"water_depth":0.0,"coast_dist":86434.1919171,"remarks":null}},{"type":"Feature","id":"platforms.1541","geometry":{"type":"Point","coordinates":[-3.9244928,57.74646061]},"geometry_name":"the_geom","properties":{"country":"United Kingdom","platformid":"bc3f74df-8487-43d6-8f20-f76e0231","current_status":"Operational","name":"NIGG BAY","category":"TERMINAL","function":"NIGG BAY","operator":null,"location_blocks":null,"primary_production":null,"weight_sub":null,"weight_top":null,"production_start":null,"valid_from":null,"valid_to":null,"water_depth":0.0,"coast_dist":406.802443673,"remarks":null}},{"type":"Feature","id":"platforms.1542","geometry":{"type":"Point","coordinates":[-3.02166668,58.14725]},"geometry_name":"the_geom","properties":{"country":"United Kingdom","platformid":"0b3a53d7-7914-4ec6-b63e-0e00ec30","current_status":"Decommissioned","name":"BEATRICE B","category":"PLATFORM","function":"PRODUCTION & ACCOMMODATION","operator":"REPSOL SINOPEC RESOURCES","location_blocks":null,"primary_production":null,"weight_sub":null,"weight_top":null,"production_start":null,"valid_from":null,"valid_to":null,"water_depth":0.0,"coast_dist":21168.4033971,"remarks":null}},{"type":"Feature","id":"platforms.1543","geometry":{"type":"Point","coordinates":[2.12919654,53.08954358]},"geometry_name":"the_geom","properties":{"country":"United Kingdom","platformid":"f9afd31c-7d76-4235-b298-4692d64c","current_status":"Operational","name":"LEMAN AP","category":"PLATFORM","function":"LEMAN AP","operator":"ROYAL DUTCH SHELL","location_blocks":null,"primary_production":null,"weight_sub":null,"weight_top":null,"production_start":null,"valid_from":"19670801","valid_to":null,"water_depth":0.0,"coast_dist":48477.990184,"remarks":null}},{"type":"Feature","id":"platforms.1544","geometry":{"type":"Point","coordinates":[1.73586121,60.80874294]},"geometry_name":"the_geom","properties":{"country":"United Kingdom","platformid":"50d905b6-1199-4afc-ae89-0a367b37","current_status":"Operational","name":"ALWYN NORTH NAA","category":"PLATFORM","function":"DRILLING & ACCOMMODATION STEEL","operator":"TOTALENERGIES UPSTREAM UK LIMITED","location_blocks":null,"primary_production":null,"weight_sub":null,"weight_top":null,"production_start":null,"valid_from":null,"valid_to":null,"water_depth":0.0,"coast_dist":135837.772627,"remarks":null}},{"type":"Feature","id":"platforms.1545","geometry":{"type":"Point","coordinates":[0.72662497,54.03301489]},"geometry_name":"the_geom","properties":{"country":"United Kingdom","platformid":"b6358e5f-78e1-4c8e-87c3-986d0420","current_status":"Operational","name":"CLEETON WLTR","category":"PLATFORM","function":"WELLHEAD STEEL","operator":"PERENCO OIL & GAS","location_blocks":null,"primary_production":null,"weight_sub":null,"weight_top":null,"production_start":null,"valid_from":null,"valid_to":null,"water_depth":0.0,"coast_dist":53321.0785012,"remarks":null}},{"type":"Feature","id":"platforms.1546","geometry":{"type":"Point","coordinates":[-1.47834569,55.18516792]},"geometry_name":"the_geom","properties":{"country":"United Kingdom","platformid":"2a407e94-2531-49fe-9f46-e767ebc7","current_status":"Operational","name":"NEWBIGGIN-BY-THE-SEA WAVERIDER BUOY KFB02/2013 AREA3","category":"BUOY","function":"NEWBIGGIN-BY-THE-SEA WAVERIDER BUOY KFB02/2013 AREA3","operator":"FUGRO","location_blocks":null,"primary_production":null,"weight_sub":null,"weight_top":null,"production_start":null,"valid_from":"20130114","valid_to":null,"water_depth":0.0,"coast_dist":1349.3637942,"remarks":null}},{"type":"Feature","id":"platforms.1547","geometry":{"type":"Point","coordinates":[2.28700178,56.45196305]},"geometry_name":"the_geom","properties":{"country":"United Kingdom","platformid":"70cd1087-a412-497b-9317-a6662da1","current_status":"Operational","name":"CLYDE","category":"PLATFORM","function":"PRODUCTION DRILING STEEL","operator":"REPSOL SINOPEC RESOURCES","location_blocks":null,"primary_production":null,"weight_sub":null,"weight_top":null,"production_start":null,"valid_from":null,"valid_to":null,"water_depth":0.0,"coast_dist":258740.688032,"remarks":null}},{"type":"Feature","id":"platforms.1548","geometry":{"type":"Point","coordinates":[-0.91761348,57.96009553]},"geometry_name":"the_geom","properties":{"country":"United Kingdom","platformid":"94186ea2-89d1-479e-9634-5ecf4ca8","current_status":"Operational","name":"GOLDEN EAGLE PUQ PLATFORM","category":"PLATFORM","function":"GOLDEN EAGLE PUQ PLATFORM","operator":"CNOOC INTERNATIONAL","location_blocks":null,"primary_production":null,"weight_sub":null,"weight_top":null,"production_start":null,"valid_from":"20130603","valid_to":null,"water_depth":0.0,"coast_dist":66309.377431,"remarks":"v27 RETURN"}},{"type":"Feature","id":"platforms.1549","geometry":{"type":"Point","coordinates":[2.28979403,54.56863852]},"geometry_name":"the_geom","properties":{"country":"United Kingdom","platformid":"b2a11664-5776-4826-bfb3-07251c8e","current_status":"Operational","name":"CYGNUS A (APU)","category":"PLATFORM","function":"ALPHA PRODUCTION PLATFORM INCLUDES ACCOMODATION, PROCESS AND WELLHEAD PLATFORMS LINKED BY BRIDGES","operator":"NEPTUNE E&P","location_blocks":null,"primary_production":null,"weight_sub":null,"weight_top":null,"production_start":null,"valid_from":"20140722","valid_to":null,"water_depth":0.0,"coast_dist":161879.610046,"remarks":"Alpha Process & Utilities Platform"}},{"type":"Feature","id":"platforms.1550","geometry":{"type":"Point","coordinates":[1.73066175,53.45953488]},"geometry_name":"the_geom","properties":{"country":"United Kingdom","platformid":"28a732ef-e940-459c-b9bf-3c593044","current_status":"Operational","name":"CLIPPER PW","category":"PLATFORM","function":"CLIPPER PW","operator":"ROYAL DUTCH SHELL","location_blocks":null,"primary_production":null,"weight_sub":null,"weight_top":null,"production_start":null,"valid_from":"19890801","valid_to":null,"water_depth":0.0,"coast_dist":65288.3589735,"remarks":null}},{"type":"Feature","id":"platforms.1551","geometry":{"type":"Point","coordinates":[2.29875483,54.43388124]},"geometry_name":"the_geom","properties":{"country":"United Kingdom","platformid":"cef191a1-0bb9-4465-9ac5-4839b16e","current_status":"Operational","name":"MUNRO MH","category":"PLATFORM","function":"MUNRO MH PLATFORM","operator":"CHRYSAOR HOLDINGS","location_blocks":null,"primary_production":null,"weight_sub":null,"weight_top":null,"production_start":null,"valid_from":"20050601","valid_to":null,"water_depth":0.0,"coast_dist":158684.897303,"remarks":"Asset transfer from ConocoPhillips to Chrysaor October 2019 | Normally unmanned installation"}},{"type":"Feature","id":"platforms.1552","geometry":{"type":"Point","coordinates":[1.73881153,54.47799746]},"geometry_name":"the_geom","properties":{"country":"United Kingdom","platformid":"86fee513-675f-4f4e-9da7-5aa2759f","current_status":"Operational","name":"CAVENDISH","category":"PLATFORM","function":"CAVENDISH PLATFORM","operator":"INEOS INDUSTRIES","location_blocks":null,"primary_production":null,"weight_sub":null,"weight_top":null,"production_start":null,"valid_from":"20060612","valid_to":null,"water_depth":0.0,"coast_dist":124834.601355,"remarks":"The status has been marked as ACTIVE, this will be the case as of early June 2007, until then the correct status is PRECOMMISSION."}},{"type":"Feature","id":"platforms.1553","geometry":{"type":"Point","coordinates":[-3.86139606,54.02619981]},"geometry_name":"the_geom","properties":{"country":"United Kingdom","platformid":"11161775-a79c-4963-82cd-2a00a93c","current_status":"Operational","name":"MILLOM WEST PLATFORM","category":"PLATFORM","function":"MILLOM WEST PLATFORM","operator":"SPIRIT ENERGY","location_blocks":null,"primary_production":null,"weight_sub":null,"weight_top":null,"production_start":null,"valid_from":null,"valid_to":null,"water_depth":0.0,"coast_dist":39243.647255,"remarks":"Asset transfer from ConocoPhillips to Chrysaor October 2019"}},{"type":"Feature","id":"platforms.1554","geometry":{"type":"Point","coordinates":[2.16196785,53.0964328]},"geometry_name":"the_geom","properties":{"country":"United Kingdom","platformid":"6f93723f-eae3-4cab-9359-f132c8f6","current_status":"Operational","name":"LEMAN CP","category":"PLATFORM","function":"LEMAN CP","operator":"ROYAL DUTCH SHELL","location_blocks":null,"primary_production":null,"weight_sub":null,"weight_top":null,"production_start":null,"valid_from":"19700701","valid_to":null,"water_depth":0.0,"coast_dist":50586.4112399,"remarks":"Convergence 1.73\u00ba True more than Grid"}},{"type":"Feature","id":"platforms.1556","geometry":{"type":"Point","coordinates":[1.44879865,60.8050534]},"geometry_name":"the_geom","properties":{"country":"United Kingdom","platformid":"82be50fd-76b0-47bf-b834-5a2eaf19","current_status":"Operational","name":"NINIAN SOUTHERN","category":"PLATFORM","function":"NINIAN SOUTHERN PLATFROM","operator":"CNR INTERNATIONAL","location_blocks":null,"primary_production":null,"weight_sub":null,"weight_top":null,"production_start":null,"valid_from":null,"valid_to":null,"water_depth":0.0,"coast_dist":120233.075712,"remarks":null}},{"type":"Feature","id":"platforms.1557","geometry":{"type":"Point","coordinates":[2.01442251,53.53963236]},"geometry_name":"the_geom","properties":{"country":"United Kingdom","platformid":"39f13013-66dc-4aed-88bc-7a5916eb","current_status":"Closed down","name":"AUDREY A (WD)","category":"PLATFORM","function":"AUDREY A PLATFORM","operator":"SPIRIT ENERGY","location_blocks":null,"primary_production":null,"weight_sub":null,"weight_top":null,"production_start":null,"valid_from":null,"valid_to":null,"water_depth":0.0,"coast_dist":82178.2150025,"remarks":null}},{"type":"Feature","id":"platforms.1558","geometry":{"type":"Point","coordinates":[-3.35715349,53.53450268]},"geometry_name":"the_geom","properties":{"country":"United Kingdom","platformid":"039d1eb1-0242-4aef-a24d-0c01239b","current_status":"Operational","name":"LIVERPOOL BAY BUOY: KFB 07/2012","category":"BUOY","function":"LIVERPOOL BAY BUOY: KFB 07/2012 UNTIL 31DEC2014","operator":"CEFAS","location_blocks":null,"primary_production":null,"weight_sub":null,"weight_top":null,"production_start":null,"valid_from":"20120101","valid_to":null,"water_depth":0.0,"coast_dist":16904.9681854,"remarks":null}},{"type":"Feature","id":"platforms.1559","geometry":{"type":"Point","coordinates":[1.38688869,57.45113925]},"geometry_name":"the_geom","properties":{"country":"United Kingdom","platformid":"b03a8233-355f-4f69-82f8-390b0d6f","current_status":"Operational","name":"MONTROSE BLP PLATFORM","category":"PLATFORM","function":"MONTROSE BLP PLATFORM","operator":"REPSOL SINOPEC RESOURCES","location_blocks":null,"primary_production":null,"weight_sub":null,"weight_top":null,"production_start":null,"valid_from":"20140621","valid_to":null,"water_depth":0.0,"coast_dist":189320.325078,"remarks":"Heading 356.868"}},{"type":"Feature","id":"platforms.1560","geometry":{"type":"Point","coordinates":[2.33968824,53.01674452]},"geometry_name":"the_geom","properties":{"country":"United Kingdom","platformid":"7b3cd1ae-c8c6-4a57-a767-3fc456a9","current_status":"Operational","name":"LEMAN DP","category":"PLATFORM","function":"PRODUCTION STEEL","operator":"PERENCO OIL & GAS","location_blocks":null,"primary_production":null,"weight_sub":null,"weight_top":null,"production_start":null,"valid_from":null,"valid_to":null,"water_depth":0.0,"coast_dist":54109.7644092,"remarks":null}},{"type":"Feature","id":"platforms.1561","geometry":{"type":"Point","coordinates":[-0.97741217,57.81286311]},"geometry_name":"the_geom","properties":{"country":"United Kingdom","platformid":"3a833ec2-e78f-4b7b-8fea-49daa520","current_status":"Operational","name":"QUARTERS UTILITIES (QU) JACKET","category":"PLATFORM","function":"QUARTERS UTILITIES QU JACKET","operator":"CNOOC INTERNATIONAL","location_blocks":null,"primary_production":null,"weight_sub":null,"weight_top":null,"production_start":null,"valid_from":"20050713","valid_to":null,"water_depth":0.0,"coast_dist":55122.9072412,"remarks":"Height of jacket substructure above LAT -26m. Temp Nav Aid - 1 no. 10 nautical mile main lantern, with GPS synchro unit."}},{"type":"Feature","id":"platforms.1562","geometry":{"type":"Point","coordinates":[1.79827777,53.51981488]},"geometry_name":"the_geom","properties":{"country":"United Kingdom","platformid":"74f3d92b-0de2-4dd2-b427-72612d37","current_status":"Operational","name":"GALLEON PG","category":"PLATFORM","function":"GALLEON PG","operator":"ROYAL DUTCH SHELL","location_blocks":null,"primary_production":null,"weight_sub":null,"weight_top":null,"production_start":null,"valid_from":"19900101","valid_to":null,"water_depth":0.0,"coast_dist":73264.0037374,"remarks":null}},{"type":"Feature","id":"platforms.1563","geometry":{"type":"Point","coordinates":[-6.08963168,53.5356545]},"geometry_name":"the_geom","properties":{"country":"United Kingdom","platformid":"d3113467-d963-4845-96df-f2644cde","current_status":"Operational","name":"LOUGHSHINNY","category":"TERMINAL","function":"LOUGHSHINNY","operator":null,"location_blocks":null,"primary_production":null,"weight_sub":null,"weight_top":null,"production_start":null,"valid_from":null,"valid_to":null,"water_depth":0.0,"coast_dist":264.971809815,"remarks":null}},{"type":"Feature","id":"platforms.1564","geometry":{"type":"Point","coordinates":[1.79418335,53.016753]},"geometry_name":"the_geom","properties":{"country":"United Kingdom","platformid":"51dd22da-f4d7-4109-997e-3660fcfa","current_status":"Operational","name":"48/29A-FTP","category":"PLATFORM","function":"FIELD TERMINAL PLATFORM","operator":"ENI UK LIMITED","location_blocks":null,"primary_production":null,"weight_sub":null,"weight_top":null,"production_start":null,"valid_from":null,"valid_to":null,"water_depth":0.0,"coast_dist":27421.9359316,"remarks":null}},{"type":"Feature","id":"platforms.1565","geometry":{"type":"Point","coordinates":[1.80575103,56.95931246]},"geometry_name":"the_geom","properties":{"country":"United Kingdom","platformid":"37e8ff33-0210-4ab5-a035-d2cfbdae","current_status":"Operational","name":"WEST FRANKLIN WHP","category":"PLATFORM","function":"WEST FRANKLIN WELLHEAD PRODUCTION STEEL","operator":"TOTALENERGIES UPSTREAM UK LIMITED","location_blocks":null,"primary_production":null,"weight_sub":null,"weight_top":null,"production_start":null,"valid_from":"20110901","valid_to":null,"water_depth":0.0,"coast_dist":223874.272789,"remarks":null}},{"type":"Feature","id":"platforms.1566","geometry":{"type":"Point","coordinates":[-1.71880089,50.63350353]},"geometry_name":"the_geom","properties":{"country":"United Kingdom","platformid":"ccc74cf4-af3b-46f0-9ba1-9b251c2a","current_status":"Operational","name":"POOLE BAY BUOY 1: KFB 18/2012 AREA 4","category":"BUOY","function":"POOLE BAY WAVERIDER BUOY 1: KFB 18/2012 AREA 4 AUG1012 - APR2016","operator":"CEFAS","location_blocks":null,"primary_production":null,"weight_sub":null,"weight_top":null,"production_start":null,"valid_from":"20120801","valid_to":null,"water_depth":0.0,"coast_dist":9010.59509156,"remarks":"Buoys are fitted with a yellow light exhibiting the sequence Fl Y (5) 20s"}},{"type":"Feature","id":"platforms.1567","geometry":{"type":"Point","coordinates":[0.72747675,54.03322708]},"geometry_name":"the_geom","properties":{"country":"United Kingdom","platformid":"b6358e5f-78e1-4c8e-87c3-986d0420","current_status":"Operational","name":"CLEETON RISER TOWER","category":"PLATFORM","function":"WELLHEAD STEEL","operator":"PERENCO OIL & GAS","location_blocks":null,"primary_production":null,"weight_sub":null,"weight_top":null,"production_start":null,"valid_from":null,"valid_to":null,"water_depth":0.0,"coast_dist":53371.8932494,"remarks":null}},{"type":"Feature","id":"platforms.1568","geometry":{"type":"Point","coordinates":[1.67140556,59.74232159]},"geometry_name":"the_geom","properties":{"country":"United Kingdom","platformid":"9859f5a9-2bca-4d34-a30a-3ad785e0","current_status":"Operational","name":"BRUCE PUQ","category":"PLATFORM","function":"PRODUCTION & ACCOMMODATION","operator":"SERICA ENERGY","location_blocks":null,"primary_production":null,"weight_sub":null,"weight_top":null,"production_start":null,"valid_from":null,"valid_to":null,"water_depth":0.0,"coast_dist":153507.212113,"remarks":null}},{"type":"Feature","id":"platforms.1569","geometry":{"type":"Point","coordinates":[1.90975915,57.19125334]},"geometry_name":"the_geom","properties":{"country":"United Kingdom","platformid":"e2885541-22d0-47c7-a1c3-58d0f493","current_status":"Operational","name":"CULZEAN PROCESSING PLATFORM (CPF)","category":"PLATFORM","function":"CULZEAN CPF (CENTRAL PROCESSING PLATFORM)","operator":"TOTALENERGIES UPSTREAM UK LIMITED","location_blocks":null,"primary_production":null,"weight_sub":null,"weight_top":null,"production_start":null,"valid_from":null,"valid_to":null,"water_depth":0.0,"coast_dist":224064.125647,"remarks":"Status Change - now ACTIVE and co-ord update- Jacket Structure Installed Aug 2017 - Topside installations ongoing. As-Built Co-ords Updated.Due to be installed later in 2017"}},{"type":"Feature","id":"platforms.1570","geometry":{"type":"Point","coordinates":[2.19488118,54.59993258]},"geometry_name":"the_geom","properties":{"country":"United Kingdom","platformid":"62daf851-88c0-4ab9-9ac6-59a6aa95","current_status":"Operational","name":"CYGNUS B (BWHP)","category":"PLATFORM","function":"CYGNUS B BRAVO WELL HEAD PLATFORM","operator":"NEPTUNE E&P","location_blocks":null,"primary_production":null,"weight_sub":null,"weight_top":null,"production_start":null,"valid_from":"20150715","valid_to":null,"water_depth":0.0,"coast_dist":157129.836977,"remarks":"Bravo Wellhead Platform"}},{"type":"Feature","id":"platforms.1571","geometry":{"type":"Point","coordinates":[0.72640828,54.03259816]},"geometry_name":"the_geom","properties":{"country":"United Kingdom","platformid":"f9e35c1e-1624-4f37-8412-812b46c3","current_status":"Operational","name":"CLEETON PQ","category":"PLATFORM","function":"PRODUCTION & ACCOMMODATION STEEL","operator":"PERENCO OIL & GAS","location_blocks":null,"primary_production":null,"weight_sub":null,"weight_top":null,"production_start":null,"valid_from":null,"valid_to":null,"water_depth":0.0,"coast_dist":53315.2473521,"remarks":null}},{"type":"Feature","id":"platforms.1572","geometry":{"type":"Point","coordinates":[0.96895599,57.73120146]},"geometry_name":"the_geom","properties":{"country":"United Kingdom","platformid":"9cab0e3e-ccf1-40d0-bfcb-b3902cab","current_status":"Operational","name":"FASP","category":"PLATFORM","function":"FORTIES ALPHA SUPPORT PLATFORM","operator":"APACHE CORPORATION","location_blocks":null,"primary_production":null,"weight_sub":null,"weight_top":null,"production_start":null,"valid_from":"20130630","valid_to":null,"water_depth":0.0,"coast_dist":165422.690657,"remarks":null}},{"type":"Feature","id":"platforms.1573","geometry":{"type":"Point","coordinates":[1.6103954,55.89946593]},"geometry_name":"the_geom","properties":{"country":"United Kingdom","platformid":"c224555b-b624-4287-8d8f-d2a97b96","current_status":"Operational","name":"BOOSTER PLATFORM 37/4A NORPIPE A.S","category":"PLATFORM","function":"BOOSTER PLATFORM 37/4A NORPIPE A.S","operator":"CONOCOPHILLIPS","location_blocks":null,"primary_production":null,"weight_sub":null,"weight_top":null,"production_start":null,"valid_from":null,"valid_to":null,"water_depth":0.0,"coast_dist":203905.985798,"remarks":"Asset transfer from ConocoPhillips to Chrysaor October 2019"}},{"type":"Feature","id":"platforms.1574","geometry":{"type":"Point","coordinates":[1.14926501,53.70278136]},"geometry_name":"the_geom","properties":{"country":"United Kingdom","platformid":"895c7755-6592-4338-a5cb-1d83d49a","current_status":"Operational","name":"WEST SOLE A PP","category":"PLATFORM","function":"PRODUCTION STEEL","operator":"PERENCO OIL & GAS","location_blocks":null,"primary_production":null,"weight_sub":null,"weight_top":null,"production_start":null,"valid_from":null,"valid_to":null,"water_depth":0.0,"coast_dist":67096.2544145,"remarks":null}},{"type":"Feature","id":"platforms.1575","geometry":{"type":"Point","coordinates":[-3.57822085,53.53720133]},"geometry_name":"the_geom","properties":{"country":"United Kingdom","platformid":"77587079-8a79-4a15-a420-ff8a3e0d","current_status":"Operational","name":"DOUGLAS DP","category":"PLATFORM","function":"PRODUCTION STEEL","operator":"ENI UK LIMITED","location_blocks":null,"primary_production":null,"weight_sub":null,"weight_top":null,"production_start":null,"valid_from":"19950101","valid_to":null,"water_depth":0.0,"coast_dist":24034.3207055,"remarks":null}},{"type":"Feature","id":"platforms.1576","geometry":{"type":"Point","coordinates":[2.29309168,57.16078724]},"geometry_name":"the_geom","properties":{"country":"United Kingdom","platformid":"a673c7ba-b9da-4216-ab2c-be71c552","current_status":"Operational","name":"PIERCE FPSO HAEWENE BRIM","category":"FPSO","function":"PIERCE FPSO HAEWENE BRIM","operator":"ROYAL DUTCH SHELL","location_blocks":null,"primary_production":null,"weight_sub":null,"weight_top":null,"production_start":null,"valid_from":null,"valid_to":null,"water_depth":0.0,"coast_dist":247471.393624,"remarks":null}},{"type":"Feature","id":"platforms.1577","geometry":{"type":"Point","coordinates":[-2.72470208,56.34167182]},"geometry_name":"the_geom","properties":{"country":"United Kingdom","platformid":"7c5588bc-c575-4ae3-9838-13b5e314","current_status":"Closed down","name":"ST ANDREWS BAY SAMMO - 3 DATA BUOY KFB 23/2012","category":"BUOY","function":"ST ANDREWS BAY SAMMO - 3 DATA BUOY KFB 23/2012","operator":null,"location_blocks":null,"primary_production":null,"weight_sub":null,"weight_top":null,"production_start":null,"valid_from":"20121105","valid_to":null,"water_depth":0.0,"coast_dist":1613.95255828,"remarks":null}},{"type":"Feature","id":"platforms.1578","geometry":{"type":"Point","coordinates":[-3.58211739,53.84596641]},"geometry_name":"the_geom","properties":{"country":"United Kingdom","platformid":"154ccd9d-35f5-4e5d-b22d-c4f75f89","current_status":"Operational","name":"CENTRAL PRODUCTION PLTFM CPP1","category":"PLATFORM","function":"CENTRAL PRODUCTION PLTFM CPP1","operator":"SPIRIT ENERGY","location_blocks":null,"primary_production":null,"weight_sub":null,"weight_top":null,"production_start":null,"valid_from":null,"valid_to":null,"water_depth":0.0,"coast_dist":33263.9891378,"remarks":"Asset transfer from ConocoPhillips to Chrysaor October 2019"}},{"type":"Feature","id":"platforms.1579","geometry":{"type":"Point","coordinates":[-3.58050527,53.84616673]},"geometry_name":"the_geom","properties":{"country":"United Kingdom","platformid":"8417b2aa-754a-431e-a9e9-2810a8fb","current_status":"Operational","name":"SOUTH MORECAMBE DP1","category":"PLATFORM","function":"DRILLING PLATFORM","operator":"SPIRIT ENERGY","location_blocks":null,"primary_production":null,"weight_sub":null,"weight_top":null,"production_start":null,"valid_from":null,"valid_to":null,"water_depth":0.0,"coast_dist":33170.7846034,"remarks":null}},{"type":"Feature","id":"platforms.1580","geometry":{"type":"Point","coordinates":[1.73334913,53.45824362]},"geometry_name":"the_geom","properties":{"country":"United Kingdom","platformid":"de181eef-da45-40f0-81dc-0ca6a0a2","current_status":"Operational","name":"CLIPPER PR","category":"PLATFORM","function":"CLIPPER PR","operator":"ROYAL DUTCH SHELL","location_blocks":null,"primary_production":null,"weight_sub":null,"weight_top":null,"production_start":null,"valid_from":null,"valid_to":null,"water_depth":0.0,"coast_dist":65235.7503864,"remarks":null}},{"type":"Feature","id":"platforms.1581","geometry":{"type":"Point","coordinates":[0.89863904,54.05936469]},"geometry_name":"the_geom","properties":{"country":"United Kingdom","platformid":"d15576e3-2eca-410b-9836-cf7a0a1c","current_status":"Operational","name":"RAVENSPURN SOUTH B","category":"PLATFORM","function":"WELLHEAD STEEL","operator":"PERENCO OIL & GAS","location_blocks":null,"primary_production":null,"weight_sub":null,"weight_top":null,"production_start":null,"valid_from":null,"valid_to":null,"water_depth":0.0,"coast_dist":64078.660665,"remarks":null}},{"type":"Feature","id":"platforms.1582","geometry":{"type":"Point","coordinates":[2.65500969,53.40174187]},"geometry_name":"the_geom","properties":{"country":"United Kingdom","platformid":"a67e333c-2b70-4651-855c-c1ee38fe","current_status":"Operational","name":"BRIGANTINE BG","category":"PLATFORM","function":"BRIGANTINE BG","operator":"ROYAL DUTCH SHELL","location_blocks":null,"primary_production":null,"weight_sub":null,"weight_top":null,"production_start":null,"valid_from":null,"valid_to":null,"water_depth":0.0,"coast_dist":97847.9973247,"remarks":null}},{"type":"Feature","id":"platforms.1583","geometry":{"type":"Point","coordinates":[0.75494522,57.72106749]},"geometry_name":"the_geom","properties":{"country":"United Kingdom","platformid":"06558d64-1abd-4e57-94fb-d71ea01e","current_status":"Operational","name":"FORTIES UNITY","category":"PLATFORM","function":"RISER PLATFORM","operator":"INEOS FPS LTD","location_blocks":null,"primary_production":null,"weight_sub":null,"weight_top":null,"production_start":null,"valid_from":"19930101","valid_to":null,"water_depth":0.0,"coast_dist":152637.542074,"remarks":null}},{"type":"Feature","id":"platforms.1584","geometry":{"type":"Point","coordinates":[0.78913554,53.62249839]},"geometry_name":"the_geom","properties":{"country":"United Kingdom","platformid":"8b225d07-a136-42ad-b400-210474c1","current_status":"Operational","name":"AMETHYST A2D","category":"PLATFORM","function":"WELLHEAD STEEL","operator":"PERENCO OIL & GAS","location_blocks":null,"primary_production":null,"weight_sub":null,"weight_top":null,"production_start":null,"valid_from":null,"valid_to":null,"water_depth":0.0,"coast_dist":42508.5797675,"remarks":null}},{"type":"Feature","id":"platforms.1585","geometry":{"type":"Point","coordinates":[1.28037168,58.69203558]},"geometry_name":"the_geom","properties":{"country":"United Kingdom","platformid":"a39c9536-6901-496a-8f82-786c62c7","current_status":"Operational","name":"BRAE A","category":"PLATFORM","function":"PRODUCTION DRILLING STEEL","operator":"TAQA EUROPA B.V.","location_blocks":null,"primary_production":null,"weight_sub":null,"weight_top":null,"production_start":null,"valid_from":null,"valid_to":null,"water_depth":0.0,"coast_dist":189699.324734,"remarks":null}},{"type":"Feature","id":"platforms.1586","geometry":{"type":"Point","coordinates":[-3.02128328,58.14741674]},"geometry_name":"the_geom","properties":{"country":"United Kingdom","platformid":"be516e4a-20eb-4cf8-986d-90e89868","current_status":"Decommissioned","name":"BEATRICE CSS","category":"PLATFORM","function":"PRODUCTION","operator":"REPSOL SINOPEC RESOURCES","location_blocks":null,"primary_production":null,"weight_sub":null,"weight_top":null,"production_start":null,"valid_from":null,"valid_to":null,"water_depth":0.0,"coast_dist":21165.3761705,"remarks":null}},{"type":"Feature","id":"platforms.1587","geometry":{"type":"Point","coordinates":[2.02315632,53.24703567]},"geometry_name":"the_geom","properties":{"country":"United Kingdom","platformid":"e3b68fc1-c532-461f-bd9f-9eecfc1d","current_status":"Closed down","name":"VULCAN 1","category":"PLATFORM","function":"WELLHEAD STEEL","operator":"CHRYSAOR HOLDINGS","location_blocks":null,"primary_production":null,"weight_sub":null,"weight_top":null,"production_start":null,"valid_from":"19870101","valid_to":null,"water_depth":0.0,"coast_dist":56707.9903371,"remarks":"Change in status from ACTIVE to NOT IN USE."}},{"type":"Feature","id":"platforms.1588","geometry":{"type":"Point","coordinates":[1.10083572,54.03063116]},"geometry_name":"the_geom","properties":{"country":"United Kingdom","platformid":"0c713031-46f2-4238-b262-fdebe6b7","current_status":"Operational","name":"RAVENSPURN NORTH CC","category":"PLATFORM","function":"PRODUCTION & ACCOMMODATION CONCRETE GRAVITY BASED","operator":"PERENCO OIL & GAS","location_blocks":null,"primary_production":null,"weight_sub":null,"weight_top":null,"production_start":null,"valid_from":null,"valid_to":null,"water_depth":0.0,"coast_dist":76652.9858471,"remarks":null}},{"type":"Feature","id":"platforms.1589","geometry":{"type":"Point","coordinates":[-1.26821185,60.46115765]},"geometry_name":"the_geom","properties":{"country":"United Kingdom","platformid":"f36a9b11-b0c1-44b0-9ec5-aba59c04","current_status":"Operational","name":"SULLOM VOE OIL TERMINAL","category":"TERMINAL","function":"SULLOM VOE OIL TERMINAL","operator":null,"location_blocks":null,"primary_production":null,"weight_sub":null,"weight_top":null,"production_start":null,"valid_from":null,"valid_to":null,"water_depth":0.0,"coast_dist":576.302089088,"remarks":null}},{"type":"Feature","id":"platforms.1590","geometry":{"type":"Point","coordinates":[2.85003219,53.19999756]},"geometry_name":"the_geom","properties":{"country":"United Kingdom","platformid":"c9aaf2f9-1224-4c91-83df-04a8a78f","current_status":"Operational","name":"SURFACE MOORING BUOY 1","category":"OTHER SURFACE","function":"MOORING BUOY 1 LOCATED BETWEEN ROMEO AND PAP PLATFORMS","operator":"ONE-DYAS","location_blocks":null,"primary_production":null,"weight_sub":null,"weight_top":null,"production_start":null,"valid_from":"20170314","valid_to":null,"water_depth":0.0,"coast_dist":93800.3817886,"remarks":null}},{"type":"Feature","id":"platforms.1591","geometry":{"type":"Point","coordinates":[0.7131319,56.77012305]},"geometry_name":"the_geom","properties":{"country":"United Kingdom","platformid":"d88d85c1-070c-462d-948d-17367be3","current_status":"Operational","name":"CATCHER","category":"FPSO","function":"BW CATCHER","operator":"HARBOUR ENERGY PLC","location_blocks":null,"primary_production":null,"weight_sub":null,"weight_top":null,"production_start":null,"valid_from":"20171019","valid_to":null,"water_depth":0.0,"coast_dist":169652.496207,"remarks":null}},{"type":"Feature","id":"platforms.1592","geometry":{"type":"Point","coordinates":[1.53342592,59.54582006]},"geometry_name":"the_geom","properties":{"country":"United Kingdom","platformid":"ee04614a-d911-4e71-a0b5-aad84830","current_status":"Operational","name":"BERYL FLARE","category":"PLATFORM","function":"FLARE BRIDGE/VERTICAL STACK","operator":"APACHE CORPORATION","location_blocks":null,"primary_production":null,"weight_sub":null,"weight_top":null,"production_start":null,"valid_from":null,"valid_to":null,"water_depth":0.0,"coast_dist":156873.858463,"remarks":null}},{"type":"Feature","id":"platforms.1593","geometry":{"type":"Point","coordinates":[2.79089713,53.57879824]},"geometry_name":"the_geom","properties":{"country":"United Kingdom","platformid":"82d4d1ba-1800-4864-8ffc-f8a9cc58","current_status":"Operational","name":"CARRACK QA","category":"PLATFORM","function":"CARRACK QA","operator":"ROYAL DUTCH SHELL","location_blocks":null,"primary_production":null,"weight_sub":null,"weight_top":null,"production_start":null,"valid_from":null,"valid_to":null,"water_depth":0.0,"coast_dist":118115.296459,"remarks":"Convergence 2.25\u00ba Grid less than True"}},{"type":"Feature","id":"platforms.1594","geometry":{"type":"Point","coordinates":[2.12918465,53.09006796]},"geometry_name":"the_geom","properties":{"country":"United Kingdom","platformid":"35580d45-e655-42ad-be51-103dd1ed","current_status":"Operational","name":"LEMAN AK","category":"PLATFORM","function":"LEMAN AK","operator":"ROYAL DUTCH SHELL","location_blocks":null,"primary_production":null,"weight_sub":null,"weight_top":null,"production_start":null,"valid_from":"19750201","valid_to":null,"water_depth":0.0,"coast_dist":48518.5073892,"remarks":"Convergence 1.703\u00ba True more than Grid"}},{"type":"Feature","id":"platforms.1595","geometry":{"type":"Point","coordinates":[0.4750495,53.05699908]},"geometry_name":"the_geom","properties":{"country":"United Kingdom","platformid":"9b4964f5-a8b1-4dd1-996c-dc06d9ee","current_status":"Operational","name":"OCEANOGRAPHIC BUOY: KFB 11/2012 UNTIL APR2016","category":"BUOY","function":"OCEANOGRAPHIC BUOY: KFB 11/2012 UNTIL APR2016","operator":"CEFAS","location_blocks":null,"primary_production":null,"weight_sub":null,"weight_top":null,"production_start":null,"valid_from":"20120101","valid_to":null,"water_depth":0.0,"coast_dist":9985.57630697,"remarks":"Recording oceanographic equipment- 1Jan 2012 to 1 Apr 2016 - yellow coloured Waverider buoy. The buoy is equipped with a yellow light exhibiting the sequence FI Y (5) 20s"}},{"type":"Feature","id":"platforms.1596","geometry":{"type":"Point","coordinates":[-3.75183902,60.96911814]},"geometry_name":"the_geom","properties":{"country":"United Kingdom","platformid":"02f30edf-32c2-4ebc-8b77-656d175b","current_status":"Operational","name":"MET OCEAN BUOY MARINE GROWTH BUOY","category":"MONITOR BUOY","function":"MARINE GROWTH BUOY","operator":"EQUINOR ASA","location_blocks":null,"primary_production":null,"weight_sub":null,"weight_top":null,"production_start":null,"valid_from":null,"valid_to":null,"water_depth":0.0,"coast_dist":124549.435423,"remarks":null}},{"type":"Feature","id":"platforms.1597","geometry":{"type":"Point","coordinates":[1.45734175,52.85701162]},"geometry_name":"the_geom","properties":{"country":"United Kingdom","platformid":"2ba7f971-57fe-4e46-b46a-fe4f2ca1","current_status":"Operational","name":"BACTON GAS TERMINAL","category":"TERMINAL","function":"BACTON GAS TERMINAL","operator":null,"location_blocks":null,"primary_production":null,"weight_sub":null,"weight_top":null,"production_start":null,"valid_from":null,"valid_to":null,"water_depth":0.0,"coast_dist":696.83797554,"remarks":null}},{"type":"Feature","id":"platforms.1598","geometry":{"type":"Point","coordinates":[2.69680533,53.44197648]},"geometry_name":"the_geom","properties":{"country":"United Kingdom","platformid":"8ae677f9-d558-41b6-b7f9-39f79067","current_status":"Operational","name":"BRIGANTINE BR","category":"PLATFORM","function":"BRIGANTINE BR","operator":"ROYAL DUTCH SHELL","location_blocks":null,"primary_production":null,"weight_sub":null,"weight_top":null,"production_start":null,"valid_from":null,"valid_to":null,"water_depth":0.0,"coast_dist":102938.498953,"remarks":null}},{"type":"Feature","id":"platforms.1599","geometry":{"type":"Point","coordinates":[-0.97422433,57.814326]},"geometry_name":"the_geom","properties":{"country":"United Kingdom","platformid":"7d86595c-5598-4a31-8c1a-0975b8ae","current_status":"Operational","name":"WELLHEAD (W)","category":"PLATFORM","function":"WELLHEAD (W) PLATFORM","operator":"CNOOC INTERNATIONAL","location_blocks":null,"primary_production":null,"weight_sub":null,"weight_top":null,"production_start":null,"valid_from":"20050620","valid_to":null,"water_depth":0.0,"coast_dist":55361.5628758,"remarks":"Height of topsides module above LAT-61m (top of crane A-Frame). Max height of topsides module above LAT with the crane boom raised -88m (when crane boom installed)."}},{"type":"Feature","id":"platforms.1600","geometry":{"type":"Point","coordinates":[1.30562077,61.61961565]},"geometry_name":"the_geom","properties":{"country":"United Kingdom","platformid":"8eb2d157-e549-48e4-9296-2b057ee6","current_status":"Operational","name":"MAGNUS","category":"PLATFORM","function":"PRODUCTION & DRILLING STEEL","operator":"ENQUEST PLC","location_blocks":null,"primary_production":null,"weight_sub":null,"weight_top":null,"production_start":null,"valid_from":null,"valid_to":null,"water_depth":0.0,"coast_dist":141852.042754,"remarks":null}},{"type":"Feature","id":"platforms.1601","geometry":{"type":"Point","coordinates":[2.29386964,53.58807773]},"geometry_name":"the_geom","properties":{"country":"United Kingdom","platformid":"2f986518-a867-4a08-b9ee-34672007","current_status":"Operational","name":"WENLOCK NUI","category":"PLATFORM","function":"WENLOCK","operator":"ALPHA PETROLEUM UK HOLDINGS","location_blocks":null,"primary_production":null,"weight_sub":null,"weight_top":null,"production_start":null,"valid_from":"20061023","valid_to":null,"water_depth":0.0,"coast_dist":97321.7038135,"remarks":"ODE AM appointed Installation Operator Oct. 2021; Alpha is the Licence Operator"}},{"type":"Feature","id":"platforms.1602","geometry":{"type":"Point","coordinates":[2.0764245,54.05903034]},"geometry_name":"the_geom","properties":{"country":"United Kingdom","platformid":"aea1c605-a9c9-4e06-9413-4be6e826","current_status":"Closed down","name":"SCHOONER A","category":"PLATFORM","function":"WELLHEAD STEEL","operator":"DNO NORTH SEA","location_blocks":null,"primary_production":null,"weight_sub":null,"weight_top":null,"production_start":null,"valid_from":null,"valid_to":null,"water_depth":0.0,"coast_dist":135486.328858,"remarks":"Shut-in awaiting removal"}},{"type":"Feature","id":"platforms.1603","geometry":{"type":"Point","coordinates":[1.6517071,53.36759541]},"geometry_name":"the_geom","properties":{"country":"United Kingdom","platformid":"7922680b-d430-4d6b-a433-c257ed33","current_status":"Operational","name":"ANGLIA A","category":"PLATFORM","function":"WELLHEAD FIXED STEEL","operator":"ITHACA ENERGY","location_blocks":null,"primary_production":null,"weight_sub":null,"weight_top":null,"production_start":null,"valid_from":null,"valid_to":null,"water_depth":0.0,"coast_dist":53796.9289758,"remarks":null}},{"type":"Feature","id":"platforms.1604","geometry":{"type":"Point","coordinates":[-4.3763985,50.04238508]},"geometry_name":"the_geom","properties":{"country":"United Kingdom","platformid":"2ad86689-638a-4425-9cd5-2be66354","current_status":"Operational","name":"ENGLISH CHANNEL SCIENTIFIC MONITORING BUOYS E1","category":"BUOY","function":"ENGLISH CHANNEL SCIENTIFIC MONITORING BUOYS E1- BUOYS ARE 3.1M IN DIAMETER AND HAVE A 4M TALL TOWER","operator":null,"location_blocks":null,"primary_production":null,"weight_sub":null,"weight_top":null,"production_start":null,"valid_from":"20110719","valid_to":null,"water_depth":0.0,"coast_dist":31828.1526797,"remarks":"EACH BUOY HAS TWO MOORING CHAINS EXTENDING 150M TO THE EAST AND WEST FIXED TO CLUMP WEIGHTS. -ADVISORY SAFETY ZONE OF 300M REQUESTED"}},{"type":"Feature","id":"platforms.1605","geometry":{"type":"Point","coordinates":[2.25537038,53.02571259]},"geometry_name":"the_geom","properties":{"country":"United Kingdom","platformid":"c1a6bca7-86c4-43f3-a23c-04c0e4f5","current_status":"Operational","name":"LEMAN CD (PERENCO)","category":"PLATFORM","function":"DRILLING & ACCOMMODATION STEEL","operator":"PERENCO OIL & GAS","location_blocks":null,"primary_production":null,"weight_sub":null,"weight_top":null,"production_start":null,"valid_from":null,"valid_to":null,"water_depth":0.0,"coast_dist":50132.2122086,"remarks":null}},{"type":"Feature","id":"platforms.1606","geometry":{"type":"Point","coordinates":[1.0712833,61.10211343]},"geometry_name":"the_geom","properties":{"country":"United Kingdom","platformid":"65455a40-1085-47cc-b0b1-c320e56b","current_status":"Operational","name":"CORMORANT A","category":"PLATFORM","function":"PRODUCTION & DRILLING CONCRETE","operator":"TAQA EUROPA B.V.","location_blocks":null,"primary_production":null,"weight_sub":null,"weight_top":null,"production_start":null,"valid_from":null,"valid_to":null,"water_depth":0.0,"coast_dist":104164.619989,"remarks":null}},{"type":"Feature","id":"platforms.1607","geometry":{"type":"Point","coordinates":[-3.57949422,53.53723473]},"geometry_name":"the_geom","properties":{"country":"United Kingdom","platformid":"23ba3205-8730-4093-bb18-80049dab","current_status":"Operational","name":"DOUGLAS DA","category":"PLATFORM","function":"ACCOMMODATION JACKUP","operator":"ENI UK LIMITED","location_blocks":null,"primary_production":null,"weight_sub":null,"weight_top":null,"production_start":null,"valid_from":"19950101","valid_to":null,"water_depth":0.0,"coast_dist":24060.6375898,"remarks":null}},{"type":"Feature","id":"platforms.1608","geometry":{"type":"Point","coordinates":[2.77113444,53.83146443]},"geometry_name":"the_geom","properties":{"country":"United Kingdom","platformid":"ef65f11a-caf5-4313-a2fb-74b7d075","current_status":"Operational","name":"WINDERMERE PLATFORM","category":"PLATFORM","function":"WINDERMERE PLATFORM","operator":"INEOS INDUSTRIES","location_blocks":null,"primary_production":null,"weight_sub":null,"weight_top":null,"production_start":null,"valid_from":"19961231","valid_to":null,"water_depth":0.0,"coast_dist":138222.23118,"remarks":null}},{"type":"Feature","id":"platforms.1609","geometry":{"type":"Point","coordinates":[0.97122858,57.73130787]},"geometry_name":"the_geom","properties":{"country":"United Kingdom","platformid":"2738d5cb-d683-48ae-8ef3-b2a13350","current_status":"Operational","name":"FORTIES ALPHA","category":"PLATFORM","function":"FORTIES ALPHA","operator":"APACHE CORPORATION","location_blocks":null,"primary_production":null,"weight_sub":null,"weight_top":null,"production_start":null,"valid_from":"19740731","valid_to":null,"water_depth":0.0,"coast_dist":165558.438019,"remarks":null}},{"type":"Feature","id":"platforms.1610","geometry":{"type":"Point","coordinates":[1.38166552,57.37429885]},"geometry_name":"the_geom","properties":{"country":"United Kingdom","platformid":"00c161ff-1e3c-49ea-ba4c-2f9044d2","current_status":"Operational","name":"ARBROATH","category":"PLATFORM","function":"WELLHEAD ACCOMMODATION","operator":"REPSOL SINOPEC RESOURCES","location_blocks":null,"primary_production":null,"weight_sub":null,"weight_top":null,"production_start":null,"valid_from":null,"valid_to":null,"water_depth":0.0,"coast_dist":189658.397049,"remarks":null}},{"type":"Feature","id":"platforms.1611","geometry":{"type":"Point","coordinates":[2.06022909,59.87474189]},"geometry_name":"the_geom","properties":{"country":"United Kingdom","platformid":"d9d3f723-9eb8-4e98-8115-0cc79587","current_status":"Decommissioned","name":"FRIGG CDP1","category":"PLATFORM","function":"FRIGG CDP1","operator":"TOTALENERGIES UPSTREAM UK LIMITED","location_blocks":null,"primary_production":null,"weight_sub":null,"weight_top":null,"production_start":null,"valid_from":"19750901","valid_to":null,"water_depth":0.0,"coast_dist":165096.266316,"remarks":null}},{"type":"Feature","id":"platforms.1612","geometry":{"type":"Point","coordinates":[1.30795903,57.00743504]},"geometry_name":"the_geom","properties":{"country":"United Kingdom","platformid":"6a35acf8-2de0-4852-9d31-f68686a0","current_status":"Operational","name":"MARKER BUOY","category":"BUOY","function":"BANFF SPECIAL MARKER BUOY","operator":"CNR INTERNATIONAL","location_blocks":null,"primary_production":null,"weight_sub":null,"weight_top":null,"production_start":null,"valid_from":null,"valid_to":null,"water_depth":0.0,"coast_dist":193325.113221,"remarks":null}},{"type":"Feature","id":"platforms.1613","geometry":{"type":"Point","coordinates":[0.44051973,53.83307703]},"geometry_name":"the_geom","properties":{"country":"United Kingdom","platformid":"768a37e5-82e8-4284-998a-c51da57d","current_status":"Operational","name":"ROUGH BD","category":"PLATFORM","function":"ROUGH BD PRODUCTION (WINTER), INJECTION(SUMMER)","operator":"CENTRICA STORAGE HOLDINGS","location_blocks":null,"primary_production":null,"weight_sub":null,"weight_top":null,"production_start":null,"valid_from":"19840101","valid_to":null,"water_depth":0.0,"coast_dist":28411.4119902,"remarks":"Rough BD, BP and CD, three platforms linked by two footbridges"}},{"type":"Feature","id":"platforms.1614","geometry":{"type":"Point","coordinates":[-0.60806834,54.50516645]},"geometry_name":"the_geom","properties":{"country":"United Kingdom","platformid":"d255e098-0195-419f-87b9-283e268c","current_status":"Operational","name":"WHITBY WAVERIDER BUOY KFB02/2013 AREA3","category":"BUOY","function":"WHITBY WAVERIDER BUOY KFB02/2013 AREA3","operator":"FUGRO","location_blocks":null,"primary_production":null,"weight_sub":null,"weight_top":null,"production_start":null,"valid_from":"20130114","valid_to":null,"water_depth":0.0,"coast_dist":1399.43054411,"remarks":null}},{"type":"Feature","id":"platforms.1615","geometry":{"type":"Point","coordinates":[2.31363443,53.04003267]},"geometry_name":"the_geom","properties":{"country":"United Kingdom","platformid":"4fa47bbd-ae28-46f7-a4e5-8cc73593","current_status":"Operational","name":"LEMAN FD","category":"PLATFORM","function":"DRILLING & ACCOMMODATION STEEL","operator":"PERENCO OIL & GAS","location_blocks":null,"primary_production":null,"weight_sub":null,"weight_top":null,"production_start":null,"valid_from":null,"valid_to":null,"water_depth":0.0,"coast_dist":54214.3781584,"remarks":null}},{"type":"Feature","id":"platforms.1616","geometry":{"type":"Point","coordinates":[1.91143173,57.19244902]},"geometry_name":"the_geom","properties":{"country":"United Kingdom","platformid":"62ea6ed5-1b21-4c5a-8ee9-a38614d8","current_status":"Operational","name":"CULZEAN WHP JACKET","category":"PLATFORM","function":"CULZEAN CZW PLAFORM - WELLHEAD JACKET","operator":"TOTALENERGIES UPSTREAM UK LIMITED","location_blocks":null,"primary_production":null,"weight_sub":null,"weight_top":null,"production_start":null,"valid_from":"20160413","valid_to":null,"water_depth":0.0,"coast_dist":224139.42635,"remarks":null}},{"type":"Feature","id":"platforms.1617","geometry":{"type":"Point","coordinates":[-5.75416649,54.85223943]},"geometry_name":"the_geom","properties":{"country":"United Kingdom","platformid":"84dae1e8-4251-4e5d-ae03-93015d00","current_status":"Operational","name":"ISLAND MAGEE","category":"TERMINAL","function":"ISLAND MAGEE","operator":null,"location_blocks":null,"primary_production":null,"weight_sub":null,"weight_top":null,"production_start":null,"valid_from":null,"valid_to":null,"water_depth":0.0,"coast_dist":422.893345925,"remarks":null}}],"numberReturned":398,"timeStamp":"2026-10-07T14:03:06.137Z","crs":{"type":"name","properties":{"name":"urn:ogc:def:crs:EPSG::4326"}},"helmlore_source":{"provider":"EMODnet Human Activities","metadata":"https://emodnet.ec.europa.eu/geonetwork/srv/api/records/ddbe3597-4e3f-4e74-8d31-947c4efef2e9","retrieved":"2026-10-07","query_bounds":[-20,48,10,63],"scope":"UK and Ireland surrounding seas study extent, including neighbouring countries. Features intersect extent; not clipped or country filtered. Not a complete hazard inventory.","changes":"Spatial query subset; geometry unchanged. Country filtered to UK and Ireland (UK fibre cables layer retained as supplied).","licence":"CC BY 4.0"}}