{"type":"FeatureCollection","features":[{"geometry":{"type":"Polygon","coordinates":[[[1.7598410997388203,52.473443900067146],[1.7597478007134124,52.473283899790694],[1.7598892997437146,52.473190100594145],[1.7599856997534697,52.4732139997941],[1.759952600428517,52.4733354003724],[1.7598410997388203,52.473443900067146]]]},"id":2,"type":"Feature","properties":{"fid":2,"objnam":" ","globalid":"{5E0495A2-EA1C-4796-87DD-0A3C1DD5205A}","SHAPE__Length":111.77897620587943,"SHAPE__Area":681.0534807}},{"geometry":{"type":"Polygon","coordinates":[[[-3.6516182997538817,51.460290000277816],[-3.651662900209406,51.460308099902164],[-3.6517380999784614,51.46030920027495],[-3.651841000197647,51.460299999904166],[-3.652225400087512,51.46014289984519],[-3.6524773999825753,51.45992219989272],[-3.6524896997154337,51.459887499784365],[-3.6524747005451306,51.45985479948227],[-3.6519504994408774,51.45945889974959],[-3.6518688003607216,51.459464900418524],[-3.6518015003762745,51.45951489999211],[-3.651559999990254,51.46018449977626],[-3.65157729974599,51.46025840007836],[-3.6516182997538817,51.460290000277816]]]},"id":4,"type":"Feature","properties":{"fid":4,"objnam":"MALLENY (OR MALLENEY)","globalid":"{D72A191D-714D-49D1-A29B-9BF56A62CC0D}","SHAPE__Length":393.597717686767,"SHAPE__Area":9378.103400035}},{"geometry":{"type":"Polygon","coordinates":[[[1.3292531994670207,51.11291559984336],[1.3292471996192399,51.112935300346614],[1.3291690003754428,51.11302429961853],[1.3291139004108765,51.11305929946264],[1.329108099989085,51.11306450020421],[1.32907409965391,51.11308859944713],[1.329035699370452,51.11312079980128],[1.3289803999798633,51.1131422997766],[1.3288943997661387,51.11314830018758],[1.3288486997726998,51.11313840063689],[1.3286809995805227,51.11314590002328],[1.3284303004459568,51.113108099674804],[1.3280642998497416,51.113055599954116],[1.3278619004330812,51.113001299480935],[1.3277622000129568,51.11293130024226],[1.327731599801129,51.11283649997957],[1.3276830997589375,51.112668599834244],[1.3276942999539154,51.11254869962781],[1.3276493006463794,51.11247509996881],[1.327540500292424,51.11246930023895],[1.3274627996136164,51.112545300102845],[1.3274053999618802,51.11262599984073],[1.3273400996272722,51.112736499872426],[1.3272667000820335,51.1128813003183],[1.3271562001155701,51.112922600169156],[1.3270877996948787,51.11293019997381],[1.3269586003974678,51.11292410027907],[1.3268093003972379,51.112909100305245],[1.3267566995457631,51.11285679999746],[1.3267812999098436,51.112741400063186],[1.3268654998997182,51.11248530025039],[1.3270595000684842,51.112205100455085],[1.3271762002070477,51.11199239967838],[1.3271818003045197,51.11196900030553],[1.3271712998971812,51.11195959960935],[1.327179900367692,51.11182559958075],[1.3272692998064668,51.11170229985595],[1.3274013000509275,51.111619199953225],[1.3275290000601492,51.111557600049714],[1.327643999687874,51.11153070047078],[1.3277356997120817,51.111556799779464],[1.3277916000755954,51.11155090011206],[1.3278862995745118,51.11156939994607],[1.3279382006383809,51.11164310030569],[1.328008899847878,51.11175989992476],[1.3280775994075362,51.11193239967202],[1.3281745994919192,51.11207530039557],[1.3282593995564214,51.11217940023238],[1.3284289996854264,51.11238759976655],[1.3284736998539624,51.11246980046851],[1.3285060993913094,51.11248659960603],[1.3285501994852509,51.11249049992862],[1.3286772006051641,51.11252149947325],[1.3288044002527695,51.11256370028261],[1.328925600052594,51.11259629971875],[1.3289907997759272,51.11262630042861],[1.329009099356566,51.11263239959868],[1.3290410003289241,51.11264929962492],[1.3290796997513823,51.11266709971597],[1.3290936002820684,51.11267720013529],[1.3291403001004432,51.11270200001084],[1.3292878007751536,51.112807799880706],[1.3292870003762398,51.11288490058534],[1.3292531994670207,51.11291559984336]]]},"id":13,"type":"Feature","properties":{"fid":13,"objnam":"HMS WAR SEPOY","globalid":"{8E5D7CAD-7BA4-4F19-B42F-68C972BE595E}","SHAPE__Length":1035.8990455152948,"SHAPE__Area":40088.253200755}},{"geometry":{"type":"Polygon","coordinates":[[[1.3809499999014523,51.39271670022502],[1.381299999705801,51.392649999930995],[1.3808667000234696,51.39408329971025],[1.381299999705801,51.39411669955098],[1.3809833004490217,51.39511669982396],[1.379749999802207,51.39499999956604],[1.3800500002761753,51.39398329958477],[1.3804666999903763,51.39401669949854],[1.3809499999014523,51.39271670022502]]]},"id":14,"type":"Feature","properties":{"fid":14,"objnam":" ","globalid":"{4AB6CD74-6A49-4D6B-8929-09828677D901}","SHAPE__Length":1139.5682897111449,"SHAPE__Area":35792.668623615}},{"geometry":{"type":"Polygon","coordinates":[[[0.7157333000018985,51.390083299647024],[0.7156500001239154,51.390100000470035],[0.7155332999853521,51.39006670027973],[0.7154333004262273,51.389949999472115],[0.715450000107369,51.389899999964456],[0.7154832997566412,51.38986669962863],[0.7156166995763128,51.38978330041335],[0.7157500005813373,51.38979999966414],[0.7158833006880312,51.38985000040218],[0.7159167000503146,51.389899999964456],[0.7159167000503146,51.389966699783166],[0.7158332995609898,51.39004999944459],[0.7157333000018985,51.390083299647024]]]},"id":15,"type":"Feature","properties":{"fid":15,"objnam":" ","globalid":"{1ABD4386-7361-4664-A797-F3D66EDA5A69}","SHAPE__Length":168.91657846616323,"SHAPE__Area":2170.835515705}},{"geometry":{"type":"Polygon","coordinates":[[[-3.0925500004245556,58.930283300447165],[-3.085699999633465,58.915049999948394],[-3.0750667000058267,58.91631669961464],[-3.0810666996037237,58.928833300101644],[-3.0925500004245556,58.930283300447165]]]},"id":41,"type":"Feature","properties":{"fid":41,"objnam":" ","globalid":"{CB01A22E-B597-49EC-9E45-0EDA342ECF9E}","SHAPE__Length":8683.934527029425,"SHAPE__Area":3669216.82418855}},{"geometry":{"type":"Polygon","coordinates":[[[-5.0565499993646466,50.154500000306385],[-5.05701670020589,50.15473329998354],[-5.059816699539144,50.15461670007379],[-5.059816699539144,50.15445000009348],[-5.057133299733144,50.15454999989142],[-5.056516700613705,50.154249999870174],[-5.0565499993646466,50.154500000306385]]]},"id":105,"type":"Feature","properties":{"fid":105,"objnam":" ","globalid":"{78AB7EAC-0F1B-4881-BC49-CFC2DFA2A75B}","SHAPE__Length":836.2086946544673,"SHAPE__Area":11641.98509517}},{"geometry":{"type":"Polygon","coordinates":[[[-3.574850000338354,50.39241669990027],[-3.575166700493464,50.392483300202585],[-3.575549999947085,50.3924500000631],[-3.575683300053779,50.3923499998546],[-3.575666700085648,50.392216699704605],[-3.57533330024943,50.392050000254436],[-3.57504999945657,50.3921000001287],[-3.574800000109643,50.392216699704605],[-3.574850000338354,50.39241669990027]]]},"id":106,"type":"Feature","properties":{"fid":106,"objnam":" ","globalid":"{BC1CEE17-0AC4-4249-92D2-5BE78203E2E3}","SHAPE__Length":276.1952019750108,"SHAPE__Area":5453.022278755}},{"geometry":{"type":"Polygon","coordinates":[[[-4.170916700133288,50.329083299896226],[-4.171033299660544,50.328916699714426],[-4.170749999766014,50.328250000101086],[-4.170499999520756,50.32816670005613],[-4.170416700541104,50.32833329942654],[-4.170666699888032,50.3290000001651],[-4.170916700133288,50.329083299896226]]]},"id":107,"type":"Feature","properties":{"fid":107,"objnam":"HMS KINGSTON ALALITE (PROBABLY)","globalid":"{B36EB974-B4FA-43DF-A723-C64F539A09E1}","SHAPE__Length":365.10009393679894,"SHAPE__Area":5930.21873225}},{"geometry":{"type":"Polygon","coordinates":[[[-3.488383299570972,50.54993329956969],[-3.488333300240558,50.548316700266874],[-3.486216699649608,50.54835000040516],[-3.4862667007766155,50.54996669959679],[-3.488383299570972,50.54993329956969]]]},"id":108,"type":"Feature","properties":{"fid":108,"objnam":" ","globalid":"{C4FEAB7E-9C72-473D-A3A8-4708417FE2F2}","SHAPE__Length":1037.938132934292,"SHAPE__Area":66765.21892512}},{"geometry":{"type":"Polygon","coordinates":[[[-2.5248499997359266,49.45793330016332],[-2.5249333005122065,49.4580167000252],[-2.525083300300042,49.45808330011125],[-2.525466699466674,49.458149999955026],[-2.525966699957189,49.458133299602586],[-2.5263167006598684,49.45803329940105],[-2.5263332997297017,49.45793330016332],[-2.5263167006598684,49.45783330013761],[-2.5261832999418656,49.45763330005798],[-2.525966699957189,49.45745000033706],[-2.5259832999253193,49.457366699360634],[-2.5261166997450246,49.457299999618584],[-2.5266000005543976,49.45720000063636],[-2.52634999941081,49.45700000030797],[-2.525966699957189,49.45694999966037],[-2.5257333005783926,49.45700000030797],[-2.5252999999977304,49.45720000063636],[-2.5250283000484535,49.45743629990858],[-2.5248999999646373,49.457650000580806],[-2.5248499997359266,49.45793330016332]]]},"id":109,"type":"Feature","properties":{"fid":109,"objnam":"BEAUPORT","globalid":"{A07AA442-455D-4035-A2BA-E20E0AD380D7}","SHAPE__Length":693.4827456820422,"SHAPE__Area":25294.325015325}},{"geometry":{"type":"Polygon","coordinates":[[[-2.3443874998013365,50.61631109996136],[-2.3444024001569588,50.61630790003466],[-2.3444171999012395,50.61630509967113],[-2.3444321999698725,50.6163026002625],[-2.3444470994271644,50.61630039952878],[-2.3444621003940944,50.61629860006838],[-2.3444772001757057,50.61629709985301],[-2.344492200244339,50.616296000341],[-2.3445074006372586,50.6162952998225],[-2.344522499520539,50.61629490025903],[-2.3445376999134586,50.616294799940675],[-2.344552199620475,50.6162952998225],[-2.3445665996144807,50.61629659997118],[-2.3445808998954747,50.61629839943168],[-2.3445952001765025,50.616300499847135],[-2.344609500457497,50.61630290007753],[-2.344623800738491,50.6163053003078],[-2.3446379995098803,50.616307599649666],[-2.3446523995038855,50.61630949999802],[-2.3446666997849137,50.616310900464676],[-2.344681199491897,50.61631169959134],[-2.344703500168841,50.61631190022799],[-2.3447255996231355,50.61631130059801],[-2.3447476999757604,50.61631009962802],[-2.3447698003283852,50.61630819927969],[-2.3447917003566907,50.616305700441195],[-2.3448135994866655,50.61630270001084],[-2.3448354995150047,50.61629920026853],[-2.3448571992189904,50.6162952998225],[-2.3448790004326154,50.616290999812655],[-2.344900700136635,50.616286399987246],[-2.3449153004549266,50.61628299942213],[-2.344929800161943,50.61627919986312],[-2.3449442001559486,50.61627519966705],[-2.3449585004369426,50.61627090022532],[-2.34497279981964,50.61626649989483],[-2.344987100100668,50.61626199981548],[-2.3450012997703538,50.61625739941727],[-2.3450156000513482,50.61625290047703],[-2.345029900332376,50.61624850014484],[-2.345044199715073,50.616244200130716],[-2.345061900119415,50.61623910041833],[-2.3450797002367674,50.616234099883904],[-2.345097400641142,50.616229099918925],[-2.3451151998601647,50.61622420027193],[-2.3451329999775172,50.61621930005443],[-2.3451506994835616,50.61621430065788],[-2.345168499600914,50.61620930012081],[-2.345186200005289,50.616204100086094],[-2.3452038995113336,50.6161988994808],[-2.3452214993043667,50.616193499947755],[-2.345236799410298,50.616188800364256],[-2.345252200127503,50.61618410021025],[-2.3452675002334336,50.61617950037442],[-2.3452828003393638,50.6161748002195],[-2.345298100445261,50.61616999974551],[-2.3453133996528948,50.61616510009236],[-2.3453285003328026,50.616160000371366],[-2.3453436001144135,50.616154599693886],[-2.345358600183047,50.61614889976974],[-2.3453735005386354,50.61614289945885],[-2.3453901005068,50.61613560013404],[-2.345406599863622,50.616127900103265],[-2.345422800081444,50.61611979993623],[-2.34543879997498,50.6161113002028],[-2.3454547998684827,50.61610270014907],[-2.34547060033603,50.61609390002619],[-2.3454864008035434,50.616085000152864],[-2.3455021994744634,50.616076099707804],[-2.345517999941977,50.61606720040112],[-2.3455339001225353,50.61605840027155],[-2.345547500615924,50.616050999474766],[-2.3455611999239934,50.61604370013573],[-2.345574800417416,50.61603630047661],[-2.3455885006238155,50.61602899942527],[-2.3456021002189074,50.61602159976387],[-2.3456157007122957,50.61601400003335],[-2.3456291996960794,50.61600639973164],[-2.345642599865149,50.61599859993069],[-2.3456558006082626,50.6159906006304],[-2.3456689995547153,50.615982400120735],[-2.345681400797212,50.61597480038388],[-2.3456940993820816,50.615967600212066],[-2.345706899476557,50.61596050035822],[-2.345719599858054,50.615953300184216],[-2.34573220052654,50.61594589937089],[-2.34574439964809,50.6159379998108],[-2.345756199917662,50.61592950061452],[-2.3457673003996287,50.61592009968426],[-2.3457777001956925,50.61590970012028],[-2.345787199879798,50.61589799982433],[-2.345793599477887,50.61588789950317],[-2.345798700112073,50.61587720011433],[-2.345802800023026,50.615866199765186],[-2.3458061004333954,50.615854900165616],[-2.3458092005194455,50.615843500244],[-2.345812099382845,50.61583200057028],[-2.3458153000802033,50.61582069982251],[-2.3458190002408816,50.61580950053139],[-2.3458236005134507,50.615798700235295],[-2.345829400036912,50.61578829950446],[-2.345838400257765,50.61577599954151],[-2.3458485997294756,50.61576510005825],[-2.345859700211442,50.61575510059803],[-2.345871399869706,50.61574580052245],[-2.3458834992782784,50.615736800263704],[-2.345895599585148,50.615728000072366],[-2.345907499567731,50.6157189000606],[-2.3459188991886646,50.6157091998394],[-2.3459295999203227,50.615698700479165],[-2.3459391005027923,50.615687000130734],[-2.3459470002874,50.61567520002972],[-2.345954099673095,50.61566309953659],[-2.3459604992711505,50.61565069979113],[-2.345966300591272,50.61563799965317],[-2.3459717991791393,50.61562509944218],[-2.345977100137611,50.6156121997976],[-2.3459821998735007,50.615599100079876],[-2.3459873005076526,50.61558609953834],[-2.3459925996695308,50.61557310013319],[-2.3459981997670027,50.61556030022432],[-2.3460017005016582,50.615552799599236],[-2.346005399764006,50.61554530011294],[-2.3460091996376615,50.61553789980543],[-2.3460130004096476,50.615530500066775],[-2.346016699671961,50.6155229994369],[-2.346020300119628,50.615515500515855],[-2.346023700242975,50.61550790013359],[-2.346026800329025,50.61550020000003],[-2.346029599479447,50.61549230036508],[-2.346031999777892,50.6154842998387],[-2.3460350001509305,50.61547080051486],[-2.34603679947645,50.61545729947712],[-2.346037599875364,50.61544380014555],[-2.346037700486672,50.61543030024008],[-2.3460372001250556,50.61541679976072],[-2.346036300013164,50.6154032998475],[-2.346035099863942,50.61538979993041],[-2.3460339006130164,50.61537629943943],[-2.3460327992785084,50.615362800084604],[-2.346031999777892,50.615349300155884],[-2.346030999952989,50.61533230040902],[-2.3460294997664697,50.615315400406466],[-2.346027599829642,50.61529860014834],[-2.3460254995684946,50.615281700133664],[-2.346023300492667,50.61526489986351],[-2.346021100518542,50.61524799983672],[-2.346019099970406,50.6152312001245],[-2.346017299746589,50.61521430008561],[-2.346016000782686,50.61519740004069],[-2.346015099772464,50.615180400238934],[-2.346015000059453,50.61517199951648],[-2.346015099772464,50.615163500181794],[-2.3460155004210694,50.615155099456324],[-2.346015899273047,50.615146600118585],[-2.346016299921653,50.61513819939013],[-2.3460165999589835,50.615129799800165],[-2.346016699671961,50.615121300457815],[-2.3460165999589835,50.61511289972485],[-2.346016100495664,50.61510440037949],[-2.346015099772464,50.61509599964345],[-2.3460137001972527,50.61508719990225],[-2.346012000584711,50.61507849991029],[-2.3460100000365753,50.61506989966772],[-2.3460076994511416,50.61506140031459],[-2.3460052003380167,50.61505299957092],[-2.346002500002275,50.61504459996575],[-2.3459996002405448,50.61503630011009],[-2.3459965001544947,50.615028000252984],[-2.3459931997441252,50.61501980014552],[-2.3459898005191087,50.61501160003656],[-2.3459805999739696,50.614992800087315],[-2.3459699998536196,50.61497519999458],[-2.3459580998710368,50.61495849993617],[-2.3459452997765613,50.61494259959169],[-2.345931800792778,50.61492719970826],[-2.3459177996507505,50.614912199964955],[-2.345903700592373,50.614897299968234],[-2.3458898000616863,50.614882300215434],[-2.3458761995682647,50.61486700006366],[-2.3458632000478006,50.61485120000969],[-2.345855000225895,50.61483999991776],[-2.3458472998672755,50.61482849999866],[-2.3458398995459535,50.61481670025229],[-2.345832599835973,50.61480480018138],[-2.3458252004129476,50.61479310018057],[-2.345817400341351,50.614781600250055],[-2.3458090001951257,50.61477049989315],[-2.3457999999743064,50.61475999975337],[-2.3457899002155735,50.61475030047446],[-2.3457787000205954,50.61474139977689],[-2.3457669994640344,50.614734400629615],[-2.3457546997311427,50.61472909954013],[-2.3457418996366677,50.61472509978224],[-2.3457289001162036,50.61472199949934],[-2.34571569937309,50.61471939968488],[-2.3457025004266376,50.61471679987023],[-2.3456894002948316,50.61471399998198],[-2.3456764995890484,50.61471030061798],[-2.345664000430168,50.61470559974625],[-2.3456520995492878,50.61469920024424],[-2.3456381999168987,50.61468909966566],[-2.345625999897018,50.614677500527904],[-2.34561500002636,50.61466480012714],[-2.3456049999806377,50.61465130056812],[-2.3455953996851906,50.61463740028766],[-2.345586100325371,50.614623399681136],[-2.345576400316913,50.61460949996242],[-2.3455661999468713,50.61459619989149],[-2.3455549000389158,50.61458379986478],[-2.345542300268727,50.614572599709184],[-2.345525400263299,50.614560500072415],[-2.3455077995719353,50.614549900133696],[-2.345489600602605,50.61454059981982],[-2.3454710000863384,50.61453220012314],[-2.3454521004310718,50.61452460015202],[-2.345432899840177,50.6145174003282],[-2.3454137001476134,50.614510400007646],[-2.3453944995567193,50.614503399686],[-2.3453753995771662,50.61449599978456],[-2.3453566005332083,50.614488100550986],[-2.345343099752797,50.61448210002824],[-2.345329699583728,50.61447590000025],[-2.345316300312922,50.6144698002937],[-2.345302900143853,50.614463600264095],[-2.3452894999747502,50.61445749998598],[-2.3452760000926696,50.61445149945933],[-2.3452625002105556,50.61444560039422],[-2.3452489006154975,50.61443979937063],[-2.3452353001220754,50.61443430045336],[-2.3452214993043667,50.614428999330066],[-2.3452049002345334,50.614422900187456],[-2.345188300266403,50.61441709973109],[-2.345171599686964,50.6144113995964],[-2.3451547993945145,50.614406000428176],[-2.345138000000395,50.61440079962408],[-2.3451210999949677,50.61439580003425],[-2.3451041002765285,50.614391100271106],[-2.3450869999467816,50.614386600012345],[-2.3450698996170343,50.61438240015045],[-2.345052699574276,50.614378400363044],[-2.3450359001801564,50.614374899907524],[-2.3450190998877067,50.61437189992403],[-2.3450022995952566,50.614369300090175],[-2.344985299876818,50.61436689976111],[-2.3449683998713904,50.61436470007688],[-2.344951499865929,50.61436250039249],[-2.3449345001475237,50.61436040046052],[-2.3449176001420624,50.614358199635966],[-2.344900700136635,50.61435580044634],[-2.3448838001311736,50.614353100289094],[-2.3448660000138206,50.614349799906726],[-2.3448483993224576,50.61434619969658],[-2.344830699816413,50.614342299658595],[-2.344813100023379,50.6143383004378],[-2.344795500230346,50.61433420032411],[-2.3447779004372795,50.61433039946767],[-2.344760200032938,50.61432679982607],[-2.3447423999155856,50.614323699516945],[-2.3447245000852215,50.61432119943297],[-2.34470650054188,50.61431930014434],[-2.3446861995147747,50.614318200586105],[-2.344665900284297,50.614317999940965],[-2.3446456001554887,50.61431849984377],[-2.3446253000267134,50.61431950021946],[-2.3446050996109165,50.614320999927884],[-2.3445849000934498,50.614322599958825],[-2.3445645999646416,50.6143242997423],[-2.344544400447175,50.61432579945056],[-2.344524200031378,50.614327000471185],[-2.3445038999026027,50.614327699878984],[-2.3444853002846338,50.614327699878984],[-2.3444668003796756,50.614327299728814],[-2.344448199863409,50.61432649999845],[-2.3444296002454394,50.614325500192926],[-2.3444109997291727,50.61432469989249],[-2.3443924998242145,50.61432399991462],[-2.3443739002062447,50.614323799839504],[-2.344355299689979,50.61432419998972],[-2.34433679978502,50.614325500192926],[-2.344318200167051,50.614327699878984],[-2.344297099639329,50.61433189974578],[-2.344276600084565,50.61433790028772],[-2.3442565002800757,50.61434510013898],[-2.3442365999015764,50.61435320004157],[-2.344217000458737,50.61436169952272],[-2.3441972995062264,50.61437020014228],[-2.344177400026057,50.614378199718146],[-2.344157300221568,50.61438539956324],[-2.3441367000554627,50.61439120002351],[-2.344115599527774,50.61439530013224],[-2.3440986995223128,50.61439699991303],[-2.3440817995168852,50.61439730031027],[-2.3440648995114572,50.614396800408265],[-2.3440480004043267,50.614395599959416],[-2.344031200111877,50.61439420057579],[-2.3440143001064495,50.61439289980449],[-2.3439974001009882,50.614391999752776],[-2.3439805000955602,50.614391800247994],[-2.3439636000900994,50.61439280005205],[-2.343946700084672,50.61439530013224],[-2.3439324995166553,50.614398500189004],[-2.343918599884266,50.61440240022233],[-2.3439047999648883,50.61440689990957],[-2.3438913000827744,50.61441190006824],[-2.3438778999137053,50.61441730037582],[-2.3438645994576137,50.614422999939784],[-2.3438513996128307,50.61442870007308],[-2.3438382006663443,50.61443459971033],[-2.3438249002102527,50.61444029984221],[-2.343811599754161,50.6144458996511],[-2.343796299648231,50.61445230032757],[-2.3437809995423002,50.61445890050777],[-2.343765800047711,50.61446570019147],[-2.3437507002661,50.61447270051872],[-2.343735600484489,50.61447969970488],[-2.3437204998045478,50.61448660027787],[-2.3437054000229365,50.614493599461966],[-2.343690299343028,50.61450040028069],[-2.3436750001354283,50.61450710020628],[-2.3436597000294976,50.614513499734436],[-2.343636200101662,50.61452250022729],[-2.34361249984954,50.61453049977721],[-2.343588499560087,50.61453799999533],[-2.343564399557623,50.61454510006389],[-2.3435401998421814,50.61455220070137],[-2.3435161995527625,50.614559600023945],[-2.343492400485926,50.61456749981553],[-2.343468899659793,50.614576400546056],[-2.3434458003805623,50.614586399686786],[-2.343423300277629,50.614597900235054],[-2.343403799649471,50.61460909981465],[-2.3433848002811932,50.61462089961313],[-2.3433661997649264,50.61463330020003],[-2.343347999897266,50.61464620011303],[-2.343330199779913,50.61465959992168],[-2.343312700598188,50.61467350019561],[-2.3432955993701103,50.614687800042525],[-2.343278799975991,50.61470249946211],[-2.343262299720838,50.61471760016398],[-2.3432460006883353,50.61473300011606],[-2.343234099807455,50.614744900205096],[-2.34322259957518,50.61475700036441],[-2.3432112996672245,50.61476950009706],[-2.343200300694897,50.61478210014796],[-2.343189500250227,50.61479489969859],[-2.3431789001298773,50.61480789988878],[-2.3431682002965166,50.6148208003239],[-2.3431575992778693,50.614833799936946],[-2.3431470000558163,50.61484680011639],[-2.3431362005094774,50.61485960021942],[-2.3431257001021053,50.61487160002784],[-2.3431148996574693,50.6148834003305],[-2.343104000398119,50.61489500055748],[-2.343093000527461,50.61490659964161],[-2.3430820994714834,50.61491839993544],[-2.3430715002494304,50.61493029997761],[-2.343061299879389,50.61494249984046],[-2.343051599870964,50.61495520016624],[-2.3430424999371335,50.6149684003845],[-2.343034200402217,50.614982199676],[-2.343028399980425,50.61499339973411],[-2.3430233002445693,50.61500490018287],[-2.343018799684978,50.61501660070097],[-2.3430146000610477,50.615028400397236],[-2.3430106995760838,50.61504030041153],[-2.343006900600725,50.61505219985285],[-2.3430030998287728,50.61506419961213],[-2.342999100529128,50.61507609961741],[-2.3429949000068673,50.61508789986877],[-2.342990200021286,50.615099500045325],[-2.3429854003227284,50.615109800037516],[-2.342980199975531,50.61511989995578],[-2.3429745998780587,50.615129799800165],[-2.342968799456267,50.61513969964247],[-2.3429630996457838,50.61514960005265],[-2.342957699872631,50.61515949989079],[-2.342952600136742,50.61516970011914],[-2.342947999864173,50.6151800998467],[-2.3429441999905505,50.61519089971486],[-2.3429413002287864,50.615202099723234],[-2.3429395000049698,50.61521389994297],[-2.3429388999303424,50.615225700159726],[-2.3429391999676725,50.61523740005293],[-2.3429401997925754,50.615249100513196],[-2.3429415993677867,50.61526079983058],[-2.342943099554306,50.61527249971501],[-2.3429447003521338,50.61528410041605],[-2.342945799890048,50.61529580029473],[-2.342946399964675,50.61530760049093],[-2.342946199640356,50.615319299793754],[-2.3429453004267615,50.615329099275755],[-2.342943800240242,50.6153389004657],[-2.3429419003034146,50.61534859962324],[-2.3429398997552786,50.6153582999188],[-2.3429376997811535,50.61536799964235],[-2.3429357001313145,50.61537769993387],[-2.342933899907498,50.61538739965342],[-2.342932500332287,50.61539719969124],[-2.3429316999333394,50.615406999726986],[-2.3429316002203615,50.61541700040119],[-2.3429326000452644,50.61543100020149],[-2.3429347003064116,50.61544479992725],[-2.3429376000681423,50.61545829982856],[-2.3429413002287864,50.61547149990567],[-2.3429455995657613,50.61548460022896],[-2.3429502995513087,50.61549760022854],[-2.3429552995741867,50.61551049990453],[-2.342960400208373,50.61552329982695],[-2.3429655996572394,50.61553610031585],[-2.342970599680117,50.615548999981286],[-2.342974800202378,50.61555999983455],[-2.342979200150628,50.61557100025526],[-2.3429836000989117,50.615581999533404],[-2.34298819947315,50.61559290019911],[-2.342992899458731,50.615603700542465],[-2.3429977997685976,50.61561439942355],[-2.3430029004027837,50.61562509944218],[-2.343008199564628,50.61563559995881],[-2.3430136999491227,50.615646099903145],[-2.3430194994725833,50.615656399775645],[-2.3430268000808945,50.61566840052082],[-2.343034399828206,50.6156800997339],[-2.3430424002241224,50.61569160001477],[-2.343050699759039,50.61570290022354],[-2.343059200516572,50.61571400036046],[-2.343067799190489,50.61572500017514],[-2.343076499374011,50.61573589966773],[-2.3430853001688416,50.61574679972777],[-2.3430939994540667,50.61575780010479],[-2.3431025999245776,50.61576879990926],[-2.343110199671889,50.61577879993654],[-2.343117599993211,50.615788799961685],[-2.343125100027511,50.615798899734116],[-2.3431324994505025,50.615808899754995],[-2.343140100096111,50.61581889977374],[-2.343147699843422,50.615828800041015],[-2.343155499915019,50.61583859941687],[-2.3431636000239466,50.61584810011273],[-2.343171999271841,50.61585749991737],[-2.343180699455397,50.615866500153054],[-2.343193499549872,50.6158787003431],[-2.343206700292952,50.6158902000054],[-2.343220400499352,50.61590119977888],[-2.3432343998447522,50.61591170023392],[-2.3432487001257463,50.61592179940996],[-2.343263199832763,50.61593160047645],[-2.343277800151088,50.615941100013515],[-2.3432927005066766,50.615950499799574],[-2.3433075002509907,50.61595980040468],[-2.343322400606613,50.61596910043796],[-2.343338500213127,50.61597890035458],[-2.34335480014396,50.61598830013308],[-2.3433713003991126,50.615997300343736],[-2.3433878994689126,50.61600610048469],[-2.343404600048385,50.61601470055608],[-2.343421399442504,50.616023199736965],[-2.3434381997349543,50.61603159973739],[-2.3434550000274044,50.616040000306334],[-2.3434718003198207,50.616048499482645],[-2.343488500000962,50.616057100116294],[-2.3435151000148484,50.61607130036371],[-2.343541600315723,50.61608579985333],[-2.343567900292312,50.61610049997601],[-2.3435942999818784,50.616115099775364],[-2.3436207005697423,50.616129599821456],[-2.3436474002966396,50.616143800047034],[-2.3436741997365145,50.61615750038503],[-2.3437013998249947,50.61617049962863],[-2.343729100275092,50.61618270030983],[-2.343757200475497,50.61619390008209],[-2.343785800139189,50.616204100086094],[-2.3438146001272,50.61621330032252],[-2.3438436992542115,50.61622180003752],[-2.3438728998908274,50.61622950005297],[-2.343902299953433,50.61623669961468],[-2.343931799729049,50.61624330011446],[-2.343961300402997,50.61624959965794],[-2.343990999604602,50.61625559995522],[-2.344020699704505,50.61626139961487],[-2.344050399804441,50.61626709952537],[-2.3440838997780324,50.61627329931727],[-2.3441173997515907,50.61627919986312],[-2.3441509994381597,50.61628459938633],[-2.34418460002306,50.61628959991541],[-2.344218299422607,50.61629419974047],[-2.344251999720518,50.61629839943168],[-2.344285799731373,50.6163022001291],[-2.34431970035357,50.61630559955285],[-2.344353500364459,50.61630849966469],[-2.3443874998013365,50.61631109996136]]]},"id":1,"type":"Feature","properties":{"fid":1,"objnam":" ","globalid":"{CDB2D067-7E53-4255-9847-8CACA1C48CE6}","SHAPE__Length":1100.5124539686867,"SHAPE__Area":94442.984137175}},{"geometry":{"type":"Polygon","coordinates":[[[-1.4520134995961287,50.756671399513664],[-1.4363389004081037,50.72579190007131],[-1.43391179983411,50.726427399683544],[-1.449387699766119,50.75714399952175],[-1.4520134995961287,50.756671399513664]]]},"id":30,"type":"Feature","properties":{"fid":30,"objnam":" ","globalid":"{688E968F-392F-47F7-8EB6-2246B7D37C37}","SHAPE__Length":11973.029233328558,"SHAPE__Area":1692664.326032715}},{"geometry":{"type":"Polygon","coordinates":[[[-1.1546824000363534,50.755513699847796],[-1.1547522000322223,50.75545180036169],[-1.1548079997844278,50.755389800204014],[-1.1547753999227612,50.75529830042163],[-1.1546964002800504,50.75515959981104],[-1.1546079997678813,50.75502380056954],[-1.1545196001540428,50.754894000008875],[-1.1543800001622377,50.75482319996464],[-1.1542962996356492,50.75486449962457],[-1.1542730000321324,50.75495889976588],[-1.1542870002758296,50.75508579950714],[-1.1543659999185405,50.755239300144105],[-1.1544219002820542,50.75538680013012],[-1.154514900168462,50.75549310003527],[-1.1546824000363534,50.755513699847796]]]},"id":31,"type":"Feature","properties":{"fid":31,"objnam":" ","globalid":"{2A4DB816-3689-4B43-BACB-FC90332EFF76}","SHAPE__Length":285.49087109567296,"SHAPE__Area":4194.87130528}},{"geometry":{"type":"Polygon","coordinates":[[[-1.1197167002090838,50.79778330003766],[-1.1200000001036134,50.79763330029143],[-1.1198666999969196,50.79749999996373],[-1.1195833003893787,50.79763330029143],[-1.1197167002090838,50.79778330003766]]]},"id":32,"type":"Feature","properties":{"fid":32,"objnam":" ","globalid":"{1C16AA4A-1F87-43C6-A1B7-0FF3D0A7C275}","SHAPE__Length":138.54394210905588,"SHAPE__Area":1157.23933168}},{"geometry":{"type":"Polygon","coordinates":[[[-1.133637000139993,50.80273420017375],[-1.1334611001259103,50.80282300018556],[-1.1334579003268825,50.8028496998243],[-1.1333538996714858,50.80290300027164],[-1.1331782996947004,50.802928299852354],[-1.1328871000155623,50.80295490007893],[-1.1328872006268709,50.80293770025855],[-1.1324903994945084,50.80301919950969],[-1.1322135000963982,50.80307309984822],[-1.1321226004711042,50.80307559953797],[-1.1322430995849926,50.80321169929768],[-1.1325376993874776,50.803232400160795],[-1.1326989999815993,50.803378799618415],[-1.1330504999724673,50.803363300277695],[-1.1332021993728114,50.803346800039826],[-1.1334533000543132,50.80333350004001],[-1.133737399449426,50.80329140009666],[-1.1338743000037865,50.803240300016014],[-1.133900900017639,50.803176699756506],[-1.1338420998924283,50.803048200023994],[-1.1338007001342283,50.80292939953761],[-1.1337265001900758,50.80284099997561],[-1.133637000139993,50.80273420017375]]]},"id":33,"type":"Feature","properties":{"fid":33,"objnam":" ","globalid":"{F257530E-0614-45B0-B62C-094444F9133E}","SHAPE__Length":511.3150577547092,"SHAPE__Area":12293.40429818}},{"geometry":{"type":"Polygon","coordinates":[[[1.7608804999298804,52.47303270021319],[1.7608891004004248,52.47303680034564],[1.760897499648319,52.473041000067255],[1.7609056006555441,52.47304529992508],[1.760913599254833,52.47304980005586],[1.7609212996134525,52.473054399775606],[1.7609287996477525,52.47305909963148],[1.7609361999690745,52.47306400030737],[1.7609432993547691,52.473069000572096],[1.7609502002127717,52.473074099331235],[1.7609568998481577,52.47307930041522],[1.7609621999083327,52.47308360026934],[1.7609672996442218,52.47308789957581],[1.7609724002784077,52.4730921999763],[1.7609772996899438,52.4730965999657],[1.760982000573855,52.47310099995466],[1.7609864993367856,52.47310560021625],[1.760990700757377,52.473110199930154],[1.7609947000570216,52.47311499991661],[1.7609982996063578,52.47311980044975],[1.7610016000166937,52.473124799613736],[1.7610047001027438,52.47312939987284],[1.7610082996521133,52.47313389999501],[1.7610119000997464,52.47313850025317],[1.761015399936105,52.473143000374364],[1.7610184003091438,52.47314760008437],[1.7610206999962799,52.47315229993034],[1.7610218992471716,52.4731570999122],[1.761021799534194,52.47316210016636],[1.7610200999216854,52.473167200009115],[1.761016500372316,52.47317259971325],[1.7610131999619798,52.473176199698024],[1.761009499801302,52.47317950036784],[1.7610053998903492,52.47318240049196],[1.7610011005534076,52.47318510034318],[1.7609963008548493,52.47318730005966],[1.760991099609355,52.473189200461434],[1.7609854995118828,52.47319079990691],[1.7609795005623994,52.47319189976507],[1.7609731000660134,52.47319270030853],[1.7609662001063078,52.47319299962316],[1.760955400559969,52.47319250003586],[1.7609466006634356,52.47319070031779],[1.7609393000551246,52.47318799937252],[1.7609333002073442,52.47318439938871],[1.7609282004714883,52.47318019968081],[1.760923699911897,52.473175599974184],[1.760919400574955,52.473170799994335],[1.760915099441386,52.47316620028676],[1.7609102997427941,52.473161699620725],[1.7609048002566303,52.4731578003199],[1.7608997993354554,52.47315480005776],[1.760894700497897,52.47315189993182],[1.7608896007620414,52.473148899669276],[1.7608845998408331,52.473146000637314],[1.7608795001049775,52.473143000374364],[1.760874599795111,52.47314000011122],[1.7608698000965526,52.47313699984787],[1.760865100110972,52.473133800405726],[1.760860599551414,52.47313049973249],[1.7608563002144388,52.47312710001696],[1.7608513999045723,52.47312250030481],[1.7608471005676305,52.473117699771976],[1.7608432997956442,52.47311280019651],[1.7608399005706277,52.473107799936756],[1.7608366998732694,52.47310270008707],[1.7608334003612305,52.47309759968963],[1.7608299993395529,52.473092499838764],[1.7608263000772055,52.47308760026051],[1.7608220995549446,52.473082799723855],[1.7608171992450778,52.47307819945988],[1.7608119000832,52.47307390015243],[1.760806399698739,52.47306980002343],[1.7608006001752445,52.47306579948344],[1.760794599429167,52.47306200031073],[1.7607885007667057,52.47305830017996],[1.7607821002702864,52.473054599501694],[1.7607757006721974,52.47305110019083],[1.7607690998514918,52.47304760033246],[1.760762499929117,52.47304409992661],[1.760755800293731,52.47304069965719],[1.7607496998346421,52.47303780007094],[1.7607432993382226,52.47303509966348],[1.760736800027156,52.47303249939257],[1.7607302001047476,52.473030000352615],[1.7607236001823727,52.4730275002181],[1.7607169993616671,52.47302500008345],[1.7607106006618753,52.47302240035911],[1.760704299878467,52.473019599814],[1.760698200317709,52.47301670022635],[1.7606924996088948,52.473013400091546],[1.7606884005962726,52.47301050050349],[1.760684799250309,52.47300739954736],[1.760681699164259,52.47300400036948],[1.7606787005878477,52.47300059954975],[1.7606757002147755,52.47299720037139],[1.7606726001287256,52.4729938000983],[1.7606692000053785,52.47299060009859],[1.7606652995204146,52.47298769996183],[1.7606607001461756,52.472985000098504],[1.7606551997616813,52.472982699687854],[1.760649599664209,52.472981199824446],[1.7606438998537257,52.472980499961146],[1.7606380994319342,52.47298019955066],[1.760632200195462,52.4729804003715],[1.760626299162362,52.47298059955074],[1.7606203999258898,52.472980899961215],[1.7606144997911202,52.47298100009802],[1.7606087002676258,52.47298059955074],[1.7606029995588455,52.472979699413784],[1.7605975000726815,52.47297809941342],[1.7605923994384953,52.472975899686475],[1.7605880003885426,52.472973399548884],[1.760584099903579,52.472970799821496],[1.7605807006785286,52.47296790023064],[1.7605777003054899,52.47296490050277],[1.7605750008680785,52.47296169940654],[1.760572499958326,52.47295849995165],[1.7605702002711898,52.472955200359685],[1.7605680002970647,52.47295180008339],[1.7605658003229399,52.47294850049092],[1.760564099812101,52.472945500214514],[1.760563000274187,52.472942400348174],[1.7605623004865816,52.47293930048161],[1.7605617004119536,52.47293620006763],[1.7605612997633484,52.47293299951653],[1.760560700587051,52.472929899649316],[1.7605599001881371,52.47292669964496],[1.760558799751926,52.47292369991426],[1.760556999528076,52.472920700183316],[1.7605546001279622,52.47291780004196],[1.7605496998180956,52.47291369989841],[1.760544199433601,52.47291039975588],[1.7605381007711398,52.472907599750805],[1.7605314999504345,52.472905300430526],[1.7605245999907289,52.47290330042673],[1.7605173999937263,52.4729015997394],[1.7605102997097346,52.47289990014638],[1.7605030997127318,52.472898200553345],[1.7604961997530262,52.47289620000201],[1.7604895001176402,52.47289399972372],[1.760481899472032,52.472891000538006],[1.7604743994376986,52.47288790012063],[1.760466900301729,52.472884800250235],[1.760459499980407,52.4728815996954],[1.7604520996590847,52.47287839968748],[1.760444700236093,52.47287529981646],[1.7604371004887818,52.472872300082216],[1.7604293004171847,52.472869400484875],[1.760421300021268,52.47286679965698],[1.7604131001993628,52.47286440019745],[1.7604040999785098,52.47286230005469],[1.7603947997203935,52.47286070059727],[1.7603853997492658,52.472859499499386],[1.7603757994538185,52.47285860045432],[1.7603662997696794,52.47285770031487],[1.760351899775674,52.472858800181314],[1.7603370003183823,52.472860400186015],[1.760321999351452,52.47286259991877],[1.7603074996444354,52.47286400019633],[1.760291900399538,52.47286459992442],[1.7602782999061495,52.47286380046936],[1.7602657001359605,52.47286220046483],[1.7602600003254771,52.4728592001825],[1.7602566999151412,52.47285410030405],[1.760254400228005,52.47284800014821],[1.7602551000156104,52.472842999858365],[1.7602557000902048,52.47283469996694],[1.7602584004259463,52.472825499933855],[1.7602607001130826,52.4728173997663],[1.7602651997743437,52.47280900028008],[1.7602683995733714,52.472804199713046],[1.7602729001329631,52.47279999996886],[1.7602785999434465,52.472796299816046],[1.7602851998658213,52.47279300021192],[1.7602923001498465,52.472789999924906],[1.7602996995728382,52.47278719991217],[1.7603072005054687,52.4727843998993],[1.7603144005024713,52.472781400158865],[1.7603210004248462,52.47277870028288],[1.7603277997732436,52.47277629972418],[1.7603346997329157,52.47277409998711],[1.7603418000169406,52.47277220011462],[1.7603490000139435,52.47277049996944],[1.7603562997239242,52.47276909968891],[1.7603637997582573,52.47276790023011],[1.7603714004038655,52.47276689995147],[1.7603790998641544,52.472766099947435],[1.7603869996487629,52.47276549967079],[1.7603949003317017,52.472765000078674],[1.7604028998292878,52.47276449993931],[1.7604108005122265,52.47276399979998],[1.7604186005838236,52.472763800072556],[1.7604263997571237,52.472763900209856],[1.760434100115743,52.47276430021189],[1.7604416998630543,52.472765300490586],[1.7604491001843765,52.47276689995147],[1.7604563001813793,52.47276919982619],[1.7604633995670402,52.47277229970473],[1.7604696994521516,52.47277620013409],[1.7604741002987319,52.47278049947062],[1.7604771006717708,52.47278500017568],[1.7604789997102679,52.47278979965041],[1.7604801998594903,52.47279469980903],[1.760480999360107,52.47279970010435],[1.7604817000460096,52.47280469930471],[1.7604829001952318,52.47280960000892],[1.7604847004190818,52.47281429989094],[1.7604876001808123,52.4728188996353],[1.7604904002295652,52.47282230046906],[1.7604933997042735,52.472825600071],[1.760496500688654,52.472828900219895],[1.7604997004876817,52.47283210023137],[1.7605029999997206,52.47283529969544],[1.7605064998360789,52.47283849970644],[1.7605100005707346,52.47284159958009],[1.7605136001200705,52.4728445998636],[1.7605173002807484,52.47284769973682],[1.7605210992560736,52.47285070001994],[1.7605259995659401,52.47285439962093],[1.7605310004871484,52.47285810031607],[1.7605361999359816,52.47286159964229],[1.7605414999961566,52.472865100062656],[1.7605470003806512,52.47286850034564],[1.760552499866815,52.47287179994411],[1.7605580999643204,52.472875100089546],[1.7605636991634623,52.47287839968748],[1.760569400770573,52.4728815996954],[1.7605751005810564,52.47288490038726],[1.760583499828951,52.47288950012427],[1.7605922000125065,52.47289389958673],[1.7606009999090064,52.47289809932195],[1.7606100001298592,52.47290230015117],[1.760618999452348,52.47290640029578],[1.7606281002845092,52.472910500440044],[1.7606369998940201,52.47291470017367],[1.7606457997905536,52.47291900004388],[1.7606543993627675,52.47292340005059],[1.7606626997959811,52.47292809992051],[1.760668599930784,52.47293169992529],[1.760674200028256,52.47293540006672],[1.7606797004127506,52.472939200344726],[1.7606851001859034,52.472943099664924],[1.7606903993477812,52.47294700007914],[1.7606958000192643,52.47295079980894],[1.7607011997924504,52.47295470022252],[1.7607067998899226,52.4729583998148],[1.7607124997004062,52.47296209995399],[1.7607184995481866,52.472965599819105],[1.760725799258167,52.4729696003682],[1.7607333001907977,52.472973399548884],[1.7607408999381087,52.4729770996868],[1.7607487000097057,52.47298059955074],[1.7607565000813363,52.472984099961636],[1.760764500477253,52.472987500235426],[1.760772499974839,52.47299089996179],[1.760780600083767,52.47299420009825],[1.7607886004796833,52.472997599824104],[1.7607967005886112,52.473000899960056],[1.7608049004105166,52.473004299685385],[1.760813100232422,52.47300760036805],[1.7608214006656695,52.47301089995609],[1.7608297002005862,52.47301410050154],[1.7608380994484807,52.473017299952375],[1.7608465004930027,52.473020499950145],[1.7608548997409306,52.47302359981098],[1.7608634004984638,52.47302669967159],[1.7608719003576665,52.47302969994247],[1.7608804999298804,52.47303270021319]]]},"id":3,"type":"Feature","properties":{"fid":3,"objnam":" ","globalid":"{BE02EBFC-EE84-4E96-8C58-8EFCE6FCD125}","SHAPE__Length":249.50643811380365,"SHAPE__Area":1240.27590763}},{"geometry":{"type":"Polygon","coordinates":[[[-3.664798700504379,51.452890699925725],[-3.6647058003309825,51.452821500592925],[-3.664607900134674,51.45278959965177],[-3.664509599289761,51.45277410008666],[-3.6644416004160054,51.45278150055866],[-3.6643765004056834,51.45281289993076],[-3.6627653997914114,51.453974899982605],[-3.662524099729677,51.45416329992283],[-3.6625028006742957,51.4542497998887],[-3.6625312000136687,51.45430739964171],[-3.6626128002791427,51.454358400143754],[-3.6627262997203482,51.45437610020259],[-3.6628504998932114,51.454360600056546],[-3.662996000019786,51.45430739964171],[-3.663191199439443,51.45417659965451],[-3.664741900028974,51.45306590001314],[-3.6648022003407377,51.453025999835724],[-3.664830599680143,51.452994899538574],[-3.664837699964134,51.4529438997524],[-3.664798700504379,51.452890699925725]]]},"id":5,"type":"Feature","properties":{"fid":5,"objnam":"STEEPHOLM","globalid":"{72953A1D-A098-40B7-B8A5-E128A4D68E1B}","SHAPE__Length":789.7878245482775,"SHAPE__Area":20682.92150374}},{"geometry":{"type":"Polygon","coordinates":[[[0.33767839964168583,50.7903625996788],[0.3375714004098778,50.790335300039565],[0.3374088996665674,50.790309799993956],[0.33728469949370404,50.790292899902596],[0.33714899998686276,50.79026380061142],[0.3370018002477799,50.79023109980559],[0.33687379930296396,50.79021289980735],[0.3367131993947784,50.7901960002489],[0.3365755999511427,50.790180200101695],[0.33643420063381807,50.79015110017243],[0.3362851000596105,50.79012930034237],[0.3361589002369081,50.790108699868426],[0.33601540065846963,50.79008149946025],[0.33584729981768713,50.79004520042337],[0.33570390085055696,50.79002580041655],[0.3355624997366382,50.79000280002331],[0.3354477992478803,50.789982200061466],[0.3353311997206585,50.78996399939849],[0.33516870077394223,50.78991549984992],[0.33501010051559565,50.7898852003839],[0.334897299963699,50.78986219992149],[0.33474440041413284,50.789816199530605],[0.3346412001576499,50.78977740045458],[0.33451699998478646,50.789738599642654],[0.33441379972830354,50.78967080022203],[0.3343029000115316,50.789600499724706],[0.33425699969377354,50.78953999974523],[0.33424179930085424,50.78949270027461],[0.334232200802068,50.789411499993676],[0.3342703998628763,50.78934730052776],[0.3343526002029454,50.789341300191005],[0.3344347996447174,50.789378799727416],[0.33451699998478646,50.78941880022192],[0.3345858001557528,50.78945269984334],[0.3346774992816638,50.78948909985673],[0.33481709927343545,50.78953029963799],[0.33492789927719613,50.78956900010657],[0.3350960998310233,50.78962600015725],[0.33526599999732537,50.78967659948446],[0.33555529973963544,50.789724299696815],[0.33576929999987903,50.78975439993912],[0.33601900020783926,50.789789600343155],[0.3363163003460659,50.789839799702236],[0.3366056000883425,50.789880000265555],[0.3368791002614359,50.78992529982481],[0.33707329985619083,50.78995040029007],[0.337318999866176,50.78999310001206],[0.337501299478381,50.79001319966426],[0.3377311999191495,50.790038300082315],[0.337957099263646,50.79006850006967],[0.33811960000695634,50.79008599992558],[0.338289999636578,50.79009359989015],[0.3384044000880053,50.7900934005636],[0.3384727996103662,50.79013250035454],[0.3385138993312355,50.79019329997611],[0.338418000581394,50.79027139941131],[0.33824000030616413,50.790323500080326],[0.33806880027762864,50.790371200200454],[0.3378770000830212,50.79036690022375],[0.33767839964168583,50.7903625996788]]]},"id":6,"type":"Feature","properties":{"fid":6,"objnam":"BARN HILL","globalid":"{0E7827DD-11C4-4ECE-8E52-D2BF2072371F}","SHAPE__Length":1061.4196272661268,"SHAPE__Area":23834.00694701}},{"geometry":{"type":"Polygon","coordinates":[[[-2.949652799883634,53.32579529978997],[-2.949666000626748,53.325766699433096],[-2.9496610994185506,53.325740999549986],[-2.949468300297337,53.325569300326414],[-2.9493869003561826,53.32548599953513],[-2.949000300492192,53.32504449999732],[-2.948818999806593,53.32477419948042],[-2.9486262006853794,53.32451570022639],[-2.9483791002018527,53.324196000375224],[-2.948013299929957,53.323665700066414],[-2.9479562003155517,53.32363799970048],[-2.947881400296771,53.323632700110736],[-2.947820400197402,53.32363959971825],[-2.9477511993778305,53.32366130028842],[-2.947728200709908,53.32372149994313],[-2.947779199865224,53.32386949943194],[-2.947971999884768,53.32408749984674],[-2.948349400101917,53.32460939957283],[-2.948786099907629,53.32517269982045],[-2.9491766002565827,53.325567399921795],[-2.949432000274993,53.32581989975145],[-2.9494583999645596,53.32582979982356],[-2.9494941996252875,53.325837600447805],[-2.949553299787829,53.3258399000194],[-2.9495935002951037,53.325836700148855],[-2.9496264999070787,53.32581899945215],[-2.949652799883634,53.32579529978997]]]},"id":7,"type":"Feature","properties":{"fid":7,"objnam":" ","globalid":"{91DDFC0F-E14E-480C-8DC2-66703A81F395}","SHAPE__Length":948.1980316311065,"SHAPE__Area":14708.908912665}},{"geometry":{"type":"Polygon","coordinates":[[[-4.145016699338699,50.36373329971779],[-4.145083299535541,50.36354999980273],[-4.145500000148072,50.36306669960391],[-4.144766699991772,50.36298330015059],[-4.1447999996410445,50.3634832998418],[-4.1448832995190275,50.3637499999862],[-4.145016699338699,50.36373329971779]]]},"id":8,"type":"Feature","properties":{"fid":8,"objnam":" ","globalid":"{C65E4AE1-DA0D-4041-B317-C1B177FCF2BC}","SHAPE__Length":361.9253024109216,"SHAPE__Area":6040.68949209}},{"geometry":{"type":"Polygon","coordinates":[[[-4.781687600318804,56.18242779937698],[-4.782689399727023,56.18270320012778],[-4.783351999775529,56.18264710022769],[-4.783748400259285,56.182457499856916],[-4.784055999582234,56.18220520053275],[-4.784292799982708,56.18204810056908],[-4.7848424000533285,56.181830999644085],[-4.785189099447341,56.1811442998231],[-4.785958599912974,56.180755600186615],[-4.786395200005676,56.180581000429534],[-4.786651299811691,56.18045330035828],[-4.786753800280569,56.180265799591155],[-4.786591899611852,56.18002890052474],[-4.786427199792714,56.179902800086886],[-4.785793300019208,56.17993409998957],[-4.78530440001066,56.180180399898695],[-4.784994599815289,56.180348800166406],[-4.784599899842371,56.18057149977364],[-4.784258099859928,56.18073589948721],[-4.783770400000602,56.18100870000198],[-4.783304199520943,56.181232499721744],[-4.782697000372631,56.181325399656025],[-4.782262900291386,56.181384800299114],[-4.781879199290829,56.18167380015516],[-4.781712100071543,56.182008499501656],[-4.781636200514882,56.182128300004884],[-4.781687600318804,56.18242779937698]]]},"id":9,"type":"Feature","properties":{"fid":9,"objnam":" ","globalid":"{25272A0B-C3ED-44E1-8503-B2BBA20A0EFB}","SHAPE__Length":1709.3595099217225,"SHAPE__Area":125138.19622528}},{"geometry":{"type":"Polygon","coordinates":[[[-4.1496570996524325,50.33434070003735],[-4.1492361006012555,50.33434070003735],[-4.149231699754675,50.33447459976844],[-4.1491622006944,50.33455870011356],[-4.14898139947212,50.334601300118436],[-4.148833899695741,50.334586099924586],[-4.1486912005162155,50.33453739952342],[-4.148667399652752,50.3344459997685],[-4.148689100255069,50.334339100249835],[-4.1484900003504475,50.334339100249835],[-4.1484943994004,50.33494609992021],[-4.149647599968293,50.33494490038155],[-4.1496570996524325,50.33434070003735]]]},"id":10,"type":"Feature","properties":{"fid":10,"objnam":" ","globalid":"{741A35F3-029D-41C4-8752-6CAC7418EA83}","SHAPE__Length":539.6384583071537,"SHAPE__Area":11160.24228878}},{"geometry":{"type":"Polygon","coordinates":[[[1.3001303003511737,52.93277739974415],[1.2648546000042138,52.9616272001768],[1.2520866005292726,52.95574569958598],[1.2803682004320753,52.936522099952306],[1.3001303003511737,52.93277739974415]]]},"id":11,"type":"Feature","properties":{"fid":11,"objnam":"TAYJACK 1 (PART OF)","globalid":"{24A6A31B-C255-42FD-A9A5-390C7F60B167}","SHAPE__Length":15461.607329971548,"SHAPE__Area":8739474.005598705}},{"geometry":{"type":"Polygon","coordinates":[[[1.329894500460146,51.11335190032567],[1.3299486994145235,51.113371199677594],[1.3299515003615734,51.11337350001181],[1.3299838998989206,51.113375099925484],[1.3300868001180728,51.11346919979215],[1.3301733995080949,51.11356309983124],[1.3302757005509833,51.1136726005727],[1.3303231001569302,51.11371960003628],[1.3302301999835338,51.113800599995535],[1.3300973993401257,51.113855300490606],[1.329914299329007,51.1139453001096],[1.3296730998786135,51.114060200208705],[1.3293269996608983,51.11413760052964],[1.3290913005949656,51.11432459973391],[1.3289302003251633,51.11448700060079],[1.328821900332825,51.11454200029485],[1.328683000128659,51.1145400998461],[1.3284406005290095,51.11445940006731],[1.328270500038388,51.11441580017989],[1.3280790995940557,51.11428440024447],[1.3280340993882225,51.11417059981391],[1.3281858993998745,51.114044099797795],[1.3285409001254316,51.11394629997278],[1.329190300329154,51.11362109967176],[1.3295224003031723,51.1134911000057],[1.3295253000649028,51.113489500096016],[1.3296201998881385,51.11344580060313],[1.3296760993533554,51.1134239003681],[1.3297831003817908,51.11338020024918],[1.3298012993511212,51.11337560014524],[1.3298236997410435,51.113367099792534],[1.329840299709174,51.11336569951534],[1.329894500460146,51.11335190032567]]]},"id":12,"type":"Feature","properties":{"fid":12,"objnam":"SPANISH PRINCE","globalid":"{60567577-F96E-44F1-9B96-B4CAB1131B84}","SHAPE__Length":685.1693214205832,"SHAPE__Area":23649.581698885}},{"geometry":{"type":"Polygon","coordinates":[[[0.7165167000999206,51.39021669977393],[0.7163999999613572,51.39018329988878],[0.7163333000515045,51.38993330027605],[0.7164166996424988,51.38986669962863],[0.7165666994303345,51.389883299629055],[0.7166833007541837,51.38991670029377],[0.7172000000275096,51.38985000040218],[0.7173499998153453,51.38979999966414],[0.7174000000440561,51.38979999966414],[0.7174332996933283,51.38986669962863],[0.7174167006235284,51.38991670029377],[0.7171667003782709,51.390083299647024],[0.7170832998889797,51.3901166996052],[0.7168666999043026,51.3901166996052],[0.7167500006640363,51.3901333000755],[0.7166833007541837,51.39018329988878],[0.7165167000999206,51.39021669977393]]]},"id":16,"type":"Feature","properties":{"fid":16,"objnam":" ","globalid":"{ABDE2DA1-A7B4-4F05-BAB3-94A1EB2C0471}","SHAPE__Length":330.8967948012799,"SHAPE__Area":5130.17905506}},{"geometry":{"type":"Polygon","coordinates":[[[0.7064167006120694,51.43453330014483],[0.7058832998609742,51.434316700046615],[0.7064500002613415,51.4337332999768],[0.7069499998535257,51.43393330035217],[0.7064167006120694,51.43453330014483]]]},"id":17,"type":"Feature","properties":{"fid":17,"objnam":" ","globalid":"{35F63DEC-741F-46B3-A583-380317F979E8}","SHAPE__Length":381.26913655160234,"SHAPE__Area":8354.5250037}},{"geometry":{"type":"Polygon","coordinates":[[[0.7292999996807924,51.41184999969166],[0.7270832998177061,51.412200000299265],[0.727133300046417,51.4120333005134],[0.7269500006093093,51.411533299483395],[0.7270333004872922,51.41133330022976],[0.7290667000149738,51.410016700031704],[0.731183299707627,51.40928330030188],[0.7292999996807924,51.41184999969166]]]},"id":18,"type":"Feature","properties":{"fid":18,"objnam":" ","globalid":"{B2706857-7CA7-4556-805B-6F29490B2675}","SHAPE__Length":1512.8181876534443,"SHAPE__Area":99852.97280562}},{"geometry":{"type":"Polygon","coordinates":[[[0.719449999539868,51.43960000054256],[0.7191832996135025,51.43940000033882],[0.7200000002590937,51.4390332999461],[0.7201500000469292,51.439233300075685],[0.719449999539868,51.43960000054256]]]},"id":19,"type":"Feature","properties":{"fid":19,"objnam":" ","globalid":"{1F162539-822B-42C4-A1B8-CDADCD432174}","SHAPE__Length":299.70443005135746,"SHAPE__Area":4534.06369091}},{"geometry":{"type":"Polygon","coordinates":[[[0.7390666999437336,51.418233300000885],[0.7362500000310079,51.417699999309484],[0.7365667001861179,51.41701670003589],[0.7398000001000336,51.417633300711316],[0.7390666999437336,51.418233300000885]]]},"id":20,"type":"Feature","properties":{"fid":20,"objnam":" ","globalid":"{AD603B60-793A-4686-8DC9-666802305023}","SHAPE__Length":965.6908472973328,"SHAPE__Area":44566.343869385}},{"geometry":{"type":"Polygon","coordinates":[[[-1.9887667004435845,50.68096669999877],[-1.9878332996594301,50.68048329993182],[-1.987699999552736,50.680599999728535],[-1.9885499998475993,50.68103329997122],[-1.9887667004435845,50.68096669999877]]]},"id":21,"type":"Feature","properties":{"fid":21,"objnam":" ","globalid":"{CE515C80-A848-4198-BDF2-CECD779D54EB}","SHAPE__Length":307.7569742949362,"SHAPE__Area":3166.95383641}},{"geometry":{"type":"Polygon","coordinates":[[[-1.9198832996540558,50.68501669950484],[-1.9161333004668142,50.68280000013557],[-1.8881166999795385,50.70115000023017],[-1.859250000382752,50.71056669976984],[-1.860999999404562,50.713599999727485],[-1.8911832995262132,50.7039167000224],[-1.9198832996540558,50.68501669950484]]]},"id":22,"type":"Feature","properties":{"fid":22,"objnam":" ","globalid":"{3829DB38-CE91-41A8-A2A1-1C039F2FEA0B}","SHAPE__Length":17614.464096995493,"SHAPE__Area":4749597.48279247}},{"geometry":{"type":"Polygon","coordinates":[[[-1.8477500007791088,50.71556670051915],[-1.8465000004511523,50.71233330034463],[-1.8359167001538943,50.713916699940285],[-1.786933300561058,50.711449999562255],[-1.7461833001103464,50.70361669981081],[-1.7456667005499984,50.706983299656855],[-1.785850000600376,50.71483330047203],[-1.8361333001385716,50.71736669938318],[-1.8477500007791088,50.71556670051915]]]},"id":23,"type":"Feature","properties":{"fid":23,"objnam":" ","globalid":"{404F25C3-9EAD-4EB0-9606-8710BA8E7020}","SHAPE__Length":24228.77013055343,"SHAPE__Area":6885573.234000165}},{"geometry":{"type":"Polygon","coordinates":[[[-0.15277909985757654,50.8187907005587],[-0.15262099996084658,50.818255399566645],[-0.15202290074636537,50.81813650040509],[-0.15129950002444584,50.81860550047289],[-0.1510228997653359,50.81928819982116],[-0.15098369998126093,50.81955979938766],[-0.1523850996722641,50.81973509981281],[-0.15277909985757654,50.8187907005587]]]},"id":24,"type":"Feature","properties":{"fid":24,"objnam":" ","globalid":"{A2AE5C45-EEDA-4680-84DE-DEF50B1110DA}","SHAPE__Length":784.4789698913669,"SHAPE__Area":39628.068755755}},{"geometry":{"type":"Polygon","coordinates":[[[-0.10830000042299255,50.81143329996964],[-0.1111499999849904,50.81146670001006],[-0.11120000021370127,50.810133299984116],[-0.10836670033284512,50.81008329952414],[-0.10830000042299255,50.81143329996964]]]},"id":25,"type":"Feature","properties":{"fid":25,"objnam":" ","globalid":"{8E644D3C-B19D-4764-A24B-E8A0A5DAA273}","SHAPE__Length":1105.7584471336036,"SHAPE__Area":74818.418006475}},{"geometry":{"type":"Polygon","coordinates":[[[-0.22823069993359185,50.80160599959238],[-0.22838849979302464,50.80160150023624],[-0.22853199937146304,50.8015514997284],[-0.22861090019949315,50.80149249986644],[-0.22874789956853445,50.79999230001894],[-0.22865470025613752,50.79992869988044],[-0.22853990005440186,50.79986500029685],[-0.22840369928764692,50.79984679950765],[-0.22826019970920844,50.79984679950765],[-0.22810950013376727,50.799873999910794],[-0.22800189992903433,50.79996489983239],[-0.22785769966469333,50.80146050013152],[-0.22795099958839848,50.801537800662004],[-0.22807290007415912,50.801587800049056],[-0.22823069993359185,50.80160599959238]]]},"id":26,"type":"Feature","properties":{"fid":26,"objnam":" ","globalid":"{400F5DD3-C49C-4429-943C-42DFDCB239CE}","SHAPE__Length":730.3640863260576,"SHAPE__Area":24852.47627081}},{"geometry":{"type":"Polygon","coordinates":[[[-0.9258667001217219,50.785366700676924],[-0.9258999997709939,50.78506669994661],[-0.9258667001217219,50.78493330016784],[-0.9245832995331851,50.78518329963563],[-0.9246333006602263,50.785316699837],[-0.9258667001217219,50.785366700676924]]]},"id":27,"type":"Feature","properties":{"fid":27,"objnam":" ","globalid":"{6F0729E2-EE85-436B-A478-5A2E28DB81D6}","SHAPE__Length":387.9485434703545,"SHAPE__Area":7180.590941025}},{"geometry":{"type":"Polygon","coordinates":[[[-1.1743333002013492,50.84958330020917],[-1.1743333002013492,50.84955000002773],[-1.1742000000946553,50.849566700598594],[-1.1742000000946553,50.84958330020917],[-1.1743333002013492,50.84958330020917]]]},"id":28,"type":"Feature","properties":{"fid":28,"objnam":" ","globalid":"{D9125804-DF26-4F85-8001-B02720B42910}","SHAPE__Length":38.76533923561496,"SHAPE__Area":65.27780499}},{"geometry":{"type":"Polygon","coordinates":[[[-0.935816699821771,50.79596669975771],[-0.9357499999119184,50.79596669975771],[-0.9354667000173889,50.796066700179885],[-0.9355000005649579,50.79616670038804],[-0.935816699821771,50.79596669975771]]]},"id":29,"type":"Feature","properties":{"fid":29,"objnam":" ","globalid":"{D4BF9D50-A198-4229-8B3C-F38A959F86DF}","SHAPE__Length":111.37914511883876,"SHAPE__Area":441.11598404}},{"geometry":{"type":"Polygon","coordinates":[[[1.400275799765147,58.721383699721045],[1.400287499423411,58.72139069999983],[1.4002979998307497,58.72138519968097],[1.400309999526344,58.721390499445505],[1.4002995000173024,58.72139830007437],[1.400321700082905,58.72140889959868],[1.4003347993163802,58.72140279948562],[1.4003480000594604,58.72140929977426],[1.4003350005389965,58.72141620023723],[1.4005013002576654,58.72149909989957],[1.400505900530235,58.721504399646776],[1.4005862000351457,58.7215452999745],[1.4006002002788764,58.721548100259746],[1.4006267993944317,58.721562100283364],[1.400642999612254,58.72156050005442],[1.4006574993192706,58.72156119965904],[1.4006696005244368,58.721564700013964],[1.4006763998728342,58.721572499670934],[1.4006763998728342,58.72157950037816],[1.4006723996748927,58.72158229972787],[1.4007855002640865,58.72164159999419],[1.4007918998621756,58.72164429999527],[1.4007974999596478,58.721640199855365],[1.40080050033272,58.72163569954202],[1.4008185995890392,58.72163369960985],[1.4008298994970283,58.72163779975052],[1.400833999407981,58.72164250061647],[1.4008298994970283,58.72165169946166],[1.4008246003351503,58.72165700011844],[1.4008309999332393,58.721658599876534],[1.400855399972967,58.72164639973684],[1.4008771993899976,58.72163490012884],[1.4008899994844723,58.72162939984859],[1.4009039000151584,58.721628800055385],[1.4009250005428806,58.72163080045422],[1.4009426003359138,58.72163779975052],[1.4009775995977276,58.72165540036025],[1.4009953000020692,58.72167050011571],[1.4009994008113524,58.72168460036639],[1.4010016996001582,58.72170410013804],[1.400997199938897,58.721720699817844],[1.4009700995633942,58.72174070001719],[1.4009377000260472,58.72175419998203],[1.4009114000494918,58.7217603998432],[1.400878699576517,58.7217603998432],[1.40084319995312,58.721759800052276],[1.4008258992990534,58.72175729967956],[1.400810499480145,58.72174940025425],[1.4008045005306615,58.721738500471574],[1.4006578002548646,58.72181610013372],[1.400661199479915,58.721819800082045],[1.4006585997554815,58.72182490016145],[1.4006503002205648,58.72182880019421],[1.400643900622476,58.72182980062109],[1.40063750012609,58.72183000024006],[1.400584099774032,58.72185929990915],[1.400600299991854,58.72186420036398],[1.4005845004226374,58.721873400549754],[1.4005705998919513,58.72186539994224],[1.4005104999044737,58.721896299795105],[1.40052959988406,58.72190180003321],[1.4005137994165129,58.72191150018816],[1.4004983995976044,58.72190159948187],[1.400441299983199,58.7219337996205],[1.4004514006402629,58.72193990010689],[1.4004522001408464,58.72194480008396],[1.4004473007293101,58.72194630048608],[1.400443499957324,58.72194630048608],[1.4004363996733324,58.72194580050754],[1.4004274003508101,58.72194070044584],[1.400321400045608,58.722000099444195],[1.4003308000167356,58.72200209982172],[1.4003221007315105,58.72200909997612],[1.4003123001117772,58.72200480026124],[1.4002836007350745,58.72201889991008],[1.400285100023297,58.72202449993774],[1.4002822999745441,58.72202769988651],[1.400276299228433,58.722031799980776],[1.4002682000178357,58.72203410024956],[1.4002569001098804,58.72203510020415],[1.4002525001616302,58.72203439967625],[1.4001895992271027,58.72207000018734],[1.4001202995928503,58.722106000363176],[1.4001410003702306,58.72211070023309],[1.4001523002781862,58.72212009997103],[1.400160400387114,58.722137099619665],[1.4001602000627944,58.72217029995754],[1.4001561001518417,58.722177399886604],[1.4001410003702306,58.72218879997334],[1.4000898997053088,58.722212999785015],[1.4000725999495727,58.722215200233464],[1.399990999684098,58.722215200233464],[1.3999771000517092,58.722213399951364],[1.399948200350687,58.72220149989779],[1.3999121006526956,58.72217980042067],[1.3999079001304344,58.72217409967671],[1.3999052995076706,58.72216650023797],[1.3999060001936066,58.72216340011048],[1.3999123997916956,58.722155499844554],[1.399952700011948,58.72213320008787],[1.3999616993344703,58.72212290021003],[1.3999264000353928,58.722105299836706],[1.3999157002020315,58.722113999516225],[1.3999004000961346,58.722106699956825],[1.399913899978215,58.7221013004926],[1.399887600001626,58.722087799729614],[1.3998795996057094,58.72209609971221],[1.3998636994251845,58.72208860006517],[1.3998773996315845,58.72208319966536],[1.399727300130771,58.72200750023411],[1.3995706995222301,58.721927800341405],[1.3995614001624108,58.72193699957759],[1.399543800369344,58.72192879936624],[1.3995607003748052,58.721923999662565],[1.3995320000997717,58.72190950027181],[1.3995267997526082,58.72191920042458],[1.3995077006713526,58.72191090039982],[1.399522399804358,58.72190530035389],[1.3994171001850586,58.72185290044678],[1.3994069995279947,58.721852299724624],[1.399397599556867,58.721856399839545],[1.3993587995231338,58.72187770028092],[1.399343399704192,58.72188199954509],[1.3993265005970614,58.7218828003518],[1.3993081004051142,58.72187970019905],[1.3992922999375672,58.721872500399904],[1.3992467993701174,58.721849400120846],[1.3992400000217535,58.72184289991435],[1.3992359001107675,58.72183629989719],[1.399233300386334,58.721805399991055],[1.3992389004838397,58.721790499913304],[1.3992453000819287,58.72178310047646],[1.3992625998376647,58.72177309992398],[1.3993042996331282,58.7217524001425],[1.3993220000375033,58.721749500063986],[1.3993667002060393,58.721750000045354],[1.3994087997518447,58.72175259976192],[1.3994258003685807,58.72175629971697],[1.39943819981445,58.72176389971168],[1.3994433992633168,58.721768599627815],[1.399570500096241,58.72169569978573],[1.3995626003116328,58.721688800310986],[1.3995828995421107,58.721675499940645],[1.3996021001329715,58.72168299967667],[1.399619399888741,58.7216725998557],[1.3995980002220187,58.72166150042902],[1.3996306997966967,58.72164000023532],[1.3996545006601269,58.721652300187245],[1.3997302996054795,58.72161199977873],[1.3997383997144073,58.72160420013057],[1.399746499823335,58.72159810005174],[1.3997564001560794,58.72159549985723],[1.399769099639246,58.72159230033513],[1.3999157002020315,58.72151080010604],[1.399950000574537,58.721490400066365],[1.3999440995414372,58.7214802996193],[1.399966199894062,58.72146879995641],[1.3999801992394287,58.721474900057906],[1.40011869969332,58.72140080047289],[1.4001092000091808,58.721399400324366],[1.4000929000783475,58.721394899979856],[1.4000852994327393,58.721385900221925],[1.4000842996078366,58.72137549984577],[1.4000858995073338,58.72136140040266],[1.4000832000699226,58.72135189971618],[1.4000778002967365,58.72134789981909],[1.4000788001216393,58.72133809969621],[1.4000858995073338,58.721329300011824],[1.4001065005717697,58.721315499516514],[1.4001421996211558,58.72129999989658],[1.4001708998961557,58.72129470011825],[1.4002135995165554,58.72129379995343],[1.4002472001014554,58.721296100270976],[1.400270499704972,58.72130340000037],[1.4002991999799717,58.72131499952889],[1.400321899508894,58.7213274003394],[1.4003295001545022,58.72133549994869],[1.4003311000540328,58.721344299631504],[1.40032570028088,58.72135239970326],[1.4003073000888995,58.72136400014825],[1.400288899896919,58.721373800263834],[1.400275799765147,58.721383699721045]]]},"id":34,"type":"Feature","properties":{"fid":34,"objnam":" ","globalid":"{8DCDDCAD-E2EC-46FC-90E9-2BF927B91DFF}","SHAPE__Length":715.9647551411325,"SHAPE__Area":16304.015044805}},{"geometry":{"type":"Polygon","coordinates":[[[-3.0954748000053005,58.858731600009015],[-3.0954600999739976,58.8587125998133],[-3.095489599749614,58.8587431002813],[-3.095526400133542,58.85877359979334],[-3.09555579929785,58.85880409974309],[-3.095585200258753,58.858834600130486],[-3.095607299713081,58.8588689001426],[-3.095629400065705,58.85889940000839],[-3.0956513998069886,58.85892990031182],[-3.095666200449633,58.85896040012384],[-3.0956956005122382,58.85899470001133],[-3.0957249996765466,58.85903659959619],[-3.0957471000291714,58.859078500059425],[-3.0957618000604743,58.85911279982993],[-3.095776500091777,58.859143299480785],[-3.095798600444402,58.859173800033915],[-3.095820699898696,58.85920429963106],[-3.095850099961335,58.85924250016087],[-3.0958795000239405,58.859272999697495],[-3.0959015994782346,58.85930350013634],[-3.09592369983086,58.85934160021273],[-3.095953099893499,58.85937209966202],[-3.0959752002461234,58.85940260047812],[-3.095997299700418,58.85943309987369],[-3.0960266997630232,58.8594636001715],[-3.0960560998256623,58.8594940999779],[-3.09609290020959,58.85952459975738],[-3.096137100016509,58.85955509997455],[-3.096181200110417,58.859585499821584],[-3.0962400999486723,58.85961989989746],[-3.0962989997868946,58.85964270055554],[-3.096357799912139,58.859661800119305],[-3.096416699750361,58.85967699976702],[-3.096482900196927,58.859699899801306],[-3.0965418000351494,58.85971129987362],[-3.0966006998733713,58.859718999798055],[-3.0966594999986152,58.85972280028502],[-3.096718399836871,58.859726599842475],[-3.0967773005734234,58.859726599842475],[-3.096836099800337,58.859726599842475],[-3.0968949996385593,58.859726599842475],[-3.0969537997638033,58.85972280028502],[-3.097012700500356,58.859715200239776],[-3.0970715994402807,58.859699899801306],[-3.0971304004638216,58.85967699976702],[-3.097189300302044,58.85965040049525],[-3.0972482001402994,58.859623700395304],[-3.09729229933591,58.85959319977405],[-3.0973218000098237,58.859562700054944],[-3.097358600393752,58.859532199844466],[-3.097395300166371,58.85949789956041],[-3.0974321005502987,58.85946740022195],[-3.0974542000046266,58.85943690039204],[-3.0974836000672314,58.85940260047812],[-3.0975130998428484,58.85937209966202],[-3.097535100482462,58.85934160021273],[-3.09755719993679,58.8593073002044],[-3.0975793002893814,58.859276800233424],[-3.09760870035202,58.859246299771044],[-3.0976307998063146,58.85921580021092],[-3.09766019986892,58.859181500077945],[-3.097682299323248,58.85915099953157],[-3.097711700284184,58.85912049988748],[-3.097748499769781,58.85909000021651],[-3.0977853001537086,58.85905950005413],[-3.0978294999606275,58.85902900032941],[-3.0978736000545695,58.85899849964871],[-3.0979104004384967,58.858968000334805],[-3.097954600245416,58.858937499600366],[-3.0979839994097245,58.85890700023272],[-3.0980134003706605,58.85887649944455],[-3.098028200114974,58.85884600002317],[-3.098028200114974,58.85881550011034],[-3.098028200114974,58.858784999706124],[-3.098028200114974,58.85875450020413],[-3.098028200114974,58.85872399974616],[-3.098028200114974,58.85869350019043],[-3.0980207997936517,58.858662999678685],[-3.0980134003706605,58.85863250006921],[-3.0980060997623493,58.85860200043291],[-3.097991400629344,58.858571499840544],[-3.0979693002767186,58.85854100015046],[-3.097954600245416,58.85851049996896],[-3.0979471999241275,58.85848000022513],[-3.0979324998927913,58.8584494995253],[-3.0979177998614884,58.858419000192306],[-3.097888300085872,58.858388500367866],[-3.0978736000545695,58.85835800005202],[-3.0978589000232666,58.85832750017384],[-3.0978441999919637,58.85829699980422],[-3.097836800568972,58.858262699690044],[-3.0978294999606275,58.85823220019249],[-3.0978147999293246,58.85820170066807],[-3.0978147999293246,58.85816359980173],[-3.0978073996080364,58.85812929955539],[-3.0977927004750305,58.85808740026615],[-3.0977927004750305,58.85804540011387],[-3.0977927004750305,58.858007300469275],[-3.0977853001537086,58.857976799817536],[-3.0977853001537086,58.85793870009744],[-3.0977853001537086,58.857896799648366],[-3.0977853001537086,58.85786630029305],[-3.097778000443728,58.85782809963837],[-3.097778000443728,58.85779759975794],[-3.097778000443728,58.857759500305164],[-3.0977706001224057,58.85772899989973],[-3.0977632995140945,58.85769469968739],[-3.097755900091103,58.8576565996568],[-3.097748499769781,58.857626100089874],[-3.0977337997384784,58.85759559956689],[-3.0977190997071755,58.85756130061612],[-3.097711700284184,58.857530800036066],[-3.097697000252881,58.8575003003583],[-3.0976749996132336,58.857469799724505],[-3.0976529001589395,58.857439299992976],[-3.097638200127637,58.85740879977002],[-3.0976160997750117,58.857378299984795],[-3.0976013997437093,58.8573477997081],[-3.0975793002893814,58.85731729986914],[-3.0975498993284454,58.857286800467854],[-3.0975277998741513,58.857256299645954],[-3.097505699521526,58.85722580019097],[-3.0974763003572177,58.85719529977993],[-3.097446900294613,58.85716480027118],[-3.097417399620699,58.85713429980639],[-3.0973806001350686,58.85710379977934],[-3.0973365000411266,58.85707330018997],[-3.0972997005555296,58.85703900025717],[-3.097262900171602,58.857008499681555],[-3.0972113997563717,58.85697800000823],[-3.097167199949419,58.8569474998435],[-3.097115699534189,58.85691320025066],[-3.0970715994402807,58.85688270002878],[-3.097012700500356,58.85685600011718],[-3.0969537997638033,58.8568368999346],[-3.0968949996385593,58.856817900092814],[-3.096836099800337,58.85681019998766],[-3.0967773005734234,58.85680259976758],[-3.096718399836871,58.8567988003538],[-3.0966594999986152,58.8567988003538],[-3.0966006998733713,58.8567988003538],[-3.0965418000351494,58.85680259976758],[-3.096482900196927,58.85680639964554],[-3.0964241000716832,58.85681409975151],[-3.096365200233461,58.856817900092814],[-3.0963063003952054,58.856829299720395],[-3.096247499371664,58.8568368999346],[-3.0961886004317396,58.85684460003382],[-3.096129699695187,58.856848399907136],[-3.0960708995699426,58.856848399907136],[-3.096011999731721,58.856848399907136],[-3.095953099893499,58.856848399907136],[-3.095894299768254,58.856848399907136],[-3.0958353999300323,58.856848399907136],[-3.095776500091777,58.85684460003382],[-3.095717699966533,58.85684069980879],[-3.0956513998069886,58.85683309959543],[-3.095592599681778,58.856821699969096],[-3.095533699843523,58.85681409975151],[-3.0954748000053005,58.85680259976758],[-3.095415999880056,58.85678739978703],[-3.0953571000418343,58.856772100377476],[-3.0952981993052817,58.85676450014905],[-3.095239400078368,58.856753100500136],[-3.095180500240113,58.856745400380596],[-3.09511429979358,58.856745400380596],[-3.095055399955324,58.85673780014626],[-3.0949891995087913,58.856733999796205],[-3.094930300568866,58.8567301999103],[-3.094871500443622,58.856733999796205],[-3.0948125997070695,58.85673780014626],[-3.0947536998688476,58.856753100500136],[-3.0946948997436032,58.856772100377476],[-3.0946359999053814,58.85679120013122],[-3.0945845003884482,58.856821699969096],[-3.0945329999732176,58.85685220024467],[-3.0944888001662987,58.85688270002878],[-3.0944594001036596,58.85691320025066],[-3.0944447000723567,58.856943699981],[-3.0944372997510685,58.85697800000823],[-3.0944372997510685,58.857008499681555],[-3.0944372997510685,58.85703900025717],[-3.0944447000723567,58.85706949987674],[-3.094451999782371,58.85710379977934],[-3.0944594001036596,58.85713810011251],[-3.0944594001036596,58.85716859964478],[-3.0944667995266846,58.857199100079356],[-3.094481500456285,58.85722960002244],[-3.094481500456285,58.85726010040327],[-3.0944888001662987,58.85729439965249],[-3.094496200487621,58.85732869979686],[-3.0945108996205932,58.85735920009038],[-3.0945255996518957,58.85738969989244],[-3.094540300581529,58.8574202005968],[-3.094555099427512,58.85745069988053],[-3.0945771000671596,58.85748500033465],[-3.0945991995214537,58.85751549956132],[-3.0946286004823897,58.857546000154834],[-3.0946581002580063,58.857580300514535],[-3.0947022003519145,58.85761459944648],[-3.0947389998375447,58.85764509995273],[-3.094775799323142,58.85767950009844],[-3.094805200284078,58.857709999618336],[-3.0948419997697085,58.857740500040535],[-3.094871500443622,58.857770999971265],[-3.0948935001849387,58.85780530010804],[-3.094922999960555,58.857835799517105],[-3.094944999701872,58.85786630029305],[-3.0949671000544967,58.857896799648366],[-3.0950039004384244,58.85793109966052],[-3.095025999892719,58.85796160035246],[-3.095055399955324,58.85799589937123],[-3.095084899730941,58.85802640000613],[-3.0951069003705878,58.858056899685],[-3.0951215995035604,58.85808740026615],[-3.0951436998561848,58.85811789989127],[-3.0951583998874876,58.85814840041865],[-3.0951879005614344,58.85818269971694],[-3.0952098994044213,58.858213200187265],[-3.0952319997570457,58.85824369970156],[-3.0952466997883485,58.858274200118146],[-3.095261500430959,58.85830469957869],[-3.095283500172276,58.858335200406074],[-3.0953055996265704,58.85836569981289],[-3.095327699979195,58.85839620058656],[-3.09534980033182,58.85842669993964],[-3.095379199496129,58.85845719973042],[-3.0953939004257616,58.85848769995888],[-3.0954086004570645,58.858518199695915],[-3.095415999880056,58.85854860045348],[-3.09542329959007,58.85857910013687],[-3.09542329959007,58.85860959979339],[-3.095430699911359,58.85864010035214],[-3.0954453999426614,58.858670599954934],[-3.095452800263984,58.85870110045999],[-3.0954674993969897,58.858731600009015],[-3.0954748000053005,58.858731600009015]]]},"id":35,"type":"Feature","properties":{"fid":35,"objnam":" ","globalid":"{0E7F0FB3-D681-420F-9570-20BB9B7EC2AF}","SHAPE__Length":1712.1232747123431,"SHAPE__Area":170801.34936022}},{"geometry":{"type":"Polygon","coordinates":[[[-3.5266667005246815,57.743333300110365],[-3.539999999926448,57.743333300110365],[-3.539999999926448,57.73499999956244],[-3.5266667005246815,57.73499999956244],[-3.5266667005246815,57.743333300110365]]]},"id":50,"type":"Feature","properties":{"fid":50,"objnam":" ","globalid":"{D92AE06A-8876-4ADB-8099-540224A3728F}","SHAPE__Length":6444.358,"SHAPE__Area":2579522.66565469}},{"geometry":{"type":"Polygon","coordinates":[[[-5.816333299641025,57.28083330010228],[-5.825000000262143,57.279499999436176],[-5.822166700381287,57.27516669989507],[-5.810166700287162,57.27716669945269],[-5.816333299641025,57.28083330010228]]]},"id":51,"type":"Feature","properties":{"fid":51,"objnam":" ","globalid":"{360C9755-6C16-46DD-8956-E417B66F7CCD}","SHAPE__Length":4367.904488710605,"SHAPE__Area":1119456.74037179}},{"geometry":{"type":"Polygon","coordinates":[[[-3.076594099195213,58.85950940004275],[-3.0765943004178293,58.8595197999949],[-3.0765947998811156,58.859530100065086],[-3.0765956999930406,58.85954039966762],[-3.076596900142263,58.85955069973165],[-3.076598400328782,58.859560999792635],[-3.0766002993672794,58.85957119997175],[-3.076602599952746,58.859581499562076],[-3.0766051996771795,58.85959169973516],[-3.076608100337207,58.85960189990528],[-3.076611399849246,58.85961210007233],[-3.0766151000099238,58.85962220035778],[-3.0766190004948872,58.859632299711194],[-3.0766232998318293,58.85964239999074],[-3.07662799981741,58.85965250026733],[-3.076632999840254,58.859662399854905],[-3.076638300798759,58.859672399782646],[-3.0766438999979346,58.85968230029361],[-3.0766498998457155,58.8596920999942],[-3.0766563003421012,58.85970190015658],[-3.076662899366179,58.85971159997326],[-3.0766698999371926,58.859721300251785],[-3.076677199647173,58.85973089972017],[-3.076684800292815,58.85974039977218],[-3.076692700077423,58.85974990028608],[-3.076701000510637,58.85975929999009],[-3.076709599184554,58.85976859981335],[-3.0767185005906925,58.85977780022047],[-3.076727700237501,58.8597870001606],[-3.0767371999216397,58.85979599987749],[-3.076746999643076,58.85980500005657],[-3.0767571003001395,58.859813899890725],[-3.07676750009617,58.85982269984453],[-3.076778199929531,58.859831399918065],[-3.076789200698487,58.85984000011144],[-3.0768003999951343,58.85984850042467],[-3.0768119999404204,58.85985689992881],[-3.07682389992297,58.859865200017516],[-3.0768360002298394,58.8598733997618],[-3.076848399675709,58.859881500090786],[-3.0768610003442283,58.85988939973308],[-3.0768739998646923,58.859897300302684],[-3.0768872006077728,58.859905000185776],[-3.076900599878578,58.859912600189354],[-3.076914300084978,58.859920099848964],[-3.076928300328675,58.85992739975142],[-3.0769424999983612,58.85993470011694],[-3.076956899992367,58.8599417997964],[-3.0769716000236698,58.859948700183566],[-3.0769864994809946,58.85995559964031],[-3.077001699873914,58.85996229980491],[-3.0770171005911195,58.859968799748415],[-3.077032600123039,58.859975300155206],[-3.077048400590586,58.85998159987656],[-3.0770644004840886,58.859987699841646],[-3.0770807004149217,58.85999370039261],[-3.0770971000587664,58.859999500258404],[-3.0771137000268967,58.86000519978112],[-3.0771305003193468,58.86001079988995],[-3.0771475000377855,58.86001619977838],[-3.077164599469202,58.86002140037556],[-3.0771819001232688,58.86002650062992],[-3.077199400203324,58.860031399735036],[-3.0772170997093684,58.86003619942658],[-3.0772348998267214,58.860040799827175],[-3.077252899370063,58.86004520000778],[-3.077270999524713,58.86004949984589],[-3.0772893000036823,58.86005359946419],[-3.0773077001956626,58.86005750025632],[-3.0773262001006207,58.86006129977704],[-3.0773449003298987,58.86006489954263],[-3.077363700272154,58.86006839989506],[-3.0773825002144095,58.86007170049249],[-3.0774015004809843,58.86007480040589],[-3.07742059956224,58.86007769963529],[-3.0774397992548037,58.86008040050347],[-3.0774590995587094,58.86008300010053],[-3.0774785004738896,58.860085399942776],[-3.077497900490773,58.86008770037216],[-3.0775174002206342,58.86008970024046],[-3.0775370005618035,58.86009159976683],[-3.0775566000046757,58.86009330046765],[-3.077576299160559,58.86009480048477],[-3.0775960998260476,58.860096199695505],[-3.0776159004915367,58.86009729973894],[-3.0776357002587282,58.86009829944055],[-3.0776555000258865,58.8600990998522],[-3.0776754004043863,58.86009979945746],[-3.0776952998845557,58.86010019989555],[-3.0777152002630555,58.860100500456376],[-3.0777350997432253,58.860100599869064],[-3.0777550998347025,58.860100500456376],[-3.0777750002132027,58.86010019989555],[-3.077794899693372,58.86009979945746],[-3.0778147003588607,58.8600990998522],[-3.07783459983903,58.86009829944055],[-3.077854399606222,58.86009729973894],[-3.0778742002717103,58.860096199695505],[-3.077893899427561,58.86009480048477],[-3.0779136003800716,58.86009330046765],[-3.0779332995359217,58.86009159976683],[-3.077952899877124,58.86008970024046],[-3.077972399606985,58.86008770037216],[-3.0779917996238684,58.860085399942776],[-3.078011199640752,58.86008300010053],[-3.078030500842921,58.86008040050347],[-3.0780496996371878,58.86007769963529],[-3.0780687996167404,58.86007480040589],[-3.0780877001703377,58.86007170049249],[-3.0781065998256043,58.86006839989506],[-3.0781253997678597,58.86006489954263],[-3.0781440999971372,58.86006129977704],[-3.078162599902096,58.86005750025632],[-3.078181000094043,58.86005359946419],[-3.078199299674715,58.86004949984589],[-3.0782173998293647,58.86004520000778],[-3.078235300558026,58.860040799827175],[-3.0782532003883896,58.86003619942658],[-3.0782708001814227,58.860031399735036],[-3.0782883002614785,58.86002650062992],[-3.0783056997302256,58.86002140037556],[-3.0783228000599725,58.86001619977838],[-3.0783397997784117,58.86001079988995],[-3.0783566000708618,58.86000519978112],[-3.078373200038992,58.859999500258404],[-3.078389599682803,58.85999370039261],[-3.0784057999006587,58.859987699841646],[-3.078421799794161,58.85998159987656],[-3.0784376002617084,58.859975300155206],[-3.0784531995066056,58.859968799748415],[-3.078468599325514,58.85996229980491],[-3.0784837000054552,58.85995559964031],[-3.0784987000740553,58.859948700183566],[-3.0785132994940834,58.8599417997964],[-3.078527800099397,58.85993470011694],[-3.078541999769083,58.85992739975142],[-3.078555899401472,58.859920099848964],[-3.07856969932085,58.859912600189354],[-3.0785830994899523,58.859905000185776],[-3.0785963002330665,58.859897300302684],[-3.0786092000405523,58.85988939973308],[-3.078621900422016,58.859881500090786],[-3.0786342998678853,58.8598733997618],[-3.0786464001747547,58.859865200017516],[-3.078658300157338,58.85985689992881],[-3.0786697994912826,58.85984850042467],[-3.078681099399238,58.85984000011144],[-3.0786921001682273,58.859831399918065],[-3.0787028000015546,58.85982269984453],[-3.0787131997976185,58.859813899890725],[-3.078723300454682,58.85980500005657],[-3.078733100176085,58.85979599987749],[-3.078742599860224,58.8597870001606],[-3.0787517995070655,58.85977780022047],[-3.0787607000148736,58.85976859981335],[-3.0787692995870874,58.85975929999009],[-3.078777499409027,58.85974990028608],[-3.0787854998049435,58.85974039977218],[-3.0787931004505515,58.85973089972017],[-3.0788004001605653,58.859721300251785],[-3.0788074007315793,58.85971159997326],[-3.078813999755657,58.85970190015658],[-3.078820300539032,58.8596920999942],[-3.0788262994885156,58.85968230029361],[-3.0788319992989988,58.859672399782646],[-3.078837300257471,58.859662399854905],[-3.078842300280349,58.85965250026733],[-3.078847000265929,58.85964239999074],[-3.0788512996028707,58.859632299711194],[-3.0788552000878346,58.85962220035778],[-3.078858900248479,58.85961210007233],[-3.0788621000475405,58.85960189990528],[-3.0788651004205794,58.85959169973516],[-3.0788677001450124,58.859581499562076],[-3.078869900119137,58.85957119997175],[-3.0788718997689766,58.859560999792635],[-3.0788733999554956,58.85955069973165],[-3.0788745992063875,58.85954039966762],[-3.0788755002166095,58.859530100065086],[-3.078875999679929,58.8595197999949],[-3.078876200004215,58.85950940004275],[-3.078875999679929,58.859499100430966],[-3.0788755002166095,58.85948880035158],[-3.0788745992063875,58.85947850026914],[-3.0788733999554956,58.85946820018361],[-3.0788718997689766,58.859457899630485],[-3.078869900119137,58.859447700347076],[-3.0788677001450124,58.8594374002524],[-3.0788651004205794,58.859427200498374],[-3.0788621000475405,58.859417000276835],[-3.078858900248479,58.85940680005224],[-3.0788552000878346,58.85939659982469],[-3.0788512996028707,58.85938649947343],[-3.078847000265929,58.85937649992763],[-3.078842300280349,58.859366400035064],[-3.078837300257471,58.85935640048346],[-3.0788319992989988,58.85934649941478],[-3.0788262994885156,58.85933659973688],[-3.078820300539032,58.859326799935644],[-3.078813999755657,58.85931700013165],[-3.0788074007315793,58.8593073002044],[-3.0788004001605653,58.859297599809864],[-3.0787931004505515,58.85928799975676],[-3.0787854998049435,58.85927850004518],[-3.078777499409027,58.8592689998664],[-3.0787692995870874,58.85925960002928],[-3.0787607000148736,58.85925030006932],[-3.0787517995070655,58.85924109998654],[-3.078742599860224,58.859231899901346],[-3.078733100176085,58.859222799693455],[-3.078723300454682,58.859213900171945],[-3.0787131997976185,58.85920500018352],[-3.0787028000015546,58.85919620053727],[-3.0786921001682273,58.859187500304095],[-3.078681099399238,58.859178900413184],[-3.0786697994912826,58.85917039993549],[-3.078658300157338,58.85916200026481],[-3.0786464001747547,58.859153700472056],[-3.0786342998678853,58.859145500092765],[-3.078621900422016,58.85913740005609],[-3.0786092000405523,58.85912950024221],[-3.0785963002330665,58.85912159996193],[-3.0785830994899523,58.85911389990462],[-3.07856969932085,58.859106299725696],[-3.078555899401472,58.85909880035432],[-3.078541999769083,58.85909139993242],[-3.078527800099397,58.859084199733815],[-3.0785132994940834,58.859077099413874],[-3.0784987000740553,58.859070100366424],[-3.0784837000054552,58.859063300613485],[-3.078468599325514,58.85905659981031],[-3.0784531995066056,58.85905000027982],[-3.0784376002617084,58.85904360004409],[-3.078421799794161,58.85903730015206],[-3.0784057999006587,58.85903120001952],[-3.078389599682803,58.85902519976628],[-3.078373200038992,58.85901940020181],[-3.0783566000708618,58.85901370005223],[-3.0783397997784117,58.859008100246655],[-3.0783228000599725,58.85900269973643],[-3.0783056997302256,58.85899749991534],[-3.0782883002614785,58.85899239950933],[-3.0782708001814227,58.85898750025717],[-3.0782532003883896,58.85898269949113],[-3.078235300558026,58.8589780994145],[-3.0782173998293647,58.85897370002739],[-3.078199299674715,58.85896940052019],[-3.078181000094043,58.858965300308974],[-3.078162599902096,58.85896130044234],[-3.0781440999971372,58.85895760021685],[-3.0781253997678597,58.85895389952643],[-3.0781065998256043,58.858950500335574],[-3.0780877001703377,58.85894719963124],[-3.0780687996167404,58.85894409961687],[-3.0780496996371878,58.85894120029253],[-3.078030500842921,58.858938399919445],[-3.078011199640752,58.85893589965247],[-3.0779917996238684,58.8589333998499],[-3.077972399606985,58.85893119968901],[-3.077952899877124,58.85892919975379],[-3.0779332995359217,58.85892729969907],[-3.0779136003800716,58.85892559987009],[-3.077893899427561,58.85892399992165],[-3.0778742002717103,58.85892270054422],[-3.077854399606222,58.85892149965366],[-3.07783459983903,58.858920499918064],[-3.0778147003588607,58.85891970040831],[-3.077794899693372,58.858919100659826],[-3.0777750002132027,58.85891870020809],[-3.0777550998347025,58.858918399637],[-3.0777350997432253,58.85891830022093],[-3.0777152002630555,58.858918399637],[-3.0776952998845557,58.85891870020809],[-3.0776754004043863,58.858919100659826],[-3.0776555000258865,58.85891970040831],[-3.0776357002587282,58.858920499918064],[-3.0776159004915367,58.85892149965366],[-3.0775960998260476,58.85892270054422],[-3.077576299160559,58.85892399992165],[-3.0775566000046757,58.85892559987009],[-3.0775370005618035,58.85892729969907],[-3.0775174002206342,58.85892919975379],[-3.077497900490773,58.85893119968901],[-3.0774785004738896,58.8589333998499],[-3.0774590995587094,58.85893589965247],[-3.0774397992548037,58.858938399919445],[-3.07742059956224,58.85894120029253],[-3.0774015004809843,58.85894409961687],[-3.0773825002144095,58.85894719963124],[-3.077363700272154,58.858950500335574],[-3.0773449003298987,58.85895389952643],[-3.0773262001006207,58.85895760021685],[-3.0773077001956626,58.85896130044234],[-3.0772893000036823,58.858965300308974],[-3.077270999524713,58.85896940052019],[-3.077252899370063,58.85897370002739],[-3.0772348998267214,58.8589780994145],[-3.0772170997093684,58.85898269949113],[-3.077199400203324,58.85898750025717],[-3.0771819001232688,58.85899239950933],[-3.077164599469202,58.85899749991534],[-3.0771475000377855,58.85900269973643],[-3.0771305003193468,58.859008100246655],[-3.0771137000268967,58.85901370005223],[-3.0770971000587664,58.85901940020181],[-3.0770807004149217,58.85902519976628],[-3.0770644004840886,58.85903120001952],[-3.077048400590586,58.85903730015206],[-3.077032600123039,58.85904360004409],[-3.0770171005911195,58.85905000027982],[-3.077001699873914,58.85905659981031],[-3.0769864994809946,58.859063300613485],[-3.0769716000236698,58.859070100366424],[-3.076956899992367,58.859077099413874],[-3.0769424999983612,58.859084199733815],[-3.076928300328675,58.85909139993242],[-3.076914300084978,58.85909880035432],[-3.076900599878578,58.859106299725696],[-3.0768872006077728,58.85911389990462],[-3.0768739998646923,58.85912159996193],[-3.0768610003442283,58.85912950024221],[-3.076848399675709,58.85913740005609],[-3.0768360002298394,58.859145500092765],[-3.07682389992297,58.859153700472056],[-3.0768119999404204,58.85916200026481],[-3.0768003999951343,58.85917039993549],[-3.076789200698487,58.859178900413184],[-3.076778199929531,58.859187500304095],[-3.07676750009617,58.85919620053727],[-3.0767571003001395,58.85920500018352],[-3.076746999643076,58.859213900171945],[-3.0767371999216397,58.859222799693455],[-3.076727700237501,58.859231899901346],[-3.0767185005906925,58.85924109998654],[-3.076709599184554,58.85925030006932],[-3.076701000510637,58.85925960002928],[-3.076692700077423,58.8592689998664],[-3.076684800292815,58.85927850004518],[-3.076677199647173,58.85928799975676],[-3.0766698999371926,58.859297599809864],[-3.076662899366179,58.8593073002044],[-3.0766563003421012,58.85931700013165],[-3.0766498998457155,58.859326799935644],[-3.0766438999979346,58.85933659973688],[-3.076638300798759,58.85934649941478],[-3.076632999840254,58.85935640048346],[-3.07662799981741,58.859366400035064],[-3.0766232998318293,58.85937649992763],[-3.0766190004948872,58.85938649947343],[-3.0766151000099238,58.85939659982469],[-3.076611399849246,58.85940680005224],[-3.076608100337207,58.859417000276835],[-3.0766051996771795,58.859427200498374],[-3.076602599952746,58.8594374002524],[-3.0766002993672794,58.859447700347076],[-3.076598400328782,58.859457899630485],[-3.076596900142263,58.85946820018361],[-3.0765956999930406,58.85947850026914],[-3.0765947998811156,58.85948880035158],[-3.076594099195213,58.85950940004275]]]},"id":36,"type":"Feature","properties":{"fid":36,"objnam":" ","globalid":"{F0C8E3BD-AD3C-485E-9940-804C0940E263}","SHAPE__Length":798.810624337212,"SHAPE__Area":50776.43595937}},{"geometry":{"type":"Polygon","coordinates":[[[-3.093647699480946,58.85152119981621],[-3.093584199370121,58.85152779985258],[-3.0935968997516183,58.85158050019641],[-3.0936349999977795,58.85163319953072],[-3.09366039986241,58.85168590017878],[-3.0936985998215487,58.85173870018338],[-3.0937621996453513,58.85179140020625],[-3.093851200232148,58.85184409968427],[-3.0939529003020785,58.8518835996134],[-3.0940546003720417,58.851910000404345],[-3.0941562995436747,58.851916600366586],[-3.094258100224913,58.851916600366586],[-3.094359800294877,58.851910000404345],[-3.094461500364807,58.85190339997616],[-3.0945631995364398,58.8518835996134],[-3.0946648996063697,58.85185069965907],[-3.094766700287642,58.851817700237035],[-3.0948556999761085,58.85176499978956],[-3.0949320001813745,58.85170570018995],[-3.094982799910702,58.85165300003665],[-3.095046399734505,58.851600299803174],[-3.0950844999806657,58.85154760041879],[-3.095110000456638,58.85149490002491],[-3.095110000456638,58.85144220001547],[-3.0951226999398043,58.851389400023464],[-3.0951226999398043,58.851336700318136],[-3.0951226999398043,58.851284000067956],[-3.0951226999398043,58.851231299737556],[-3.0951226999398043,58.85117859979164],[-3.0951226999398043,58.8511259002302],[-3.095135399422971,58.85107320012383],[-3.095135399422971,58.85102049947267],[-3.095135399422971,58.85096119999217],[-3.095173499669099,58.85090850009989],[-3.095237099492901,58.85085569975877],[-3.0953261000796983,58.850802999705934],[-3.095415099768131,58.85075030003758],[-3.095504100354928,58.850697599824315],[-3.095567700178731,58.85064489953086],[-3.0956058004248583,58.850592200086574],[-3.095618600519333,58.850539500097426],[-3.095618600519333,58.850486799563356],[-3.095618600519333,58.85043410034316],[-3.095618600519333,58.85037479985854],[-3.0956058004248583,58.85032199963307],[-3.095567700178731,58.85026929969738],[-3.095516799838095,58.850216600146204],[-3.095415099768131,58.85020999985992],[-3.095313399698201,58.85022320043121],[-3.0952116996282375,58.85025619997868],[-3.095110000456638,58.850302300130295],[-3.095008199775366,58.85034840022055],[-3.094906499705436,58.8503813002081],[-3.0948047996354724,58.85040769982104],[-3.094703100463839,58.850427500098334],[-3.094601400393909,58.85044719999456],[-3.0944995997126377,58.8504736004866],[-3.0943978996427073,58.8504736004866],[-3.094296200471074,58.8504736004866],[-3.0941945004011107,58.850460400010746],[-3.0940928003311803,58.85043410034316],[-3.093990999649909,58.850387900461726],[-3.0939019999614423,58.85033520016167],[-3.093812999374679,58.85028249978139],[-3.0937495001621844,58.8502297997856],[-3.09366039986241,58.85017710017429],[-3.0935587006907768,58.850144099622106],[-3.0934570006208464,58.850144099622106],[-3.093355299652586,58.850144099622106],[-3.093253599582656,58.850144099622106],[-3.0931517997996814,58.85015729975383],[-3.0930374002465846,58.85017049988051],[-3.092922999795157,58.850190300293434],[-3.092808500529049,58.85022320043121],[-3.092706800459086,58.850249600164645],[-3.0926050994908247,58.85028249978139],[-3.0925033994208952,58.85033520016167],[-3.092401700249262,58.85037479985854],[-3.0922999004663208,58.850427500098334],[-3.092223600261021,58.85048019979327],[-3.0921981994980596,58.85053289987269],[-3.092210899879524,58.850585600336565],[-3.0922999004663208,58.8506383002556],[-3.092401700249262,58.8506383002556],[-3.0925033994208952,58.8506383002556],[-3.0926050994908247,58.8506383002556],[-3.092706800459086,58.8506383002556],[-3.092808500529049,58.85064489953086],[-3.0929103003119907,58.850651499734276],[-3.0930119994835903,58.850658099936396],[-3.0931137004518505,58.85066470013724],[-3.093215400521814,58.850697599824315],[-3.0933170996934476,58.850730599849086],[-3.093380700415547,58.8507833000121],[-3.093431599857886,58.85083600009496],[-3.0934697001040132,58.8508886996329],[-3.0934951996816884,58.85094140002],[-3.093533299927816,58.850994100326886],[-3.0935713992756466,58.85104680055362],[-3.0935968997516183,58.851099499770754],[-3.093609600133116,58.85115219983705],[-3.0936223005145793,58.851205000190724],[-3.0936349999977795,58.85125770056115],[-3.0936349999977795,58.85131039992202],[-3.0936349999977795,58.85136310013204],[-3.0936349999977795,58.851415800261854],[-3.0936349999977795,58.851468499846796],[-3.0936349999977795,58.85152119981621],[-3.093647699480946,58.85152119981621]]]},"id":37,"type":"Feature","properties":{"fid":37,"objnam":" ","globalid":"{1615624D-56E9-4D33-945D-1233BD27E0F8}","SHAPE__Length":1339.2917349772592,"SHAPE__Area":73811.47893004}},{"geometry":{"type":"Polygon","coordinates":[[[-3.0851978997801335,58.85314220000983],[-3.0851802999870666,58.853146799932595],[-3.0851890998836,58.853183399963164],[-3.0852243991826773,58.85322000041967],[-3.0852686007862244,58.8532565999082],[-3.0853039000853353,58.85329319982268],[-3.0853304003862108,58.85332980062777],[-3.085365700583619,58.853366400000276],[-3.085392199986196,58.8534029997987],[-3.085427500183571,58.853439599558435],[-3.0854540004844795,58.853476200208796],[-3.0854893006818878,58.85351279989116],[-3.085542300385307,58.853549399534856],[-3.0855953000887597,58.85358600006913],[-3.0856394001827008,58.85362260010008],[-3.085710100290495,58.853659199627714],[-3.0857807006853117,58.853659199627714],[-3.0858513001817975,58.853650100278166],[-3.085922000289625,58.853650100278166],[-3.0860014005809413,58.853650100278166],[-3.0860720997904383,58.853650100278166],[-3.086142700185255,58.853636300243906],[-3.086213400293049,58.85361339991568],[-3.0862839997895346,58.85359060039762],[-3.086345800287818,58.853553999403545],[-3.0864165003956456,58.85352190020609],[-3.0864870998921314,58.85348530053333],[-3.086540099595584,58.85344869989261],[-3.0865931001973337,58.85341210014247],[-3.086637200291275,58.85337550035366],[-3.0866813003852167,58.853338899596885],[-3.086716700295603,58.85330230019531],[-3.086760799491213,58.85326570029044],[-3.0867960996886215,58.853229099882235],[-3.086822599989497,58.8531924999],[-3.0868579001869048,58.85315590034372],[-3.086875599692949,58.853119299819475],[-3.0869108998903574,58.853082700185794],[-3.0869374001912324,58.85304610051345],[-3.086990399894685,58.85300949987314],[-3.0870344999886266,58.8529683001775],[-3.08709639930159,58.85293170038426],[-3.087166999696373,58.85289969957864],[-3.087228799296359,58.8528631001775],[-3.0872993996911755,58.85282650027307],[-3.0873700997989695,58.85279449983485],[-3.0874406992954557,58.85276239993331],[-3.0875024997937386,58.85272579945777],[-3.0875731999015663,58.85269379985581],[-3.0876260998920078,58.85265720023703],[-3.087688000103302,58.85262059965031],[-3.087758600498118,58.85259310004857],[-3.0878291999946037,58.85256110032397],[-3.087899900102398,58.852538200213935],[-3.0879705004972147,58.852510800445884],[-3.0880323000972005,58.852474199704425],[-3.0880588003980756,58.852437600318204],[-3.08807649990412,58.85240100042864],[-3.08807649990412,58.85236439957111],[-3.08807649990412,58.852327800068856],[-3.08807649990412,58.85229120052791],[-3.08807649990412,58.85225459955432],[-3.088067600294575,58.852217999936],[-3.088067600294575,58.85217680022796],[-3.088050000501542,58.85214019959812],[-3.0880235002006673,58.852103599858886],[-3.0879793003937475,58.85206700008097],[-3.0879352002998064,58.85203039979971],[-3.0878822005963538,58.85199379994442],[-3.087811600201537,58.85195720005049],[-3.0877498006015847,58.85192059965318],[-3.0876790995954604,58.85188390024556],[-3.087635000399849,58.851847300235434],[-3.087599700202441,58.851810699721966],[-3.0875642993937245,58.851774100099135],[-3.087511399403283,58.851737500437636],[-3.087475999492864,58.85170089980811],[-3.087414199892911,58.85166430006923],[-3.0873700997989695,58.85162770029168],[-3.087334799601561,58.851591099546106],[-3.0872993996911755,58.85155450015585],[-3.0872464997007003,58.85151790026223],[-3.0871934999972814,58.85148129986527],[-3.087131699498998,58.85144010021006],[-3.087060999391171,58.85140810034928],[-3.086990399894685,58.851389800097614],[-3.0869197994998685,58.851389800097614],[-3.0868491002903715,58.851389800097614],[-3.0867784998955883,58.851389800097614],[-3.086707799787761,58.851389800097614],[-3.086637200291275,58.851389800097614],[-3.0865665998964587,58.851389800097614],[-3.0864958997886647,58.851394400253206],[-3.0864165003956456,58.851394400253206],[-3.086345800287818,58.85139890004116],[-3.0862751998930347,58.85140350019551],[-3.0862044997852074,58.85141270050245],[-3.0861339002887216,58.85142179951063],[-3.086063299893905,58.851435500060546],[-3.0859925997861106,58.8514446998943],[-3.085922000289625,58.85145380028806],[-3.0858513001817975,58.85148129986527],[-3.0857807006853117,58.85150879988529],[-3.085718900187029,58.8515453997885],[-3.0856571005870426,58.85158649988131],[-3.0856040999852925,58.851623100167075],[-3.085568800686215,58.8516596999495],[-3.085515800084432,58.85169639959473],[-3.085471699990524,58.851733000229],[-3.085418700287071,58.851769599895256],[-3.0853834000896634,58.851806199522855],[-3.0853392002827436,58.85184280004107],[-3.0853039000853353,58.85187940005596],[-3.0852686007862244,58.85191599956749],[-3.085233199977508,58.85195260043434],[-3.0851978997801335,58.851989199868505],[-3.0851802999870666,58.85202579972864],[-3.085162599582725,58.85206240047939],[-3.0851537996861915,58.8520989997975],[-3.085127299385317,58.852135599541604],[-3.0851095998792726,58.85217220017634],[-3.0850919991879087,58.85220879984306],[-3.0850742996818643,58.85224539993575],[-3.085056699888831,58.8522820004544],[-3.085056699888831,58.852318600005084],[-3.0850477993809893,58.85235519951708],[-3.0850477993809893,58.852391800384325],[-3.085038999484456,58.852428399818955],[-3.085030199587923,58.852469599692284],[-3.085030199587923,58.8525062004386],[-3.085030199587923,58.85254280021697],[-3.085038999484456,58.852579399956646],[-3.085038999484456,58.85261600058692],[-3.085038999484456,58.85265720023703],[-3.0850477993809893,58.852698399838175],[-3.085056699888831,58.85273499941336],[-3.085056699888831,58.85277160034381],[-3.085056699888831,58.85280819984167],[-3.085065499785331,58.85284479976545],[-3.085065499785331,58.85288140011524],[-3.0850742996818643,58.852917999961655],[-3.0850919991879087,58.85295459976941],[-3.0851007999827393,58.85299120046776],[-3.0851184994887837,58.85302780019812],[-3.085136099281817,58.85306439988984],[-3.085171399479225,58.85310100047212],[-3.0851978997801335,58.85313760008643],[-3.0851978997801335,58.85314220000983]]]},"id":38,"type":"Feature","properties":{"fid":38,"objnam":" ","globalid":"{3DFC2ED5-9770-4A32-BE98-4EE410325A55}","SHAPE__Length":1301.8409457634343,"SHAPE__Area":112185.055041415}},{"geometry":{"type":"Polygon","coordinates":[[[-5.029733300161969,54.97373330055009],[-5.029349999810018,54.97313329961022],[-5.028599999972543,54.97325000028874],[-5.027983300241795,54.972916699620384],[-5.022799999492862,54.968599999963494],[-5.020333300282849,54.96893330036167],[-5.018450000255981,54.969516700505785],[-5.020049999489989,54.97070000024475],[-5.021983300643864,54.97161670029476],[-5.023483300318781,54.97255000046616],[-5.025100000132229,54.97298330016584],[-5.028349999727285,54.97378329983706],[-5.029733300161969,54.97373330055009]]]},"id":67,"type":"Feature","properties":{"fid":67,"objnam":" ","globalid":"{47F760A1-E70F-43AD-B5FC-6EAC70B2AFCF}","SHAPE__Length":3404.3075660945206,"SHAPE__Area":456935.75394843}},{"geometry":{"type":"Polygon","coordinates":[[[-3.3083197001315607,54.01795339981671],[-3.309285800490393,54.017194899808295],[-3.3071555005913402,54.016144600033016],[-3.3042821996291982,54.014802500032296],[-3.3025482993155713,54.01359169985393],[-3.300913500245772,54.01191400024933],[-3.2991301000650175,54.0125850003734],[-3.300195200158038,54.013606300018104],[-3.301904299783332,54.015094299604975],[-3.303489599884334,54.01596950025319],[-3.3083197001315607,54.01795339981671]]]},"id":68,"type":"Feature","properties":{"fid":68,"objnam":" ","globalid":"{EDCBA1B1-5C10-47E2-A8BA-62DE4996643D}","SHAPE__Length":3264.670752231949,"SHAPE__Area":310420.643729405}},{"geometry":{"type":"Polygon","coordinates":[[[-4.831716699987812,54.756799999972664],[-4.83731670045098,54.75166669944875],[-4.829999999716944,54.74626669978929],[-4.823766699554898,54.75166669944875],[-4.831716699987812,54.756799999972664]]]},"id":69,"type":"Feature","properties":{"fid":69,"objnam":" ","globalid":"{A3094028-7DCA-4594-93EF-7F5674051C99}","SHAPE__Length":5071.835381444707,"SHAPE__Area":1532313.33153704}},{"geometry":{"type":"Polygon","coordinates":[[[-3.085316800791119,58.8593356998927],[-3.0853061997724716,58.85932470014379],[-3.0853909998369744,58.85929180029104],[-3.085475799901477,58.85926429994818],[-3.085560499354671,58.859236900392304],[-3.08564530031747,58.859209400005845],[-3.085730100381973,58.859187500304095],[-3.085814799835167,58.859159999878386],[-3.085899599899703,58.85912710033367],[-3.085984399964205,58.85908869991618],[-3.0860691003156964,58.85905020004037],[-3.086153900380199,58.8590062996121],[-3.086238699546404,58.85896240005729],[-3.086312799777546,58.858918499517664],[-3.086281100027804,58.858918499517664],[-3.086365800379329,58.85888010026247],[-3.0864399994251506,58.85883610020217],[-3.0865142002676342,58.85879219996695],[-3.086577700378425,58.85874830014061],[-3.0866413002022277,58.858704399794064],[-3.0867155001463806,58.858660500320994],[-3.086779099970183,58.85861659986311],[-3.086853200201324,58.85856720028342],[-3.0869061999047767,58.858523199825434],[-3.0869591996082293,58.85847929965797],[-3.0870228003303626,58.858435399899456],[-3.087086300441154,58.85839149962069],[-3.0871499002649565,58.85834760021538],[-3.087234700329459,58.858309099979984],[-3.087319399782653,58.85827620009122],[-3.087404199847156,58.85825420038112],[-3.0874996000320083,58.85823780012357],[-3.087584299485202,58.858232300075116],[-3.0876691004480348,58.858232300075116],[-3.087753900512537,58.85822679956123],[-3.087838599965732,58.85822679956123],[-3.087923400030234,58.85822679956123],[-3.0880082000947366,58.85822679956123],[-3.0880928995479304,58.85822679956123],[-3.0881777005107636,58.85822679956123],[-3.0882624996769357,58.85822130044015],[-3.08834720002846,58.85821029987257],[-3.088432000092963,58.85819389959424],[-3.088516799259168,58.85818289994707],[-3.0886014996106597,58.85817189983185],[-3.088696899795512,58.85816090017769],[-3.0887817007583447,58.858149900520075],[-3.088866400211539,58.85814449987596],[-3.0889512002760413,58.85814449987596],[-3.0890359994422467,58.8581389998127],[-3.089131299914088,58.858122500082196],[-3.0892160999785903,58.85811699955085],[-3.0893115001634426,58.858095000204194],[-3.089396199616637,58.85808409947951],[-3.089491599801523,58.858073100262054],[-3.0895763998660253,58.85806209964738],[-3.0896610993192195,58.858051099958324],[-3.089745900282019,58.858051099958324],[-3.0898307003465213,58.858051099958324],[-3.0899153997997155,58.858051099958324],[-3.090000199864218,58.858051099958324],[-3.090084999928754,58.858051099958324],[-3.090169699381948,58.858051099958324],[-3.0902545003447477,58.858051099958324],[-3.09033930040925,58.858051099958324],[-3.0904239998624443,58.858051099958324],[-3.0905087999269467,58.858051099958324],[-3.090593599991449,58.858034700069155],[-3.090678300342974,58.85801269974104],[-3.090763100407476,58.85799069986351],[-3.090847899573682,58.85796880031998],[-3.090943200045523,58.857952299579225],[-3.0910280001100254,58.85794129985529],[-3.091112799276231,58.8579304000114],[-3.091197499627722,58.857919399815934],[-3.0912823005905548,58.85791390018148],[-3.09136709975676,58.85790840008158],[-3.0914518001082514,58.85790289998079],[-3.091536600172754,58.8578974003437],[-3.091621399338959,58.85788640013777],[-3.0917060996904504,58.85787550027656],[-3.0917909006532835,58.85786449959909],[-3.0918756998194556,58.857859000420504],[-3.09196040017098,58.85783149986861],[-3.0920451993371856,58.85779859999052],[-3.092098199938935,58.85775469983343],[-3.092108800059285,58.857710800085215],[-3.092108800059285,58.85766689981674],[-3.0920769996982354,58.85762290053741],[-3.091992199633733,58.85761739992668],[-3.0919075001805387,58.857611999664094],[-3.0918227001160363,58.857611999664094],[-3.0917378991532036,58.857611999664094],[-3.091653199700009,58.857611999664094],[-3.0915683996355066,58.857611999664094],[-3.091483600469301,58.85761739992668],[-3.09138829999746,58.85762290053741],[-3.0913034999329576,58.85762290053741],[-3.091218699868455,58.857628399753494],[-3.091134000415261,58.85763940004142],[-3.0910491994524283,58.857655900002136],[-3.0909644002862224,58.857677800208194],[-3.090879699934731,58.85768880001584],[-3.0907948998702293,58.85769430015064],[-3.0907101007040234,58.85769430015064],[-3.0906254003525326,58.85769430015064],[-3.0905405993896995,58.85769430015064],[-3.090455800223494,58.85769430015064],[-3.090371099872003,58.85769430015064],[-3.0902863007057975,58.85769979981996],[-3.0902014997429976,58.85769979981996],[-3.090116799391473,58.857710800085215],[-3.090032000225301,58.85772179988235],[-3.0899472001607986,58.85773819991976],[-3.089862499809274,58.85774370004671],[-3.089777700643102,58.85774920017277],[-3.0896928996802693,58.85774920017277],[-3.0896081993287448,58.85774920017277],[-3.0895234001625727,58.85773819991976],[-3.08947040045912,58.85769430015064],[-3.089480999681139,58.85765039986124],[-3.089491599801523,58.85760650044537],[-3.0895234001625727,58.857562600044645],[-3.0895658006439723,58.85751859970358],[-3.0896505000971666,58.857491200159814],[-3.089735300161669,58.85747470012058],[-3.0898201002261714,58.85745820053807],[-3.0899047996793656,58.85743630019311],[-3.0899896006421987,58.857403300519046],[-3.090074399808371,58.8573649000478],[-3.0901591001598954,58.85732649999853],[-3.0902439002243978,58.85728259970737],[-3.090328699390603,58.85723870028969],[-3.0904133997420944,58.85720570042728],[-3.090498200704927,58.857178299706696],[-3.090582999871099,58.85715629976354],[-3.0906677002226237,58.85712889993303],[-3.0907101007040234,58.85708489996993],[-3.0907101007040234,58.857041000301585],[-3.0906254003525326,58.85702460039849],[-3.0905405993896995,58.85702460039849],[-3.090455800223494,58.85702460039849],[-3.090371099872003,58.85702460039849],[-3.0902863007057975,58.85702999982356],[-3.0902014997429976,58.857041000301585],[-3.090116799391473,58.857041000301585],[-3.090032000225301,58.857041000301585],[-3.0899472001607986,58.857041000301585],[-3.089862499809274,58.857041000301585],[-3.089777700643102,58.857041000301585],[-3.0896928996802693,58.857041000301585],[-3.0896081993287448,58.857041000301585],[-3.0895234001625727,58.85704649961014],[-3.0894386000980703,58.85705199984697],[-3.089353900644876,58.85705750008293],[-3.089269099682043,58.85706299938885],[-3.0891842996175405,58.85706849962307],[-3.0890996001643463,58.85707399985641],[-3.089014800099844,58.85707950008887],[-3.0889300000353415,58.85708489996993],[-3.0888453005821472,58.857090400200654],[-3.088760499619314,58.857090400200654],[-3.088675699554812,58.85708489996993],[-3.0885910001016175,58.85707950008887],[-3.088506200037115,58.85706849962307],[-3.0884214008709097,58.85704649961014],[-3.088336699621088,58.857013599915255],[-3.0882518995565857,58.85697509959009],[-3.0881777005107636,58.85693120024709],[-3.088103499668281,58.856887299919265],[-3.088039999557489,58.856843400464925],[-3.0879975999743867,58.85679950002578],[-3.087955200391284,58.85675559953096],[-3.0879127999098843,58.85671160048722],[-3.087870400326781,58.85666769988094],[-3.0878491991877843,58.85662380014818],[-3.08781750033634,58.85657989989516],[-3.0877856999752904,58.85653600051566],[-3.0877644997345906,58.85649200026366],[-3.087743299493857,58.85644260043993],[-3.0877221001514874,58.85639869995716],[-3.0877221001514874,58.85635479941869],[-3.0877221001514874,58.856310900218375],[-3.087732699373507,58.856266999568625],[-3.087732699373507,58.85622849980702],[-3.087732699373507,58.856223000368566],[-3.087732699373507,58.85617910007193],[-3.087732699373507,58.85613519971961],[-3.087732699373507,58.85609130024087],[-3.087732699373507,58.85604739977723],[-3.0877221001514874,58.8560034002981],[-3.087711500031138,58.855959499723056],[-3.0876902997904376,58.855915600486085],[-3.0876479002073354,58.855866199839966],[-3.0876160998462856,58.855822300484746],[-3.0875737002631825,58.85577830025492],[-3.0874996000320083,58.85573439939443],[-3.0874147999675055,58.85569600032436],[-3.087329999903003,58.855679499429556],[-3.087245300449809,58.85566309934615],[-3.0871604994869757,58.85566309934615],[-3.087075700320804,58.85566309934615],[-3.086990999969279,58.85566309934615],[-3.0869061999047767,58.85566309934615],[-3.086821400738605,58.85566309934615],[-3.08673670038708,58.855668499912724],[-3.0866518994242806,58.855679499429556],[-3.0865671002580757,58.85569600032436],[-3.0864823999065503,58.85572339989504],[-3.0863975998420483,58.85575090026307],[-3.086312799777546,58.85578380022862],[-3.0862493005650515,58.85582779952225],[-3.0861856998429515,58.85587169979972],[-3.086122100019149,58.855915600486085],[-3.0860796995377493,58.855959499723056],[-3.0860372999546466,58.8560034002981],[-3.0860056002049054,58.85604739977723],[-3.0859737998438552,58.85609130024087],[-3.0859526005014524,58.85613519971961],[-3.0859314002607525,58.85617910007193],[-3.085910200020053,58.856223000368566],[-3.085899599899703,58.856266999568625],[-3.085899599899703,58.856310900218375],[-3.0858890006776503,58.85635479941869],[-3.0858677995386197,58.85639869995716],[-3.0858677995386197,58.85644260043993],[-3.0858572003166,58.856486599825516],[-3.0858466001962506,58.85653050019685],[-3.0858360000759,58.856574399583295],[-3.0858253999555503,58.85661830030791],[-3.085814799835167,58.856662199583035],[-3.085793600492798,58.856706100196305],[-3.0857830003724476,58.8567501001762],[-3.0857512997243757,58.85679399974883],[-3.085708900141273,58.85683790019496],[-3.085677100678554,58.856881799656264],[-3.0856347001971205,58.85692569999107],[-3.0856028998360707,58.85696970015647],[-3.085560499354671,58.857013599915255],[-3.0855182003828765,58.85705750008293],[-3.085475799901477,58.85710139973035],[-3.085433400318374,58.8571453002513],[-3.0854121991793435,58.85718919978741],[-3.0853803997166245,58.85723870028969],[-3.085359199475891,58.85728259970737],[-3.0853485993555414,58.85732649999853],[-3.085327400013172,58.85737040023404],[-3.0853061997724716,58.857414299949326],[-3.0852850004300687,58.85745820053807],[-3.085253299781997,58.85750219956217],[-3.0851790998378448,58.85754610003948],[-3.085136700254775,58.85758999953194],[-3.085083699652992,58.85763389989788],[-3.0850518992919422,58.857677800208194],[-3.0850413000698893,58.85772179988235],[-3.0850413000698893,58.857765700081195],[-3.0850413000698893,58.85780959975978],[-3.0850413000698893,58.85785349984731],[-3.085062500310589,58.8578974003437],[-3.085136700254775,58.85794129985529],[-3.0852215003192778,58.857974299481164],[-3.085316800791119,58.85800170003633],[-3.085401599957324,58.85801269974104],[-3.0854864000218267,58.85802370037142],[-3.085571100373318,58.858034700069155],[-3.0856558995395234,58.858045599880214],[-3.0857407005023565,58.858051099958324],[-3.0858253999555503,58.858073100262054],[-3.085910200020053,58.85811699955085],[-3.085910200020053,58.85816090017769],[-3.0858890006776503,58.85820480028433],[-3.0858677995386197,58.85824879975329],[-3.0858360000759,58.858292700213],[-3.0857618998447256,58.858336599687924],[-3.085677100678554,58.858369499519306],[-3.085592299715721,58.85841339982596],[-3.0855182003828765,58.85845739995896],[-3.085443999540427,58.85850129968957],[-3.0853698004945715,58.858545200293676],[-3.085316800791119,58.85858909944842],[-3.0852638999023467,58.858632999941186],[-3.085210900198928,58.85867690037827],[-3.0851579004954752,58.858726400147205],[-3.085115500014042,58.85877030046586],[-3.085073100430973,58.85881419979969],[-3.0850200998291895,58.85885810047157],[-3.084977799959098,58.85890199969412],[-3.0849566006166955,58.85894590025463],[-3.0849566006166955,58.85899530022307],[-3.0849566006166955,58.85903930008105],[-3.084977799959098,58.85908319953835],[-3.084999000199798,58.85912710033367],[-3.0850306999495394,58.859170999679634],[-3.085083699652992,58.859214899899065],[-3.085136700254775,58.85925879959826],[-3.0852215003192778,58.85930270017086],[-3.0853061997724716,58.8593356998927],[-3.085316800791119,58.8593356998927]]]},"id":39,"type":"Feature","properties":{"fid":39,"objnam":" ","globalid":"{65505F7B-6788-4799-8BF7-0DE22FE52B31}","SHAPE__Length":3044.002817778336,"SHAPE__Area":235988.95920783}},{"geometry":{"type":"Polygon","coordinates":[[[-2.8816667001802685,59.00466669979332],[-2.885166700020583,59.003333300231354],[-2.8816667001802685,59.00250000007117],[-2.879883299999514,59.00406339940139],[-2.8816667001802685,59.00466669979332]]]},"id":40,"type":"Feature","properties":{"fid":40,"objnam":" ","globalid":"{F5680955-501F-4B4F-9D12-3B1761A2926F}","SHAPE__Length":1543.3561439071414,"SHAPE__Area":137730.62525939}},{"geometry":{"type":"Polygon","coordinates":[[[-3.069720299337252,58.44116300003106],[-3.0675414993960075,58.43948710013229],[-3.0633568997659038,58.43950219939744],[-3.063465100045231,58.44116300003106],[-3.069720299337252,58.44116300003106]]]},"id":42,"type":"Feature","properties":{"fid":42,"objnam":"RFA ISLEFORD","globalid":"{3567AEB1-85B1-4CC6-8FA2-7CD23107220F}","SHAPE__Length":1946.7477806798383,"SHAPE__Area":206395.28385894}},{"geometry":{"type":"Polygon","coordinates":[[[-5.043333300388432,55.88499999983574],[-5.053333300317158,55.88499999983574],[-5.053333300317158,55.868333300218424],[-5.040000000017095,55.861166700026466],[-5.0330000003364646,55.86891669982126],[-5.043333300388432,55.88499999983574]]]},"id":43,"type":"Feature","properties":{"fid":43,"objnam":" ","globalid":"{52255A16-BCD3-43AC-8C17-23E52343F1FA}","SHAPE__Length":11591.993273267295,"SHAPE__Area":7214368.940506175}},{"geometry":{"type":"Polygon","coordinates":[[[-4.815600000322592,55.962599999848976],[-4.81279999919271,55.95823330045951],[-4.810550000578682,55.95923329982841],[-4.811466699885068,55.961283299905794],[-4.815600000322592,55.962599999848976]]]},"id":44,"type":"Feature","properties":{"fid":44,"objnam":" ","globalid":"{E5862288-2CB4-48FE-9361-BB5768735DE6}","SHAPE__Length":2192.1218104741565,"SHAPE__Area":220173.64391882}},{"geometry":{"type":"Polygon","coordinates":[[[-4.832616700511419,55.96513330032731],[-4.854666699864684,55.9584499999492],[-4.850683299502019,55.954266699932205],[-4.828283300344372,55.96070000026347],[-4.832616700511419,55.96513330032731]]]},"id":45,"type":"Feature","properties":{"fid":45,"objnam":" ","globalid":"{10819D65-5F60-4695-B733-3BB7951FFAF9}","SHAPE__Length":7541.602973384617,"SHAPE__Area":2723443.24073462}},{"geometry":{"type":"Polygon","coordinates":[[[-2.956869800197546,56.4608165002208],[-2.9566999997442216,56.4606166998528],[-2.9552854999214464,56.46100240000974],[-2.955504499306237,56.46119239998688],[-2.956869800197546,56.4608165002208]]]},"id":46,"type":"Feature","properties":{"fid":46,"objnam":" ","globalid":"{2C92E1D6-6808-4DA8-A02E-8AF913DCEF8C}","SHAPE__Length":435.261293188652,"SHAPE__Area":7736.1167921}},{"geometry":{"type":"Polygon","coordinates":[[[-2.896999999747467,56.46036669999713],[-2.8974832996585094,56.45708330001579],[-2.8846666995300687,56.45660000003178],[-2.8843500002732894,56.45988329983732],[-2.896999999747467,56.46036669999713]]]},"id":47,"type":"Feature","properties":{"fid":47,"objnam":" ","globalid":"{09225323-59CA-46C3-BC88-099191FBCAF6}","SHAPE__Length":4167.715943135729,"SHAPE__Area":941975.791938735}},{"geometry":{"type":"Polygon","coordinates":[[[-2.025299999967515,57.12800000020027],[-2.025333299616787,57.12775000006816],[-2.021450000322818,57.12766669947101],[-2.0214000000941073,57.12941670008893],[-2.025299999967515,57.12800000020027]]]},"id":48,"type":"Feature","properties":{"fid":48,"objnam":" ","globalid":"{CFF6C20B-6371-4A71-883F-F915493D3451}","SHAPE__Length":1365.4110829905592,"SHAPE__Area":88218.70015826}},{"geometry":{"type":"Polygon","coordinates":[[[-4.112399999656307,57.68476670051642],[-4.110516699629473,57.68048329959759],[-4.098316700417099,57.681650000164225],[-4.099933299619237,57.68603329998264],[-4.112399999656307,57.68476670051642]]]},"id":49,"type":"Feature","properties":{"fid":49,"objnam":" ","globalid":"{52CCE00A-61DC-4D1A-AEBF-A5DF122BD557}","SHAPE__Length":4638.825854086861,"SHAPE__Area":1288201.96056582}},{"geometry":{"type":"Polygon","coordinates":[[[-5.801166700441101,57.3130166998815],[-5.827700000036305,57.3130166998815],[-5.827700000036305,57.29803330035043],[-5.801166700441101,57.29803330035043],[-5.801166700441101,57.3130166998815]]]},"id":52,"type":"Feature","properties":{"fid":52,"objnam":" ","globalid":"{58D6E36F-8989-44E0-A92F-CED2DF6F8DAE}","SHAPE__Length":12083.0984,"SHAPE__Area":9120576.61296372}},{"geometry":{"type":"Polygon","coordinates":[[[-5.688616399404725,57.26639009996953],[-5.688721999959652,57.26618759967902],[-5.686682100222574,57.265488900256805],[-5.686316900025272,57.265598700137595],[-5.688616399404725,57.26639009996953]]]},"id":53,"type":"Feature","properties":{"fid":53,"objnam":"HMS PORT NAPIER","globalid":"{769346D4-E738-4172-B9A2-A2EF66CAF5C2}","SHAPE__Length":662.0599003687969,"SHAPE__Area":11783.45051979}},{"geometry":{"type":"Polygon","coordinates":[[[-5.655504700153026,57.281853500268696],[-5.655863300427919,57.28148509997836],[-5.648021299950012,57.28099209988489],[-5.647819099959341,57.28134069943652],[-5.655504700153026,57.281853500268696]]]},"id":54,"type":"Feature","properties":{"fid":54,"objnam":" ","globalid":"{E0C14B32-1B3F-485A-98CD-C45B547B82C7}","SHAPE__Length":1901.8768957447044,"SHAPE__Area":67044.52769668}},{"geometry":{"type":"Polygon","coordinates":[[[-4.8957532002376976,55.77683520003577],[-4.895535000353489,55.77683900036388],[-4.895356800652271,55.77689639982387],[-4.89527189997646,55.77700159969728],[-4.895280399835663,55.77712600035489],[-4.89534480005838,55.77723759977683],[-4.895689599515597,55.77769190041556],[-4.895821599760058,55.77780600004591],[-4.8959887995906195,55.77785549954789],[-4.896199900089131,55.77785059997046],[-4.896402299505793,55.77779599980207],[-4.8964903002676525,55.777686900279306],[-4.89650790006072,55.77756290002993],[-4.896102500254474,55.77701029969283],[-4.895950100168194,55.77690099992127],[-4.8957532002376976,55.77683520003577]]]},"id":55,"type":"Feature","properties":{"fid":55,"objnam":" ","globalid":"{E1E4E4FE-B4A9-4EC1-BCE5-E29F01A0BCD6}","SHAPE__Length":531.7947557156867,"SHAPE__Area":17918.149901035}},{"geometry":{"type":"Polygon","coordinates":[[[-5.167916699945622,55.85166670011119],[-5.167916699945622,55.82481670036571],[-5.139450000381862,55.82481670036571],[-5.139450000381862,55.85166670011119],[-5.167916699945622,55.85166670011119]]]},"id":56,"type":"Feature","properties":{"fid":56,"objnam":" ","globalid":"{05723D17-2A1C-453A-B528-085328BEE58E}","SHAPE__Length":16983.4328,"SHAPE__Area":16867469.65908315}},{"geometry":{"type":"Polygon","coordinates":[[[-3.27974999973734,56.04576669984582],[-3.2911667003613303,56.041916699720886],[-3.2880832996239087,56.039916700282205],[-3.277916699939216,56.04309999965884],[-3.27974999973734,56.04576669984582]]]},"id":57,"type":"Feature","properties":{"fid":57,"objnam":" ","globalid":"{DE41CEAA-7E80-4EF7-B19A-50097B995E1D}","SHAPE__Length":3877.2854530957684,"SHAPE__Area":750432.93640428}},{"geometry":{"type":"Polygon","coordinates":[[[-3.305000000253612,56.04243330007743],[-3.3122500001794655,56.03453330009791],[-3.307999999603412,56.02800000023687],[-3.296199999525801,56.02966669973707],[-3.305000000253612,56.04243330007743]]]},"id":58,"type":"Feature","properties":{"fid":58,"objnam":" ","globalid":"{92A221DB-B5B1-4796-849D-272FB77875AD}","SHAPE__Length":7234.85208844471,"SHAPE__Area":2731042.66769645}},{"geometry":{"type":"Polygon","coordinates":[[[-3.30869560016219,56.019337799846824],[-3.325852099768779,56.015445899687826],[-3.3283970000192165,56.01120119945739],[-3.305721800177637,56.014036399493605],[-3.30869560016219,56.019337799846824]]]},"id":59,"type":"Feature","properties":{"fid":59,"objnam":" ","globalid":"{E0F17FE5-23F8-4F78-B548-37599F029A6A}","SHAPE__Length":6645.711182404223,"SHAPE__Area":2123388.214088285}},{"geometry":{"type":"Polygon","coordinates":[[[-5.448466699567855,56.53806669996191],[-5.459150000322501,56.534883299898254],[-5.455950000057857,56.53065000016952],[-5.444950000046399,56.533650000218344],[-5.448466699567855,56.53806669996191]]]},"id":60,"type":"Feature","properties":{"fid":60,"objnam":" ","globalid":"{46A4FD7E-9DE4-44F6-96A1-06E43EC1C0BC}","SHAPE__Length":4617.495875180285,"SHAPE__Area":1287056.47636034}},{"geometry":{"type":"Polygon","coordinates":[[[-5.6905057001776695,57.26347380007539],[-5.690570100400387,57.26344390030052],[-5.69055170020844,57.263399099900305],[-5.690511200562165,57.26336050006258],[-5.6904598007582425,57.26332929973634],[-5.690358599253268,57.26326960000062],[-5.690239099964282,57.26319980007704],[-5.690147199615788,57.26317990010595],[-5.690064499812399,57.2631849003609],[-5.690055299267261,57.2632197005232],[-5.690055299267261,57.26326459975714],[-5.690165599807735,57.26333429997101],[-5.6902942996418595,57.263399099900305],[-5.690376999445249,57.26344390030052],[-5.6905057001776695,57.26347380007539]]]},"id":61,"type":"Feature","properties":{"fid":61,"objnam":" ","globalid":"{B5896A99-3B84-4C4A-A3F6-437DC949B104}","SHAPE__Length":176.73119963049768,"SHAPE__Area":1605.814855}},{"geometry":{"type":"Polygon","coordinates":[[[-4.108849999587282,50.365500000022344],[-4.10903329992272,50.365500000022344],[-4.109049999603828,50.36513329967136],[-4.109233299939232,50.36488329972065],[-4.109083300151431,50.364816699622104],[-4.108849999587282,50.36513329967136],[-4.108849999587282,50.365500000022344]]]},"id":62,"type":"Feature","properties":{"fid":62,"objnam":" ","globalid":"{CFE5F0C4-0D57-4AAA-8FEF-919A165DED74}","SHAPE__Length":277.97693067873035,"SHAPE__Area":2463.12885133}},{"geometry":{"type":"Polygon","coordinates":[[[-4.109609399395884,50.3644091994651],[-4.109942700417422,50.36390919978655],[-4.109776099763159,50.363809200135606],[-4.1094761001874875,50.36437579995931],[-4.109609399395884,50.3644091994651]]]},"id":63,"type":"Feature","properties":{"fid":63,"objnam":" ","globalid":"{2F4B1675-A41C-453A-B653-4F6A3D63EB39}","SHAPE__Length":240.58583175242148,"SHAPE__Area":1963.75762069}},{"geometry":{"type":"Polygon","coordinates":[[[-4.155919700164072,50.35385330028632],[-4.156115299334038,50.353813599422566],[-4.156337100564209,50.35373980029715],[-4.156366799765815,50.35369470010641],[-4.156284900361373,50.35368960006691],[-4.156064300178722,50.35373980029715],[-4.155886899978119,50.35379880028753],[-4.155879600268105,50.353832999923874],[-4.155919700164072,50.35385330028632]]]},"id":64,"type":"Feature","properties":{"fid":64,"objnam":" ","globalid":"{EFC6885F-D6F5-428F-ACF2-14215A6F1DC9}","SHAPE__Length":128.4530781708636,"SHAPE__Area":653.109381885}},{"geometry":{"type":"Polygon","coordinates":[[[-4.126300000356772,50.351350000335366],[-4.1262832997773335,50.3512332999371],[-4.125900000323679,50.3511332999472],[-4.125750000535843,50.35099999973635],[-4.1253999998331645,50.35101669989939],[-4.125433300380767,50.351150000063356],[-4.125816700445696,50.3512332999371],[-4.126016700462243,50.35131670054714],[-4.126300000356772,50.351350000335366]]]},"id":65,"type":"Feature","properties":{"fid":65,"objnam":"FYLRIX","globalid":"{301E520B-3CC3-4C4A-B75A-A9C902CFCC5E}","SHAPE__Length":261.5413167578792,"SHAPE__Area":2673.13662812}},{"geometry":{"type":"Polygon","coordinates":[[[-5.263166699963047,50.49800000054504],[-5.317500000060782,50.49800000054504],[-5.317500000060782,50.49133329990134],[-5.263166699963047,50.49133329990134],[-5.263166699963047,50.49800000054504]]]},"id":66,"type":"Feature","properties":{"fid":66,"objnam":" ","globalid":"{B20F641D-A69D-4EEB-A61A-A7C398249E75}","SHAPE__Length":14429.914,"SHAPE__Area":7056021.57518401}},{"geometry":{"type":"Polygon","coordinates":[[[-3.505266699653072,54.71706670005405],[-3.5053166998817833,54.71690000019402],[-3.505266699653072,54.71669999972268],[-3.5051166998652703,54.716583300327436],[-3.5031333005663,54.71591670053322],[-3.501916699600593,54.71563329952286],[-3.501649999674228,54.71569999969006],[-3.5022832993731057,54.71621669992081],[-3.5034332992436403,54.71633330022564],[-3.5034332992436403,54.716416700181874],[-3.5022667003032724,54.71630000049008],[-3.5022167000745617,54.71691669989088],[-3.50446669958692,54.71684999964978],[-3.505266699653072,54.71706670005405]]]},"id":70,"type":"Feature","properties":{"fid":70,"objnam":" ","globalid":"{F62DEE43-1B1F-488F-992F-EDDD5AD3F2B2}","SHAPE__Length":1401.3815636888917,"SHAPE__Area":50959.04231912}},{"geometry":{"type":"Polygon","coordinates":[[[-3.5028666994545814,54.715500000563615],[-3.501683300221797,54.71480000052195],[-3.5015167004658307,54.71448329981865],[-3.501283300188704,54.71451669963973],[-3.501450000555978,54.714933299706956],[-3.502099999935998,54.715316699768714],[-3.5028666994545814,54.715500000563615]]]},"id":71,"type":"Feature","properties":{"fid":71,"objnam":" ","globalid":"{CF0F3283-993F-4EC9-B1BF-422ACE611E9E}","SHAPE__Length":557.293708142795,"SHAPE__Area":7452.21752783}},{"geometry":{"type":"Polygon","coordinates":[[[0.09373329976306927,52.94459999956317],[0.08771669929871129,52.939733300251795],[0.08961669990501803,52.93839999961916],[0.09608330063117987,52.94338329959306],[0.09373329976306927,52.94459999956317]]]},"id":72,"type":"Feature","properties":{"fid":72,"objnam":" ","globalid":"{CFA40AF0-07F7-4908-B678-1106D508CD7E}","SHAPE__Length":2959.165926969257,"SHAPE__Area":378850.18281358}},{"geometry":{"type":"Polygon","coordinates":[[[-4.214166699443319,53.19899999941127],[-4.213166700258917,53.19550000008635],[-4.207333300416953,53.19550000008635],[-4.207666700253204,53.19899999941127],[-4.214166699443319,53.19899999941127]]]},"id":73,"type":"Feature","properties":{"fid":73,"objnam":"HMS CONWAY","globalid":"{A52777CA-F5B5-4302-A7FE-3CDFEA16128F}","SHAPE__Length":2684.2243608535437,"SHAPE__Area":446469.068505155}},{"geometry":{"type":"Polygon","coordinates":[[[0.175748100001024,51.48766149981019],[0.17579090023273214,51.487563800316366],[0.17583690026350146,51.487517399681856],[0.17586709982672363,51.48748690015528],[0.17587780055838179,51.48749069994153],[0.17592850057469825,51.487508699837335],[0.1757997001292655,51.487680800163474],[0.175748100001024,51.48766149981019]]]},"id":74,"type":"Feature","properties":{"fid":74,"objnam":" ","globalid":"{0C67DEB0-4B4C-4175-962D-20B2C1CF3716}","SHAPE__Length":82.77099583851718,"SHAPE__Area":286.89846855}},{"geometry":{"type":"Polygon","coordinates":[[[0.5712282004423606,51.412866300315514],[0.571197800554819,51.4129079999124],[0.5711691999927969,51.41289759994934],[0.5711264006594192,51.412871800052244],[0.5710985995979805,51.412867800192856],[0.571070900046214,51.41287230038482],[0.5710495003794916,51.41288019981186],[0.5709987006501974,51.41288079987465],[0.5709678004010392,51.412882299751516],[0.5709306002668033,51.412895199698916],[0.5708916996217619,51.41292339983188],[0.5707917000626371,51.41293650034863],[0.5706452998241711,51.412870900238],[0.5705609004082741,51.41280410046588],[0.570269799543817,51.412729899797704],[0.5702383001183949,51.41271159977898],[0.5702266992748116,51.41268570004619],[0.5702506995642308,51.412666799944176],[0.5702849999367363,51.41265119991637],[0.5706401003753044,51.412754599936854],[0.570724499791168,51.4127384004346],[0.570889699971923,51.412638199608985],[0.5710377998229308,51.41259940036763],[0.5710893999511722,51.41253579999779],[0.5711600003459886,51.41245070017319],[0.5712667004387965,51.41235920000797],[0.5713082996229853,51.41233260027399],[0.5713569999894629,51.41231760020235],[0.571392300186871,51.412324700192066],[0.5714493000882652,51.41234940055013],[0.5714749002772485,51.412376499491735],[0.5712887001801131,51.41262240010963],[0.5711547002858136,51.41266400019816],[0.5712518000831743,51.4128299995713],[0.5712282004423606,51.412866300315514]]]},"id":75,"type":"Feature","properties":{"fid":75,"objnam":" ","globalid":"{E3F58AE6-B8EE-46A3-964D-1F3A1A19FF19}","SHAPE__Length":429.2325766221028,"SHAPE__Area":4781.34586436}},{"geometry":{"type":"Polygon","coordinates":[[[0.7354499999648554,51.42345000025418],[0.7349499994743407,51.42345000025418],[0.7349499994743407,51.42331669984388],[0.7355000001935663,51.42331669984388],[0.7354499999648554,51.42345000025418]]]},"id":76,"type":"Feature","properties":{"fid":76,"objnam":" ","globalid":"{37E4B5C2-4906-4D09-BCBC-936D1C1FE0BE}","SHAPE__Length":165.12206014731154,"SHAPE__Area":1390.76915588}},{"geometry":{"type":"Polygon","coordinates":[[[0.8472166996805937,51.559083300025335],[0.8462166995978612,51.55833330043253],[0.8463999999332994,51.55828329972208],[0.8474167005954371,51.55900000017482],[0.8472166996805937,51.559083300025335]]]},"id":77,"type":"Feature","properties":{"fid":77,"objnam":" ","globalid":"{2F279022-C851-4C76-83D8-68607BC65B57}","SHAPE__Length":394.61662783036905,"SHAPE__Area":4140.96811135}},{"geometry":{"type":"Polygon","coordinates":[[[0.4627372999366186,51.47631719990672],[0.4626266005441662,51.47636149980918],[0.46259290024628863,51.47637469963539],[0.4624009006256586,51.47644999989345],[0.4623683995786728,51.47646270005772],[0.46231169971457575,51.476417500571564],[0.46235989971947006,51.476395599911925],[0.4625175001529139,51.476324300024075],[0.4625534004249164,51.47630799996579],[0.462641599714469,51.476264700407405],[0.4626587000442161,51.47625629943002],[0.46273859979885196,51.476316699709315],[0.4627372999366186,51.47631719990672]]]},"id":78,"type":"Feature","properties":{"fid":78,"objnam":" ","globalid":"{151AA92C-B1A3-43DC-BBDA-17936D43A201}","SHAPE__Length":121.21424436258869,"SHAPE__Area":578.254608795}},{"geometry":{"type":"Polygon","coordinates":[[[1.1623129002654387,51.770768699703375],[1.1643537001144089,51.76634750059888],[1.179441900644547,51.7668664000184],[1.1771334998589222,51.77170269937134],[1.1623129002654387,51.770768699703375]]]},"id":79,"type":"Feature","properties":{"fid":79,"objnam":" ","globalid":"{15C8E03C-126A-46BE-97EA-3D8E8653663F}","SHAPE__Length":5074.818402678744,"SHAPE__Area":1417753.81639374}},{"geometry":{"type":"Polygon","coordinates":[[[0.20495000055620924,51.48126669993415],[0.20476669932250743,51.48126669993415],[0.204050000032635,51.48104999981045],[0.2033832991748459,51.48094999968603],[0.20208329951647566,51.48081669978565],[0.2016333001530023,51.480683299353835],[0.2012333001199093,51.480249999948384],[0.20190000007940134,51.4802000001554],[0.20226670046322218,51.48048330007485],[0.204050000032635,51.48061670053221],[0.20508329976460615,51.48094999968603],[0.20495000055620924,51.48126669993415]]]},"id":80,"type":"Feature","properties":{"fid":80,"objnam":" ","globalid":"{206E1135-455D-476E-A4BE-DFCF09CB7AF1}","SHAPE__Length":1004.7137741159646,"SHAPE__Area":29524.46999158}},{"geometry":{"type":"Polygon","coordinates":[[[0.2101833006355564,51.482150000133934],[0.20796669958715094,51.48183329930647],[0.20734999985640323,51.48175000013636],[0.206050000198033,51.48146669969377],[0.20586669986262818,51.48118330014784],[0.20616670033659645,51.48071670026856],[0.20626669989572116,51.480733300295306],[0.20618330030472692,51.481116699818536],[0.2065667003696894,51.48131670023601],[0.20823329980053878,51.481516700335796],[0.2096667001769112,51.48161669977706],[0.2101833006355564,51.482150000133934]]]},"id":81,"type":"Feature","properties":{"fid":81,"objnam":" ","globalid":"{7C1F711E-E986-409D-BF02-51F912433F66}","SHAPE__Length":1218.3669329291931,"SHAPE__Area":30380.289668345}},{"geometry":{"type":"Polygon","coordinates":[[[0.224447799949056,51.47735379974653],[0.22521830023962536,51.47697779982812],[0.2263161996203019,51.47642249973709],[0.22672329993738638,51.47685940006926],[0.2249638003331068,51.47775059942972],[0.224447799949056,51.47735379974653]]]},"id":82,"type":"Feature","properties":{"fid":82,"objnam":" ","globalid":"{2D048242-CE15-4350-8FD3-E7445E5CF984}","SHAPE__Length":700.4147771578782,"SHAPE__Area":23263.07796251}},{"geometry":{"type":"Polygon","coordinates":[[[-0.014799999427411465,51.48448330026304],[-0.014833299974980658,51.484333299539145],[-0.01424999960651633,51.48416670011024],[-0.01424999960651633,51.484050000040334],[-0.014833299974980658,51.483866700002054],[-0.014833299974980658,51.483699999852114],[-0.01424999960651633,51.483866700002054],[-0.013750000014298606,51.48403330052695],[-0.013750000014298606,51.484200000577296],[-0.014799999427411465,51.48448330026304]]]},"id":83,"type":"Feature","properties":{"fid":83,"objnam":" ","globalid":"{C235EE47-EE78-4043-B3E0-ED6CCBBE4265}","SHAPE__Length":513.6525230363902,"SHAPE__Area":7036.090664945}},{"geometry":{"type":"Polygon","coordinates":[[[-1.2989332997266698,50.76560000032775],[-1.29860000050176,50.765366700154104],[-1.2982167001498086,50.76560000032775],[-1.2985499993747187,50.7658167000555],[-1.2989332997266698,50.76560000032775]]]},"id":154,"type":"Feature","properties":{"fid":154,"objnam":" ","globalid":"{A8AE42BC-FD60-4378-8F88-665DDEC83FD4}","SHAPE__Length":224.9965523514494,"SHAPE__Area":3158.963365725}},{"geometry":{"type":"Polygon","coordinates":[[[0.698966699771339,51.38889999945883],[0.6991166995591745,51.38819999989143],[0.699649999698928,51.38833330011943],[0.6994999999111259,51.38873329937754],[0.6997166996087806,51.38903329988985],[0.6991500001067438,51.38909999985086],[0.698966699771339,51.38889999945883]]]},"id":84,"type":"Feature","properties":{"fid":84,"objnam":" ","globalid":"{01DCA488-8B85-4AA5-AD17-66F375E6CC9D}","SHAPE__Length":427.21537835451875,"SHAPE__Area":8968.8351682}},{"geometry":{"type":"Polygon","coordinates":[[[0.681516699900179,51.42329999994494],[0.6812499999737801,51.42328330003987],[0.6812499999737801,51.42301669953844],[0.6815000002190374,51.42303330039291],[0.681516699900179,51.42329999994494]]]},"id":85,"type":"Feature","properties":{"fid":85,"objnam":" ","globalid":"{3C05AC74-832D-4556-845B-9BAC17CD17E0}","SHAPE__Length":153.06724295649047,"SHAPE__Area":1366.263636075}},{"geometry":{"type":"Polygon","coordinates":[[[0.35617659960043896,51.45150719996781],[0.35615610004564174,51.4514463005206],[0.35620909974909437,51.45141539955942],[0.35628179950672745,51.45136559936307],[0.3563893997114604,51.451256199853894],[0.3564127999262852,51.45121369944375],[0.3564224999347436,51.4511621999936],[0.3564083999780353,51.451036099598895],[0.3559693995868897,51.45083310015055],[0.35596590064886185,51.450770700051066],[0.3557484005522598,51.45066819945226],[0.3546562000837362,51.45071319996194],[0.3545498997412367,51.45077940018578],[0.3543967998673511,51.450777300307884],[0.35383270008974765,51.45126959951928],[0.35379010018235896,51.45130909984684],[0.3537080004535981,51.45130240002044],[0.3537448996522064,51.4512694998727],[0.35423670032078214,51.45083660068922],[0.35428400021375145,51.45079489986833],[0.3542355998845712,51.45076990063061],[0.3542730003430931,51.45074049952553],[0.3543826999106428,51.450629699528356],[0.35586619933040675,51.45058120005783],[0.3561014007296807,51.450690500417],[0.3562155002455138,51.4507284001639],[0.35644599986257963,51.45083759940351],[0.35692129937770567,51.45106290017452],[0.3568653001995113,51.45114920000362],[0.3568184000568504,51.45115800027282],[0.3567621996560395,51.45115359957861],[0.356690899473651,51.451128900037745],[0.3566460995921039,51.451160299986675],[0.3564922999306127,51.45108339946367],[0.35649639984156545,51.451210399906834],[0.3564547000461018,51.451286300391814],[0.3563670002198353,51.45138699981158],[0.3562709002473774,51.45145279991396],[0.35617659960043896,51.45150719996781]]]},"id":86,"type":"Feature","properties":{"fid":86,"objnam":" ","globalid":"{1FB9AB1A-F4DF-4519-BFBE-5D1677A6F308}","SHAPE__Length":1091.512488169279,"SHAPE__Area":8864.517208365}},{"geometry":{"type":"Polygon","coordinates":[[[0.27513249999388606,51.454169399808656],[0.2757780006109753,51.45415199971003],[0.27577929957487823,51.45432020001236],[0.2757804000110892,51.454468599971506],[0.2751425997526194,51.45448709990278],[0.27513249999388606,51.454169399808656]]]},"id":87,"type":"Feature","properties":{"fid":87,"objnam":" ","globalid":"{3C6A82F9-C693-4F95-8E3A-30397977CBAB}","SHAPE__Length":256.3257433170252,"SHAPE__Area":4049.196832615}},{"geometry":{"type":"Polygon","coordinates":[[[0.3223167007351153,51.47248330020157],[0.3218587000773949,51.47256599967145],[0.3213666999827967,51.47169999959801],[0.3218000005634589,51.471600000236634],[0.3223167007351153,51.47248330020157]]]},"id":88,"type":"Feature","properties":{"fid":88,"objnam":" ","globalid":"{2C6C74CB-B970-41BE-8030-EE34B8B7BF48}","SHAPE__Length":436.7026455336331,"SHAPE__Area":8671.10375072}},{"geometry":{"type":"Polygon","coordinates":[[[0.45550510012811785,51.46171060026991],[0.45326339925234577,51.460435700427254],[0.45273699997059486,51.460153200064426],[0.45279779974564466,51.460115299746214],[0.4543658998039221,51.459333000260756],[0.4570763999854231,51.46073069985609],[0.4564002003418256,51.46090309992854],[0.45633959999276474,51.4609325000856],[0.45644200074863095,51.461031500269655],[0.45618810001840976,51.4611763999331],[0.4560592007582963,51.46111410016393],[0.4556525999044979,51.46163009971471],[0.45550510012811785,51.46171060026991]]]},"id":89,"type":"Feature","properties":{"fid":89,"objnam":" ","globalid":"{FA6631F5-4464-4CF5-8DFE-DF6641E9E6CB}","SHAPE__Length":1332.0246592813369,"SHAPE__Area":92253.5239356}},{"geometry":{"type":"Polygon","coordinates":[[[0.3588006998179069,51.451247200310426],[0.35847569922958317,51.45122510059035],[0.3585726993139662,51.45106710046382],[0.3591025005157252,51.45075720003178],[0.3595615001000179,51.45076919973811],[0.35885079975962897,51.451187499636156],[0.3588006998179069,51.451247200310426]]]},"id":90,"type":"Feature","properties":{"fid":90,"objnam":" ","globalid":"{D0AF3828-9BA5-42AE-92B2-5E52CACAEA89}","SHAPE__Length":319.4976744106898,"SHAPE__Area":4241.750948115}},{"geometry":{"type":"Polygon","coordinates":[[[0.3591025005157252,51.45075720003178],[0.35926620050992725,51.45066420066131],[0.3592719003204106,51.45066099961292],[0.359392099397002,51.45059319981043],[0.3594489995854184,51.45062869968982],[0.35947309958784884,51.450643800272],[0.3595352998364402,51.450693199865285],[0.3596001007077955,51.45074640001347],[0.3595615001000179,51.45076919973811],[0.3591025005157252,51.45075720003178]]]},"id":91,"type":"Feature","properties":{"fid":91,"objnam":" ","globalid":"{5F457E4A-9E45-46A0-AE84-0FE1F931E2C2}","SHAPE__Length":136.5358670383267,"SHAPE__Area":909.605203605}},{"geometry":{"type":"Polygon","coordinates":[[[0.33517690059588123,51.45676390005422],[0.3352776996555893,51.456572300137616],[0.3353912997081027,51.45652429955812],[0.33547450077140506,51.456533300300315],[0.3355640996361688,51.456567299916365],[0.3356757000388432,51.45667099968038],[0.3355534995157854,51.45674690004274],[0.33551959979191887,51.45678889992794],[0.3354967996516884,51.45682530009573],[0.3352747998938587,51.45678260056335],[0.33517690059588123,51.45676390005422]]]},"id":92,"type":"Feature","properties":{"fid":92,"objnam":" ","globalid":"{B13C5644-61B8-4686-9265-2E1A2227DDF0}","SHAPE__Length":166.53495236926798,"SHAPE__Area":1853.79327909}},{"geometry":{"type":"Polygon","coordinates":[[[0.3678625998752286,51.445683399638256],[0.36783869929878715,51.44537799996707],[0.36793819939459227,51.445369500361515],[0.36801889954814193,51.445374100372185],[0.368154699666258,51.445371799807035],[0.36823019947264396,51.44536869972669],[0.3683767003224517,51.4453579001134],[0.3684328998249321,51.44535420039567],[0.3685452997282233,51.445345900104655],[0.3685814003245453,51.44565669948283],[0.3685880999599314,51.44578369990436],[0.36787250020797296,51.445810500203855],[0.3678625998752286,51.445683399638256]]]},"id":93,"type":"Feature","properties":{"fid":93,"objnam":" ","globalid":"{7AE1BB73-2F9B-4BF3-AAFB-68DA2EA45EFC}","SHAPE__Length":314.55574897297583,"SHAPE__Area":6147.508213435}},{"geometry":{"type":"Polygon","coordinates":[[[0.45154999939181323,51.49028330000434],[0.44791670034313513,51.480083300004644],[0.45290000017719145,51.479883299772865],[0.45616670035172097,51.4891500004741],[0.45154999939181323,51.49028330000434]]]},"id":94,"type":"Feature","properties":{"fid":94,"objnam":" ","globalid":"{A1E3C511-8925-455D-A93C-0E8110FC3D4A}","SHAPE__Length":4672.0038446765375,"SHAPE__Area":975492.07576263}},{"geometry":{"type":"Polygon","coordinates":[[[0.9058499996847967,51.323833299913154],[0.9053666997737541,51.323633300112476],[0.9053666997737541,51.32350000011016],[0.9058499996847967,51.323716699710964],[0.9058499996847967,51.323833299913154]]]},"id":95,"type":"Feature","properties":{"fid":95,"objnam":" ","globalid":"{0EA8AD34-763C-41A0-B732-638F61A818EA}","SHAPE__Length":175.25933623068937,"SHAPE__Area":1197.487910495}},{"geometry":{"type":"Polygon","coordinates":[[[0.7396666999933397,51.49580000044231],[0.7394832999449236,51.495249999892806],[0.7400832999945631,51.495183299863946],[0.7402667000429791,51.49573330009976],[0.7396666999933397,51.49580000044231]]]},"id":96,"type":"Feature","properties":{"fid":96,"objnam":"HMS LONDON","globalid":"{62A84D6E-187E-470B-9838-E50CB1689FC0}","SHAPE__Length":336.5751156622937,"SHAPE__Area":6811.95677722}},{"geometry":{"type":"Polygon","coordinates":[[[0.9448800003526008,51.40209440051723],[0.9442960999095087,51.40171559993749],[0.943718200212494,51.401397600524035],[0.9433618996247373,51.40116389998488],[0.9433183996054235,51.40111490020459],[0.9433096994218678,51.40105790026829],[0.9433488003912621,51.4010143998562],[0.9435008995419144,51.40097630025355],[0.9437442998647634,51.40098179973922],[0.9441483998088093,51.40101709999891],[0.9445003004483161,51.401063299988046],[0.9449258997720618,51.40111700012421],[0.9453691006854684,51.401168700596465],[0.9456601997532647,51.40119859988793],[0.9459436999721136,51.4012269002658],[0.9462149004580708,51.401275799610055],[0.9464235000468313,51.401347499760824],[0.9467049997175108,51.40154319942597],[0.9471430999967313,51.40200959957469],[0.9473828998719471,51.402270600230885],[0.9475759002158102,51.40250209998948],[0.947763600499465,51.402750000007316],[0.9478679002938284,51.40289999938782],[0.9479199998853897,51.40301739961026],[0.9479148004365228,51.403098999906206],[0.9478679002938284,51.40315439959288],[0.9477530991937958,51.40319030004691],[0.9475863000118407,51.403196800143284],[0.9474378004105245,51.40318290050511],[0.9472639997592587,51.403148899808066],[0.9467026991320775,51.402976700280405],[0.9460582001365185,51.40273669986893],[0.9456128001473175,51.40250789967133],[0.9451962998590719,51.40228819999007],[0.9448800003526008,51.40209440051723]]]},"id":97,"type":"Feature","properties":{"fid":97,"objnam":" ","globalid":"{0D4BE051-21C8-4B58-BEFE-10DBA255F44D}","SHAPE__Length":1384.8822423766273,"SHAPE__Area":88556.47379862}},{"geometry":{"type":"Polygon","coordinates":[[[0.9800499995333585,51.3591666998125],[0.9801000006603663,51.354749999396525],[0.9905833005001689,51.353816700335166],[0.9958332993623272,51.35546670006134],[0.9958332993623272,51.3591666998125],[0.9800499995333585,51.3591666998125]]]},"id":98,"type":"Feature","properties":{"fid":98,"objnam":" ","globalid":"{77F9CCD0-FF97-438F-BEBC-9BCE6163D031}","SHAPE__Length":5036.982036182152,"SHAPE__Area":1489503.17628037}},{"geometry":{"type":"Polygon","coordinates":[[[-0.8130500000945738,53.7067499999929],[-0.8127166999713334,53.70616669966134],[-0.8114499999622689,53.706416700180995],[-0.8116666996599236,53.70699999970562],[-0.8130500000945738,53.7067499999929]]]},"id":99,"type":"Feature","properties":{"fid":99,"objnam":" ","globalid":"{44D2E1A0-5989-4243-960A-3A043AFF4D16}","SHAPE__Length":537.7683666791377,"SHAPE__Area":17619.6122817}},{"geometry":{"type":"Polygon","coordinates":[[[-4.440643700194423,51.73510030038426],[-4.462808099999115,51.7324336002492],[-4.4629746997550805,51.730267200027654],[-4.439810399580668,51.73160060029304],[-4.440643700194423,51.73510030038426]]]},"id":100,"type":"Feature","properties":{"fid":100,"objnam":" ","globalid":"{1AB7366E-2BA0-461A-877A-6126D00B5138}","SHAPE__Length":6128.884063988713,"SHAPE__Area":1298082.46587326}},{"geometry":{"type":"Polygon","coordinates":[[[-4.372316699722175,51.70943679950955],[-4.371150200494818,51.71077000039961],[-4.380649700469744,51.731101199882254],[-4.385815899990633,51.73243439973541],[-4.372316699722175,51.70943679950955]]]},"id":101,"type":"Feature","properties":{"fid":101,"objnam":" ","globalid":"{880F415F-A88A-463C-9183-1293D09ACF96}","SHAPE__Length":9096.134492925072,"SHAPE__Area":1372109.7323719}},{"geometry":{"type":"Polygon","coordinates":[[[-4.651750000021475,50.322416700569775],[-4.6520000002667325,50.32233329967966],[-4.652033299916005,50.32225000016093],[-4.65191670038875,50.32208330031448],[-4.651633299882913,50.322050000079315],[-4.651449999547507,50.322116699750104],[-4.651416699898236,50.32228330025593],[-4.651550000004929,50.3224000001],[-4.651750000021475,50.322416700569775]]]},"id":102,"type":"Feature","properties":{"fid":102,"objnam":"KANTOENG (PART OF)","globalid":"{D7C48950-C3B5-4C0B-B1B0-8F9134506BAC}","SHAPE__Length":210.704130921668,"SHAPE__Area":3307.598956995}},{"geometry":{"type":"Polygon","coordinates":[[[-3.4794999998635077,50.4331499998366],[-3.4797893005041147,50.43304799979735],[-3.4786614998008853,50.43171259995811],[-3.4784166999028256,50.43178330053358],[-3.4781524999878486,50.43187949981732],[-3.4792545001778086,50.433233299963135],[-3.4794999998635077,50.4331499998366]]]},"id":103,"type":"Feature","properties":{"fid":103,"objnam":" ","globalid":"{71175959-D8C1-4497-BF79-A3C316434037}","SHAPE__Length":663.073336566589,"SHAPE__Area":17527.91822888}},{"geometry":{"type":"Polygon","coordinates":[[[-5.0565499993646466,50.155733299893164],[-5.059433299474214,50.15558330008895],[-5.059433299474214,50.15543329981411],[-5.056583299912216,50.155533299857765],[-5.0565499993646466,50.155733299893164]]]},"id":104,"type":"Feature","properties":{"fid":104,"objnam":" ","globalid":"{6D6B45CA-9FF0-41C1-BFD6-5B0FEA868B56}","SHAPE__Length":700.7678037476379,"SHAPE__Area":9662.550180275}},{"geometry":{"type":"Polygon","coordinates":[[[-5.793833300025956,57.27300000018047],[-5.804333299546867,57.270500000131115],[-5.81950000025643,57.269333299802646],[-5.818833300296937,57.26683330048228],[-5.801166700441101,57.26833330023312],[-5.792333300351039,57.27200000012998],[-5.793833300025956,57.27300000018047]]]},"id":110,"type":"Feature","properties":{"fid":110,"objnam":" ","globalid":"{6202B856-16FF-4B80-BFE2-248A39FBB542}","SHAPE__Length":6998.079239523423,"SHAPE__Area":1452175.59409162}},{"geometry":{"type":"Polygon","coordinates":[[[-1.4700332999536725,54.990900000165006],[-1.470016699985542,54.99069999976946],[-1.4696999998304654,54.99078329976077],[-1.4696999998304654,54.99093330022608],[-1.4700332999536725,54.990900000165006]]]},"id":111,"type":"Feature","properties":{"fid":111,"objnam":" ","globalid":"{15D3DA1F-DE95-4EED-B641-F3EA11430446}","SHAPE__Length":144.40111229624267,"SHAPE__Area":1238.9500287}},{"geometry":{"type":"Polygon","coordinates":[[[-1.471133299595496,54.99043329958705],[-1.4710000003871326,54.990466699502726],[-1.4709333004772802,54.99065000041674],[-1.470983299807694,54.990683299654485],[-1.471099999946224,54.990683299654485],[-1.4711832998242071,54.99051670011454],[-1.471133299595496,54.99043329958705]]]},"id":112,"type":"Feature","properties":{"fid":112,"objnam":" ","globalid":"{DA43B194-B358-4ED9-A425-073DCE927707}","SHAPE__Length":124.78727930093115,"SHAPE__Area":908.84377098}},{"geometry":{"type":"Polygon","coordinates":[[[-1.1346711002709113,54.6768470001128],[-1.141861399959629,54.66972269964247],[-1.1286870008535057,54.66544759939859],[-1.1220069999417281,54.67270699994158],[-1.1346711002709113,54.6768470001128]]]},"id":113,"type":"Feature","properties":{"fid":113,"objnam":" ","globalid":"{E33CE26C-FB46-4E9C-BE4B-CDFE41C821E5}","SHAPE__Length":6472.086250449956,"SHAPE__Area":2616403.77598137}},{"geometry":{"type":"Polygon","coordinates":[[[-0.13054999979283735,53.8749166996347],[-0.08671670011434277,53.835599999793395],[-0.0017333002390324142,53.85860000048278],[-0.035066700109594,53.90208329940984],[-0.13054999979283735,53.8749166996347]]]},"id":114,"type":"Feature","properties":{"fid":114,"objnam":" ","globalid":"{58AF895B-89D5-48F2-B722-0624815CAC71}","SHAPE__Length":40103.2679573807,"SHAPE__Area":98849425.22402927}},{"geometry":{"type":"Polygon","coordinates":[[[-0.7338596001279641,50.7693285003545],[-0.7673218992586393,50.73878109978669],[-0.7223256999021238,50.721700199861694],[-0.6888629004098321,50.736549200309476],[-0.6876135998694813,50.75196430041188],[-0.7338596001279641,50.7693285003545]]]},"id":155,"type":"Feature","properties":{"fid":155,"objnam":" ","globalid":"{B141BB9E-86A7-46D0-9D57-0F64EA145213}","SHAPE__Length":25631.631208633095,"SHAPE__Area":43532073.15488318}},{"geometry":{"type":"Polygon","coordinates":[[[0.1475645000075071,53.607429199640094],[0.1474002996516549,53.60722460010424],[0.14703550010299238,53.60713659974682],[0.14663130044596887,53.607230499726754],[0.1462764003317202,53.60748260028899],[0.14616240052889837,53.607581599600536],[0.14578349922689995,53.60791060038317],[0.1454153004531873,53.60831090023952],[0.14564410045774476,53.60792169963655],[0.14585889932027468,53.60745679964855],[0.14592139960616327,53.60728620045851],[0.1460282991249601,53.60695849956956],[0.14620200006324827,53.60638899971261],[0.14640369969230307,53.60551739999107],[0.14644129957684743,53.60532269931862],[0.14646529986630014,53.605133299623965],[0.14647589998665006,53.604154300536266],[0.14628080027997012,53.60258420034671],[0.14622209986773713,53.602088599714776],[0.14660010015951344,53.60232369955999],[0.14678979919467672,53.602319399995146],[0.1469692996564594,53.60231530032291],[0.14721059971819464,53.602137999644846],[0.14733039994277458,53.60164510010534],[0.14727629980311097,53.600757800126104],[0.1476041992548682,53.6015249004922],[0.14791539992378075,53.60217129981541],[0.14802240005391928,53.60251390022843],[0.1481385001178549,53.60308340010209],[0.14818950017150198,53.603614399434576],[0.14812789999750495,53.60441100024953],[0.14811310025319108,53.60474899961326],[0.14811330057751051,53.604855400397334],[0.14811419979110504,53.60500489992198],[0.1481261006719854,53.605878600125386],[0.14801480030660813,53.606414699736106],[0.14773360067322583,53.60710060017767],[0.1475645000075071,53.607429199640094]]]},"id":115,"type":"Feature","properties":{"fid":115,"objnam":" ","globalid":"{8DF5246B-E547-4A1C-842C-D87A2216D370}","SHAPE__Length":3235.96115226111,"SHAPE__Area":196630.202309045}},{"geometry":{"type":"Polygon","coordinates":[[[-1.39692699986189,55.00378199982234],[-1.399604500431416,55.00287209973486],[-1.396308299582973,55.00172720016066],[-1.3958303006304023,55.003435499999924],[-1.39692699986189,55.00378199982234]]]},"id":116,"type":"Feature","properties":{"fid":116,"objnam":"EUGENIA CHANDRIS & OSLOFJORD","globalid":"{054F8706-48D6-4A26-99BA-8FDFD2577F74}","SHAPE__Length":1250.6181247993327,"SHAPE__Area":87546.71726787}},{"geometry":{"type":"Polygon","coordinates":[[[-2.71179999970175,51.50333329973152],[-2.7119166998403137,51.50326669988096],[-2.711300000109566,51.502833300250494],[-2.7112000005504413,51.502916699581796],[-2.71179999970175,51.50333329973152]]]},"id":117,"type":"Feature","properties":{"fid":117,"objnam":" ","globalid":"{4233A13B-AABD-4CFA-87D9-BC036A663834}","SHAPE__Length":239.83250803594157,"SHAPE__Area":1825.035607045}},{"geometry":{"type":"Polygon","coordinates":[[[0.18250000027155439,51.4994666997023],[0.1815488999813218,51.49911140007891],[0.18203749995257282,51.4981011002549],[0.18299999986373863,51.49833329963543],[0.18250000027155439,51.4994666997023]]]},"id":118,"type":"Feature","properties":{"fid":118,"objnam":" ","globalid":"{F00256CC-D455-4F59-AD72-BE3EFEA5FF44}","SHAPE__Length":637.2298988852954,"SHAPE__Area":23304.727359005}},{"geometry":{"type":"Polygon","coordinates":[[[0.718366699579186,51.427749999910844],[0.7082833000594652,51.425666699544614],[0.7092000002642147,51.42408330002663],[0.7192833000709242,51.426233300473385],[0.718366699579186,51.427749999910844]]]},"id":119,"type":"Feature","properties":{"fid":119,"objnam":" ","globalid":"{6E80BDFE-3D84-4825-91B8-042E54E30D6C}","SHAPE__Length":2958.688716901481,"SHAPE__Area":349186.58751943}},{"geometry":{"type":"Polygon","coordinates":[[[0.5114500003034449,51.39084999976493],[0.5110333005892437,51.390800000119654],[0.5113499998460231,51.38946670018826],[0.5118000001078271,51.388449999444646],[0.5114500003034449,51.39084999976493]]]},"id":120,"type":"Feature","properties":{"fid":120,"objnam":" ","globalid":"{9C662293-1EA4-4F37-AF49-B17EBB3D3EA3}","SHAPE__Length":905.7508877309087,"SHAPE__Area":12864.12573615}},{"geometry":{"type":"Polygon","coordinates":[[[0.5134667001499846,51.38934999953201],[0.5132166999047273,51.38933330011698],[0.5146666993509331,51.38766669979572],[0.515716699662343,51.38680000002436],[0.5159500002264586,51.386900000153965],[0.5150000003724705,51.38761669947476],[0.5134667001499846,51.38934999953201]]]},"id":121,"type":"Feature","properties":{"fid":121,"objnam":" ","globalid":"{99E8AF03-291F-4F66-B68F-0D75E004F0AD}","SHAPE__Length":1110.698687366364,"SHAPE__Area":14302.37162533}},{"geometry":{"type":"Polygon","coordinates":[[[0.5126667000838321,51.387783299914766],[0.5122500003696309,51.387649999766346],[0.5129666996594698,51.38675000043818],[0.513333300330313,51.386849999555864],[0.5126667000838321,51.387783299914766]]]},"id":122,"type":"Feature","properties":{"fid":122,"objnam":" ","globalid":"{FC1857C3-48E2-450E-917F-AAB174E97136}","SHAPE__Length":458.2110575541875,"SHAPE__Area":8731.00450939}},{"geometry":{"type":"Polygon","coordinates":[[[0.51191669934806,51.389249999711346],[0.5115167002132975,51.38919999999935],[0.5121499999121757,51.387883300137915],[0.5125666996264103,51.38793329960695],[0.51191669934806,51.389249999711346]]]},"id":123,"type":"Feature","properties":{"fid":123,"objnam":" ","globalid":"{2FDBA54A-E20D-4B1D-9F98-43F98BCCFCC0}","SHAPE__Length":583.6561291134755,"SHAPE__Area":11314.1503199}},{"geometry":{"type":"Polygon","coordinates":[[[0.5152833002670001,51.38566669928325],[0.5150999999315953,51.38546670014264],[0.5162666994832715,51.3850333000798],[0.5174832995506475,51.384733300252584],[0.5176332993384497,51.38496669958835],[0.5152833002670001,51.38566669928325]]]},"id":124,"type":"Feature","properties":{"fid":124,"objnam":" ","globalid":"{9BB92B0A-599B-4A98-BC8D-0AB20E3623E8}","SHAPE__Length":672.5880464047513,"SHAPE__Area":14314.954703275}},{"geometry":{"type":"Polygon","coordinates":[[[0.5134667001499846,51.38673330007428],[0.5130999997661637,51.38656669973564],[0.5147332995477745,51.38546670014264],[0.5149666998249013,51.38565000020585],[0.5134667001499846,51.38673330007428]]]},"id":125,"type":"Feature","properties":{"fid":125,"objnam":" ","globalid":"{5A4781B8-5C61-48A4-9EC7-CF1CE83AB90F}","SHAPE__Length":615.1443124146639,"SHAPE__Area":11946.566411805}},{"geometry":{"type":"Polygon","coordinates":[[[0.5176999992483022,51.38496669958835],[0.517716699827741,51.38471670006572],[0.5194833006143761,51.38498330024517],[0.5193999998380625,51.38524999978339],[0.5176999992483022,51.38496669958835]]]},"id":126,"type":"Feature","properties":{"fid":126,"objnam":" ","globalid":"{EF4ACC10-D4A3-4D32-9BD9-C23BEA395748}","SHAPE__Length":491.2978598568539,"SHAPE__Area":9164.594491345}},{"geometry":{"type":"Polygon","coordinates":[[[1.78327549996298,52.471377899767795],[1.7832282000700108,52.47135499988141],[1.7830891992545366,52.47122589996204],[1.7831017002100111,52.471117199988896],[1.7831572996378973,52.471095200142386],[1.7833520004925658,52.471227599619674],[1.783315800183266,52.47133629986738],[1.78327549996298,52.471377899767795]]]},"id":127,"type":"Feature","properties":{"fid":127,"objnam":" ","globalid":"{18D8B85A-BAFC-4DD0-A32E-EB1EC6B31FF4}","SHAPE__Length":123.81196852214364,"SHAPE__Area":871.27884361}},{"geometry":{"type":"Polygon","coordinates":[[[1.8174494004442996,52.84335800022865],[1.808038000045915,52.835847599561774],[1.8558915004710366,52.81337940005611],[1.8546138994059607,52.79358089961008],[1.892940099693048,52.77593170038029],[1.8932633000575554,52.75227510049819],[1.8926113001293996,52.750501399903065],[1.8924053002650725,52.74890730049237],[1.8924568006803026,52.747969599570006],[1.8926113001293996,52.746906900354084],[1.8929719000541312,52.74553149969347],[1.8932810004619303,52.74456249986309],[1.893965300214422,52.743401399689304],[1.8947222997245805,52.742556199748584],[1.8957398996003125,52.7418689003557],[1.8964949003589626,52.741380800451296],[1.897890800563802,52.74074179964821],[1.8992867995833216,52.74058910024636],[1.9445342002326136,52.712668800012786],[1.943233700212627,52.784107999645464],[1.8174494004442996,52.84335800022865]]]},"id":128,"type":"Feature","properties":{"fid":128,"objnam":" ","globalid":"{128F283E-DA4B-4E51-8961-7118F460C288}","SHAPE__Length":62410.42921207677,"SHAPE__Area":105103943.1313599}},{"geometry":{"type":"Polygon","coordinates":[[[1.7395361002828182,52.57271950051202],[1.7395045002460545,52.57268089985813],[1.7395225995024075,52.572653400085834],[1.7396378003527484,52.57265199970984],[1.7398457001539034,52.572751099814084],[1.7400219999183277,52.57287369969321],[1.7400288001650221,52.572915000457485],[1.7398864001244978,52.572901200419274],[1.7397260005406316,52.5728336998968],[1.7395361002828182,52.57271950051202]]]},"id":129,"type":"Feature","properties":{"fid":129,"objnam":" ","globalid":"{09C1CF38-DC18-462E-87D7-850BBA45EA58}","SHAPE__Length":160.49712606912755,"SHAPE__Area":1134.2672698}},{"geometry":{"type":"Polygon","coordinates":[[[1.672833299658351,52.31386669972691],[1.6728166996902205,52.31381669978013],[1.6727000004499877,52.31376670032601],[1.6725167001145826,52.31376670032601],[1.6748833000524932,52.313050000312586],[1.6748833000524932,52.313099999477934],[1.6744833000194004,52.313266699932626],[1.672833299658351,52.31386669972691]]]},"id":139,"type":"Feature","properties":{"fid":139,"objnam":" ","globalid":"{0CA5B436-13C9-49B6-AA8E-A4A257DA57B7}","SHAPE__Length":616.2683677494983,"SHAPE__Area":5855.898996415}},{"geometry":{"type":"Polygon","coordinates":[[[1.738055700050774,52.5857949001322],[1.7381230000352543,52.5852357000038],[1.7381673992681625,52.58500049990079],[1.7385480998956806,52.585017999940526],[1.7386807999277465,52.58502409981865],[1.7388138997101545,52.585030300123364],[1.739612999664382,52.58506059973364],[1.7398410998813338,52.58506479967258],[1.7397903998650175,52.585289899981795],[1.7397359996880566,52.58553150016413],[1.7396524994857543,52.58590239972107],[1.7393765001995356,52.58588040053493],[1.7389753997302317,52.585854400142836],[1.7384756004623667,52.585822000329614],[1.738055700050774,52.5857949001322]],[[1.7396860003576429,52.58553450040019],[1.7397327001760177,52.585362499815105],[1.7395149000421186,52.58534490003195],[1.7395045999590657,52.58544859979983],[1.739497200536074,52.585505100042724],[1.7394947005246186,52.58552809985993],[1.7394900005390714,52.5855701997551],[1.7396707999647234,52.58559029973228],[1.7396860003576429,52.58553450040019]],[[1.738588800764572,52.58542659984011],[1.7385817004805468,52.58549720019767],[1.7388035996271018,52.585519899831596],[1.7388103998737963,52.58543609997292],[1.7388160996842794,52.58536470046976],[1.7385941996394274,52.585372099842715],[1.738588800764572,52.58542659984011]]]},"id":140,"type":"Feature","properties":{"fid":140,"objnam":" ","globalid":"{A66FED8E-54B0-408D-9EBE-28BAF117E7AD}","SHAPE__Length":896.3713030486949,"SHAPE__Area":25820.78972065}},{"geometry":{"type":"Polygon","coordinates":[[[0.38289009944496416,52.99558330046823],[0.3828895002686668,52.99562249992394],[0.382887799757828,52.99566170042543],[0.38288499970910866,52.99570089980993],[0.3828810004094641,52.99573999967508],[0.38287590067357513,52.9957790995048],[0.3828697005015086,52.99581809981546],[0.3828623001801864,52.99585709955024],[0.38285390003396147,52.99589599976631],[0.3828442997385143,52.99593470043991],[0.3828335001921754,52.99597339999751],[0.38282169992260323,52.996011900013315],[0.3828087004021394,52.99605039999484],[0.3827946992601118,52.996088599870966],[0.38277949976548953,52.996126800253926],[0.38276319983468965,52.99616469999191],[0.3827459000789201,52.996202499673196],[0.3827274001739619,52.99624010035602],[0.38270789954577034,52.99627750041895],[0.38268719966668713,52.99631469986248],[0.3826654999627011,52.996351600286026],[0.3826427995354484,52.99638840011439],[0.3826189995703152,52.99642480036042],[0.38259410006726796,52.99646109947158],[0.382568199841021,52.996496999542586],[0.38254119917849605,52.996532700079094],[0.38251330020074054,52.99656809997765],[0.38248430078674056,52.99660319977969],[0.38245429975117684,52.996638000026614],[0.38242330068737135,52.99667240015611],[0.3823913000020021,52.99670650019142],[0.3823583003900271,52.99674029959263],[0.38232430005485235,52.99677370050091],[0.3822894005060496,52.99680680023598],[0.38225350023404703,52.996839500398494],[0.38221669985011947,52.996871800448744],[0.3821790002525973,52.99690370038759],[0.38214029993184195,52.99693529969708],[0.3821008001104698,52.9969663999564],[0.3820602995658979,52.996997000085415],[0.38201900041900616,52.99702730012819],[0.3819768002619259,52.99705710004245],[0.38193369999288707,52.99708649985065],[0.38188980022326496,52.99711539953223],[0.3818451000547291,52.997143800169546],[0.3817994997743016,52.99717179962215],[0.3817531997062351,52.99719930003234],[0.3817060004245741,52.99722629977905],[0.38165810045697696,52.99725269992352],[0.38160949980347725,52.99727870050881],[0.38156010054769124,52.99730419989273],[0.38150989999466084,52.99732910021803],[0.3814590005523555,52.99735349988447],[0.3814075001371252,52.997377399974226],[0.38135529993428935,52.99740069992687],[0.3813023999438145,52.99742350030458],[0.38124880016576745,52.99744570000631],[0.38119459941479555,52.99746730011429],[0.38113979948752635,52.9974883995686],[0.3810844003839263,52.99750889997145],[0.38102839940913785,52.99752880024243],[0.38097180015634907,52.99754810038236],[0.3809147005419437,52.99756679985144],[0.38085710056592165,52.997584899731706],[0.3807988996169748,52.99760239948326],[0.38074029981604995,52.99761929964751],[0.38068109994049737,52.99763550020503],[0.38062149941633927,52.997651200656094],[0.38056150004020334,52.99766620042053],[0.3805010003024508,52.997680500580415],[0.38044019962907055,52.99769429955438],[0.38037890039070116,52.99770729998635],[0.38031730021673754,52.99771979977419],[0.3802553002924656,52.99773159995984],[0.38019299943256596,52.99774270000328],[0.3801303994336661,52.9977531999248],[0.3800675002957996,52.99776299970511],[0.38000430022230547,52.9977721999051],[0.3799408001114806,52.99778060048554],[0.3798772002876781,52.99778849988435],[0.3798133004265783,52.997795600205066],[0.3797492002411591,52.99780210040627],[0.3796848997314539,52.99780789992791],[0.37962050040703454,52.99781300039219],[0.3795558998600322,52.99781739963674],[0.37949120049831564,52.99782120038472],[0.37942640052529086,52.997824299913354],[0.37936159965396904,52.99782670038546],[0.3792966002549554,52.99782840017908],[0.3792316996706223,52.9978294003757],[0.37916669937327807,52.99782969989403],[0.3791016999742644,52.9978294003757],[0.37903679938993134,52.99782840017908],[0.3789717999909176,52.99782670038546],[0.37890700001789285,52.997824299913354],[0.378842200044868,52.99782120038472],[0.3787774997848545,52.99781739963674],[0.37871290013614917,52.99781300039219],[0.37864849991343275,52.99780789992791],[0.3785841994036941,52.99780210040627],[0.37852009921830837,52.997795600205066],[0.3784562002555057,52.99778849988435],[0.3783926004317031,52.99778060048554],[0.3783290994225812,52.9977721999051],[0.3782659002474176,52.99776299970511],[0.37820299931289003,52.9977531999248],[0.37814039931399024,52.99774270000328],[0.3780781002507181,52.99773159995984],[0.37801609942814907,52.99771979977419],[0.37795450015248255,52.99770729998635],[0.37789320001581617,52.99769429955438],[0.3778323993424359,52.997680500580415],[0.3777718996046833,52.99766620042053],[0.37771189933021687,52.997651200656094],[0.37765229970438935,52.99763550020503],[0.3775930998288367,52.99761929964751],[0.3775345000279119,52.99760239948326],[0.37747629997729554,52.997584899731706],[0.3774187000012735,52.99756679985144],[0.3773616003868681,52.99754810038236],[0.3773050002357488,52.99752880024243],[0.3772489992609269,52.99750889997145],[0.3771935992590633,52.9974883995686],[0.3771388002300911,52.99746730011429],[0.37708460037741626,52.99744570000631],[0.3770310005993693,52.99742350030458],[0.37697809971059737,52.99740069992687],[0.3769259004060585,52.997377399974226],[0.3768743999908283,52.99735349988447],[0.37682349965019235,52.99732910021803],[0.3767732999954925,52.99730419989273],[0.376723899841376,52.99727870050881],[0.37667529918787623,52.99725269992352],[0.3766274001186431,52.99722629977905],[0.3765801999386516,52.99719930003234],[0.37653389987058505,52.99717179962215],[0.3764882995901576,52.997143800169546],[0.3764436003199187,52.99711539953223],[0.37639969965199954,52.99708649985065],[0.37635659938296084,52.99705710004245],[0.37631440012417755,52.99702730012819],[0.3762731000789888,52.996997000085415],[0.3762326004327139,52.9969663999564],[0.3761931006113752,52.99693529969708],[0.37615439939228934,52.99690370038759],[0.37611669979476725,52.996871800448744],[0.3760799003091367,52.996839500398494],[0.3760440000371341,52.99680680023598],[0.3760090995900343,52.99677370050091],[0.37597510015315655,52.99674029959263],[0.3759421005412151,52.99670650019142],[0.37591009985584584,52.99667240015611],[0.3758790998937098,52.996638000026614],[0.37584909975647657,52.99660319977969],[0.37582010034247665,52.99656809997765],[0.37579219956806015,52.996532700079094],[0.37576519980386575,52.996496999542586],[0.3757392995776187,52.99646109947158],[0.3757144000745715,52.99642480036042],[0.3756906001094048,52.99638840011439],[0.37566789968218556,52.996351600286026],[0.3756461999781996,52.99631469986248],[0.37562550009908285,52.99627750041895],[0.37560600036922187,52.99624010035602],[0.3755875004642636,52.996202499673196],[0.375570199810197,52.99616469999191],[0.3755538998793637,52.996126800253926],[0.37553869948644436,52.996088599870966],[0.3755247001410778,52.99605039999484],[0.37551169972228343,52.996011900013315],[0.37549990035100833,52.99597339999751],[0.37548909990633894,52.99593470043991],[0.37547949961092525,52.99589599976631],[0.3754711003629973,52.99585709955024],[0.3754637000417086,52.99581809981546],[0.3754574998696086,52.9957790995048],[0.3754524001337531,52.99573999967508],[0.3754484008341085,52.99570089980993],[0.37544559988702525,52.99566170042543],[0.3754439002745169,52.99562249992394],[0.37544330019992256,52.99558330046823],[0.3754439002745169,52.99554409989561],[0.37544559988702525,52.99550489982809],[0.3754484008341085,52.995465700265626],[0.3754524001337531,52.99542659961148],[0.3754574998696086,52.995387500003254],[0.3754637000417086,52.99534849984435],[0.3754711003629973,52.99530949965022],[0.37547949961092525,52.995270599446506],[0.37548909990633894,52.99523189979975],[0.37549990035100833,52.99519320065899],[0.37551169972228343,52.99515459988735],[0.3755247001410778,52.995116199673795],[0.37553869948644436,52.9950778999928],[0.3755538998793637,52.9950398003301],[0.375570199810197,52.99500190014551],[0.3755875004642636,52.99496409995396],[0.37560600036922187,52.99492650032278],[0.37562550009908285,52.99488910017111],[0.3756461999781996,52.99485189949948],[0.37566789968218556,52.99481489993044],[0.3756906001094048,52.994778200409925],[0.3757144000745715,52.99474170037112],[0.3757392995776187,52.994705499841494],[0.37576519980386575,52.99466959990316],[0.37579219956806015,52.99463390052978],[0.37582010034247665,52.99459850012691],[0.37584909975647657,52.99456339977676],[0.3758790998937098,52.994528599479956],[0.37591009985584584,52.99449419980536],[0.3759421005412151,52.99446000015828],[0.37597510015315655,52.99442630008116],[0.3760090995900343,52.99439280003294],[0.3760440000371341,52.994359799556555],[0.3760799003091367,52.994327100219685],[0.37611669979476725,52.994294700400864],[0.37615439939228934,52.99426279961599],[0.3761931006113752,52.9942313000009],[0.3762326004327139,52.994200199393745],[0.3762731000789888,52.99416950049877],[0.37631440012417755,52.994139300101004],[0.37635659938296084,52.9941094003076],[0.37639969965199954,52.99408009958218],[0.3764436003199187,52.994051200031905],[0.3764882995901576,52.99402270057625],[0.37653389987058505,52.993994799650935],[0.3765801999386516,52.9939673004441],[0.3766274001186431,52.99394029974103],[0.37667529918787623,52.993913799705396],[0.376723899841376,52.993887800338186],[0.3767732999954925,52.99386240004701],[0.37682349965019235,52.99383739931582],[0.3768743999908283,52.99381299982537],[0.3769259004060585,52.99378909992553],[0.37697809971059737,52.993765800186864],[0.3770310005993693,52.99374300058131],[0.37708460037741626,52.99372079951664],[0.3771388002300911,52.99369919969738],[0.3771935992590633,52.99367810001367],[0.3772489992609269,52.993657599954894],[0.3773050002357488,52.993637699521905],[0.3773616003868681,52.993618400337624],[0.3774187000012735,52.99359969969938],[0.37747629997729554,52.99358159977078],[0.3775345000279119,52.99356410001178],[0.3775930998288367,52.99354719988248],[0.37765229970438935,52.99353099941323],[0.37771189933021687,52.99351530016755],[0.3777718996046833,52.99350030058324],[0.3778323993424359,52.99348600012041],[0.37789320001581617,52.99347220034234],[0.37795450015248255,52.99345909968693],[0.37801609942814907,52.993446699776904],[0.3780781002507181,52.99343490004238],[0.37814039931399024,52.99342379943231],[0.37820299931289003,52.99341330008007],[0.3782659002474176,52.993403499853315],[0.3783290994225812,52.99339429980394],[0.3783926004317031,52.993385799421574],[0.3784562002555057,52.99337799978802],[0.37852009921830837,52.99337089982232],[0.3785841994036941,52.99336440003544],[0.37864849991343275,52.993358599376286],[0.37871290013614917,52.99335349946727],[0.3787774997848545,52.99334910030865],[0.378842200044868,52.993345300248436],[0.37890700001789285,52.993342199316885],[0.3789717999909176,52.993339800217626],[0.37903679938993134,52.99333809970655],[0.3791016999742644,52.99333710048732],[0.37916669937327807,52.993336700367045],[0.3792316996706223,52.99333710048732],[0.3792966002549554,52.99333809970655],[0.37936159965396904,52.993339800217626],[0.37942640052529086,52.993342199316885],[0.37949120049831564,52.993345300248436],[0.3795558998600322,52.99334910030865],[0.37962050040703454,52.99335349946727],[0.3796848997314539,52.993358599376286],[0.3797492002411591,52.99336440003544],[0.3798133004265783,52.99337089982232],[0.3798772002876781,52.99337799978802],[0.3799408001114806,52.993385799421574],[0.38000430022230547,52.99339429980394],[0.3800675002957996,52.993403499853315],[0.3801303994336661,52.99341330008007],[0.38019299943256596,52.99342379943231],[0.3802553002924656,52.99343490004238],[0.38031730021673754,52.993446699776904],[0.38037890039070116,52.99345909968693],[0.38044019962907055,52.99347220034234],[0.3805010003024508,52.99348600012041],[0.38056150004020334,52.99350030058324],[0.38062149941633927,52.99351530016755],[0.38068109994049737,52.99353099941323],[0.38074029981604995,52.99354719988248],[0.3807988996169748,52.99356410001178],[0.38085710056592165,52.99358159977078],[0.3809147005419437,52.99359969969938],[0.38097180015634907,52.993618400337624],[0.38102839940913785,52.993637699521905],[0.3810844003839263,52.993657599954894],[0.38113979948752635,52.99367810001367],[0.38119459941479555,52.99369919969738],[0.38124880016576745,52.99372079951664],[0.3813023999438145,52.99374300058131],[0.38135529993428935,52.993765800186864],[0.3814075001371252,52.99378909992553],[0.3814590005523555,52.99381299982537],[0.38150989999466084,52.99383739931582],[0.38156010054769124,52.99386240004701],[0.38160949980347725,52.993887800338186],[0.38165810045697696,52.993913799705396],[0.3817060004245741,52.99394029974103],[0.3817531997062351,52.9939673004441],[0.3817994997743016,52.993994799650935],[0.3818451000547291,52.99402270057625],[0.38188980022326496,52.994051200031905],[0.38193369999288707,52.99408009958218],[0.3819768002619259,52.9941094003076],[0.38201900041900616,52.994139300101004],[0.3820602995658979,52.99416950049877],[0.3821008001104698,52.994200199393745],[0.38214029993184195,52.9942313000009],[0.3821790002525973,52.99426279961599],[0.38221669985011947,52.994294700400864],[0.38225350023404703,52.994327100219685],[0.3822894005060496,52.994359799556555],[0.38232430005485235,52.99439280003294],[0.3823583003900271,52.99442630008116],[0.3823913000020021,52.99446000015828],[0.38242330068737135,52.99449419980536],[0.38245429975117684,52.994528599479956],[0.38248430078674056,52.99456339977676],[0.38251330020074054,52.99459850012691],[0.38254119917849605,52.99463390052978],[0.382568199841021,52.99466959990316],[0.38259410006726796,52.994705499841494],[0.3826189995703152,52.99474170037112],[0.3826427995354484,52.994778200409925],[0.3826654999627011,52.99481489993044],[0.38268719966668713,52.99485189949948],[0.38270789954577034,52.99488910017111],[0.3827274001739619,52.99492650032278],[0.3827459000789201,52.99496409995396],[0.38276319983468965,52.99500190014551],[0.38277949976548953,52.9950398003301],[0.3827946992601118,52.9950778999928],[0.3828087004021394,52.995116199673795],[0.38282169992260323,52.99515459988735],[0.3828335001921754,52.99519320065899],[0.3828442997385143,52.99523189979975],[0.38285390003396147,52.995270599446506],[0.3828623001801864,52.99530949965022],[0.3828697005015086,52.99534849984435],[0.38287590067357513,52.995387500003254],[0.3828810004094641,52.99542659961148],[0.38288499970910866,52.995465700265626],[0.382887799757828,52.99550489982809],[0.38289009944496416,52.99558330046823]]]},"id":130,"type":"Feature","properties":{"fid":130,"objnam":" ","globalid":"{F190C883-BBB9-417C-935E-B31B69D49A27}","SHAPE__Length":2607.4459264755437,"SHAPE__Area":541013.68087284}},{"geometry":{"type":"Polygon","coordinates":[[[1.5754441998453397,52.9937047002231],[1.5676776003591382,52.99021579983525],[1.5698083997214776,52.98831569993872],[1.5777127998739646,52.99186640043352],[1.5754441998453397,52.9937047002231]]]},"id":131,"type":"Feature","properties":{"fid":131,"objnam":" ","globalid":"{B0B15A76-CEFB-4FD6-A351-4A3880C2F2D4}","SHAPE__Length":3024.173809687985,"SHAPE__Area":460910.102272485}},{"geometry":{"type":"Polygon","coordinates":[[[-1.5160333001648727,50.75036669963672],[-1.5158666995106096,50.75026669978972],[-1.515583299903069,50.75046669983852],[-1.5155757998687691,50.75051030009605],[-1.5156000004825412,50.75054999964344],[-1.5156632005560353,50.75057090002154],[-1.5157332996909045,50.750566699826656],[-1.5160333001648727,50.75036669963672]]]},"id":156,"type":"Feature","properties":{"fid":156,"objnam":" ","globalid":"{8B3E1770-0288-4AFC-985F-6655EBA09E38}","SHAPE__Length":152.31689401423006,"SHAPE__Area":1327.61903358}},{"geometry":{"type":"Polygon","coordinates":[[[-1.1491833001425322,50.77778330019956],[-1.1494999993993116,50.77801669977326],[-1.150433299572158,50.77761670024801],[-1.1508333005035816,50.77783330000724],[-1.1516500002508756,50.777483300231204],[-1.1506499992698462,50.77663330066284],[-1.1499167000118433,50.77693329983532],[-1.150100000347248,50.77734999980838],[-1.1491833001425322,50.77778330019956]]]},"id":157,"type":"Feature","properties":{"fid":157,"objnam":"STOKES BAY PIER (REMAINS)","globalid":"{0AB46D0B-8A37-452B-A6EF-8602DCBC624D}","SHAPE__Length":835.3787003349138,"SHAPE__Area":29043.307381845}},{"geometry":{"type":"Polygon","coordinates":[[[-1.4113167000714861,50.897883299953115],[-1.4118999995416535,50.897266700671295],[-1.4111999999329228,50.89591670018262],[-1.4091166998895082,50.895216700302775],[-1.4088167003138705,50.895533300496155],[-1.4082499999135032,50.89576669947528],[-1.4075500003047725,50.89661670030594],[-1.4113167000714861,50.897883299953115]]]},"id":158,"type":"Feature","properties":{"fid":158,"objnam":" ","globalid":"{9141CC63-F1CE-4561-A540-9B9342FF7CD0}","SHAPE__Length":1424.8494537168149,"SHAPE__Area":125099.298396525}},{"geometry":{"type":"Polygon","coordinates":[[[-1.3775833001678315,50.915550000149445],[-1.3775667001997012,50.91534999998521],[-1.3774167004118656,50.91534999998521],[-1.3774167004118656,50.91556669973408],[-1.3775833001678315,50.915550000149445]]]},"id":159,"type":"Feature","properties":{"fid":159,"objnam":" ","globalid":"{03E8F73F-E86F-461B-AD51-449D2627B96B}","SHAPE__Length":109.10035230501066,"SHAPE__Area":649.62951073}},{"geometry":{"type":"Polygon","coordinates":[[[0.3341167008127268,50.75401669988458],[0.33555000057775747,50.75311669952575],[0.3360832998192474,50.7534500000471],[0.33465000005418327,50.75433329971032],[0.3341167008127268,50.75401669988458]]]},"id":160,"type":"Feature","properties":{"fid":160,"objnam":" ","globalid":"{C8FA2C23-0F2F-4EC1-B6B6-93868FD719CC}","SHAPE__Length":612.4023299636899,"SHAPE__Area":18436.92259794}},{"geometry":{"type":"Polygon","coordinates":[[[-2.766433300273488,51.4948167001951],[-2.765983300011684,51.49488329953121],[-2.765983300011684,51.495116699847635],[-2.7664499999546295,51.495083299972414],[-2.766433300273488,51.4948167001951]]]},"id":161,"type":"Feature","properties":{"fid":161,"objnam":" ","globalid":"{D4AD9AFA-2C25-4E83-BC31-10A0A9BFF9CE}","SHAPE__Length":193.22217459198643,"SHAPE__Area":2289.08445162}},{"geometry":{"type":"Polygon","coordinates":[[[0.32313690031873443,52.95866670016691],[0.3231363002441401,52.95870590011671],[0.3231345997333013,52.958745099489875],[0.3231317996845819,52.958784300450894],[0.32312779948660686,52.95882340018414],[0.32312269975075136,52.95886249988202],[0.32311649957865135,52.958901499975845],[0.3231091001556597,52.95894050003453],[0.3231007000094347,52.95897930037988],[0.323091100612318,52.95901809960817],[0.32308030016764866,52.95905680031559],[0.3230684998980765,52.95909530022849],[0.32305560009059037,52.959133800107146],[0.32304150013388205,52.95917199962394],[0.32302640035227104,52.95921020018926],[0.3230101004214377,52.959248100393815],[0.3229927000543934,52.95928589991513],[0.32297429986244636,52.95932349972682],[0.32295480013255184,52.95936089982946],[0.3229341999664798,52.959398100223574],[0.3229125002624604,52.959435000259944],[0.3228897998352411,52.95947179961521],[0.32286599987010783,52.959508199587795],[0.32284110036706065,52.959544499962554],[0.3228152001407802,52.95958039987388],[0.32278830008959697,52.95961610008022],[0.322760400213511,52.95965150047395],[0.32273139990118055,52.95968659997363],[0.3227013997639473,52.95972130009544],[0.3226703998018113,52.95975579997369],[0.3226384000147725,52.95978989993458],[0.3226054992174783,52.95982369954549],[0.32257159949361175,52.95985709978189],[0.322536699944809,52.95989020021103],[0.3225007996728064,52.95992290018504],[0.3224640999001871,52.95995519970487],[0.3224263994043345,52.959987100394706],[0.3223876999819096,52.96001860009105],[0.32234820016053745,52.960049700418054],[0.32230779932894327,52.960080399753245],[0.322266500182085,52.960110700261964],[0.3222243000249712,52.9601405002147],[0.3221813003672742,52.96016990026057],[0.322137399699355,52.96019879975242],[0.3220928001421274,52.96022720031463],[0.3220471998616664,52.9602551998903],[0.3220008997935999,52.960282599349334],[0.32195379932661955,52.96030959998815],[0.3219059999703642,52.96033610007768],[0.32185729960385323,52.9603620996188],[0.32180800006107846,52.960387599694684],[0.32175790011935634,52.960412500199894],[0.3217071003900287,52.9604368996184],[0.32165550026182066,52.960460800115435],[0.3216034006702596,52.96048409996243],[0.3215504997815211,52.960506900348626],[0.32149699971645185,52.96052910008656],[0.3214428007621075,52.960550700259375],[0.32138809964948556,52.96057179989165],[0.32133269964762196,52.96059229996054],[0.3212768001824387,52.9606121999257],[0.3212202997443307,52.96063149978802],[0.3211632001299253,52.960650200089354],[0.32110560015390327,52.960668299748285],[0.3210474998162646,52.96068579984786],[0.3209889000153398,52.960702600283014],[0.3209297998527984,52.960718900183664],[0.3208702999399486,52.96073449988037],[0.32081029966548213,52.960749499479334],[0.32074989964074074,52.96076389952231],[0.3206890998656576,52.960777599904496],[0.3206279003402994,52.9607907001908],[0.3205663001663358,52.960803199840726],[0.3205043999550416,52.96081499983159],[0.3204420999934724,52.96082610016402],[0.3203794999945726,52.96083659986159],[0.3203166996713868,52.96084639990168],[0.32025360020920085,52.960855500284794],[0.32019020070971776,52.960863999493306],[0.32012650027457346,52.960871800127805],[0.3200627001264849,52.960879000129545],[0.31999869965407696,52.96088549993468],[0.31993440004266877,52.96089119943834],[0.31987010043126063,52.96089640057971],[0.31980559959723603,52.96090079979681],[0.3197409002355195,52.96090460054686],[0.3196761999754724,52.96090759937306],[0.3196114000024811,52.960909999732515],[0.3195464994181481,52.960911699355755],[0.3194816006304426,52.96091280051247],[0.31941670004610956,52.96091309974569],[0.3193518003600736,52.96091280051247],[0.3192868997757406,52.960911699355755],[0.31922200008973806,52.960909999732515],[0.3191572001167133,52.96090759937306],[0.31909250075499673,52.96090460054686],[0.31902779959668615,52.96090079979681],[0.3189633005592556,52.96089640057971],[0.3188989991512199,52.96089119943834],[0.31883469953981175,52.96088549993468],[0.3187706999657342,52.960879000129545],[0.31870689981761224,52.960871800127805],[0.31864320028083193,52.960863999493306],[0.31857979988301827,52.960855500284794],[0.31851669952250183,52.96084639990168],[0.3184539000976131,52.96083659986159],[0.3183913000987467,52.96082610016402],[0.3183290001371441,52.96081499983159],[0.31826709992588337,52.960803199840726],[0.3182054997518863,52.9607907001908],[0.3181443002265281,52.960777599904496],[0.3180834995531479,52.96076389952231],[0.31802310042670356,52.960749499479334],[0.31796310015227053,52.96073449988037],[0.31790360023942077,52.960718900183664],[0.3178445000768793,52.960702600283014],[0.317785899377624,52.96068579984786],[0.3177277999383159,52.960668299748285],[0.31767019996229384,52.960650200089354],[0.3176131003478885,52.96063149978802],[0.3175565999097804,52.9606121999257],[0.3175007004445972,52.96059229996054],[0.31744530044270014,52.96057179989165],[0.3173906002284422,52.960550700259375],[0.3173363994774368,52.96052910008656],[0.317282900310698,52.960506900348626],[0.3172300003202566,52.96048409996243],[0.317177900728729,52.960460800115435],[0.317126299702157,52.9604368996184],[0.3170754999728628,52.960412500199894],[0.31702540003114077,52.960387599694684],[0.3169760995900354,52.9603620996188],[0.316927400121855,52.96033610007768],[0.3168795998672691,52.96030959998815],[0.31683249940028874,52.960282599349334],[0.3167862002305527,52.9602551998903],[0.3167405999500918,52.96022720031463],[0.31669599949453364,52.96019879975242],[0.316652099724945,52.96016990026057],[0.3166091000672145,52.9601405002147],[0.31656689991013415,52.960110700261964],[0.31652559986494544,52.960080399753245],[0.31648519993164825,52.960049700418054],[0.31644570011030954,52.96001860009105],[0.3164069997895542,52.959987100394706],[0.3163693001920321,52.95995519970487],[0.3163325995210823,52.95992290018504],[0.3162967001473767,52.95989020021103],[0.3162617997002769,52.95985709978189],[0.3162278999764104,52.95982369954549],[0.3161950000774466,52.95978989993458],[0.31616300029040784,52.95975579997369],[0.31613199942994136,52.95972130009544],[0.3161020001910387,52.95968659997363],[0.3160729998787082,52.95965150047395],[0.3160451000026222,52.95961610008022],[0.316018199951439,52.95958039987388],[0.3159922997251585,52.959544499962554],[0.3159674002221113,52.959508199587795],[0.31594360025697804,52.95947179961521],[0.3159208998297588,52.959435000259944],[0.31589920012573935,52.959398100223574],[0.3158786008579643,52.95936089982946],[0.3158591002297728,52.95932349972682],[0.3158407000378258,52.95928589991513],[0.3158233005690785,52.959248100393815],[0.31580699973991466,52.95921020018926],[0.31579189995830365,52.95917199962394],[0.31577780000162875,52.959133800107146],[0.31576490019414266,52.95909530022849],[0.3157530999245705,52.95905680031559],[0.3157423003782316,52.95901809960817],[0.3157327000827844,52.95897930037988],[0.3157242999365595,52.95894050003453],[0.3157168996152373,52.958901499975845],[0.3157106994431373,52.95886249988202],[0.3157055997072818,52.95882340018414],[0.31570160040763723,52.958784300450894],[0.31569879946058743,52.958745099489875],[0.3156970998480791,52.95870590011671],[0.31569650067178173,52.95866670016691],[0.3156970998480791,52.95862749964038],[0.31569879946058743,52.95858830016064],[0.31570160040763723,52.95854909956305],[0.3157055997072818,52.95850999958177],[0.3157106994431373,52.95847090010632],[0.3157168996152373,52.95843190016523],[0.3157242999365595,52.958392900188976],[0.3157327000827844,52.958354099858575],[0.3157423003782316,52.95831530003448],[0.3157530999245705,52.95827659974567],[0.31576490019414266,52.958238099644966],[0.31577780000162875,52.95819959950993],[0.31579189995830365,52.95816140021636],[0.31580699973991466,52.958123199806764],[0.3158233005690785,52.95808530023965],[0.3158407000378258,52.95804750020994],[0.3158591002297728,52.95800990037095],[0.3158786008579643,52.95797250018207],[0.31589920012573935,52.95793529964378],[0.3159208998297588,52.957898399951006],[0.31594360025697804,52.957861600338966],[0.3159674002221113,52.957825100491405],[0.3159922997251585,52.957788899867836],[0.316018199951439,52.957753000092566],[0.3160451000026222,52.957717299430286],[0.3160729998787082,52.95768189961757],[0.3161020001910387,52.95764680011404],[0.31613199942994136,52.957611999838065],[0.31616300029040784,52.957577599985626],[0.3161950000774466,52.957543500444686],[0.3162278999764104,52.957509700133606],[0.3162617997002769,52.95747620013547],[0.3162967001473767,52.957443199595005],[0.3163325995210823,52.95741050045146],[0.3163693001920321,52.95737820011306],[0.3164069997895542,52.957346199549605],[0.31644570011030954,52.95731470007106],[0.31648519993164825,52.957283599941476],[0.31652559986494544,52.95725289970292],[0.31656689991013415,52.95722270055217],[0.3166091000672145,52.95719290021191],[0.316652099724945,52.957163499765336],[0.31669599949453364,52.95713459986825],[0.3167405999500918,52.95710609986654],[0.3167862002305527,52.95707819998913],[0.31683249940028874,52.95705069946777],[0.3168795998672691,52.95702370004084],[0.316927400121855,52.956997200085866],[0.3169760995900354,52.95697119960373],[0.31702540003114077,52.95694579979198],[0.3170754999728628,52.956920799881736],[0.317126299702157,52.95689640010261],[0.317177900728729,52.95687259991442],[0.3172300003202566,52.95684920017138],[0.317282900310698,52.95682650067683],[0.3173363994774368,52.95680429957907],[0.3173906002284422,52.95678260012582],[0.31744530044270014,52.95676150026791],[0.3175007004445972,52.95674110012109],[0.3175565999097804,52.95672119945662],[0.3176131003478885,52.9567018004398],[0.31767019996229384,52.95668310005428],[0.3177277999383159,52.956665000350604],[0.317785899377624,52.95664750024723],[0.3178445000768793,52.956630699859886],[0.31790360023942077,52.956614400041545],[0.31796310015227053,52.95659879994075],[0.31802310042670356,52.95658380052536],[0.3180834995531479,52.956569399631384],[0.3181443002265281,52.95655570008048],[0.3182054997518863,52.95654259959336],[0.31826709992588337,52.95653010033521],[0.3183290001371441,52.95651830025729],[0.3183913000987467,52.95650719990132],[0.3184539000976131,52.95649670023474],[0.31851669952250183,52.956486900291075],[0.31857979988301827,52.95647780007084],[0.31864320028083193,52.956469299459016],[0.31870689981761224,52.956461400079405],[0.3187706999657342,52.956454299998704],[0.31883469953981175,52.95644780060978],[0.3188989991512199,52.956441999863735],[0.3189633005592556,52.95643689992554],[0.31902779959668615,52.956432500254266],[0.31909250075499673,52.95642869965228],[0.3191572001167133,52.956425599858726],[0.31922200008973806,52.95642330044822],[0.3192868997757406,52.956421499991826],[0.3193518003600736,52.9564204999186],[0.31941670004610956,52.9564202001131],[0.3194816006304426,52.9564204999186],[0.3195464994181481,52.956421499991826],[0.3196114000024811,52.95642330044822],[0.3196761999754724,52.956425599858726],[0.3197409002355195,52.95642869965228],[0.31980559959723603,52.956432500254266],[0.31987010043126063,52.95643689992554],[0.31993440004266877,52.956441999863735],[0.31999869965407696,52.95644780060978],[0.3200627001264849,52.956454299998704],[0.32012650027457346,52.956461400079405],[0.32019020070971776,52.956469299459016],[0.32025360020920085,52.95647780007084],[0.3203166996713868,52.956486900291075],[0.3203794999945726,52.95649670023474],[0.3204420999934724,52.95650719990132],[0.3205043999550416,52.95651830025729],[0.3205663001663358,52.95653010033521],[0.3206279003402994,52.95654259959336],[0.3206890998656576,52.95655570008048],[0.32074989964074074,52.956569399631384],[0.32081029966548213,52.95658380052536],[0.3208702999399486,52.95659879994075],[0.3209297998527984,52.956614400041545],[0.3209889000153398,52.956630699859886],[0.3210474998162646,52.95664750024723],[0.32110560015390327,52.956665000350604],[0.3211632001299253,52.95668310005428],[0.3212202997443307,52.9567018004398],[0.3212768001824387,52.95672119945662],[0.32133269964762196,52.95674110012109],[0.32138809964948556,52.95676150026791],[0.3214428007621075,52.95678260012582],[0.32149699971645185,52.95680429957907],[0.3215504997815211,52.95682650067683],[0.3216034006702596,52.95684920017138],[0.32165550026182066,52.95687259991442],[0.3217071003900287,52.95689640010261],[0.32175790011935634,52.956920799881736],[0.32180800006107846,52.95694579979198],[0.32185729960385323,52.95697119960373],[0.3219059999703642,52.956997200085866],[0.32195379932661955,52.95702370004084],[0.3220008997935999,52.95705069946777],[0.3220471998616664,52.95707819998913],[0.3220928001421274,52.95710609986654],[0.322137399699355,52.95713459986825],[0.3221813003672742,52.957163499765336],[0.3222243000249712,52.95719290021191],[0.322266500182085,52.95722270055217],[0.32230779932894327,52.95725289970292],[0.32234820016053745,52.957283599941476],[0.3223876999819096,52.95731470007106],[0.3224263994043345,52.957346199549605],[0.3224640999001871,52.95737820011306],[0.3225007996728064,52.95741050045146],[0.322536699944809,52.957443199595005],[0.32257159949361175,52.95747620013547],[0.3226054992174783,52.957509700133606],[0.3226384000147725,52.957543500444686],[0.3226703998018113,52.957577599985626],[0.3227013997639473,52.957611999838065],[0.32273139990118055,52.95764680011404],[0.322760400213511,52.95768189961757],[0.32278830008959697,52.957717299430286],[0.3228152001407802,52.957753000092566],[0.32284110036706065,52.957788899867836],[0.32286599987010783,52.957825100491405],[0.3228897998352411,52.957861600338966],[0.3229125002624604,52.957898399951006],[0.3229341999664798,52.95793529964378],[0.32295480013255184,52.95797250018207],[0.32297429986244636,52.95800990037095],[0.3229927000543934,52.95804750020994],[0.3230101004214377,52.95808530023965],[0.32302640035227104,52.958123199806764],[0.32304150013388205,52.95816140021636],[0.32305560009059037,52.95819959950993],[0.3230684998980765,52.958238099644966],[0.32308030016764866,52.95827659974567],[0.323091100612318,52.95831530003448],[0.3231007000094347,52.958354099858575],[0.3231091001556597,52.958392900188976],[0.32311649957865135,52.95843190016523],[0.32312269975075136,52.95847090010632],[0.32312779948660686,52.95850999958177],[0.3231317996845819,52.95854909956305],[0.3231345997333013,52.95858830016064],[0.32313690031873443,52.95866670016691]]]},"id":132,"type":"Feature","properties":{"fid":132,"objnam":" ","globalid":"{7EB6ADF5-B0A2-475D-BD07-67C78FE666A3}","SHAPE__Length":2605.181979987527,"SHAPE__Area":540074.528780585}},{"geometry":{"type":"Polygon","coordinates":[[[-3.293216499532823,56.029059700377374],[-3.304151599858246,56.02730689984557],[-3.297987699941794,56.013930400198795],[-3.2966821001859516,55.998307599565386],[-3.2843906003753585,55.99171939999292],[-3.285700899218451,56.01532959950424],[-3.293216499532823,56.029059700377374]]]},"id":133,"type":"Feature","properties":{"fid":133,"objnam":" ","globalid":"{60B33CB2-0ED7-4172-85BB-91CA88F38EC6}","SHAPE__Length":16589.55595919947,"SHAPE__Area":8995982.397336734}},{"geometry":{"type":"Polygon","coordinates":[[[-3.4652372001625165,55.99788180035864],[-3.462080600204175,56.008041300300064],[-3.476614800715443,56.01169879973382],[-3.490545600155394,55.9979964998147],[-3.4652372001625165,55.99788180035864]]]},"id":134,"type":"Feature","properties":{"fid":134,"objnam":" ","globalid":"{BC332A6F-6937-43D4-95CE-4C5A9FF51BBF}","SHAPE__Length":9782.67452979346,"SHAPE__Area":5624841.570741585}},{"geometry":{"type":"Polygon","coordinates":[[[-3.058083300364601,56.00506670015233],[-3.058083300364601,55.98839999970722],[-2.968466700172561,55.98839999970722],[-2.968466700172561,56.00506670015233],[-3.058083300364601,56.00506670015233]]]},"id":135,"type":"Feature","properties":{"fid":135,"objnam":" ","globalid":"{E75C7D2A-C23F-440D-A660-706657B7D7EB}","SHAPE__Length":26587.3252,"SHAPE__Area":33096507.37761069}},{"geometry":{"type":"Polygon","coordinates":[[[-5.546135500624357,54.36893870012683],[-5.546228399899456,54.36893050013308],[-5.546300399869485,54.36891240037723],[-5.546356300232964,54.36889319953458],[-5.54640329919034,54.368868700523244],[-5.546441500047775,54.3688380000711],[-5.546466200124834,54.368803399759],[-5.546483199843272,54.36876889989674],[-5.5464872000412475,54.36873799998185],[-5.546482200018369,54.36870940007381],[-5.546472199972613,54.36867440035317],[-5.54644419948522,54.36863890029953],[-5.546407299388282,54.3686050005587],[-5.546364299730584,54.36858400036252],[-5.546329399283484,54.36856710045103],[-5.54625840003669,54.368550799746366],[-5.54620649987115,54.36853909963787],[-5.546140499748905,54.36853790016331],[-5.54607259968983,54.3685426001985],[-5.54599369976013,54.36856009985702],[-5.545939499907455,54.36857630007855],[-5.545899299400181,54.368601500003436],[-5.545855800279163,54.36863299975691],[-5.545831799989711,54.36866389975081],[-5.545813800446369,54.36869659997309],[-5.545807799700291,54.36873740024746],[-5.545811799898233,54.36877359990549],[-5.545830800164809,54.368807999808226],[-5.545861800126944,54.36884649994969],[-5.545910700817775,54.36887679952729],[-5.545969700368975,54.368903700078285],[-5.54604859940041,54.368928199592084],[-5.546135500624357,54.36893870012683]]]},"id":136,"type":"Feature","properties":{"fid":136,"objnam":" ","globalid":"{2D268BF6-C238-485A-AF11-2813A8A8E4B7}","SHAPE__Length":238.40724832149758,"SHAPE__Area":4496.280670735}},{"geometry":{"type":"Polygon","coordinates":[[[1.5570500005419834,51.82155000019016],[1.6077999991248275,51.79923329995744],[1.62743329949679,51.809350000534245],[1.5784667001963701,51.83281670029324],[1.5570500005419834,51.82155000019016]]]},"id":137,"type":"Feature","properties":{"fid":137,"objnam":" ","globalid":"{0FECCC9B-0B75-4A60-A2FC-D01BED768AB3}","SHAPE__Length":19805.821342507832,"SHAPE__Area":20104333.62714854}},{"geometry":{"type":"Polygon","coordinates":[[[1.2875333005804483,51.879233300404174],[1.2880666995349161,51.878500000496004],[1.2889332997979435,51.878816700236904],[1.2875333005804483,51.879233300404174]]]},"id":138,"type":"Feature","properties":{"fid":138,"objnam":" ","globalid":"{5F76866E-B5F0-447E-A279-B221174CBBAC}","SHAPE__Length":430.0667571448846,"SHAPE__Area":8073.69320737}},{"geometry":{"type":"Polygon","coordinates":[[[1.7372375998299716,52.58574210019084],[1.7373255996935018,52.58496169992494],[1.7381673992681625,52.58500049990079],[1.7381230000352543,52.5852357000038],[1.738055700050774,52.5857949001322],[1.7372375998299716,52.58574210019084]]]},"id":141,"type":"Feature","properties":{"fid":141,"objnam":" ","globalid":"{A71ADB3F-4C56-4DED-B128-739D19EC3A9F}","SHAPE__Length":474.98426186829545,"SHAPE__Area":13330.18591677}},{"geometry":{"type":"Polygon","coordinates":[[[1.703520599570128,52.36067159980209],[1.7035276998541529,52.360639799608435],[1.7036018997983056,52.36063900031057],[1.7036290001737748,52.36065640053354],[1.7036788997911774,52.36070620052847],[1.7036703002189635,52.36074290013411],[1.703718800261155,52.36078210018145],[1.7037843997347966,52.360816199959274],[1.703815800345538,52.36086070040676],[1.7038271999665047,52.360927099897644],[1.70390419995941,52.36101610052442],[1.7039683998578068,52.36109360041875],[1.704002999369279,52.361120199694966],[1.7039882005232958,52.361154800070075],[1.7039495999155516,52.36120939961753],[1.7039704004059428,52.36128029971288],[1.7040278000576456,52.3613305998609],[1.7040506001978761,52.36139059943471],[1.7040455992767012,52.36137670000514],[1.7040932001052982,52.36145249976173],[1.7041645002876866,52.36151309986586],[1.704226899962267,52.36152279986849],[1.7042803003143585,52.36154220041589],[1.704472499360944,52.36156280015083],[1.7044932998513687,52.36158950008327],[1.7044913002015298,52.361631299645104],[1.704446699746005,52.36163979987929],[1.704325900594786,52.36162530038239],[1.7042023004965503,52.36161279990428],[1.7040952994681149,52.36159269994876],[1.7039713005178678,52.36159710010632],[1.7039128004299209,52.36153340008948],[1.7039627000473234,52.36142329985935],[1.7039270998126181,52.361351800392555],[1.7038743004334849,52.361298500066425],[1.7038358004370155,52.3611998004857],[1.7038271999665047,52.361092499406844],[1.7037802001108326,52.36102259963241],[1.7037273998333688,52.36096500017781],[1.7036204006015607,52.36092660013401],[1.7036360995594693,52.36087770007274],[1.7036162000792998,52.360833199642386],[1.703577700082864,52.36079390034564],[1.7035847994685585,52.36074149958319],[1.703520599570128,52.36067159980209]]]},"id":142,"type":"Feature","properties":{"fid":142,"objnam":" ","globalid":"{5BA88B0A-8C8B-4951-8DF4-93DF334BDA9D}","SHAPE__Length":494.51110625202955,"SHAPE__Area":3407.20419905}},{"geometry":{"type":"Polygon","coordinates":[[[1.7243914999258805,52.38752819991762],[1.7243419991604891,52.38748459970748],[1.7242856002319866,52.38745799985739],[1.72423800030172,52.38737920023629],[1.7241826002998228,52.387325300264834],[1.724212300399759,52.3872785999882],[1.7243122999588838,52.387262800207424],[1.7243678005720555,52.38726100026674],[1.7243985004968942,52.38729619970264],[1.7244113005914026,52.38737249995659],[1.7244221998507194,52.38744830061505],[1.7244756999157886,52.38748699998174],[1.7245203003713467,52.38754400015168],[1.7244866000734358,52.38756340023695],[1.7244321001834635,52.387557299778656],[1.7243914999258805,52.38752819991762]]]},"id":143,"type":"Feature","properties":{"fid":143,"objnam":" ","globalid":"{A9E3C73F-1468-4BE0-9148-47F07F9724BE}","SHAPE__Length":145.55070657105682,"SHAPE__Area":942.77431802}},{"geometry":{"type":"Polygon","coordinates":[[[1.7178215004155772,52.37993909999397],[1.7177840999570553,52.37989830040123],[1.7178530995540104,52.379862099806324],[1.7178260000768384,52.37977160010846],[1.7179122006148826,52.379735399958015],[1.7180083005873403,52.379765600018935],[1.7180256003430765,52.37982139994273],[1.7180920999286096,52.379887700199816],[1.7181758992699123,52.37996009967288],[1.7181758992699123,52.38005659958356],[1.7182572003963867,52.38019690030149],[1.7183779995475725,52.38040499978282],[1.7184272002757002,52.38049849982279],[1.7184000999001974,52.380540700429314],[1.7183162996605978,52.38051959958276],[1.7182620998079228,52.38045050042226],[1.7182150999522507,52.380412099767575],[1.718170800432354,52.38032659992921],[1.7181009995381542,52.380228800474804],[1.7180510999207517,52.38012499966644],[1.7180083005873403,52.38005080022904],[1.7178970002219631,52.37999320035816],[1.7178215004155772,52.37993909999397]]]},"id":144,"type":"Feature","properties":{"fid":144,"objnam":" ","globalid":"{F73A6182-787C-4AEA-89F1-F447FF34A042}","SHAPE__Length":342.8758142970508,"SHAPE__Area":3035.385952325}},{"geometry":{"type":"Polygon","coordinates":[[[1.7223077992338942,52.38534659981477],[1.7224425995271075,52.38547470032548],[1.7225206999562237,52.385598500292076],[1.7225810002679873,52.38569619957951],[1.7223041996845578,52.385750500139444],[1.7218002996073765,52.38549430034686],[1.721512899801894,52.38519029946116],[1.7212147992647537,52.38494489991954],[1.7210445002464736,52.38483419953775],[1.7204483000704898,52.38481030007068],[1.7203774005367067,52.384636599919155],[1.7205725002433532,52.384430299602585],[1.7206151001507752,52.38425879992171],[1.7203099002279403,52.3840264996011],[1.7199551007249998,52.38377239967854],[1.7197493002866617,52.3836096001605],[1.7194795999872239,52.383605199453896],[1.7190714998452366,52.38345319989651],[1.7189188994346707,52.38327300021661],[1.7188479001878427,52.38299720027782],[1.7185747000520801,52.38270189989911],[1.7187094994469965,52.382539100271956],[1.719731500169309,52.38261720010502],[1.7204270001167787,52.38281050009326],[1.720467900411659,52.38327109977241],[1.7208296995872827,52.38381520029008],[1.7212038002924257,52.38440419960332],[1.7217679000700292,52.38495579991784],[1.722092900658353,52.38520340022097],[1.7223077992338942,52.38534659981477]]]},"id":145,"type":"Feature","properties":{"fid":145,"objnam":" ","globalid":"{0579DACC-B6F6-443E-AB3A-6E50473E01D9}","SHAPE__Length":1635.0626996991177,"SHAPE__Area":61421.50270268}},{"geometry":{"type":"Polygon","coordinates":[[[-2.9665233001582823,54.00485380044403],[-2.9665664004272876,54.00475209983803],[-2.9665999992155263,54.004548799776536],[-2.966901900524653,54.00453759965756],[-2.9669163005186583,54.004509299993984],[-2.96749140016692,54.004461300020644],[-2.9675009995640367,54.00410560031028],[-2.9670840007108352,54.00407170023043],[-2.9663987002351107,54.00410270020175],[-2.9658378999695456,54.004153600165864],[-2.964654099189792,54.004212900488476],[-2.9629142996396927,54.00432299964278],[-2.9629286996336983,54.004735199428765],[-2.962238499746404,54.00474079946204],[-2.962252899740409,54.00506549979237],[-2.9631442997934725,54.005048600038286],[-2.9647211997482503,54.00499210011405],[-2.9665233001582823,54.00485380044403]]]},"id":146,"type":"Feature","properties":{"fid":146,"objnam":" ","globalid":"{5D28A0BF-F317-43B6-AFBF-BFD061B58308}","SHAPE__Length":1437.3582294641412,"SHAPE__Area":71348.261099915}},{"geometry":{"type":"Polygon","coordinates":[[[0.002273399727183198,51.49277979996759],[0.00203010001564244,51.49278689975934],[0.002056700029528481,51.49223410042359],[0.002102300309955951,51.49170739991431],[0.002577400399126468,51.491709799939876],[0.002657199542420636,51.491880600223496],[0.0025583992342210833,51.492056199881986],[0.002482399964549024,51.49221040022833],[0.0024291999368104065,51.49235510020411],[0.002338000274219027,51.492547299913575],[0.002296200765744156,51.49268970063946],[0.002273399727183198,51.49277979996759]]]},"id":147,"type":"Feature","properties":{"fid":147,"objnam":" ","globalid":"{85EDAB92-A3F1-4E06-83AD-5BE6CD0375B7}","SHAPE__Length":471.66086414249577,"SHAPE__Area":8736.150179515}},{"geometry":{"type":"Polygon","coordinates":[[[-1.115756400023946,50.81153529994679],[-1.116122999796425,50.81131870022043],[-1.1147898002017937,50.81056879982579],[-1.1146565000950999,50.81085210070435],[-1.115756400023946,50.81153529994679]]]},"id":148,"type":"Feature","properties":{"fid":148,"objnam":" ","globalid":"{3725FDF5-DA6D-495F-96CF-0FDA774AE647}","SHAPE__Length":478.32574248764973,"SHAPE__Area":9475.79069374}},{"geometry":{"type":"Polygon","coordinates":[[[-4.981950000381356,52.01346669984725],[-4.984999999959867,52.00888330017014],[-4.983333299917676,52.00749999996336],[-4.9816667004868265,52.00861669975051],[-4.978333300402477,52.013200000121266],[-4.981950000381356,52.01346669984725]]]},"id":149,"type":"Feature","properties":{"fid":149,"objnam":" ","globalid":"{6D830CC9-C823-4250-849C-E5DC15A302FF}","SHAPE__Length":2795.1485951224035,"SHAPE__Area":379735.3141813}},{"geometry":{"type":"Polygon","coordinates":[[[-1.1167332999291173,50.81669999976381],[-1.1185166992115079,50.816716700174176],[-1.1196832999485034,50.814833300074156],[-1.1194832999319568,50.81446669955141],[-1.1178500001503797,50.81448330029776],[-1.1167332999291173,50.81669999976381]]]},"id":150,"type":"Feature","properties":{"fid":150,"objnam":" ","globalid":"{7C385462-C36A-48F9-8723-BE084BD6E98C}","SHAPE__Length":1214.916647972283,"SHAPE__Area":82720.35755091}},{"geometry":{"type":"Polygon","coordinates":[[[-1.0947667001667798,50.73974999977448],[-1.0955999998822379,50.740050000122],[-1.1031832999313316,50.73565000064115],[-1.1024167001257597,50.735150000153695],[-1.095233300396714,50.73934999992207],[-1.0947667001667798,50.73974999977448]]]},"id":151,"type":"Feature","properties":{"fid":151,"objnam":" ","globalid":"{8EF96E7B-AE8B-441B-9DD3-B49EECEA87AE}","SHAPE__Length":2550.6475783302362,"SHAPE__Area":139086.714755645}},{"geometry":{"type":"Polygon","coordinates":[[[-1.0958333004463536,50.809566700278076],[-1.0959499996865865,50.80934999946431],[-1.0950832997105815,50.80919999994973],[-1.0949832992531598,50.80941669975639],[-1.0958333004463536,50.809566700278076]]]},"id":152,"type":"Feature","properties":{"fid":152,"objnam":" ","globalid":"{AE9D256A-20BF-43E6-ACAB-72A526AF5EDB}","SHAPE__Length":278.3662361549774,"SHAPE__Area":3966.401490955}},{"geometry":{"type":"Polygon","coordinates":[[[-1.0970550002495851,50.80925449997474],[-1.0967554004242557,50.80920100014863],[-1.0967097004307835,50.80930760011506],[-1.0970012001472187,50.80935809980014],[-1.0970550002495851,50.80925449997474]]]},"id":153,"type":"Feature","properties":{"fid":153,"objnam":" ","globalid":"{0B3EE55E-66FE-4BB6-A1B2-390FCA60C02B}","SHAPE__Length":106.96872118340882,"SHAPE__Area":659.88268671}}],"helmlore_source":{"provider":"UK Hydrographic Office","licence":"Open Government Licence (official source page); source item terms to retain","source":"https://datahub.admiralty.co.uk/server/rest/services/Hosted/Wrecks_and_Obstructions_within_UK_EEZ/FeatureServer/1","retrieved":"2026-10-07","scope":"Source dataset named Wrecks and Obstructions within UK EEZ. Not Ireland national coverage. Includes live/dead or historical records; not all are current hazards.","changes":"Requested EPSG:4326 GeoJSON from service; all current returned IDs collected."}}