{"type":"FeatureCollection","features":[{"type":"Feature","id":"0c2f4d00-96ac-5170-a984-34445e8f9f5f","geometry":{"coordinates":[-4.59,53.42],"type":"Point"},"properties":{"coast_dist":909.0,"country":"United Kingdom","date_of_la":"18/09/2023 00:00","device":"SeagenS2","device_sca":"Full scale","eia":"Yes","eialink":"https://tethys.pnnl.gov/sites/default/files/publications/Skerries_Scoping_Report_2006.pdf","end_year":"2016","facid":"OE-UK62","id":2,"id_1":2,"latitude":53.42,"link_to_so":"N/A","location":"Anglesey","longitude":-4.59,"metadata_a":"No","metadata_l":"N/A","name":"Seagen Anglesey Skerries","notes":"","otherlinks":"https://tethys.pnnl.gov/project-sites/anglesey-skerries-tidal-stream-array","posinfo":"Original","project_ca":"10000","project_pr":"Sea Generation (Wales) Ltd","project_sc":"Demonstration array","resource":"Tidal","sea":"Celtic Sea","seabasin":"Atlantic","service_or":"Map viewer/Shapefile","source":"Web page","source_det":"N/A","start_year":"","status":"Cancelled","technology":"Horizontal Axis Turbine","web_page":"N/A","helmlore_id":"0c2f4d00-96ac-5170-a984-34445e8f9f5f","source_observation":"24fff9aa-56b7-5bc3-af10-365548b62de9","source_external_id":"OE-UK62","data_source":"emodnet:oenergy","source_date":"18/09/2023 00:00","retrieved_at":"2026-10-07T22:09:31.709648+00:00","correction_status":"source_baseline"}},{"type":"Feature","id":"02a407cd-d1d7-502c-b817-ae31a9426b76","geometry":{"coordinates":[-5.2597946,51.6758804],"type":"Point"},"properties":{"coast_dist":2307.0,"country":"United Kingdom","date_of_la":"27/08/2025 00:00","device":"WaveDragon","device_sca":"Full-scale prototype","eia":"N/A","eialink":"","end_year":"","facid":"OE-UK98","id":3,"id_1":3,"latitude":51.6758804,"link_to_so":"http://tethys.pnnl.gov/annex-iv-sites/wave-dragon-project-milla-fjord-site","location":"Milla Fjord","longitude":-5.2597946,"metadata_a":"No","metadata_l":"N/A","name":"Wave Dragon Project - Milla Fjord Site","notes":"","otherlinks":"https://openei.org/wiki/PRIMRE/Databases/Projects_Database/Projects/Milla_Fjord_Wave_Dragon_Project","posinfo":"Original","project_ca":"112000","project_pr":"Wave Dragon Wales Ltd","project_sc":"N/A","resource":"Wave","sea":"Celtic Sea","seabasin":"Atlantic","service_or":"Data base","source":"Web page","source_det":"TETHYS Database","start_year":"","status":"Cancelled","technology":"Hydro Turbine","web_page":"http://www.wavedragon.net/index.php","helmlore_id":"02a407cd-d1d7-502c-b817-ae31a9426b76","source_observation":"788bccae-49e2-5a5e-bb7a-5fdfe679bbf2","source_external_id":"OE-UK98","data_source":"emodnet:oenergy","source_date":"27/08/2025 00:00","retrieved_at":"2026-10-07T22:09:31.709648+00:00","correction_status":"source_baseline"}},{"type":"Feature","id":"3d9f7bbb-b8ed-5268-afe2-ebb66e2e45b9","geometry":{"coordinates":[-3.084,51.26],"type":"Point"},"properties":{"coast_dist":4536.0,"country":"United Kingdom","date_of_la":"27/08/2025 00:00","device":"N/A","device_sca":"N/A","eia":"N/A","eialink":"","end_year":"","facid":"OE-UK104","id":4,"id_1":4,"latitude":51.26,"link_to_so":"https://www.ocean-energy-systems.org/ocean-energy/gis-map-tool/","location":"Bridgewater Bay","longitude":-3.084,"metadata_a":"No","metadata_l":"N/A","name":"Bridgwater Bay Tidal Lagoon","notes":"","otherlinks":"N/A","posinfo":"Original","project_ca":"","project_pr":"N/A","project_sc":"Commercial","resource":"Tidal","sea":"Celtic Sea","seabasin":"Atlantic","service_or":"Map viewer","source":"Web page","source_det":"IEA-OES GIS Map of Ocean Energy Installations","start_year":"","status":"In development","technology":"Tidal lagoon","web_page":"https://www.somerset.gov.uk/beaches-ports-and-flooding/bridgwater-tidal-barrier/","helmlore_id":"3d9f7bbb-b8ed-5268-afe2-ebb66e2e45b9","source_observation":"27e76e39-eda5-5f31-b08a-8348ca170535","source_external_id":"OE-UK104","data_source":"emodnet:oenergy","source_date":"27/08/2025 00:00","retrieved_at":"2026-10-07T22:09:31.709648+00:00","correction_status":"source_baseline"}},{"type":"Feature","id":"c65ab10d-a86f-599a-80db-28d52befa8a2","geometry":{"coordinates":[-7.02,58.31],"type":"Point"},"properties":{"coast_dist":6393.0,"country":"United Kingdom","date_of_la":"19/09/2023 00:00","device":"Pelamis P2E","device_sca":"Full scale","eia":"N/A","eialink":"","end_year":"2014","facid":"OE-UK59","id":5,"id_1":5,"latitude":58.31,"link_to_so":"N/A","location":"Bernera (Isle of Lewis)","longitude":-7.02,"metadata_a":"Yes","metadata_l":"https://maps.esp.tl/maps/_UKRED-Marine-Map/pages/map.jsp?geoMapId=267704&TENANT_ID=115744","name":"Bernera","notes":"","otherlinks":"https://openei.org/wiki/PRIMRE/Databases/Projects_Database/Projects/Bernera","posinfo":"Original","project_ca":"10000","project_pr":"Pelamis Wave Power Ltd","project_sc":"Commercial array","resource":"Wave","sea":"Celtic Sea","seabasin":"Atlantic","service_or":"Map viewer/Shapefile","source":"Web page","source_det":"N/A","start_year":"2009","status":"Cancelled","technology":"Attenuator","web_page":"N/A","helmlore_id":"c65ab10d-a86f-599a-80db-28d52befa8a2","source_observation":"bb8471b9-f7f3-51e0-a705-b62d22564706","source_external_id":"OE-UK59","data_source":"emodnet:oenergy","source_date":"19/09/2023 00:00","retrieved_at":"2026-10-07T22:09:31.709648+00:00","correction_status":"source_baseline"}},{"type":"Feature","id":"d2192dd6-e97b-5294-8440-ce75c70a9a8d","geometry":{"coordinates":[-4.2896,58.62295],"type":"Point"},"properties":{"coast_dist":7308.0,"country":"United Kingdom","date_of_la":"01/07/2021 00:00","device":"Pelamis P2E","device_sca":"Full scale","eia":"N/A","eialink":"","end_year":"","facid":"OE-UK15","id":6,"id_1":6,"latitude":58.62295,"link_to_so":"N/A","location":"Bettyhill (Sutherland)","longitude":-4.2896,"metadata_a":"No","metadata_l":"N/A","name":"Farr Point phase 2","notes":"","otherlinks":"N/A","posinfo":"Original","project_ca":"40000","project_pr":"Pelamis Wave Power Ltd","project_sc":"Commercial array","resource":"Wave","sea":"Celtic Sea","seabasin":"Atlantic","service_or":"N/A","source":"Web page","source_det":"N/A","start_year":"","status":"Cancelled","technology":"Attenuator","web_page":"N/A","helmlore_id":"d2192dd6-e97b-5294-8440-ce75c70a9a8d","source_observation":"574bd845-053e-506b-9150-bbd5c6ca03ab","source_external_id":"OE-UK15","data_source":"emodnet:oenergy","source_date":"01/07/2021 00:00","retrieved_at":"2026-10-07T22:09:31.709648+00:00","correction_status":"source_baseline"}},{"type":"Feature","id":"248b9ab3-a41d-5ed2-bb4e-ed1869de5909","geometry":{"coordinates":[-4.2896,58.62295],"type":"Point"},"properties":{"coast_dist":7308.0,"country":"United Kingdom","date_of_la":"18/09/2023 00:00","device":"Pelamis P2E","device_sca":"Full scale","eia":"N/A","eialink":"","end_year":"","facid":"OE-UK14","id":6,"id_1":6,"latitude":58.62295,"link_to_so":"N/A","location":"Bettyhill (Sutherland)","longitude":-4.2896,"metadata_a":"No","metadata_l":"N/A","name":"Farr Point phase 1","notes":"","otherlinks":"https://openei.org/wiki/PRIMRE/Databases/Projects_Database/Projects/Farr_Point_Wave_Array_-_Phase_1","posinfo":"Original","project_ca":"10000","project_pr":"Pelamis Wave Power Ltd","project_sc":"Demonstration array","resource":"Wave","sea":"Celtic Sea","seabasin":"Atlantic","service_or":"N/A","source":"Web page","source_det":"N/A","start_year":"2017","status":"Cancelled","technology":"Attenuator","web_page":"N/A","helmlore_id":"248b9ab3-a41d-5ed2-bb4e-ed1869de5909","source_observation":"a7270833-21c5-5488-9fa1-f0731fa22e63","source_external_id":"OE-UK14","data_source":"emodnet:oenergy","source_date":"18/09/2023 00:00","retrieved_at":"2026-10-07T22:09:31.709648+00:00","correction_status":"source_baseline"}},{"type":"Feature","id":"8c451351-6857-5d99-8e5a-bf2fe1999b16","geometry":{"coordinates":[-5.659,57.226],"type":"Point"},"properties":{"coast_dist":285.0,"country":"United Kingdom","date_of_la":"27/08/2025 00:00","device":"SeagenS","device_sca":"Full scale","eia":"Yes","eialink":"N/A","end_year":"2016","facid":"OE-UK53","id":8,"id_1":8,"latitude":57.226,"link_to_so":"https://tethys.pnnl.gov/project-sites/kyle-rhea-tidal-stream-array-project","location":"Kylerhea (Isle of Skye)","longitude":-5.659,"metadata_a":"Yes","metadata_l":"https://maps.esp.tl/maps/_UKRED-Marine-Map/pages/map.jsp?geoMapId=267704&TENANT_ID=115744","name":"Seagen Kyle Rhea","notes":"","otherlinks":"N/A","posinfo":"Original","project_ca":"8000","project_pr":"Sea Generation (Khle Rhea) Ltd","project_sc":"Demonstration array","resource":"Tidal","sea":"Celtic Sea","seabasin":"Atlantic","service_or":"Map viewer/Shapefile","source":"Web page","source_det":"TETHYS Database","start_year":"2009","status":"Cancelled","technology":"Horizontal Axis Turbine","web_page":"https://saerenewables.com/tidal-stream/","helmlore_id":"8c451351-6857-5d99-8e5a-bf2fe1999b16","source_observation":"6d324d6c-66c7-55d4-a66b-1bc5858929af","source_external_id":"OE-UK53","data_source":"emodnet:oenergy","source_date":"27/08/2025 00:00","retrieved_at":"2026-10-07T22:09:31.709648+00:00","correction_status":"source_baseline"}},{"type":"Feature","id":"c26e3628-c104-5372-8a17-d40f8ba84273","geometry":{"coordinates":[-3.3871,58.9772],"type":"Point"},"properties":{"coast_dist":1548.0,"country":"United Kingdom","date_of_la":"27/08/2025 00:00","device":"Laminaria","device_sca":"Prototype","eia":"N/A","eialink":"","end_year":"2019","facid":"OE-UK92","id":9,"id_1":9,"latitude":58.9772,"link_to_so":"http://www.emec.org.uk/about-us/wave-clients/laminaria/","location":"Billia Croo-1 (Orkney)","longitude":-3.3871,"metadata_a":"No","metadata_l":"N/A","name":"LAMWEC project","notes":"","otherlinks":"N/A","posinfo":"Original","project_ca":"100","project_pr":"Laminaria","project_sc":"Sea testing","resource":"Wave","sea":"Celtic Sea","seabasin":"Atlantic","service_or":"Web page","source":"Web page","source_det":"EMEC Orkney","start_year":"2018","status":"Completed","technology":"Surge operational attenuator","web_page":"N/A","helmlore_id":"c26e3628-c104-5372-8a17-d40f8ba84273","source_observation":"16607c1d-84bc-5a4c-b7e3-26cc4f9d9dd1","source_external_id":"OE-UK92","data_source":"emodnet:oenergy","source_date":"27/08/2025 00:00","retrieved_at":"2026-10-07T22:09:31.709648+00:00","correction_status":"source_baseline"}},{"type":"Feature","id":"10c253d6-2691-54ee-a085-981b81912750","geometry":{"coordinates":[-3.3871,58.9772],"type":"Point"},"properties":{"coast_dist":1548.0,"country":"United Kingdom","date_of_la":"27/08/2025 00:00","device":"Penguin","device_sca":"Large scale prototype","eia":"Yes","eialink":"https://tethys.pnnl.gov/annex-iv-sites/wello-penguin-emec","end_year":"2019","facid":"OE-UK23","id":9,"id_1":9,"latitude":58.9772,"link_to_so":"N/A","location":"Billia Croo-1 (Orkney)","longitude":-3.3871,"metadata_a":"No","metadata_l":"N/A","name":"EMEC Wello Oy-Penguin","notes":"","otherlinks":"N/A","posinfo":"Original","project_ca":"500","project_pr":"Wello Oy","project_sc":"Pre-commercial","resource":"Wave","sea":"Celtic Sea","seabasin":"Atlantic","service_or":"Map viewer","source":"Web page","source_det":"N/A","start_year":"2013","status":"Ceased operating","technology":"Rotating mass","web_page":"N/A","helmlore_id":"10c253d6-2691-54ee-a085-981b81912750","source_observation":"574f5f44-75bf-5591-9c0c-ad075c61193d","source_external_id":"OE-UK23","data_source":"emodnet:oenergy","source_date":"27/08/2025 00:00","retrieved_at":"2026-10-07T22:09:31.709648+00:00","correction_status":"source_baseline"}},{"type":"Feature","id":"75bb4441-b43c-5cd4-b800-0f2061f31b45","geometry":{"coordinates":[-3.3871,58.9772],"type":"Point"},"properties":{"coast_dist":1548.0,"country":"United Kingdom","date_of_la":"18/09/2023 00:00","device":"Pelamis P2","device_sca":"Large scale prototype","eia":"Not required","eialink":"","end_year":"2014","facid":"OE-UK22","id":9,"id_1":9,"latitude":58.9772,"link_to_so":"N/A","location":"Billia Croo-1 (Orkney)","longitude":-3.3871,"metadata_a":"No","metadata_l":"N/A","name":"EMEC Pelamis Wave Power P2","notes":"Key Environmental Issues: Baseline studies for the Billia Croo test site were performed by EMEC","otherlinks":"N/A","posinfo":"Original","project_ca":"750","project_pr":"E. ON, ScottishPower Renewables","project_sc":"Sea testing","resource":"Wave","sea":"Celtic Sea","seabasin":"Atlantic","service_or":"Map viewer/Shapefile","source":"Web page","source_det":"N/A","start_year":"2010","status":"Ceased operating","technology":"Floating articulated attenuator","web_page":"http://www.emec.org.uk/about-us/wave-clients/e-on/","helmlore_id":"75bb4441-b43c-5cd4-b800-0f2061f31b45","source_observation":"dbab2594-f5c4-5554-918f-ea18ff39111b","source_external_id":"OE-UK22","data_source":"emodnet:oenergy","source_date":"18/09/2023 00:00","retrieved_at":"2026-10-07T22:09:31.709648+00:00","correction_status":"source_baseline"}},{"type":"Feature","id":"ff9287ba-9b4b-521b-8a96-763b51da00d1","geometry":{"coordinates":[-3.3871,58.9772],"type":"Point"},"properties":{"coast_dist":1548.0,"country":"United Kingdom","date_of_la":"27/08/2025 00:00","device":"Oceanus 1","device_sca":"Large scale prototype","eia":"Not required","eialink":"","end_year":"2014","facid":"OE-UK21","id":9,"id_1":9,"latitude":58.9772,"link_to_so":"https://www.emec.org.uk/about-us/wave-clients/seatricity/","location":"Billia Croo-1 (Orkney)","longitude":-3.3871,"metadata_a":"No","metadata_l":"N/A","name":"EMEC Seatricity-Oceanus 1","notes":"Key Environmental Issues: Baseline studies for the Billia Croo test site were performed by EMEC","otherlinks":"N/A","posinfo":"Original","project_ca":"1000","project_pr":"Seatricity","project_sc":"Pre-commercial","resource":"Wave","sea":"Celtic Sea","seabasin":"Atlantic","service_or":"Map viewer/Shapefile","source":"Web page","source_det":"EMEC Orkney","start_year":"2013","status":"Ceased operating","technology":"Point absorber","web_page":"N/A","helmlore_id":"ff9287ba-9b4b-521b-8a96-763b51da00d1","source_observation":"9b593ef6-bb63-505c-9db9-2919bc4b6e30","source_external_id":"OE-UK21","data_source":"emodnet:oenergy","source_date":"27/08/2025 00:00","retrieved_at":"2026-10-07T22:09:31.709648+00:00","correction_status":"source_baseline"}},{"type":"Feature","id":"8e2fa342-d114-5c27-bc22-03403d8ea5fa","geometry":{"coordinates":[-3.3871,58.9772],"type":"Point"},"properties":{"coast_dist":1548.0,"country":"United Kingdom","date_of_la":"27/08/2025 00:00","device":"Blue X","device_sca":"","eia":"N/A","eialink":"","end_year":"","facid":"OE-UK166","id":9,"id_1":9,"latitude":58.9772,"link_to_so":"https://www.ocean-energy-systems.org/publications/oes-annual-reports/","location":"Billia Croo-1 (Orkney)","longitude":-3.3871,"metadata_a":"No","metadata_l":"N/A","name":"Blue Horizon 250","notes":"","otherlinks":"https://www.emec.org.uk/about-us/wave-clients/mocean-energy/","posinfo":"Original","project_ca":"250","project_pr":"Mocean Energy","project_sc":"Sea testing","resource":"Wave","sea":"Celtic Sea","seabasin":"Atlantic","service_or":"Report","source":"Web page","source_det":"OES Annual Reports","start_year":"2023","status":"In development","technology":"Attenuator","web_page":"https://www.mocean.energy/","helmlore_id":"8e2fa342-d114-5c27-bc22-03403d8ea5fa","source_observation":"8229c692-2ab6-585b-a0f7-3ce09ff136d4","source_external_id":"OE-UK166","data_source":"emodnet:oenergy","source_date":"27/08/2025 00:00","retrieved_at":"2026-10-07T22:09:31.709648+00:00","correction_status":"source_baseline"}},{"type":"Feature","id":"172dff14-92a2-5e91-aa27-fa34beeb83ef","geometry":{"coordinates":[-3.3871,58.9772],"type":"Point"},"properties":{"coast_dist":1548.0,"country":"United Kingdom","date_of_la":"27/08/2025 00:00","device":"Orbital O2","device_sca":"Full scale","eia":"Yes","eialink":"https://tethys.pnnl.gov/project-sites/orbital-marine-power-o2-emec","end_year":"","facid":"OE-UK154","id":9,"id_1":9,"latitude":58.9772,"link_to_so":"https://www.ocean-energy-systems.org/publications/oes-annual-reports/document/oes-annual-report-2023/","location":"Billia Croo-1 (Orkney)","longitude":-3.3871,"metadata_a":"No","metadata_l":"N/A","name":"EMEC Orbital O2","notes":"","otherlinks":"https://www.emec.org.uk/about-us/our-tidal-clients/orbital-marine-power/","posinfo":"Original","project_ca":"2000","project_pr":"Orbital Marine Power Ltd","project_sc":"Commercial","resource":"Tidal","sea":"Celtic Sea","seabasin":"Atlantic","service_or":"Report","source":"Web page","source_det":"Ocean Energy: Key trends and statistics 2023","start_year":"2021","status":"Operational","technology":"Horizontal Axis Turbine","web_page":"https://orbitalmarine.com/o2-installation/","helmlore_id":"172dff14-92a2-5e91-aa27-fa34beeb83ef","source_observation":"3e7c2d34-0797-570c-b6ca-53dffb4844c9","source_external_id":"OE-UK154","data_source":"emodnet:oenergy","source_date":"27/08/2025 00:00","retrieved_at":"2026-10-07T22:09:31.709648+00:00","correction_status":"source_baseline"}},{"type":"Feature","id":"1b01c120-19ae-5dfd-b684-14ab5862c897","geometry":{"coordinates":[-3.3871,58.9772],"type":"Point"},"properties":{"coast_dist":1548.0,"country":"United Kingdom","date_of_la":"19/09/2023 00:00","device":"Orbital O2","device_sca":"Part-scale prototype","eia":"N/A","eialink":"","end_year":"","facid":"OE-UK137","id":9,"id_1":9,"latitude":58.9772,"link_to_so":"N/A","location":"Billia Croo-1 (Orkney)","longitude":-3.3871,"metadata_a":"No","metadata_l":"N/A","name":"EMEC Orbital O2","notes":"","otherlinks":"N/A","posinfo":"Original","project_ca":"2000","project_pr":"Orbital Marine Power Ltd","project_sc":"N/A","resource":"Tidal","sea":"Celtic Sea","seabasin":"Atlantic","service_or":"Map viewer","source":"Web page","source_det":"N/A","start_year":"","status":"Completed","technology":"Horizontal Axis Turbine","web_page":"https://orbitalmarine.com/o2-installation/","helmlore_id":"1b01c120-19ae-5dfd-b684-14ab5862c897","source_observation":"2f6c27cb-c573-53eb-a116-7119222f4c3c","source_external_id":"OE-UK137","data_source":"emodnet:oenergy","source_date":"19/09/2023 00:00","retrieved_at":"2026-10-07T22:09:31.709648+00:00","correction_status":"source_baseline"}},{"type":"Feature","id":"926d5d3a-45b1-59c6-ad52-bbfc507e140a","geometry":{"coordinates":[-3.3871,58.9772],"type":"Point"},"properties":{"coast_dist":1548.0,"country":"United Kingdom","date_of_la":"19/09/2023 00:00","device":"Orbital O2","device_sca":"Part-scale","eia":"N/A","eialink":"","end_year":"","facid":"OE-UK136","id":9,"id_1":9,"latitude":58.9772,"link_to_so":"N/A","location":"Billia Croo-1 (Orkney)","longitude":-3.3871,"metadata_a":"No","metadata_l":"N/A","name":"EMEC Orbital O2 - Phase II","notes":"","otherlinks":"N/A","posinfo":"Original","project_ca":"2000","project_pr":"Orbital Marine Power Ltd","project_sc":"N/A","resource":"Tidal","sea":"Celtic Sea","seabasin":"Atlantic","service_or":"Map viewer","source":"Web page","source_det":"N/A","start_year":"","status":"Completed","technology":"Horizontal Axis Turbine","web_page":"https://orbitalmarine.com/o2-installation/","helmlore_id":"926d5d3a-45b1-59c6-ad52-bbfc507e140a","source_observation":"24127e7b-dcd6-5d90-adc5-efc9ee6ffbc6","source_external_id":"OE-UK136","data_source":"emodnet:oenergy","source_date":"19/09/2023 00:00","retrieved_at":"2026-10-07T22:09:31.709648+00:00","correction_status":"source_baseline"}},{"type":"Feature","id":"5400ae33-62fb-5b65-b500-4dc997852a38","geometry":{"coordinates":[-3.3871,58.9772],"type":"Point"},"properties":{"coast_dist":1548.0,"country":"United Kingdom","date_of_la":"19/09/2023 00:00","device":"Penguin","device_sca":"N/A","eia":"N/A","eialink":"","end_year":"","facid":"OE-UK134","id":9,"id_1":9,"latitude":58.9772,"link_to_so":"N/A","location":"Billia Croo-1 (Orkney)","longitude":-3.3871,"metadata_a":"No","metadata_l":"N/A","name":"EMEC Wello Oy 2","notes":"","otherlinks":"N/A","posinfo":"Original","project_ca":"1000","project_pr":"Wello Oy","project_sc":"N/A","resource":"Wave","sea":"Celtic Sea","seabasin":"Atlantic","service_or":"Map viewer/Shapefile","source":"Web page","source_det":"N/A","start_year":"2018","status":"Cancelled","technology":"Rotating mass","web_page":"N/A","helmlore_id":"5400ae33-62fb-5b65-b500-4dc997852a38","source_observation":"4c35861c-ceb9-5336-bf8e-ce88cb29b69f","source_external_id":"OE-UK134","data_source":"emodnet:oenergy","source_date":"19/09/2023 00:00","retrieved_at":"2026-10-07T22:09:31.709648+00:00","correction_status":"source_baseline"}},{"type":"Feature","id":"848133db-c1d4-5e49-bc31-827ee88d4d05","geometry":{"coordinates":[-3.3871,58.9772],"type":"Point"},"properties":{"coast_dist":1548.0,"country":"United Kingdom","date_of_la":"19/09/2023 00:00","device":"Pelamis P2","device_sca":"Large scale prototype","eia":"Not required","eialink":"","end_year":"2016","facid":"OE-UK13","id":9,"id_1":9,"latitude":58.9772,"link_to_so":"N/A","location":"Billia Croo-1 (Orkney)","longitude":-3.3871,"metadata_a":"Yes","metadata_l":"https://maps.esp.tl/maps/_UKRED-Marine-Map/pages/map.jsp?geoMapId=267704&TENANT_ID=115744","name":"EMEC ScottishPower Renewables Pelamis P2","notes":"Key Environmental Issues: Baseline studies for the Billia Croo test site were performed by EMEC","otherlinks":"N/A","posinfo":"Original","project_ca":"750","project_pr":"European Marine Energy Centre","project_sc":"Sea testing","resource":"Wave","sea":"Celtic Sea","seabasin":"Atlantic","service_or":"Map viewer/Shapefile","source":"Web page","source_det":"N/A","start_year":"2012","status":"Ceased operating","technology":"Floating articulated attenuator","web_page":"http://www.emec.org.uk/about-us/wave-clients/scottishpower-renewables/","helmlore_id":"848133db-c1d4-5e49-bc31-827ee88d4d05","source_observation":"ceff466f-1656-5762-ab57-183311b87e40","source_external_id":"OE-UK13","data_source":"emodnet:oenergy","source_date":"19/09/2023 00:00","retrieved_at":"2026-10-07T22:09:31.709648+00:00","correction_status":"source_baseline"}},{"type":"Feature","id":"4226d108-d076-5693-bb78-64d1329324c0","geometry":{"coordinates":[-3.3871,58.9772],"type":"Point"},"properties":{"coast_dist":1548.0,"country":"United Kingdom","date_of_la":"27/08/2025 00:00","device":"CorPower","device_sca":"Prototype","eia":"Not required","eialink":"","end_year":"","facid":"OE-UK113","id":9,"id_1":9,"latitude":58.9772,"link_to_so":"https://publications.jrc.ec.europa.eu/repository/handle/JRC104799","location":"Billia Croo-1 (Orkney)","longitude":-3.3871,"metadata_a":"No","metadata_l":"N/A","name":"CorPower","notes":"Taking into account that the prototype has been installed in Billia Croo test site, the key environmental issues are those corresponding to the test site","otherlinks":"http://www.emec.org.uk/about-us/wave-clients/corpower-ocean/","posinfo":"Original","project_ca":"25","project_pr":"CorPower Ocean","project_sc":"Sea testing","resource":"Wave","sea":"Celtic Sea","seabasin":"Atlantic","service_or":"N/A","source":"Web page","source_det":"JRC Ocean Energy Annual Status Report 2016","start_year":"2017","status":"Completed","technology":"Point absorber","web_page":"http://www.corpowerocean.com/","helmlore_id":"4226d108-d076-5693-bb78-64d1329324c0","source_observation":"2eee6cad-7cd7-5ace-bcf8-aa124003248e","source_external_id":"OE-UK113","data_source":"emodnet:oenergy","source_date":"27/08/2025 00:00","retrieved_at":"2026-10-07T22:09:31.709648+00:00","correction_status":"source_baseline"}},{"type":"Feature","id":"42261f5a-3a5c-524c-a836-e815d782cd64","geometry":{"coordinates":[-3.4,58.94],"type":"Point"},"properties":{"coast_dist":1823.0,"country":"United Kingdom","date_of_la":"19/09/2023 00:00","device":"Pelamis P1","device_sca":"Full scale","eia":"Not required","eialink":"","end_year":"2007","facid":"OE-UK93","id":10,"id_1":10,"latitude":58.94,"link_to_so":"N/A","location":"Billia Croo-2 (Orkney)","longitude":-3.4,"metadata_a":"No","metadata_l":"N/A","name":"EMEC Pelamis Wave Power P1","notes":"Key Environmental Issues: Baseline studies for the Billia Croo test site were performed by EMEC","otherlinks":"N/A","posinfo":"Original","project_ca":"750","project_pr":"Pelamis Wave Power Ltd","project_sc":"Sea testing","resource":"Wave","sea":"Celtic Sea","seabasin":"Atlantic","service_or":"Map viewer/Shapefile","source":"Web page","source_det":"N/A","start_year":"2004","status":"Ceased operating","technology":"Attenuating Line Absorber","web_page":"http://www.emec.org.uk/about-us/wave-clients/pelamis-wave-power/","helmlore_id":"42261f5a-3a5c-524c-a836-e815d782cd64","source_observation":"5fcb4b58-3875-5741-bf1e-5858ad0030ef","source_external_id":"OE-UK93","data_source":"emodnet:oenergy","source_date":"19/09/2023 00:00","retrieved_at":"2026-10-07T22:09:31.709648+00:00","correction_status":"source_baseline"}},{"type":"Feature","id":"e8fb33cb-e223-5db6-80e5-5275fbda3b1d","geometry":{"coordinates":[-3.4,58.94],"type":"Point"},"properties":{"coast_dist":1823.0,"country":"United Kingdom","date_of_la":"27/08/2025 00:00","device":"N/A","device_sca":"Large scale prototype","eia":"Not required","eialink":"","end_year":"","facid":"OE-UK131","id":10,"id_1":10,"latitude":58.94,"link_to_so":"https://maps.esp.tl/maps/_UKRED-Marine-Map/pages/map.jsp?geoMapId=267704&TENANT_ID=115744","location":"Billia Croo-2 (Orkney)","longitude":-3.4,"metadata_a":"No","metadata_l":"N/A","name":"EMEC Ocean Energy","notes":"Key Environmental Issues: Baseline studies for the Billia Croo test site were performed by EMEC","otherlinks":"https://www.ocean-energy-systems.org/publications/oes-annual-reports/","posinfo":"Original","project_ca":"1000","project_pr":"Ocean Energy","project_sc":"Pre-commercial","resource":"Wave","sea":"Celtic Sea","seabasin":"Atlantic","service_or":"Map viewer","source":"Web page","source_det":"UK Marine Energy Database (UKMED)","start_year":"2023","status":"In development","technology":"N/A","web_page":"https://oceanenergy.ie/","helmlore_id":"e8fb33cb-e223-5db6-80e5-5275fbda3b1d","source_observation":"597a34a0-6cf6-53db-9376-e2ea87464f00","source_external_id":"OE-UK131","data_source":"emodnet:oenergy","source_date":"27/08/2025 00:00","retrieved_at":"2026-10-07T22:09:31.709648+00:00","correction_status":"source_baseline"}},{"type":"Feature","id":"932d0a03-0cfb-5f48-b769-c716dec94730","geometry":{"coordinates":[-3.4,58.94],"type":"Point"},"properties":{"coast_dist":1823.0,"country":"United Kingdom","date_of_la":"19/09/2023 00:00","device":"LAMWEC","device_sca":"Large scale prototype","eia":"Not required","eialink":"","end_year":"","facid":"OE-UK116","id":10,"id_1":10,"latitude":58.94,"link_to_so":"N/A","location":"Billia Croo-2 (Orkney)","longitude":-3.4,"metadata_a":"Yes","metadata_l":"http://www.emec.org.uk/about-us/wave-clients/laminaria/","name":"EMEC Laminaria","notes":"Key Environmental Issues: Baseline studies for the Billia Croo test site were performed by EMEC","otherlinks":"N/A","posinfo":"Original","project_ca":"200","project_pr":"Laminaria","project_sc":"Sea testing","resource":"Wave","sea":"Celtic Sea","seabasin":"Atlantic","service_or":"Map viewer/Shapefile","source":"Web page","source_det":"N/A","start_year":"2018","status":"Cancelled","technology":"Attenuator","web_page":"N/A","helmlore_id":"932d0a03-0cfb-5f48-b769-c716dec94730","source_observation":"4e631633-7ae6-5a1c-81cc-affaef3cb9c1","source_external_id":"OE-UK116","data_source":"emodnet:oenergy","source_date":"19/09/2023 00:00","retrieved_at":"2026-10-07T22:09:31.709648+00:00","correction_status":"source_baseline"}},{"type":"Feature","id":"d832faa0-9907-5c23-b32d-d4363d3c6448","geometry":{"coordinates":[-3.4,58.94],"type":"Point"},"properties":{"coast_dist":1823.0,"country":"United Kingdom","date_of_la":"19/09/2023 00:00","device":"Wello Penguins","device_sca":"Prototype","eia":"Not required","eialink":"","end_year":"2020","facid":"OE-UK112","id":10,"id_1":10,"latitude":58.94,"link_to_so":"N/A","location":"Billia Croo-2 (Orkney)","longitude":-3.4,"metadata_a":"No","metadata_l":"N/A","name":"EMEC Clean Energy From Ocean Waves (CEFOW) Phase 1","notes":"Key Environmental Issues: Baseline studies for the Billia Croo test site were performed by EMEC","otherlinks":"https://cordis.europa.eu/project/id/655594/reporting","posinfo":"Original","project_ca":"3000","project_pr":"Fortum Corporation","project_sc":"Sea testing","resource":"Wave","sea":"Celtic Sea","seabasin":"Atlantic","service_or":"Map viewer/Shapefile","source":"Web page","source_det":"N/A","start_year":"2015","status":"Cancelled","technology":"Rotating mass","web_page":"http://www.emec.org.uk/about-us/wave-clients/wello-oy/cefow-clean-energy-from-ocean-waves/","helmlore_id":"d832faa0-9907-5c23-b32d-d4363d3c6448","source_observation":"da497d28-8186-5bb3-92e2-be7580cce1cc","source_external_id":"OE-UK112","data_source":"emodnet:oenergy","source_date":"19/09/2023 00:00","retrieved_at":"2026-10-07T22:09:31.709648+00:00","correction_status":"source_baseline"}},{"type":"Feature","id":"d86472b2-e658-529a-9571-eebd54158317","geometry":{"coordinates":[-3.36,58.972],"type":"Point"},"properties":{"coast_dist":456.0,"country":"United Kingdom","date_of_la":"27/08/2025 00:00","device":"Oyster 1","device_sca":"Large scale prototype","eia":"Not required","eialink":"","end_year":"2011","facid":"OE-UK20","id":11,"id_1":11,"latitude":58.972,"link_to_so":"http://www.emec.org.uk/marine-energy/wave-and-tidal-projects/; https://opendata-thecrownestate.opendata.arcgis.com/","location":"Billia Croo (near Stromness )","longitude":-3.36,"metadata_a":"No","metadata_l":"N/A","name":"EMEC Aquamarine Power Phase 1","notes":"Key Environmental Issues: Baseline studies for the Billia Croo test site were performed by EMEC","otherlinks":"N/A","posinfo":"Original","project_ca":"315","project_pr":"Aquamarine power","project_sc":"Sea testing","resource":"Wave","sea":"Celtic Sea","seabasin":"Atlantic","service_or":"Map viewer/Shapefile","source":"Web page","source_det":"EMEC Orkney; The Crown Estate","start_year":"2009","status":"Decommissioned","technology":"Oscillating Wave Surge Converter","web_page":"http://www.emec.org.uk/about-us/wave-clients/aquamarine-power/","helmlore_id":"d86472b2-e658-529a-9571-eebd54158317","source_observation":"a7062d79-f729-5994-9258-c643eae7895b","source_external_id":"OE-UK20","data_source":"emodnet:oenergy","source_date":"27/08/2025 00:00","retrieved_at":"2026-10-07T22:09:31.709648+00:00","correction_status":"source_baseline"}},{"type":"Feature","id":"2933c6d9-ca56-5600-ae7c-54d0e5ae6985","geometry":{"coordinates":[-3.36,58.972],"type":"Point"},"properties":{"coast_dist":456.0,"country":"United Kingdom","date_of_la":"27/08/2025 00:00","device":"Oyster 800","device_sca":"Large scale prototype","eia":"Not required","eialink":"","end_year":"2015","facid":"OE-UK19","id":11,"id_1":11,"latitude":58.972,"link_to_so":"http://www.emec.org.uk/marine-energy/wave-and-tidal-projects/","location":"Billia Croo (near Stromness )","longitude":-3.36,"metadata_a":"No","metadata_l":"N/A","name":"EMEC Aquamarine Power Phase 2","notes":"Key Environmental Issues: Baseline studies for the Billia Croo test site were performed by EMEC","otherlinks":"N/A","posinfo":"Original","project_ca":"800","project_pr":"Aquamarine power","project_sc":"Sea testing","resource":"Wave","sea":"Celtic Sea","seabasin":"Atlantic","service_or":"Map viewer/Shapefile","source":"Web page","source_det":"EMEC Orkney","start_year":"2012","status":"Decommissioned","technology":"Oscillating Wave Surge Converter","web_page":"http://www.emec.org.uk/about-us/wave-clients/aquamarine-power/","helmlore_id":"2933c6d9-ca56-5600-ae7c-54d0e5ae6985","source_observation":"37bf3662-d8b9-5ea7-9367-934427d7cafa","source_external_id":"OE-UK19","data_source":"emodnet:oenergy","source_date":"27/08/2025 00:00","retrieved_at":"2026-10-07T22:09:31.709648+00:00","correction_status":"source_baseline"}},{"type":"Feature","id":"9a917e05-9e08-5a2a-8516-310c727d031f","geometry":{"coordinates":[-0.98148306,60.6788],"type":"Point"},"properties":{"coast_dist":553.0,"country":"United Kingdom","date_of_la":"27/08/2025 00:00","device":"Nova M100","device_sca":"Full scale","eia":"N/A","eialink":"","end_year":"2017","facid":"OE-UK49","id":13,"id_1":13,"latitude":60.6788,"link_to_so":"https://www.ocean-energy-systems.org/ocean-energy/gis-map-tool/","location":"Bluemull Sound (Shetland)","longitude":-0.981483055556,"metadata_a":"Yes","metadata_l":"https://maps.espatial.com/maps/_UKRED-Marine-Map/pages/map.jsp?geoMapId=267704&TENANT_ID=115744","name":"Shetland Tidal Array Phase 1","notes":"","otherlinks":"https://tethys.pnnl.gov/annex-iv-sites/nova-innovation-shetland-tiday-array-bluemull-sound","posinfo":"Original","project_ca":"300","project_pr":"Nova Innovation Ltd","project_sc":"Demonstration array","resource":"Tidal","sea":"Celtic Sea","seabasin":"Atlantic","service_or":"Map viewer","source":"Web page","source_det":"IEA-OES GIS Map of Ocean Energy Installations","start_year":"2016","status":"Operational","technology":"Horizontal Axis Turbine","web_page":"https://www.novainnovation.com","helmlore_id":"9a917e05-9e08-5a2a-8516-310c727d031f","source_observation":"3056b7d8-b151-5531-9479-9b63ef6078eb","source_external_id":"OE-UK49","data_source":"emodnet:oenergy","source_date":"27/08/2025 00:00","retrieved_at":"2026-10-07T22:09:31.709648+00:00","correction_status":"source_baseline"}},{"type":"Feature","id":"d5f39e7f-2da8-5686-9f93-e3d7f38801ba","geometry":{"coordinates":[-0.98148306,60.6788],"type":"Point"},"properties":{"coast_dist":553.0,"country":"United Kingdom","date_of_la":"27/08/2025 00:00","device":"Nova M100","device_sca":"Full scale","eia":"N/A","eialink":"","end_year":"2022","facid":"OE-UK139","id":13,"id_1":13,"latitude":60.6788,"link_to_so":"https://maps.esp.tl/maps/pages/map.jsp?geoMapId=19671&TENANT_ID=115744","location":"Bluemull Sound (Shetland)","longitude":-0.981483055556,"metadata_a":"No","metadata_l":"N/A","name":"Shetland Tidal Array Phase 2","notes":"","otherlinks":"https://tethys.pnnl.gov/project-sites/nova-innovation-shetland-tidal-array-bluemull-sound","posinfo":"Original","project_ca":"600","project_pr":"Nova Innovation Ltd","project_sc":"Demonstration array","resource":"Tidal","sea":"Celtic Sea","seabasin":"Atlantic","service_or":"Map viewer","source":"Web page","source_det":"RenewableUK Marine Energy Database","start_year":"2018","status":"Completed","technology":"Horizontal Axis Turbine","web_page":"https://www.novainnovation.com","helmlore_id":"d5f39e7f-2da8-5686-9f93-e3d7f38801ba","source_observation":"5cd3ec09-4e0b-5db7-ad0e-ee39257cb4b9","source_external_id":"OE-UK139","data_source":"emodnet:oenergy","source_date":"27/08/2025 00:00","retrieved_at":"2026-10-07T22:09:31.709648+00:00","correction_status":"source_baseline"}},{"type":"Feature","id":"d9ee86ae-23fa-50e9-a738-1640674dda66","geometry":{"coordinates":[-0.98148306,60.6788],"type":"Point"},"properties":{"coast_dist":553.0,"country":"United Kingdom","date_of_la":"27/08/2025 00:00","device":"Nova M100","device_sca":"N/A","eia":"N/A","eialink":"","end_year":"","facid":"OE-UK132","id":13,"id_1":13,"latitude":60.6788,"link_to_so":"https://www.ocean-energy-systems.org/ocean-energy/gis-map-tool/","location":"Bluemull Sound (Shetland)","longitude":-0.981483055556,"metadata_a":"No","metadata_l":"N/A","name":"Shetland Tidal Array","notes":"","otherlinks":"https://tethys.pnnl.gov/project-sites/nova-innovation-shetland-tidal-array","posinfo":"Original","project_ca":"300","project_pr":"Nova Innovation Ltd","project_sc":"Commercial","resource":"Tidal","sea":"Celtic Sea","seabasin":"Atlantic","service_or":"Map viewer","source":"Web page","source_det":"IEA-OES GIS Map of Ocean Energy Installations","start_year":"2020","status":"Operational","technology":"Horizontal Axis Turbine","web_page":"https://www.novainnovation.com","helmlore_id":"d9ee86ae-23fa-50e9-a738-1640674dda66","source_observation":"29781679-7efe-5804-ac2f-293c8459bb2e","source_external_id":"OE-UK132","data_source":"emodnet:oenergy","source_date":"27/08/2025 00:00","retrieved_at":"2026-10-07T22:09:31.709648+00:00","correction_status":"source_baseline"}},{"type":"Feature","id":"7d1a0a1f-5340-510c-b126-9a77f0fdb71f","geometry":{"coordinates":[-0.98148306,60.6788],"type":"Point"},"properties":{"coast_dist":553.0,"country":"United Kingdom","date_of_la":"24/09/2024 00:00","device":"Nova Innovation Turbine","device_sca":"Full scale","eia":"N/A","eialink":"","end_year":"","facid":"OE-UK108","id":13,"id_1":13,"latitude":60.6788,"link_to_so":"N/A","location":"Bluemull Sound (Shetland)","longitude":-0.981483055556,"metadata_a":"No","metadata_l":"N/A","name":"Bluemull Sound","notes":"","otherlinks":"N/A","posinfo":"Original","project_ca":"30","project_pr":"Nova Innovation Ltd","project_sc":"Commercial","resource":"Tidal","sea":"Celtic Sea","seabasin":"Atlantic","service_or":"N/A","source":"Web page","source_det":"N/A","start_year":"2014","status":"Ceased operating","technology":"Horizontal axis turbine","web_page":"https://www.novainnovation.com/","helmlore_id":"7d1a0a1f-5340-510c-b126-9a77f0fdb71f","source_observation":"85146eab-0a9d-5e8a-b8d1-23373ac63444","source_external_id":"OE-UK108","data_source":"emodnet:oenergy","source_date":"24/09/2024 00:00","retrieved_at":"2026-10-07T22:09:31.709648+00:00","correction_status":"source_baseline"}},{"type":"Feature","id":"8c594ffe-b8e0-527a-a692-fbd64a204dfe","geometry":{"coordinates":[-3.705,53.307],"type":"Point"},"properties":{"coast_dist":1456.0,"country":"United Kingdom","date_of_la":"27/08/2025 00:00","device":"N/A","device_sca":"N/A","eia":"Yes","eialink":"N/A","end_year":"","facid":"OE-UK103","id":14,"id_1":14,"latitude":53.307,"link_to_so":"https://www.ocean-energy-systems.org/ocean-energy/gis-map-tool/","location":"Colwyn Bay","longitude":-3.705,"metadata_a":"No","metadata_l":"N/A","name":"Colwyn Bay Tidal Lagoon","notes":"","otherlinks":"N/A","posinfo":"Original","project_ca":"","project_pr":"Tidal Lagoon Power Ltd","project_sc":"Commercial","resource":"Tidal","sea":"Celtic Sea","seabasin":"Atlantic","service_or":"Map viewer","source":"Web page","source_det":"IEA-OES GIS Map of Ocean Energy Installations","start_year":"","status":"Early concept","technology":"Tidal lagoon","web_page":"https://www.tidallagoonpower.com/projects/colwyn-bay/","helmlore_id":"8c594ffe-b8e0-527a-a692-fbd64a204dfe","source_observation":"23973b4c-5a95-516f-8c38-8f8a8b75aa6d","source_external_id":"OE-UK103","data_source":"emodnet:oenergy","source_date":"27/08/2025 00:00","retrieved_at":"2026-10-07T22:09:31.709648+00:00","correction_status":"source_baseline"}},{"type":"Feature","id":"04cc4101-dbd2-5db4-bf57-956edcd87daa","geometry":{"coordinates":[-2.829,51.528],"type":"Point"},"properties":{"coast_dist":2296.0,"country":"United Kingdom","date_of_la":"19/09/2023 00:00","device":"N/A","device_sca":"N/A","eia":"Yes","eialink":"N/A","end_year":"2022","facid":"OE-UK102","id":15,"id_1":15,"latitude":51.528,"link_to_so":"N/A","location":"Newport","longitude":-2.829,"metadata_a":"Yes","metadata_l":"http://www.ocean-energy-systems.org/ocean-energy-in-the-world/gis-map/","name":"Newport Tidal Lagoon","notes":"","otherlinks":"https://infrastructure.planninginspectorate.gov.uk/wp-content/ipc/uploads/projects/EN010075/EN010075-000002-Tidal%20Lagoon%20Newport%20project%20withdrawn.pdf","posinfo":"Original","project_ca":"1800000","project_pr":"Tidal Lagoon Power Ltd","project_sc":"Commercial","resource":"Tidal","sea":"Celtic Sea","seabasin":"Atlantic","service_or":"N/A","source":"Web page","source_det":"N/A","start_year":"","status":"Cancelled","technology":"Tidal lagoon","web_page":"N/A","helmlore_id":"04cc4101-dbd2-5db4-bf57-956edcd87daa","source_observation":"1605b532-0cb3-5ac5-bf73-0baf9e8e0e35","source_external_id":"OE-UK102","data_source":"emodnet:oenergy","source_date":"19/09/2023 00:00","retrieved_at":"2026-10-07T22:09:31.709648+00:00","correction_status":"source_baseline"}},{"type":"Feature","id":"b7b826b2-4759-51ca-8850-955948651272","geometry":{"coordinates":[-3.36,59.11],"type":"Point"},"properties":{"coast_dist":580.0,"country":"United Kingdom","date_of_la":"19/09/2023 00:00","device":"Oyster 2","device_sca":"Full scale","eia":"N/A","eialink":"","end_year":"","facid":"OE-UK30","id":17,"id_1":17,"latitude":59.11,"link_to_so":"N/A","location":"Brough Head (Orkney)","longitude":-3.36,"metadata_a":"No","metadata_l":"N/A","name":"Brough Head 1b","notes":"","otherlinks":"N/A","posinfo":"Original","project_ca":"200000","project_pr":"SSE+Aquamarine power","project_sc":"Commercial Array","resource":"Wave","sea":"Celtic Sea","seabasin":"Atlantic","service_or":"Map viewer/Shapefile","source":"Web page","source_det":"N/A","start_year":"2020","status":"Cancelled","technology":"Oscillating Wave Surge Converter","web_page":"https://openei.org/wiki/PRIMRE/Databases/Projects_Database/Projects/Brough_Head","helmlore_id":"b7b826b2-4759-51ca-8850-955948651272","source_observation":"3ccbd5c9-a552-5428-a609-8611fb9b9247","source_external_id":"OE-UK30","data_source":"emodnet:oenergy","source_date":"19/09/2023 00:00","retrieved_at":"2026-10-07T22:09:31.709648+00:00","correction_status":"source_baseline"}},{"type":"Feature","id":"e31ac714-8b97-5a8a-aa25-d5225ef9b558","geometry":{"coordinates":[-3.36,59.11],"type":"Point"},"properties":{"coast_dist":580.0,"country":"United Kingdom","date_of_la":"19/09/2023 00:00","device":"Oyster 2, Wavebob WEC","device_sca":"Full scale","eia":"Yes","eialink":"N/A","end_year":"","facid":"OE-UK29","id":17,"id_1":17,"latitude":59.11,"link_to_so":"N/A","location":"Brough Head (Orkney)","longitude":-3.36,"metadata_a":"No","metadata_l":"N/A","name":"Brough Head 1a","notes":"","otherlinks":"N/A","posinfo":"Original","project_ca":"10000","project_pr":"SSE+Aquamarine power","project_sc":"Commercial Array","resource":"Wave","sea":"Celtic Sea","seabasin":"Atlantic","service_or":"Map viewer/Shapefile","source":"Web page","source_det":"N/A","start_year":"","status":"Cancelled","technology":"Oscillating Wave Surge Converter","web_page":"https://openei.org/wiki/PRIMRE/Databases/Projects_Database/Projects/Brough_Head","helmlore_id":"e31ac714-8b97-5a8a-aa25-d5225ef9b558","source_observation":"fd1b9cf9-7f44-5f0a-8c24-22f400e3f6cf","source_external_id":"OE-UK29","data_source":"emodnet:oenergy","source_date":"19/09/2023 00:00","retrieved_at":"2026-10-07T22:09:31.709648+00:00","correction_status":"source_baseline"}},{"type":"Feature","id":"62c60fa9-21ae-5efd-962c-b1fe33f8f7dc","geometry":{"coordinates":[-2.94,58.72],"type":"Point"},"properties":{"coast_dist":1389.0,"country":"United Kingdom","date_of_la":"27/08/2025 00:00","device":"SeaGen S Mk1","device_sca":"Full scale","eia":"N/A","eialink":"","end_year":"","facid":"OE-UK16","id":18,"id_1":18,"latitude":58.72,"link_to_so":"https://openei.org/wiki/PRIMRE/Databases/Projects_Database/Projects/Seagen_Brough_Ness","location":"Brough Ness","longitude":-2.94,"metadata_a":"No","metadata_l":"N/A","name":"SeaGen Brough Ness","notes":"","otherlinks":"https://www.pentlandfirthrenewables.co.uk/portfolio/brough-ness/","posinfo":"Original","project_ca":"99000","project_pr":"Marine Current Turbines","project_sc":"Commercial array","resource":"Tidal","sea":"Greater North Sea","seabasin":"Greater North Sea","service_or":"Data base","source":"Web page","source_det":"Portal and Repository for Information on Marine Renewable Energy (PRIMRE)","start_year":"2017","status":"N/A","technology":"Horizontal Axis Turbine","web_page":"N/A","helmlore_id":"62c60fa9-21ae-5efd-962c-b1fe33f8f7dc","source_observation":"e8418142-2672-5add-a617-c21f545709f4","source_external_id":"OE-UK16","data_source":"emodnet:oenergy","source_date":"27/08/2025 00:00","retrieved_at":"2026-10-07T22:09:31.709648+00:00","correction_status":"source_baseline"}},{"type":"Feature","id":"648286c5-f711-5a59-a34a-4c10a3f2cd81","geometry":{"coordinates":[-3.04,58.66],"type":"Point"},"properties":{"coast_dist":1388.0,"country":"United Kingdom","date_of_la":"27/08/2025 00:00","device":"N/A","device_sca":"Full scale","eia":"N/A","eialink":"","end_year":"","facid":"OE-UK12","id":19,"id_1":19,"latitude":58.66,"link_to_so":"https://openei.org/wiki/PRIMRE/Databases/Projects_Database/Projects/Ness_of_Duncansby_Tidal_Array","location":"Caithness at Duncansby","longitude":-3.04,"metadata_a":"No","metadata_l":"N/A","name":"Ness of Duncansby phase 2","notes":"","otherlinks":"N/A","posinfo":"Original","project_ca":"65000","project_pr":"Atlantis Resources Ltd (92%); ScottishPower Renewables (6%); Dredging, Environmental & Marine Engineering (DEME) (2%)","project_sc":"Commercial array","resource":"Tidal","sea":"Greater North Sea","seabasin":"Greater North Sea","service_or":"Data base","source":"Web page","source_det":"Portal and Repository for Information on Marine Renewable Energy (PRIMRE)","start_year":"2012","status":"Planned","technology":"N/A","web_page":"N/A","helmlore_id":"648286c5-f711-5a59-a34a-4c10a3f2cd81","source_observation":"a538dfb8-77a3-5427-b734-f7b3d239a04a","source_external_id":"OE-UK12","data_source":"emodnet:oenergy","source_date":"27/08/2025 00:00","retrieved_at":"2026-10-07T22:09:31.709648+00:00","correction_status":"source_baseline"}},{"type":"Feature","id":"98f63198-ffda-5124-a1ac-e61463db853a","geometry":{"coordinates":[-3.04,58.66],"type":"Point"},"properties":{"coast_dist":1388.0,"country":"United Kingdom","date_of_la":"27/08/2025 00:00","device":"N/A","device_sca":"Full scale","eia":"N/A","eialink":"","end_year":"","facid":"OE-UK11","id":19,"id_1":19,"latitude":58.66,"link_to_so":"https://openei.org/wiki/PRIMRE/Databases/Projects_Database/Projects/Ness_of_Duncansby_Tidal_Array","location":"Caithness at Duncansby","longitude":-3.04,"metadata_a":"No","metadata_l":"N/A","name":"Ness of Duncansby phase 1","notes":"","otherlinks":"N/A","posinfo":"Original","project_ca":"30000","project_pr":"Atlantis Resources Ltd (92%); ScottishPower Renewables (6%); Dredging, Environmental & Marine Engineering (DEME) (2%)","project_sc":"Commercial array","resource":"Tidal","sea":"Greater North Sea","seabasin":"Greater North Sea","service_or":"Data base","source":"Web page","source_det":"Portal and Repository for Information on Marine Renewable Energy (PRIMRE)","start_year":"2012","status":"Planned","technology":"N/A","web_page":"N/A","helmlore_id":"98f63198-ffda-5124-a1ac-e61463db853a","source_observation":"431dfb9e-0d31-5bef-82ac-dc66e52c6a73","source_external_id":"OE-UK11","data_source":"emodnet:oenergy","source_date":"27/08/2025 00:00","retrieved_at":"2026-10-07T22:09:31.709648+00:00","correction_status":"source_baseline"}},{"type":"Feature","id":"9ff99832-8a90-59f1-82d5-e4391558487a","geometry":{"coordinates":[-3.05,51.46],"type":"Point"},"properties":{"coast_dist":4964.0,"country":"United Kingdom","date_of_la":"26/08/2025 00:00","device":"N/A","device_sca":"N/A","eia":"Yes","eialink":"N/A","end_year":"","facid":"OE-UK72","id":21,"id_1":21,"latitude":51.46,"link_to_so":"https://openei.org/wiki/PRIMRE/Databases/Projects_Database/Projects/Cardiff_Tidal_Lagoon; http://www.emec.org.uk/marine-energy/wave-and-tidal-projects/","location":"Cardiff Bay","longitude":-3.05,"metadata_a":"Yes","metadata_l":"https://maps.espatial.com/maps/_UKRED-Marine-Map/pages/map.jsp?geoMapId=267704&TENANT_ID=115744","name":"Cardiff Bay Tidal Lagoon","notes":"","otherlinks":"N/A","posinfo":"Estimated","project_ca":"3000000","project_pr":"Cardiff Tidal Lagoon","project_sc":"Commercial","resource":"Tidal","sea":"Celtic Sea","seabasin":"Atlantic","service_or":"Data base/Map viewer","source":"N/A","source_det":"Portal and Repository for Information on Marine Renewable Energy (PRIMRE); EMEC Orkney","start_year":"2013","status":"Cancelled","technology":"Tidal lagoon","web_page":"N/A","helmlore_id":"9ff99832-8a90-59f1-82d5-e4391558487a","source_observation":"e036af02-e3bb-5ce9-926b-258c07c85652","source_external_id":"OE-UK72","data_source":"emodnet:oenergy","source_date":"26/08/2025 00:00","retrieved_at":"2026-10-07T22:09:31.709648+00:00","correction_status":"source_baseline"}},{"type":"Feature","id":"9af96dee-ef58-5ac8-99ee-1c7cfb511a13","geometry":{"coordinates":[-3.24,59.22],"type":"Point"},"properties":{"coast_dist":7446.0,"country":"United Kingdom","date_of_la":"27/08/2025 00:00","device":"AWSIII","device_sca":"Full scale","eia":"N/A","eialink":"","end_year":"","facid":"OE-UK32","id":23,"id_1":23,"latitude":59.22,"link_to_so":"https://openei.org/wiki/PRIMRE/Databases/Projects_Database/Projects/Costa_Head_Wave_Farm","location":"Costa Head (Orkney)","longitude":-3.24,"metadata_a":"No","metadata_l":"N/A","name":"Costa Head Wave Farm (Phase 2)","notes":"","otherlinks":"N/A","posinfo":"Original","project_ca":"200000","project_pr":"SSE","project_sc":"Commercial Array","resource":"Wave","sea":"Celtic Sea","seabasin":"Atlantic","service_or":"Data base","source":"Web page","source_det":"Portal and Repository for Information on Marine Renewable Energy (PRIMRE)","start_year":"2017","status":"Cancelled","technology":"Point Absorber","web_page":"https://webarchive.nrscotland.gov.uk/3000/https://www.gov.scot/Topics/marine/Licensing/marine/scoping/costa","helmlore_id":"9af96dee-ef58-5ac8-99ee-1c7cfb511a13","source_observation":"b13a8900-edf4-57cd-bb09-cc715dff24ec","source_external_id":"OE-UK32","data_source":"emodnet:oenergy","source_date":"27/08/2025 00:00","retrieved_at":"2026-10-07T22:09:31.709648+00:00","correction_status":"source_baseline"}},{"type":"Feature","id":"2073c01a-b440-5750-af9c-1cbc5a3fde50","geometry":{"coordinates":[-3.24,59.22],"type":"Point"},"properties":{"coast_dist":7446.0,"country":"United Kingdom","date_of_la":"27/08/2025 00:00","device":"AWSIII","device_sca":"Full scale","eia":"N/A","eialink":"","end_year":"","facid":"OE-UK31","id":23,"id_1":23,"latitude":59.22,"link_to_so":"https://openei.org/wiki/PRIMRE/Databases/Projects_Database/Projects/Costa_Head_Wave_Farm","location":"Costa Head (Orkney)","longitude":-3.24,"metadata_a":"No","metadata_l":"N/A","name":"Costa Head Wave Farm (Phase 1)","notes":"","otherlinks":"N/A","posinfo":"Original","project_ca":"10000","project_pr":"SSE","project_sc":"Demonstration array","resource":"Wave","sea":"Celtic Sea","seabasin":"Atlantic","service_or":"Data base","source":"Web page","source_det":"Portal and Repository for Information on Marine Renewable Energy (PRIMRE)","start_year":"2015","status":"Cancelled","technology":"Point Absorber","web_page":"https://webarchive.nrscotland.gov.uk/3000/https://www.gov.scot/Topics/marine/Licensing/marine/scoping/costa","helmlore_id":"2073c01a-b440-5750-af9c-1cbc5a3fde50","source_observation":"4a152209-b335-5c9b-9ab4-5a10f0322f34","source_external_id":"OE-UK31","data_source":"emodnet:oenergy","source_date":"27/08/2025 00:00","retrieved_at":"2026-10-07T22:09:31.709648+00:00","correction_status":"source_baseline"}},{"type":"Feature","id":"7c2377d8-6897-5f69-ba85-da07ec7bc3bb","geometry":{"coordinates":[-3.116,59.15],"type":"Point"},"properties":{"coast_dist":353.0,"country":"United Kingdom","date_of_la":"19/09/2023 00:00","device":"N/A","device_sca":"Prototype","eia":"N/A","eialink":"","end_year":"","facid":"OE-UK33","id":26,"id_1":26,"latitude":59.15,"link_to_so":"N/A","location":"Eynhallow Sound (Orkney)","longitude":-3.116,"metadata_a":"No","metadata_l":"N/A","name":"Sea Snail","notes":"","otherlinks":"N/A","posinfo":"Original","project_ca":"150","project_pr":"Robert Gordon University","project_sc":"Pre-commercial","resource":"Tidal","sea":"Celtic Sea","seabasin":"Atlantic","service_or":"Map viewer","source":"Web page","source_det":"N/A","start_year":"2005","status":"Ceased operating","technology":"N/A","web_page":"N/A","helmlore_id":"7c2377d8-6897-5f69-ba85-da07ec7bc3bb","source_observation":"d92d4b0d-5b7a-5032-9f96-6ebf61717f82","source_external_id":"OE-UK33","data_source":"emodnet:oenergy","source_date":"19/09/2023 00:00","retrieved_at":"2026-10-07T22:09:31.709648+00:00","correction_status":"source_baseline"}},{"type":"Feature","id":"562add27-0447-5f8f-9e06-58cd4f6b1a2f","geometry":{"coordinates":[-6.107,55.231],"type":"Point"},"properties":{"coast_dist":1885.0,"country":"United Kingdom","date_of_la":"27/08/2025 00:00","device":"N/A","device_sca":"Full scale","eia":"Yes","eialink":"https://tethys.pnnl.gov/sites/default/files/publications/Fairhead-Tidal-EIA-Scoping.pdf","end_year":"","facid":"OE-UK87","id":27,"id_1":27,"latitude":55.231,"link_to_so":"https://openei.org/wiki/PRIMRE/Databases/Projects_Database/Projects/Fair_Head_Phase_2","location":"Fair Head (north coast of County Antrim)","longitude":-6.107,"metadata_a":"Yes","metadata_l":"https://maps.espatial.com/maps/_UKRED-Marine-Map/pages/map.jsp?geoMapId=267704&TENANT_ID=115744","name":"Fair Head Phase 2","notes":"","otherlinks":"N/A","posinfo":"Original","project_ca":"90000","project_pr":"Tidal Ventures Limited TVL","project_sc":"Commercial array","resource":"Tidal","sea":"Celtic Sea","seabasin":"Atlantic","service_or":"Data base","source":"Report","source_det":"Portal and Repository for Information on Marine Renewable Energy (PRIMRE)","start_year":"2020","status":"Cancelled","technology":"Horizontal Axis Turbine","web_page":"https://antrimcoastandglensaonb.ccght.org/wp-content/uploads/sites/10/2017/01/Fairhead-Tidal-presentation.pdf","helmlore_id":"562add27-0447-5f8f-9e06-58cd4f6b1a2f","source_observation":"7fe6bee2-3d31-501a-bd12-f5d73a1d2c30","source_external_id":"OE-UK87","data_source":"emodnet:oenergy","source_date":"27/08/2025 00:00","retrieved_at":"2026-10-07T22:09:31.709648+00:00","correction_status":"source_baseline"}},{"type":"Feature","id":"6e40cf2e-7e5b-5665-9af9-338f03262675","geometry":{"coordinates":[-6.107,55.231],"type":"Point"},"properties":{"coast_dist":1885.0,"country":"United Kingdom","date_of_la":"27/08/2025 00:00","device":"FP7 Partner MCT","device_sca":"Full scale","eia":"Yes","eialink":"https://tethys.pnnl.gov/sites/default/files/publications/Fairhead-Tidal-EIA-Scoping.pdf","end_year":"","facid":"OE-UK86","id":27,"id_1":27,"latitude":55.231,"link_to_so":"https://openei.org/wiki/PRIMRE/Databases/Projects_Database/Projects/Fair_Head_Phase_1","location":"Fair Head (north coast of County Antrim)","longitude":-6.107,"metadata_a":"Yes","metadata_l":"https://www.ocean-energy-systems.org/ocean-energy/gis-map-tool/","name":"Fair Head Phase 1","notes":"","otherlinks":"N/A","posinfo":"Original","project_ca":"10000","project_pr":"Fair Head Tidal Energy Park Limited, DP Energy, DEME Blue Energy","project_sc":"Demonstration array","resource":"Tidal","sea":"Celtic Sea","seabasin":"Atlantic","service_or":"Data base","source":"Report","source_det":"Portal and Repository for Information on Marine Renewable Energy (PRIMRE)","start_year":"2018","status":"Completed","technology":"Horizontal Axis Turbine","web_page":"https://antrimcoastandglensaonb.ccght.org/wp-content/uploads/sites/10/2017/01/Fairhead-Tidal-presentation.pdf","helmlore_id":"6e40cf2e-7e5b-5665-9af9-338f03262675","source_observation":"0466c194-fe14-50e4-ae60-0f3f6b5a7c09","source_external_id":"OE-UK86","data_source":"emodnet:oenergy","source_date":"27/08/2025 00:00","retrieved_at":"2026-10-07T22:09:31.709648+00:00","correction_status":"source_baseline"}},{"type":"Feature","id":"3471c557-49ad-5532-9833-e960ec337632","geometry":{"coordinates":[-2.82,59.14],"type":"Point"},"properties":{"coast_dist":911.0,"country":"United Kingdom","date_of_la":"19/09/2023 00:00","device":"AK1000","device_sca":"Large scale prototype","eia":"Yes","eialink":"https://tethys.pnnl.gov/annex-iv-sites/emec-fall-warness-grid-connected-tidal-test-site","end_year":"","facid":"OE-UK94","id":28,"id_1":28,"latitude":59.14,"link_to_so":"N/A","location":"Fall of Warness (Orkney)","longitude":-2.82,"metadata_a":"No","metadata_l":"N/A","name":"EMEC Atlantis Resources AK1000","notes":"","otherlinks":"N/A","posinfo":"Original","project_ca":"1000","project_pr":"Atlantis Resources Corporation","project_sc":"Sea testing","resource":"Tidal","sea":"Greater North Sea","seabasin":"Greater North Sea","service_or":"Map viewer/Shapefile","source":"Web page","source_det":"N/A","start_year":"2010","status":"Ceased operating","technology":"Horizontal Axis Turbine","web_page":"N/A","helmlore_id":"3471c557-49ad-5532-9833-e960ec337632","source_observation":"188143b4-4a08-513c-834c-38d7bf0dc288","source_external_id":"OE-UK94","data_source":"emodnet:oenergy","source_date":"19/09/2023 00:00","retrieved_at":"2026-10-07T22:09:31.709648+00:00","correction_status":"source_baseline"}},{"type":"Feature","id":"8e109908-dce0-576b-880d-f06ce2a05799","geometry":{"coordinates":[-2.82,59.14],"type":"Point"},"properties":{"coast_dist":911.0,"country":"United Kingdom","date_of_la":"27/08/2025 00:00","device":"DeepGen IV","device_sca":"Sea testing","eia":"Yes","eialink":"https://tethys.pnnl.gov/annex-iv-sites/emec-fall-warness-grid-connected-tidal-test-site","end_year":"2016","facid":"OE-UK43","id":28,"id_1":28,"latitude":59.14,"link_to_so":"N/A","location":"Fall of Warness (Orkney)","longitude":-2.82,"metadata_a":"No","metadata_l":"N/A","name":"EMEC Alstom","notes":"","otherlinks":"N/A","posinfo":"Original","project_ca":"1000","project_pr":"Alstom","project_sc":"","resource":"Tidal","sea":"Greater North Sea","seabasin":"Greater North Sea","service_or":"N/A","source":"Web page","source_det":"N/A","start_year":"2009","status":"Ceased operating","technology":"Horizontal Axis Turbine","web_page":"N/A","helmlore_id":"8e109908-dce0-576b-880d-f06ce2a05799","source_observation":"df44dd4f-48f1-562c-be66-df3d6234317c","source_external_id":"OE-UK43","data_source":"emodnet:oenergy","source_date":"27/08/2025 00:00","retrieved_at":"2026-10-07T22:09:31.709648+00:00","correction_status":"source_baseline"}},{"type":"Feature","id":"b2607caa-d915-5340-88ec-101120606197","geometry":{"coordinates":[-2.82,59.14],"type":"Point"},"properties":{"coast_dist":911.0,"country":"United Kingdom","date_of_la":"19/09/2023 00:00","device":"Dynamic Cable - no turbine","device_sca":"Pre-commercial","eia":"Yes","eialink":"https://tethys.pnnl.gov/annex-iv-sites/emec-fall-warness-grid-connected-tidal-test-site","end_year":"","facid":"OE-UK42","id":28,"id_1":28,"latitude":59.14,"link_to_so":"N/A","location":"Fall of Warness (Orkney)","longitude":-2.82,"metadata_a":"No","metadata_l":"N/A","name":"EMEC Bluewater TEC","notes":"","otherlinks":"N/A","posinfo":"Original","project_ca":"","project_pr":"Bluewater","project_sc":"","resource":"Tidal","sea":"Greater North Sea","seabasin":"Greater North Sea","service_or":"Map viewer/Shapefile","source":"Web page","source_det":"N/A","start_year":"2015","status":"Completed","technology":"N/A","web_page":"http://www.bluewater.com/new-energy/emec/","helmlore_id":"b2607caa-d915-5340-88ec-101120606197","source_observation":"a9ad8c80-6958-5295-a87e-99cfd8270ba2","source_external_id":"OE-UK42","data_source":"emodnet:oenergy","source_date":"19/09/2023 00:00","retrieved_at":"2026-10-07T22:09:31.709648+00:00","correction_status":"source_baseline"}},{"type":"Feature","id":"d03b0710-c18c-5538-b780-3044b8d391e4","geometry":{"coordinates":[-2.82,59.14],"type":"Point"},"properties":{"coast_dist":911.0,"country":"United Kingdom","date_of_la":"20/09/2023 00:00","device":"Open-Centre Turbine","device_sca":"Sea testing","eia":"Yes","eialink":"https://tethys.pnnl.gov/annex-iv-sites/emec-fall-warness-grid-connected-tidal-test-site","end_year":"2018","facid":"OE-UK41","id":28,"id_1":28,"latitude":59.14,"link_to_so":"N/A","location":"Fall of Warness (Orkney)","longitude":-2.82,"metadata_a":"Yes","metadata_l":"https://maps.espatial.com/maps/_UKRED-Marine-Map/pages/map.jsp?geoMapId=267704&TENANT_ID=115744","name":"EMEC OpenHydro","notes":"","otherlinks":"N/A","posinfo":"Original","project_ca":"250","project_pr":"OpeHydro","project_sc":"","resource":"Tidal","sea":"Greater North Sea","seabasin":"Greater North Sea","service_or":"Data base","source":"Web page","source_det":"N/A","start_year":"2006","status":"Ceased operating","technology":"Horizontal Axis Turbine","web_page":"N/A","helmlore_id":"d03b0710-c18c-5538-b780-3044b8d391e4","source_observation":"f90930d2-093c-57b4-8c7f-f2b8259b7e1d","source_external_id":"OE-UK41","data_source":"emodnet:oenergy","source_date":"20/09/2023 00:00","retrieved_at":"2026-10-07T22:09:31.709648+00:00","correction_status":"source_baseline"}},{"type":"Feature","id":"5a551e5f-794d-539a-a412-5519a59836f9","geometry":{"coordinates":[-2.82,59.14],"type":"Point"},"properties":{"coast_dist":911.0,"country":"United Kingdom","date_of_la":"27/08/2025 00:00","device":"N/A","device_sca":"Pre-commercial","eia":"N/A","eialink":"","end_year":"","facid":"OE-UK40","id":28,"id_1":28,"latitude":59.14,"link_to_so":"http://www.emec.org.uk/about-us/our-tidal-clients/kawasaki-heavy-industries/","location":"Fall of Warness (Orkney)","longitude":-2.82,"metadata_a":"No","metadata_l":"N/A","name":"EMEC Kawasaki","notes":"","otherlinks":"N/A","posinfo":"Original","project_ca":"1000","project_pr":"Kawasaki","project_sc":"","resource":"Tidal","sea":"Greater North Sea","seabasin":"Greater North Sea","service_or":"Web page","source":"Web page","source_det":"EMEC Orkney","start_year":"","status":"N/A","technology":"Horizontal Axis Turbine","web_page":"http://www.emec.org.uk/about-us/our-tidal-clients/kawasaki-heavy-industries/","helmlore_id":"5a551e5f-794d-539a-a412-5519a59836f9","source_observation":"600a003f-626a-5f84-baeb-997ef9462bb0","source_external_id":"OE-UK40","data_source":"emodnet:oenergy","source_date":"27/08/2025 00:00","retrieved_at":"2026-10-07T22:09:31.709648+00:00","correction_status":"source_baseline"}},{"type":"Feature","id":"430ed959-ffd0-594c-8d9f-bc0a800d5515","geometry":{"coordinates":[-2.82,59.14],"type":"Point"},"properties":{"coast_dist":911.0,"country":"United Kingdom","date_of_la":"19/09/2023 00:00","device":"Hy-Tide","device_sca":"Pre-commercial","eia":"Yes","eialink":"https://tethys.pnnl.gov/annex-iv-sites/emec-fall-warness-grid-connected-tidal-test-site","end_year":"2015","facid":"OE-UK39","id":28,"id_1":28,"latitude":59.14,"link_to_so":"N/A","location":"Fall of Warness (Orkney)","longitude":-2.82,"metadata_a":"No","metadata_l":"N/A","name":"EMEC Voith Hydro","notes":"","otherlinks":"N/A","posinfo":"Original","project_ca":"1000","project_pr":"Voith Hydro Ocean Current Technologies","project_sc":"","resource":"Tidal","sea":"Greater North Sea","seabasin":"Greater North Sea","service_or":"Map viewer/Shapefile","source":"Web page","source_det":"N/A","start_year":"2013","status":"Ceased operating","technology":"Horizontal Axis Turbine","web_page":"http://www.voith.com/en/products-services/hydro-power/ocean-energies/tidal-current-power-stations--591.html","helmlore_id":"430ed959-ffd0-594c-8d9f-bc0a800d5515","source_observation":"56f6370f-4ed0-53ab-b1e1-39a5c357cfa4","source_external_id":"OE-UK39","data_source":"emodnet:oenergy","source_date":"19/09/2023 00:00","retrieved_at":"2026-10-07T22:09:31.709648+00:00","correction_status":"source_baseline"}},{"type":"Feature","id":"2f51049b-44e1-5f9e-a3cf-ecaed004b2e6","geometry":{"coordinates":[-2.82,59.14],"type":"Point"},"properties":{"coast_dist":911.0,"country":"United Kingdom","date_of_la":"19/09/2023 00:00","device":"HS1000","device_sca":"Sea testing","eia":"Yes","eialink":"https://tethys.pnnl.gov/annex-iv-sites/emec-fall-warness-grid-connected-tidal-test-site","end_year":"2015","facid":"OE-UK38","id":28,"id_1":28,"latitude":59.14,"link_to_so":"N/A","location":"Fall of Warness (Orkney)","longitude":-2.82,"metadata_a":"No","metadata_l":"N/A","name":"EMEC Andritz Hydro Hammerfest","notes":"","otherlinks":"N/A","posinfo":"Original","project_ca":"1000","project_pr":"Hammerfest Str\u00f8m AS","project_sc":"","resource":"Tidal","sea":"Greater North Sea","seabasin":"Greater North Sea","service_or":"Map viewer/Shapefile","source":"Web page","source_det":"N/A","start_year":"2011","status":"Ceased operating","technology":"Horizontal Axis Turbine","web_page":"N/A","helmlore_id":"2f51049b-44e1-5f9e-a3cf-ecaed004b2e6","source_observation":"96f8a420-1faf-596e-b012-3fcac1f259a8","source_external_id":"OE-UK38","data_source":"emodnet:oenergy","source_date":"19/09/2023 00:00","retrieved_at":"2026-10-07T22:09:31.709648+00:00","correction_status":"source_baseline"}},{"type":"Feature","id":"24740fc7-3f36-58b5-8d60-ea0189a7c81b","geometry":{"coordinates":[-2.82,59.14],"type":"Point"},"properties":{"coast_dist":911.0,"country":"United Kingdom","date_of_la":"20/09/2023 00:00","device":"SR250","device_sca":"Pre-commercial","eia":"Yes","eialink":"https://tethys.pnnl.gov/annex-iv-sites/emec-fall-warness-grid-connected-tidal-test-site","end_year":"2013","facid":"OE-UK37","id":28,"id_1":28,"latitude":59.14,"link_to_so":"N/A","location":"Fall of Warness (Orkney)","longitude":-2.82,"metadata_a":"No","metadata_l":"N/A","name":"EMEC Scotrenewables SR250","notes":"","otherlinks":"N/A","posinfo":"Original","project_ca":"250","project_pr":"Scotrenewables","project_sc":"","resource":"Tidal","sea":"Greater North Sea","seabasin":"Greater North Sea","service_or":"Map viewer/Shapefile","source":"Web page","source_det":"N/A","start_year":"2011","status":"Ceased operating","technology":"Horizontal Axis Turbine","web_page":"https://orbitalmarine.com/","helmlore_id":"24740fc7-3f36-58b5-8d60-ea0189a7c81b","source_observation":"48ce4c04-ae2b-5333-974c-3b54a05e8f7d","source_external_id":"OE-UK37","data_source":"emodnet:oenergy","source_date":"20/09/2023 00:00","retrieved_at":"2026-10-07T22:09:31.709648+00:00","correction_status":"source_baseline"}},{"type":"Feature","id":"5055331d-f2c8-588f-8e45-999cb2de0118","geometry":{"coordinates":[-2.82,59.14],"type":"Point"},"properties":{"coast_dist":911.0,"country":"United Kingdom","date_of_la":"19/09/2023 00:00","device":"AR1000","device_sca":"Large scale prototype","eia":"Yes","eialink":"https://tethys.pnnl.gov/annex-iv-sites/emec-fall-warness-grid-connected-tidal-test-site","end_year":"2012","facid":"OE-UK36","id":28,"id_1":28,"latitude":59.14,"link_to_so":"N/A","location":"Fall of Warness (Orkney)","longitude":-2.82,"metadata_a":"No","metadata_l":"N/A","name":"EMEC Atlantis Resources AR1000","notes":"","otherlinks":"N/A","posinfo":"Original","project_ca":"1000","project_pr":"Atlantis Resources Corporation","project_sc":"Sea testing","resource":"Tidal","sea":"Greater North Sea","seabasin":"Greater North Sea","service_or":"Map viewer/Shapefile","source":"Web page","source_det":"N/A","start_year":"2010","status":"Ceased operating","technology":"Horizontal Axis Turbine","web_page":"N/A","helmlore_id":"5055331d-f2c8-588f-8e45-999cb2de0118","source_observation":"dd319cbd-df47-5eb7-9e39-9e068f8e2d55","source_external_id":"OE-UK36","data_source":"emodnet:oenergy","source_date":"19/09/2023 00:00","retrieved_at":"2026-10-07T22:09:31.709648+00:00","correction_status":"source_baseline"}},{"type":"Feature","id":"8683c433-012b-5f23-bfe8-6e04adf34a90","geometry":{"coordinates":[-2.82,59.14],"type":"Point"},"properties":{"coast_dist":911.0,"country":"United Kingdom","date_of_la":"27/08/2025 00:00","device":"Orbital O2","device_sca":"Commercial","eia":"Yes","eialink":"https://tethys.pnnl.gov/sites/default/files/publications/Fall-of-Warness-Environmental-Appraisal.pdf","end_year":"","facid":"OE-UK159","id":28,"id_1":28,"latitude":59.14,"link_to_so":"https://www.ocean-energy-systems.org/ocean-energy/gis-map-tool/","location":"Fall of Warness (Orkney)","longitude":-2.82,"metadata_a":"No","metadata_l":"N/A","name":"Orbital Marine Eday Project","notes":"","otherlinks":"https://orbitalmarine.com/orbital-awarded-two-cfds/","posinfo":"Original","project_ca":"9200","project_pr":"Orbital Marine Power","project_sc":"","resource":"Tidal","sea":"Greater North Sea","seabasin":"Greater North Sea","service_or":"Map viewer","source":"Web page","source_det":"IEA-OES GIS Map of Ocean Energy Installations","start_year":"2026","status":"In planning","technology":"Horizontal Axis Turbine","web_page":"https://orbitalmarine.com/","helmlore_id":"8683c433-012b-5f23-bfe8-6e04adf34a90","source_observation":"b7eee342-1f27-5fa5-9725-e15d35c0f091","source_external_id":"OE-UK159","data_source":"emodnet:oenergy","source_date":"27/08/2025 00:00","retrieved_at":"2026-10-07T22:09:31.709648+00:00","correction_status":"source_baseline"}},{"type":"Feature","id":"d3beeb5f-c184-5e2c-8177-85155b3e5b7a","geometry":{"coordinates":[-2.82,59.14],"type":"Point"},"properties":{"coast_dist":911.0,"country":"United Kingdom","date_of_la":"27/08/2025 00:00","device":"ATIR Floater","device_sca":"Commercial","eia":"N/A","eialink":"","end_year":"","facid":"OE-UK144","id":28,"id_1":28,"latitude":59.14,"link_to_so":"https://openei.org/wiki/PRIMRE/Databases/Projects_Database/Devices; https://www.emec.org.uk/about-us/our-tidal-clients/magallanes-renovables/","location":"Fall of Warness (Orkney)","longitude":-2.82,"metadata_a":"No","metadata_l":"N/A","name":"EMEC Magallanes 3","notes":"","otherlinks":"https://www.ocean-energy-systems.org/publications/oes-annual-reports/document/oes-annual-report-2023/","posinfo":"Original","project_ca":"1500","project_pr":"Magallanes Renovables, S.L.","project_sc":"","resource":"Tidal","sea":"Greater North Sea","seabasin":"Greater North Sea","service_or":"Web page","source":"Web page","source_det":"Portal and Repository for Information on Marine Renewable Energy (PRIMRE); EMEC Orkney","start_year":"2021","status":"Completed","technology":"Axial Flow Turbine","web_page":"https://www.magallanesrenovables.com/","helmlore_id":"d3beeb5f-c184-5e2c-8177-85155b3e5b7a","source_observation":"479c45fa-85e9-5933-ae3d-09109ab6b7a9","source_external_id":"OE-UK144","data_source":"emodnet:oenergy","source_date":"27/08/2025 00:00","retrieved_at":"2026-10-07T22:09:31.709648+00:00","correction_status":"source_baseline"}},{"type":"Feature","id":"b734d8a6-bd31-541f-836c-5079ad088ec9","geometry":{"coordinates":[-2.82,59.14],"type":"Point"},"properties":{"coast_dist":911.0,"country":"United Kingdom","date_of_la":"27/08/2025 00:00","device":"Tocardo (T2)","device_sca":"Sea testing","eia":"Yes","eialink":"https://tethys.pnnl.gov/sites/default/files/publications/Tocardo-PEMP-2017.pdf","end_year":"2017","facid":"OE-UK141","id":28,"id_1":28,"latitude":59.14,"link_to_so":"https://tethys.pnnl.gov/project-sites/tocardo-intotidal-emec","location":"Fall of Warness (Orkney)","longitude":-2.82,"metadata_a":"Yes","metadata_l":"https://maps.espatial.com/maps/_UKRED-Marine-Map/pages/map.jsp?geoMapId=267704&TENANT_ID=115744","name":"EMEC Tocardo Phase 1","notes":"","otherlinks":"N/A","posinfo":"Original","project_ca":"250","project_pr":"Tocardo International BV","project_sc":"","resource":"Tidal","sea":"Greater North Sea","seabasin":"Greater North Sea","service_or":"Data base","source":"Web page","source_det":"TETHYS Database","start_year":"2017","status":"Ceased operating","technology":"Horizontal Axis Turbine","web_page":"http://www.tocardo.com/","helmlore_id":"b734d8a6-bd31-541f-836c-5079ad088ec9","source_observation":"7215e054-3ac1-55cd-8a52-c4e6cd51f46b","source_external_id":"OE-UK141","data_source":"emodnet:oenergy","source_date":"27/08/2025 00:00","retrieved_at":"2026-10-07T22:09:31.709648+00:00","correction_status":"source_baseline"}},{"type":"Feature","id":"80514825-ec8a-54f1-bf7b-5212c6db3205","geometry":{"coordinates":[-2.82,59.14],"type":"Point"},"properties":{"coast_dist":911.0,"country":"United Kingdom","date_of_la":"27/08/2025 00:00","device":"SR2000","device_sca":"Commercial","eia":"Yes","eialink":"https://tethys.pnnl.gov/sites/default/files/publications/Fall-of-Warness-Environmental-Appraisal.pdf","end_year":"2018","facid":"OE-UK140","id":28,"id_1":28,"latitude":59.14,"link_to_so":"https://tethys.pnnl.gov/project-sites/scotrenewables-sr2000-emec","location":"Fall of Warness (Orkney)","longitude":-2.82,"metadata_a":"No","metadata_l":"N/A","name":"EMEC Scotrenewables SR2000","notes":"","otherlinks":"N/A","posinfo":"Original","project_ca":"2000","project_pr":"Orbital Marine Power","project_sc":"","resource":"Tidal","sea":"Greater North Sea","seabasin":"Greater North Sea","service_or":"Data base","source":"Web page","source_det":"TETHYS Database","start_year":"2016","status":"Ceased operating","technology":"Horizontal Axis Turbine","web_page":"https://orbitalmarine.com/","helmlore_id":"80514825-ec8a-54f1-bf7b-5212c6db3205","source_observation":"6df04f05-6c0b-5970-9ac5-a045b88c43fb","source_external_id":"OE-UK140","data_source":"emodnet:oenergy","source_date":"27/08/2025 00:00","retrieved_at":"2026-10-07T22:09:31.709648+00:00","correction_status":"source_baseline"}},{"type":"Feature","id":"4b0e8e5d-970a-58ef-9825-f83038674e5a","geometry":{"coordinates":[-2.82,59.14],"type":"Point"},"properties":{"coast_dist":911.0,"country":"United Kingdom","date_of_la":"29/09/2024 00:00","device":"ATIR Floater","device_sca":"Part-function prototype","eia":"N/A","eialink":"","end_year":"","facid":"OE-UK138","id":28,"id_1":28,"latitude":59.14,"link_to_so":"N/A","location":"Fall of Warness (Orkney)","longitude":-2.82,"metadata_a":"No","metadata_l":"N/A","name":"EMEC Magallanes 2","notes":"","otherlinks":"N/A","posinfo":"Original","project_ca":"2000","project_pr":"Magallanes Renovables, S.L.","project_sc":"Demonstration array","resource":"Tidal","sea":"Greater North Sea","seabasin":"Greater North Sea","service_or":"N/A","source":"Web page","source_det":"N/A","start_year":"2019","status":"Completed","technology":"Axial Flow Turbine","web_page":"https://www.magallanesrenovables.com/","helmlore_id":"4b0e8e5d-970a-58ef-9825-f83038674e5a","source_observation":"7420c355-468a-5a56-b0f8-13538346a855","source_external_id":"OE-UK138","data_source":"emodnet:oenergy","source_date":"29/09/2024 00:00","retrieved_at":"2026-10-07T22:09:31.709648+00:00","correction_status":"source_baseline"}},{"type":"Feature","id":"78b30ed8-6bcf-5b60-bc27-33b0ba262f63","geometry":{"coordinates":[-2.82,59.14],"type":"Point"},"properties":{"coast_dist":911.0,"country":"United Kingdom","date_of_la":"27/08/2025 00:00","device":"CoRMat","device_sca":"Sea testing","eia":"Yes","eialink":"https://tethys.pnnl.gov/annex-iv-sites/emec-fall-warness-grid-connected-tidal-test-site","end_year":"2018","facid":"OE-UK117","id":28,"id_1":28,"latitude":59.14,"link_to_so":"https://www.emec.org.uk/about-us/our-tidal-clients/nautricity/","location":"Fall of Warness (Orkney)","longitude":-2.82,"metadata_a":"Yes","metadata_l":"https://maps.espatial.com/maps/_UKRED-Marine-Map/pages/map.jsp?geoMapId=267704&TENANT_ID=115744","name":"EMEC Nautricity Phase 2","notes":"","otherlinks":"N/A","posinfo":"Original","project_ca":"500","project_pr":"Nautricity Ltd","project_sc":"","resource":"Tidal","sea":"Greater North Sea","seabasin":"Greater North Sea","service_or":"Data base","source":"Web page","source_det":"EMEC Orkney","start_year":"2017","status":"Ceased operating","technology":"Horizontal Axis Turbine","web_page":"N/A","helmlore_id":"78b30ed8-6bcf-5b60-bc27-33b0ba262f63","source_observation":"eb1cf4f4-d1e1-5754-af98-44d28f1fb5a2","source_external_id":"OE-UK117","data_source":"emodnet:oenergy","source_date":"27/08/2025 00:00","retrieved_at":"2026-10-07T22:09:31.709648+00:00","correction_status":"source_baseline"}},{"type":"Feature","id":"2db9a59d-f8b9-5317-814a-16a9485e9715","geometry":{"coordinates":[-2.82,59.14],"type":"Point"},"properties":{"coast_dist":911.0,"country":"United Kingdom","date_of_la":"20/09/2023 00:00","device":"SCHOTTEL Instream Turbines on PLAT-O","device_sca":"Demonstrator array","eia":"Yes","eialink":"https://tethys.pnnl.gov/annex-iv-sites/emec-fall-warness-grid-connected-tidal-test-site","end_year":"2018","facid":"OE-UK110","id":28,"id_1":28,"latitude":59.14,"link_to_so":"N/A","location":"Fall of Warness (Orkney)","longitude":-2.82,"metadata_a":"No","metadata_l":"N/A","name":"EMEC Sustainable Marine Energy","notes":"","otherlinks":"N/A","posinfo":"Original","project_ca":"1000","project_pr":"Sustainable Marine Energy Ltd","project_sc":"","resource":"Tidal","sea":"Greater North Sea","seabasin":"Greater North Sea","service_or":"Map viewer/Shapefile","source":"Web page","source_det":"N/A","start_year":"2015","status":"Ceased operating","technology":"Horizontal Axis Turbine","web_page":"www.sustainablemarine.com","helmlore_id":"2db9a59d-f8b9-5317-814a-16a9485e9715","source_observation":"8cf4d1e9-27ae-5675-a211-525356c0e8ea","source_external_id":"OE-UK110","data_source":"emodnet:oenergy","source_date":"20/09/2023 00:00","retrieved_at":"2026-10-07T22:09:31.709648+00:00","correction_status":"source_baseline"}},{"type":"Feature","id":"4a589afe-0c08-5597-94ee-add659d9f454","geometry":{"coordinates":[-2.82,59.14],"type":"Point"},"properties":{"coast_dist":911.0,"country":"United Kingdom","date_of_la":"20/09/2023 00:00","device":"Tocardo (T2)","device_sca":"Sea testing","eia":"Yes","eialink":"https://tethys.pnnl.gov/annex-iv-sites/emec-fall-warness-grid-connected-tidal-test-site","end_year":"","facid":"OE-UK109","id":28,"id_1":28,"latitude":59.14,"link_to_so":"N/A","location":"Fall of Warness (Orkney)","longitude":-2.82,"metadata_a":"No","metadata_l":"N/A","name":"EMEC Tocardo Phase 2","notes":"","otherlinks":"N/A","posinfo":"Original","project_ca":"1750","project_pr":"Tocardo International BV","project_sc":"","resource":"Tidal","sea":"Greater North Sea","seabasin":"Greater North Sea","service_or":"Map viewer/Shapefile","source":"Web page","source_det":"N/A","start_year":"2017","status":"Cancelled","technology":"Horizontal Axis Turbine","web_page":"http://www.tocardo.com/","helmlore_id":"4a589afe-0c08-5597-94ee-add659d9f454","source_observation":"0234dfc5-81fc-58c3-b600-5ecfb456eb40","source_external_id":"OE-UK109","data_source":"emodnet:oenergy","source_date":"20/09/2023 00:00","retrieved_at":"2026-10-07T22:09:31.709648+00:00","correction_status":"source_baseline"}},{"type":"Feature","id":"7b9abce6-f3e9-5c24-95eb-e81a2df05dd2","geometry":{"coordinates":[-2.82,59.14],"type":"Point"},"properties":{"coast_dist":911.0,"country":"United Kingdom","date_of_la":"19/09/2023 00:00","device":"SR2000","device_sca":"Large scale prototype","eia":"Not required","eialink":"","end_year":"2018","facid":"OE-UK96","id":28,"id_1":28,"latitude":59.14,"link_to_so":"N/A","location":"Fall of Warness (Orkney)","longitude":-2.82,"metadata_a":"No","metadata_l":"N/A","name":"EMEC Scotrenewables SR2000","notes":"Key Environmental Issues: Baseline studies for the Billia Croo test site were performed by EMEC","otherlinks":"N/A","posinfo":"Original","project_ca":"2000","project_pr":"Orbital Marine Power","project_sc":"Pre-commercial","resource":"Tidal","sea":"Greater North Sea","seabasin":"Greater North Sea","service_or":"Data base","source":"Web page","source_det":"N/A","start_year":"2016","status":"Ceased operating","technology":"Horizontal Axis Turbine","web_page":"https://orbitalmarine.com/","helmlore_id":"7b9abce6-f3e9-5c24-95eb-e81a2df05dd2","source_observation":"512dc06f-775b-5d34-9cb6-7e680ab825dd","source_external_id":"OE-UK96","data_source":"emodnet:oenergy","source_date":"19/09/2023 00:00","retrieved_at":"2026-10-07T22:09:31.709648+00:00","correction_status":"source_baseline"}},{"type":"Feature","id":"e2def628-312d-51e8-8ddf-a22d4a52e608","geometry":{"coordinates":[-4.99195,50.11],"type":"Point"},"properties":{"coast_dist":3491.0,"country":"United Kingdom","date_of_la":"27/08/2025 00:00","device":"Volta","device_sca":"Sea testing","eia":"Yes","eialink":"https://tethys.pnnl.gov/annex-iv-sites/falmouth-bay-test-site-fabtest","end_year":"","facid":"OE-UK97","id":29,"id_1":29,"latitude":50.11,"link_to_so":"N/A","location":"Falmouth Bay","longitude":-4.99195,"metadata_a":"Yes","metadata_l":"https://maps.espatial.com/maps/_UKRED-Marine-Map/pages/map.jsp?geoMapId=267704&TENANT_ID=115744","name":"FaBTest Polygen","notes":"","otherlinks":"N/A","posinfo":"Original","project_ca":"","project_pr":"PolyGen Ltd","project_sc":"N/A","resource":"Wave","sea":"Celtic Sea","seabasin":"Atlantic","service_or":"N/A","source":"Web page","source_det":"N/A","start_year":"2015","status":"Completed","technology":"Oscillating Wave Surge Converter","web_page":"https://www.offshore-energy.biz/polygen-deploys-wave-energy-device-at-fabtest/","helmlore_id":"e2def628-312d-51e8-8ddf-a22d4a52e608","source_observation":"de3fcedb-5a6f-57c7-8c06-0454c051d461","source_external_id":"OE-UK97","data_source":"emodnet:oenergy","source_date":"27/08/2025 00:00","retrieved_at":"2026-10-07T22:09:31.709648+00:00","correction_status":"source_baseline"}},{"type":"Feature","id":"8e94dcd9-e86c-5fd5-abb3-a3e11e4b7622","geometry":{"coordinates":[-4.99195,50.11],"type":"Point"},"properties":{"coast_dist":3491.0,"country":"United Kingdom","date_of_la":"20/09/2023 00:00","device":"BOLT","device_sca":"Pre-commercial","eia":"Yes","eialink":"https://tethys.pnnl.gov/annex-iv-sites/falmouth-bay-test-site-fabtest","end_year":"2014","facid":"OE-UK82","id":29,"id_1":29,"latitude":50.11,"link_to_so":"N/A","location":"Falmouth Bay","longitude":-4.99195,"metadata_a":"No","metadata_l":"N/A","name":"FaBTest Fred. Olsen","notes":"","otherlinks":"N/A","posinfo":"Original","project_ca":"240","project_pr":"Fred Olsen Ltd","project_sc":"","resource":"Wave","sea":"Celtic Sea","seabasin":"Atlantic","service_or":"Map viewer","source":"Web page","source_det":"N/A","start_year":"2012","status":"Ceased operating","technology":"Point absorber","web_page":"N/A","helmlore_id":"8e94dcd9-e86c-5fd5-abb3-a3e11e4b7622","source_observation":"42d29475-1305-5627-8cdb-cc6669d280ca","source_external_id":"OE-UK82","data_source":"emodnet:oenergy","source_date":"20/09/2023 00:00","retrieved_at":"2026-10-07T22:09:31.709648+00:00","correction_status":"source_baseline"}},{"type":"Feature","id":"3aec4173-2c37-50b3-80ba-6ef978fedbc5","geometry":{"coordinates":[-4.99195,50.11],"type":"Point"},"properties":{"coast_dist":3491.0,"country":"United Kingdom","date_of_la":"20/09/2023 00:00","device":"OWEL WEC","device_sca":"Pre-commercial","eia":"Not required","eialink":"","end_year":"","facid":"OE-UK81","id":29,"id_1":29,"latitude":50.11,"link_to_so":"N/A","location":"Falmouth Bay","longitude":-4.99195,"metadata_a":"No","metadata_l":"N/A","name":"FaBTest OWEL","notes":"Taking into account that the prototype has been installed in FaBTest, the key environmental issues are those corresponding to the test site","otherlinks":"N/A","posinfo":"Original","project_ca":"150","project_pr":"Offshore Wave Energy Ltd (OWEL)","project_sc":"","resource":"Wave","sea":"Celtic Sea","seabasin":"Atlantic","service_or":"Map viewer/Shapefile","source":"Web page","source_det":"N/A","start_year":"2015","status":"Ceased operating","technology":"Oscillating Water Column","web_page":"N/A","helmlore_id":"3aec4173-2c37-50b3-80ba-6ef978fedbc5","source_observation":"68808dea-2066-574f-b777-5a9a84754482","source_external_id":"OE-UK81","data_source":"emodnet:oenergy","source_date":"20/09/2023 00:00","retrieved_at":"2026-10-07T22:09:31.709648+00:00","correction_status":"source_baseline"}},{"type":"Feature","id":"514cf5bd-58d0-5a6b-9aba-93b2640d2c4a","geometry":{"coordinates":[-4.99195,50.11],"type":"Point"},"properties":{"coast_dist":3491.0,"country":"United Kingdom","date_of_la":"20/09/2023 00:00","device":"AMOG","device_sca":"Pre-commercial","eia":"N/A","eialink":"","end_year":"2019","facid":"OE-UK161","id":29,"id_1":29,"latitude":50.11,"link_to_so":"N/A","location":"Falmouth Bay","longitude":-4.99195,"metadata_a":"No","metadata_l":"N/A","name":"FaBTest AMOG","notes":"","otherlinks":"N/A","posinfo":"Original","project_ca":"5000","project_pr":"Australian Marine & Offshore Group, AMOG","project_sc":"","resource":"Wave","sea":"Celtic Sea","seabasin":"Atlantic","service_or":"Map viewer","source":"Web page","source_det":"N/A","start_year":"2019","status":"Completed","technology":"Point absorber","web_page":"N/A","helmlore_id":"514cf5bd-58d0-5a6b-9aba-93b2640d2c4a","source_observation":"ef697292-f2ed-535b-b89a-e2704f12bcfc","source_external_id":"OE-UK161","data_source":"emodnet:oenergy","source_date":"20/09/2023 00:00","retrieved_at":"2026-10-07T22:09:31.709648+00:00","correction_status":"source_baseline"}},{"type":"Feature","id":"254acbbc-f0a1-53bf-a46f-3720dec45d17","geometry":{"coordinates":[-4.99195,50.11],"type":"Point"},"properties":{"coast_dist":3491.0,"country":"United Kingdom","date_of_la":"20/09/2023 00:00","device":"WaveSub","device_sca":"Sea testing","eia":"Not required","eialink":"","end_year":"","facid":"OE-UK120","id":29,"id_1":29,"latitude":50.11,"link_to_so":"N/A","location":"Falmouth Bay","longitude":-4.99195,"metadata_a":"Yes","metadata_l":"https://maps.espatial.com/maps/_UKRED-Marine-Map/pages/map.jsp?geoMapId=267704&TENANT_ID=115744","name":"FaBTest WaveSub","notes":"Taking into account that the prototype will be installed in FaBTest, the key environmental issues are those corresponding to the test site","otherlinks":"N/A","posinfo":"Original","project_ca":"5000","project_pr":"Marine Power Systems Ltd","project_sc":"","resource":"Wave","sea":"Celtic Sea","seabasin":"Atlantic","service_or":"Data base","source":"Web page","source_det":"N/A","start_year":"2017","status":"N/A","technology":"Rotating mass","web_page":"http://marinepowersystems.co.uk/","helmlore_id":"254acbbc-f0a1-53bf-a46f-3720dec45d17","source_observation":"42779ef3-dc9f-52af-9824-6de331b7802e","source_external_id":"OE-UK120","data_source":"emodnet:oenergy","source_date":"20/09/2023 00:00","retrieved_at":"2026-10-07T22:09:31.709648+00:00","correction_status":"source_baseline"}},{"type":"Feature","id":"72372d34-acf1-55af-bc8f-97823167ab59","geometry":{"coordinates":[-6.48562,58.42491],"type":"Point"},"properties":{"coast_dist":1547.0,"country":"United Kingdom","date_of_la":"20/09/2023 00:00","device":"Oyster","device_sca":"Commercial array","eia":"N/A","eialink":"","end_year":"","facid":"OE-UK58","id":32,"id_1":32,"latitude":58.42491,"link_to_so":"N/A","location":"Galson (Isle of Lewis)","longitude":-6.48562,"metadata_a":"No","metadata_l":"N/A","name":"Lewis Wave Power Limited","notes":"","otherlinks":"N/A","posinfo":"Estimated","project_ca":"10000","project_pr":"Aquamarine power","project_sc":"","resource":"Wave","sea":"Celtic Sea","seabasin":"Atlantic","service_or":"Map viewer/Shapefile","source":"Web page","source_det":"N/A","start_year":"","status":"Cancelled","technology":"Oscillating Wave Surge Converter","web_page":"N/A","helmlore_id":"72372d34-acf1-55af-bc8f-97823167ab59","source_observation":"c27201a2-0732-5d93-b897-fe0e116179c1","source_external_id":"OE-UK58","data_source":"emodnet:oenergy","source_date":"20/09/2023 00:00","retrieved_at":"2026-10-07T22:09:31.709648+00:00","correction_status":"source_baseline"}},{"type":"Feature","id":"da372d4e-617c-5c75-a70f-d0d606dda118","geometry":{"coordinates":[-9.1853,53.1958],"type":"Point"},"properties":{"coast_dist":5531.0,"country":"Ireland","date_of_la":"20/09/2023 00:00","device":"N/A","device_sca":"Sea testing","eia":"N/A","eialink":"","end_year":"2017","facid":"OE-IE09","id":33,"id_1":33,"latitude":53.1958,"link_to_so":"N/A","location":"Galway Bay test site","longitude":-9.1853,"metadata_a":"No","metadata_l":"N/A","name":"1:5 scale Wave Energy Converter (WEC)","notes":"","otherlinks":"https://report2017.ocean-energy-systems.org/international-activities/ireland/technology-demonstration/","posinfo":"Original","project_ca":"","project_pr":"SeaPower","project_sc":"","resource":"Wave","sea":"Celtic Sea","seabasin":"Atlantic","service_or":"N/A","source":"N/A","source_det":"N/A","start_year":"2016","status":"Completed","technology":"N/A","web_page":"N/A","helmlore_id":"da372d4e-617c-5c75-a70f-d0d606dda118","source_observation":"93ca3f28-7690-5cb3-a8ad-62c412231806","source_external_id":"OE-IE09","data_source":"emodnet:oenergy","source_date":"20/09/2023 00:00","retrieved_at":"2026-10-07T22:09:31.709648+00:00","correction_status":"source_baseline"}},{"type":"Feature","id":"507ae9c8-1368-5057-8eb6-421ccec2ae5d","geometry":{"coordinates":[-9.1853,53.1958],"type":"Point"},"properties":{"coast_dist":5531.0,"country":"Ireland","date_of_la":"17/07/2025 00:00","device":"OE Buoy","device_sca":"Sea testing","eia":"No","eialink":"","end_year":"2009","facid":"OE-IE07","id":33,"id_1":33,"latitude":53.1958,"link_to_so":"https://marendata.eu","location":"Galway Bay test site","longitude":-9.1853,"metadata_a":"No","metadata_l":"N/A","name":"Ocean Energy Buoy (Phase 2)","notes":"No official environmental webpage. Related reports are available from the HMRC, University College Cork on request","otherlinks":"N/A","posinfo":"Original","project_ca":"20","project_pr":"Ocean Energy Ltd.","project_sc":"","resource":"Wave","sea":"Celtic Sea","seabasin":"Atlantic","service_or":"Map viewer","source":"Web page","source_det":"MARENDATA","start_year":"2007","status":"Completed","technology":"Oscillating Water Column","web_page":"N/A","helmlore_id":"507ae9c8-1368-5057-8eb6-421ccec2ae5d","source_observation":"93350592-badc-5d7e-a6a9-6e86d168b298","source_external_id":"OE-IE07","data_source":"emodnet:oenergy","source_date":"17/07/2025 00:00","retrieved_at":"2026-10-07T22:09:31.709648+00:00","correction_status":"source_baseline"}},{"type":"Feature","id":"1d5a4002-b0a2-504d-9347-69904e6daaab","geometry":{"coordinates":[-9.1853,53.1958],"type":"Point"},"properties":{"coast_dist":5531.0,"country":"Ireland","date_of_la":"17/07/2025 00:00","device":"OE Buoy","device_sca":"Sea testing","eia":"No","eialink":"","end_year":"2006","facid":"OE-IE06","id":33,"id_1":33,"latitude":53.1958,"link_to_so":"https://marendata.eu","location":"Galway Bay test site","longitude":-9.1853,"metadata_a":"No","metadata_l":"N/A","name":"Ocean Energy Buoy (Phase 1)","notes":"No official environmental webpage. Related reports are available from the HMRC, University College Cork on request","otherlinks":"N/A","posinfo":"Original","project_ca":"20","project_pr":"Ocean Energy Ltd.","project_sc":"","resource":"Wave","sea":"Celtic Sea","seabasin":"Atlantic","service_or":"Map viewer","source":"Web page","source_det":"MARENDATA","start_year":"2006","status":"Completed","technology":"Oscillating Water Column","web_page":"N/A","helmlore_id":"1d5a4002-b0a2-504d-9347-69904e6daaab","source_observation":"288344e1-32d5-583b-abf6-833a5dc1e398","source_external_id":"OE-IE06","data_source":"emodnet:oenergy","source_date":"17/07/2025 00:00","retrieved_at":"2026-10-07T22:09:31.709648+00:00","correction_status":"source_baseline"}},{"type":"Feature","id":"0418c588-a62c-514e-bdf3-209b9af0b573","geometry":{"coordinates":[-9.1853,53.1958],"type":"Point"},"properties":{"coast_dist":5531.0,"country":"Ireland","date_of_la":"17/07/2025 00:00","device":"OE Buoy","device_sca":"Sea testing","eia":"No","eialink":"","end_year":"2011","facid":"OE-IE03","id":33,"id_1":33,"latitude":53.1958,"link_to_so":"https://marendata.eu","location":"Galway Bay test site","longitude":-9.1853,"metadata_a":"No","metadata_l":"N/A","name":"Ocean Energy Buoy (CORES Project)","notes":"No official environmental webpage. Related reports are available from the HMRC, University College Cork on request","otherlinks":"N/A","posinfo":"Original","project_ca":"12","project_pr":"CORES EU FP7","project_sc":"","resource":"Wave","sea":"Celtic Sea","seabasin":"Atlantic","service_or":"Map viewer","source":"Web page","source_det":"MARENDATA","start_year":"2011","status":"Completed","technology":"Oscillating Water Column","web_page":"https://www.researchgate.net/publication/260819259_FP7_EU_funded_CORES_wave_energy_project_a_coordinators'_perspective_on_the_Galway_Bay_sea_trials","helmlore_id":"0418c588-a62c-514e-bdf3-209b9af0b573","source_observation":"948de20f-b64f-5a7b-8063-b42d1a7560a0","source_external_id":"OE-IE03","data_source":"emodnet:oenergy","source_date":"17/07/2025 00:00","retrieved_at":"2026-10-07T22:09:31.709648+00:00","correction_status":"source_baseline"}},{"type":"Feature","id":"76af1956-2620-53a5-b8bc-cad0be95149b","geometry":{"coordinates":[-3.607,54.691],"type":"Point"},"properties":{"coast_dist":4322.0,"country":"United Kingdom","date_of_la":"27/08/2025 00:00","device":"N/A","device_sca":"Commercial","eia":"Yes","eialink":"N/A","end_year":"","facid":"OE-UK101","id":34,"id_1":34,"latitude":54.691,"link_to_so":"https://www.ocean-energy-systems.org/ocean-energy/gis-map-tool/","location":"Workington","longitude":-3.607,"metadata_a":"No","metadata_l":"N/A","name":"West Cumbrian Tidal Lagoon","notes":"","otherlinks":"N/A","posinfo":"Original","project_ca":"","project_pr":"Tidal Lagoon Power Ltd","project_sc":"","resource":"Tidal","sea":"Celtic Sea","seabasin":"Atlantic","service_or":"Map viewer","source":"Web page","source_det":"IEA-OES GIS Map of Ocean Energy Installations","start_year":"","status":"Early concept","technology":"Tidal lagoon","web_page":"N/A","helmlore_id":"76af1956-2620-53a5-b8bc-cad0be95149b","source_observation":"a450bd35-f910-5fc8-ba39-c724e45283c7","source_external_id":"OE-UK101","data_source":"emodnet:oenergy","source_date":"27/08/2025 00:00","retrieved_at":"2026-10-07T22:09:31.709648+00:00","correction_status":"source_baseline"}},{"type":"Feature","id":"d2fbd8e7-69fd-5ff5-93bc-664d87d2e61e","geometry":{"coordinates":[-9.89272,53.8489],"type":"Point"},"properties":{"coast_dist":1613.0,"country":"Ireland","date_of_la":"17/07/2025 00:00","device":"N/A","device_sca":"Sea testing","eia":"N/A","eialink":"","end_year":"2007","facid":"OE-IE02","id":35,"id_1":35,"latitude":53.8489,"link_to_so":"https://marendata.eu","location":"Galway Bay-2 (near Spiddal)","longitude":-9.89272,"metadata_a":"No","metadata_l":"N/A","name":"Wavebob ADM-2","notes":"","otherlinks":"N/A","posinfo":"Original","project_ca":"15","project_pr":"Wavebob","project_sc":"","resource":"Wave","sea":"Celtic Sea","seabasin":"Atlantic","service_or":"Map viewer","source":"Web page","source_det":"MARENDATA","start_year":"2007","status":"Completed","technology":"Hydraulic System","web_page":"N/A","helmlore_id":"d2fbd8e7-69fd-5ff5-93bc-664d87d2e61e","source_observation":"a3e9cd92-c401-553f-b997-d98d52fcae26","source_external_id":"OE-IE02","data_source":"emodnet:oenergy","source_date":"17/07/2025 00:00","retrieved_at":"2026-10-07T22:09:31.709648+00:00","correction_status":"source_baseline"}},{"type":"Feature","id":"72595c69-e56c-516c-b3bc-84278741b5fb","geometry":{"coordinates":[-9.89272,53.8489],"type":"Point"},"properties":{"coast_dist":1613.0,"country":"Ireland","date_of_la":"17/07/2025 00:00","device":"N/A","device_sca":"Sea testing","eia":"N/A","eialink":"","end_year":"2006","facid":"OE-IE01","id":35,"id_1":35,"latitude":53.8489,"link_to_so":"https://marendata.eu","location":"Galway Bay-2 (near Spiddal)","longitude":-9.89272,"metadata_a":"No","metadata_l":"N/A","name":"Wavebob ADM-1","notes":"","otherlinks":"N/A","posinfo":"Original","project_ca":"15","project_pr":"Wavebob","project_sc":"","resource":"Wave","sea":"Celtic Sea","seabasin":"Atlantic","service_or":"Map viewer","source":"Web page","source_det":"MARENDATA","start_year":"2006","status":"Completed","technology":"Hydraulic System","web_page":"N/A","helmlore_id":"72595c69-e56c-516c-b3bc-84278741b5fb","source_observation":"550d9ed5-82e1-5aad-8515-ed8878595dbe","source_external_id":"OE-IE01","data_source":"emodnet:oenergy","source_date":"17/07/2025 00:00","retrieved_at":"2026-10-07T22:09:31.709648+00:00","correction_status":"source_baseline"}},{"type":"Feature","id":"d22dd42f-f8f7-5e51-aab2-165339625d1e","geometry":{"coordinates":[-2.476352,56.705912],"type":"Point"},"properties":{"coast_dist":148.0,"country":"United Kingdom","date_of_la":"20/09/2023 00:00","device":"Cygnet","device_sca":"Pre-commercial","eia":"N/A","eialink":"","end_year":"","facid":"OE-UK99","id":38,"id_1":38,"latitude":56.705912,"link_to_so":"N/A","location":"Montrose","longitude":-2.476352,"metadata_a":"No","metadata_l":"N/A","name":"GSK Montrose tidal array","notes":"","otherlinks":"N/A","posinfo":"Estimated","project_ca":"750","project_pr":"Juno Energy","project_sc":"","resource":"Tidal","sea":"Greater North Sea","seabasin":"Greater North Sea","service_or":"Map viewer","source":"Web page","source_det":"N/A","start_year":"","status":"Cancelled","technology":"Horizontal Axis Turbine","web_page":"N/A","helmlore_id":"d22dd42f-f8f7-5e51-aab2-165339625d1e","source_observation":"9616d7e3-50f0-5acc-af13-1e19c3f2c9f3","source_external_id":"OE-UK99","data_source":"emodnet:oenergy","source_date":"20/09/2023 00:00","retrieved_at":"2026-10-07T22:09:31.709648+00:00","correction_status":"source_baseline"}},{"type":"Feature","id":"15f1c414-bdb2-53cb-a34a-f8e2d13e6940","geometry":{"coordinates":[-0.16257,53.6405],"type":"Point"},"properties":{"coast_dist":1860.0,"country":"United Kingdom","date_of_la":"20/09/2023 00:00","device":"Pulse-Stream 100","device_sca":"Pre-commercial","eia":"N/A","eialink":"","end_year":"2013","facid":"OE-UK02","id":42,"id_1":42,"latitude":53.6405,"link_to_so":"N/A","location":"Humber Estuary-1 (Immingham, South Humberside)","longitude":-0.16257,"metadata_a":"No","metadata_l":"N/A","name":"Pulse Stream 100 Demonstration Project","notes":"","otherlinks":"N/A","posinfo":"Original","project_ca":"100","project_pr":"Pulse Tidal","project_sc":"","resource":"Tidal","sea":"Greater North Sea","seabasin":"Greater North Sea","service_or":"Map viewer/Shapefile","source":"Web page","source_det":"N/A","start_year":"2009","status":"Completed","technology":"Oscillating Hydrofoils","web_page":"N/A","helmlore_id":"15f1c414-bdb2-53cb-a34a-f8e2d13e6940","source_observation":"85a647c8-fd3d-575f-9be1-98bedeb24393","source_external_id":"OE-UK02","data_source":"emodnet:oenergy","source_date":"20/09/2023 00:00","retrieved_at":"2026-10-07T22:09:31.709648+00:00","correction_status":"source_baseline"}},{"type":"Feature","id":"5def4d0b-d016-5d00-83ef-fafe4dee4134","geometry":{"coordinates":[-0.3287,53.738],"type":"Point"},"properties":{"coast_dist":90.0,"country":"United Kingdom","date_of_la":"21/09/2023 00:00","device":"N/A","device_sca":"Part-function prototype","eia":"N/A","eialink":"","end_year":"","facid":"OE-UK151","id":43,"id_1":43,"latitude":53.738,"link_to_so":"N/A","location":"Humber Estuary-2 (Immingham, South Humberside)","longitude":-0.3287,"metadata_a":"No","metadata_l":"N/A","name":"Humber Pulse Tidal","notes":"","otherlinks":"N/A","posinfo":"Original","project_ca":"100","project_pr":"N/A","project_sc":"Demonstration array","resource":"Tidal","sea":"Greater North Sea","seabasin":"Greater North Sea","service_or":"Map viewer","source":"N/A","source_det":"N/A","start_year":"","status":"Decommissioned","technology":"N/A","web_page":"N/A","helmlore_id":"5def4d0b-d016-5d00-83ef-fafe4dee4134","source_observation":"89a5a235-ab5c-51b9-8c18-d7681b17a446","source_external_id":"OE-UK151","data_source":"emodnet:oenergy","source_date":"21/09/2023 00:00","retrieved_at":"2026-10-07T22:09:31.709648+00:00","correction_status":"source_baseline"}},{"type":"Feature","id":"416fe586-01a6-5b56-8b85-6956483412a0","geometry":{"coordinates":[-0.3287,53.738],"type":"Point"},"properties":{"coast_dist":90.0,"country":"United Kingdom","date_of_la":"25/09/2023 00:00","device":"Neptune Proteus NP1000","device_sca":"1:10 scale","eia":"N/A","eialink":"","end_year":"2010","facid":"OE-UK03","id":43,"id_1":43,"latitude":53.738,"link_to_so":"N/A","location":"Humber Estuary-2 (Immingham, South Humberside)","longitude":-0.3287,"metadata_a":"No","metadata_l":"N/A","name":"Proteus 1:10 Scale Prototype","notes":"","otherlinks":"N/A","posinfo":"Original","project_ca":"1000","project_pr":"Neptune Renewable Energy Ltd","project_sc":"Sea testing","resource":"Tidal","sea":"Greater North Sea","seabasin":"Greater North Sea","service_or":"Map viewer","source":"Web page","source_det":"N/A","start_year":"2010","status":"Decommissioned","technology":"Cross Flow Turbine","web_page":"https://openei.org/wiki/PRIMRE/Databases/Projects_Database/Projects/Humber_Pulse_Tidal","helmlore_id":"416fe586-01a6-5b56-8b85-6956483412a0","source_observation":"50f1385c-236e-551c-ac7b-70172cbbb35a","source_external_id":"OE-UK03","data_source":"emodnet:oenergy","source_date":"25/09/2023 00:00","retrieved_at":"2026-10-07T22:09:31.709648+00:00","correction_status":"source_baseline"}},{"type":"Feature","id":"efb9098e-8e3f-5ed6-9157-01beef39d363","geometry":{"coordinates":[-4.208,57.687],"type":"Point"},"properties":{"coast_dist":564.0,"country":"United Kingdom","date_of_la":"27/08/2025 00:00","device":"Mark 3 PowerBuoy (PB 150)","device_sca":"Full scale","eia":"No","eialink":"","end_year":"2011","facid":"OE-UK04","id":45,"id_1":45,"latitude":57.687,"link_to_so":"http://tethys.pnnl.gov/annex-iv-sites/ocean-power-technologies-moray-firth","location":"Invergordon","longitude":-4.208,"metadata_a":"No","metadata_l":"N/A","name":"PowerBuoy Mark 3 ocean trials","notes":"Impact may occur on the following receptors: \u2022Cetaceans \u2022Ambient Noise levels \u2022Oil and Gas Sector \u2022Other sea users \u2022Mainly leisure craft. A Navigational Risk Assessment was also undertaken to support the Coastal Protection Act application.","otherlinks":"N/A","posinfo":"Original","project_ca":"150","project_pr":"Ocean Power Technologies (OPT)","project_sc":"Sea testing","resource":"Wave","sea":"Greater North Sea","seabasin":"Greater North Sea","service_or":"Data base","source":"Web page","source_det":"TETHYS Database","start_year":"2011","status":"Completed","technology":"Point absorber","web_page":"N/A","helmlore_id":"efb9098e-8e3f-5ed6-9157-01beef39d363","source_observation":"9ea59b29-049a-5b06-ba06-fbfe9291efe6","source_external_id":"OE-UK04","data_source":"emodnet:oenergy","source_date":"27/08/2025 00:00","retrieved_at":"2026-10-07T22:09:31.709648+00:00","correction_status":"source_baseline"}},{"type":"Feature","id":"dfe0c485-33d3-5a7a-a1de-57c7d8547a99","geometry":{"coordinates":[-6.61,55.66],"type":"Point"},"properties":{"coast_dist":6110.0,"country":"United Kingdom","date_of_la":"27/08/2025 00:00","device":"N/A","device_sca":"Full scale","eia":"Yes","eialink":"https://tethys.pnnl.gov/project-sites/west-islay-tidal-project-energy-park","end_year":"","facid":"OE-UK55","id":47,"id_1":47,"latitude":55.66,"link_to_so":"https://www.power-technology.com/projects/west-islay-tidal-farm-scotland/?cf-view","location":"Island of Islay","longitude":-6.61,"metadata_a":"Yes","metadata_l":"https://maps.esp.tl/maps/_UKRED-Marine-Map/pages/map.jsp?geoMapId=267704&TENANT_ID=115744","name":"West Islay Tidal Energy Farm","notes":"","otherlinks":"https://www.ocean-energy-systems.org/ocean-energy/gis-map-tool/","posinfo":"Original","project_ca":"30000","project_pr":"DP Marine Energy Ltd","project_sc":"Commercial array","resource":"Tidal","sea":"Celtic Sea","seabasin":"Atlantic","service_or":"Map viewer/Shapefile","source":"Web page","source_det":"UK Marine Energy Database (UKMED)","start_year":"2017","status":"Cancelled","technology":"N/A","web_page":"https://www.dpenergy.com/projects/","helmlore_id":"dfe0c485-33d3-5a7a-a1de-57c7d8547a99","source_observation":"d86f9b5c-a72e-552a-863f-26ce3748bf31","source_external_id":"OE-UK55","data_source":"emodnet:oenergy","source_date":"27/08/2025 00:00","retrieved_at":"2026-10-07T22:09:31.709648+00:00","correction_status":"source_baseline"}},{"type":"Feature","id":"b5276779-c427-5fda-b4f3-aa528f213293","geometry":{"coordinates":[-6.52,55.69],"type":"Point"},"properties":{"coast_dist":0.0,"country":"United Kingdom","date_of_la":"25/09/2023 00:00","device":"LIMPET","device_sca":"Part-scale / part-function prototype","eia":"Yes","eialink":"https://tethys.pnnl.gov/publications/islay-limpet-wave-power-plant-report","end_year":"2013","facid":"OE-UK84","id":48,"id_1":48,"latitude":55.69,"link_to_so":"N/A","location":"Portnahaven (Islay)","longitude":-6.52,"metadata_a":"No","metadata_l":"N/A","name":"Portnahaven","notes":"","otherlinks":"https://tethys.pnnl.gov/publications/islay-limpet-wave-power-plant-report","posinfo":"Original","project_ca":"250","project_pr":"Voith Hydro Wavegen Ltd","project_sc":"Commercial","resource":"Wave","sea":"Celtic Sea","seabasin":"Atlantic","service_or":"Map viewer","source":"Web page","source_det":"N/A","start_year":"2000","status":"Ceased operating","technology":"Oscillating Water Column","web_page":"http://voith.com","helmlore_id":"b5276779-c427-5fda-b4f3-aa528f213293","source_observation":"f7814751-2bf1-5091-8cb9-de92e29e04de","source_external_id":"OE-UK84","data_source":"emodnet:oenergy","source_date":"25/09/2023 00:00","retrieved_at":"2026-10-07T22:09:31.709648+00:00","correction_status":"source_baseline"}},{"type":"Feature","id":"045134a3-d917-5316-80ae-d4061a679cf3","geometry":{"coordinates":[-0.97778306,60.7081],"type":"Point"},"properties":{"coast_dist":199.0,"country":"United Kingdom","date_of_la":"25/09/2023 00:00","device":"Nova 30","device_sca":"Large scale prototype","eia":"N/A","eialink":"","end_year":"2014","facid":"OE-UK50","id":49,"id_1":49,"latitude":60.7081,"link_to_so":"N/A","location":"North Yell (Shetland)","longitude":-0.977783055556,"metadata_a":"No","metadata_l":"N/A","name":"Nova 30 Demonstrator","notes":"","otherlinks":"N/A","posinfo":"Original","project_ca":"30","project_pr":"Nova Innovation Ltd","project_sc":"Pre-commercial","resource":"Tidal","sea":"Celtic Sea","seabasin":"Atlantic","service_or":"Map viewer","source":"Web page","source_det":"N/A","start_year":"2014","status":"Completed","technology":"Horizontal Axis Turbine","web_page":"https://www.novainnovation.com/","helmlore_id":"045134a3-d917-5316-80ae-d4061a679cf3","source_observation":"2dc988ad-6ba0-5f78-89ca-0480b5c835ef","source_external_id":"OE-UK50","data_source":"emodnet:oenergy","source_date":"25/09/2023 00:00","retrieved_at":"2026-10-07T22:09:31.709648+00:00","correction_status":"source_baseline"}},{"type":"Feature","id":"4dd82d42-dbae-507d-aaae-1d84ceb08219","geometry":{"coordinates":[-6.29,49.91],"type":"Point"},"properties":{"coast_dist":77.0,"country":"United Kingdom","date_of_la":"27/08/2025 00:00","device":"R115","device_sca":"Part-scale / part-function prototype","eia":"N/A","eialink":"","end_year":"2016","facid":"OE-UK80","id":50,"id_1":50,"latitude":49.91,"link_to_so":"https://openei.org/wiki/PRIMRE/Databases/Projects_Database/Projects/Scilly_Airport_WEP","location":"Isles of Scilly","longitude":-6.29,"metadata_a":"Yes","metadata_l":"https://maps.esp.tl/maps/_UKRED-Marine-Map/pages/map.jsp?geoMapId=267704&TENANT_ID=115744","name":"Scilly Airport WEP","notes":"","otherlinks":"N/A","posinfo":"Original","project_ca":"450","project_pr":"40 South Energy","project_sc":"Pre-commercial","resource":"Wave","sea":"Celtic Sea","seabasin":"Atlantic","service_or":"Data base","source":"Web page","source_det":"Portal and Repository for Information on Marine Renewable Energy (PRIMRE)","start_year":"2013","status":"Cancelled","technology":"Submerged Pressure Differential","web_page":"https://www.40southenergy.it/","helmlore_id":"4dd82d42-dbae-507d-aaae-1d84ceb08219","source_observation":"5ad1eaa4-c07b-5d6a-a78f-47823514ede5","source_external_id":"OE-UK80","data_source":"emodnet:oenergy","source_date":"27/08/2025 00:00","retrieved_at":"2026-10-07T22:09:31.709648+00:00","correction_status":"source_baseline"}},{"type":"Feature","id":"0d92c51c-6978-5453-b87c-2736132b595a","geometry":{"coordinates":[-2.72,59.22],"type":"Point"},"properties":{"coast_dist":827.0,"country":"United Kingdom","date_of_la":"19/09/2024 00:00","device":"SR2000","device_sca":"Full scale","eia":"No","eialink":"","end_year":"2020","facid":"OE-UK46","id":53,"id_1":53,"latitude":59.22,"link_to_so":"N/A","location":"Lashy Sound (between the islands of Eday and Sanday in Orkney)","longitude":-2.72,"metadata_a":"No","metadata_l":"N/A","name":"Lashy Sound Phase (Rest)","notes":"https://tethys.pnnl.gov/sites/default/files/publications/LashySound-ScopingReport-2014.pdf","otherlinks":"N/A","posinfo":"Original","project_ca":"120000","project_pr":"Scotrenewables Tidal Power Ltd","project_sc":"Commercial array","resource":"Tidal","sea":"Celtic Sea","seabasin":"Atlantic","service_or":"N/A","source":"Web page","source_det":"N/A","start_year":"2019","status":"N/A","technology":"Horizontal Axis Turbine","web_page":"N/A","helmlore_id":"0d92c51c-6978-5453-b87c-2736132b595a","source_observation":"a9e6211c-51bb-5178-979d-856a3d5a7dcf","source_external_id":"OE-UK46","data_source":"emodnet:oenergy","source_date":"19/09/2024 00:00","retrieved_at":"2026-10-07T22:09:31.709648+00:00","correction_status":"source_baseline"}},{"type":"Feature","id":"a368e422-8629-5006-a705-2ae957158de2","geometry":{"coordinates":[-2.72,59.22],"type":"Point"},"properties":{"coast_dist":827.0,"country":"United Kingdom","date_of_la":"19/09/2024 00:00","device":"SR2000","device_sca":"Full scale","eia":"No","eialink":"","end_year":"2019","facid":"OE-UK45","id":53,"id_1":53,"latitude":59.22,"link_to_so":"N/A","location":"Lashy Sound (between the islands of Eday and Sanday in Orkney)","longitude":-2.72,"metadata_a":"Yes","metadata_l":"https://openei.org/wiki/PRIMRE/Databases/Projects_Database/Projects/Lashy_Sound_Phase_2","name":"Lashy Sound Phase 2","notes":"https://tethys.pnnl.gov/sites/default/files/publications/LashySound-ScopingReport-2014.pdf","otherlinks":"N/A","posinfo":"Original","project_ca":"20000","project_pr":"Scotrenewables Tidal Power Ltd","project_sc":"Commercial array","resource":"Tidal","sea":"Celtic Sea","seabasin":"Atlantic","service_or":"N/A","source":"Web page","source_det":"N/A","start_year":"2018","status":"Completed","technology":"Horizontal Axis Turbine","web_page":"https://orbitalmarine.com/","helmlore_id":"a368e422-8629-5006-a705-2ae957158de2","source_observation":"710d5820-4423-5fc0-a754-e68b6a3c5a67","source_external_id":"OE-UK45","data_source":"emodnet:oenergy","source_date":"19/09/2024 00:00","retrieved_at":"2026-10-07T22:09:31.709648+00:00","correction_status":"source_baseline"}},{"type":"Feature","id":"601af08a-b385-5341-98d8-6146bf8c1128","geometry":{"coordinates":[-2.72,59.22],"type":"Point"},"properties":{"coast_dist":827.0,"country":"United Kingdom","date_of_la":"19/09/2024 00:00","device":"SR2000","device_sca":"Full scale","eia":"No","eialink":"","end_year":"2017","facid":"OE-UK44","id":53,"id_1":53,"latitude":59.22,"link_to_so":"N/A","location":"Lashy Sound (between the islands of Eday and Sanday in Orkney)","longitude":-2.72,"metadata_a":"Yes","metadata_l":"https://openei.org/wiki/PRIMRE/Databases/Projects_Database/Projects/Lashy_Sound_Phase_1","name":"Lashy Sound Phase 1","notes":"https://tethys.pnnl.gov/sites/default/files/publications/LashySound-ScopingReport-2014.pdf","otherlinks":"N/A","posinfo":"Original","project_ca":"10000","project_pr":"Scotrenewables Tidal Power Ltd","project_sc":"Demonstration array","resource":"Tidal","sea":"Celtic Sea","seabasin":"Atlantic","service_or":"N/A","source":"Web page","source_det":"N/A","start_year":"2016","status":"Completed","technology":"Horizontal Axis Turbine","web_page":"https://orbitalmarine.com/","helmlore_id":"601af08a-b385-5341-98d8-6146bf8c1128","source_observation":"86a480d6-5690-5824-9a5e-767de4a874ce","source_external_id":"OE-UK44","data_source":"emodnet:oenergy","source_date":"19/09/2024 00:00","retrieved_at":"2026-10-07T22:09:31.709648+00:00","correction_status":"source_baseline"}},{"type":"Feature","id":"6e8804ee-348f-5e2a-9c7c-a00ffc30ac8d","geometry":{"coordinates":[-0.2498,51.4834],"type":"Point"},"properties":{"coast_dist":0.0,"country":"United Kingdom","date_of_la":"27/08/2025 00:00","device":"Triton T3","device_sca":"1:10 scale","eia":"Yes","eialink":"N/A","end_year":"2010","facid":"OE-UK01","id":56,"id_1":56,"latitude":51.4834,"link_to_so":"https://openei.org/wiki/PRIMRE/Databases/Projects_Database/Devices","location":"London","longitude":-0.2498,"metadata_a":"No","metadata_l":"N/A","name":"Thames at Chiswick","notes":"","otherlinks":"N/A","posinfo":"Original","project_ca":"","project_pr":"Tidal Stream","project_sc":"N/A","resource":"Tidal","sea":"Greater North Sea","seabasin":"Greater North Sea","service_or":"Data base","source":"Web page","source_det":"Portal and Repository for Information on Marine Renewable Energy (PRIMRE)","start_year":"2010","status":"Completed","technology":"Axial Flow Turbine","web_page":"N/A","helmlore_id":"6e8804ee-348f-5e2a-9c7c-a00ffc30ac8d","source_observation":"6e6d53a0-744e-5cd5-99d2-7c1345eb88ea","source_external_id":"OE-UK01","data_source":"emodnet:oenergy","source_date":"27/08/2025 00:00","retrieved_at":"2026-10-07T22:09:31.709648+00:00","correction_status":"source_baseline"}},{"type":"Feature","id":"061fd6d1-df33-591d-aa4a-2ae09cc1074c","geometry":{"coordinates":[-3.87388,51.24937],"type":"Point"},"properties":{"coast_dist":2024.0,"country":"United Kingdom","date_of_la":"25/09/2023 00:00","device":"Pulse-Stream 100","device_sca":"Large scale prototype","eia":"N/A","eialink":"","end_year":"","facid":"OE-UK74","id":57,"id_1":57,"latitude":51.24937,"link_to_so":"N/A","location":"Lynmouth (Bristol Channel)","longitude":-3.87388,"metadata_a":"No","metadata_l":"N/A","name":"Lynmouth Pulse Stream","notes":"","otherlinks":"N/A","posinfo":"Estimated","project_ca":"","project_pr":"Pulse Tidal","project_sc":"Commercial","resource":"Tidal","sea":"Celtic Sea","seabasin":"Atlantic","service_or":"Map viewer/Shapefile","source":"Web page","source_det":"N/A","start_year":"","status":"Cancelled","technology":"Oscillating Hydrofoils","web_page":"N/A","helmlore_id":"061fd6d1-df33-591d-aa4a-2ae09cc1074c","source_observation":"54fd32f5-f529-52b7-96f6-cd315bb80711","source_external_id":"OE-UK74","data_source":"emodnet:oenergy","source_date":"25/09/2023 00:00","retrieved_at":"2026-10-07T22:09:31.709648+00:00","correction_status":"source_baseline"}},{"type":"Feature","id":"1813100d-9fd1-50de-8a1a-223f3c4019be","geometry":{"coordinates":[-3.4,57.925],"type":"Point"},"properties":{"coast_dist":22507.0,"country":"United Kingdom","date_of_la":"25/09/2023 00:00","device":"N/A","device_sca":"N/A","eia":"N/A","eialink":"","end_year":"","facid":"OE-UK06","id":61,"id_1":61,"latitude":57.925,"link_to_so":"N/A","location":"Moray Firth","longitude":-3.4,"metadata_a":"No","metadata_l":"N/A","name":"Burghead","notes":"","otherlinks":"N/A","posinfo":"Original","project_ca":"159000","project_pr":"AWS Ocean Energy\u00a0","project_sc":"N/A","resource":"Wave","sea":"Greater North Sea","seabasin":"Greater North Sea","service_or":"Map viewer","source":"Web page","source_det":"N/A","start_year":"","status":"Cancelled","technology":"N/A","web_page":"http://awsocean.com/","helmlore_id":"1813100d-9fd1-50de-8a1a-223f3c4019be","source_observation":"de462157-49c1-5ea2-9e57-1e7b55b3a807","source_external_id":"OE-UK06","data_source":"emodnet:oenergy","source_date":"25/09/2023 00:00","retrieved_at":"2026-10-07T22:09:31.709648+00:00","correction_status":"source_baseline"}},{"type":"Feature","id":"93b353db-2dd0-54ba-be96-5383ce87c56e","geometry":{"coordinates":[-4.84,54.63],"type":"Point"},"properties":{"coast_dist":1127.0,"country":"United Kingdom","date_of_la":"10/11/2023 00:00","device":"Seagen U","device_sca":"Full scale","eia":"N/A","eialink":"","end_year":"","facid":"OE-UK61","id":62,"id_1":62,"latitude":54.63,"link_to_so":"N/A","location":"Mull of Galloway","longitude":-4.84,"metadata_a":"No","metadata_l":"N/A","name":"Mull of Galloway","notes":"","otherlinks":"N/A","posinfo":"Original","project_ca":"30000","project_pr":"Atlantis Resources Ltd","project_sc":"Demonstration array","resource":"Tidal","sea":"Celtic Sea","seabasin":"Atlantic","service_or":"Map viewer/Shapefile","source":"Web page","source_det":"N/A","start_year":"2020","status":"Inactive","technology":"Horizontal Axis Turbine","web_page":"N/A","helmlore_id":"93b353db-2dd0-54ba-be96-5383ce87c56e","source_observation":"46cb32c2-b759-5d5d-babd-71f303a24741","source_external_id":"OE-UK61","data_source":"emodnet:oenergy","source_date":"10/11/2023 00:00","retrieved_at":"2026-10-07T22:09:31.709648+00:00","correction_status":"source_baseline"}},{"type":"Feature","id":"33a47022-b034-5da1-bc83-656f17fa6b00","geometry":{"coordinates":[-5.84,55.31],"type":"Point"},"properties":{"coast_dist":2306.0,"country":"United Kingdom","date_of_la":"29/09/2024 00:00","device":"CoRMaT","device_sca":"Large scale prototype","eia":"Yes","eialink":"https://tethys.pnnl.gov/sites/default/files/publications/Nautricity-EA-2013.pdf","end_year":"2012","facid":"OE-UK60","id":63,"id_1":63,"latitude":55.31,"link_to_so":"N/A","location":"Mull of Kintyre","longitude":-5.84,"metadata_a":"No","metadata_l":"N/A","name":"Argyll Tidal Demonstrator Project (Phase 1)","notes":"","otherlinks":"https://tethys.pnnl.gov/annex-iv-sites/argyll-tidal-demonstrator-project","posinfo":"Original","project_ca":"500","project_pr":"Nautricity Ltd","project_sc":"Commercial","resource":"Tidal","sea":"Celtic Sea","seabasin":"Atlantic","service_or":"N/A","source":"Web page","source_det":"N/A","start_year":"2011","status":"Completed","technology":"Horizontal Axis Turbine","web_page":"N/A","helmlore_id":"33a47022-b034-5da1-bc83-656f17fa6b00","source_observation":"a3896f01-6d58-5268-982d-31c5e4002f28","source_external_id":"OE-UK60","data_source":"emodnet:oenergy","source_date":"29/09/2024 00:00","retrieved_at":"2026-10-07T22:09:31.709648+00:00","correction_status":"source_baseline"}},{"type":"Feature","id":"6f0aa875-f02a-5a52-89cc-ed3d8eb3c6d8","geometry":{"coordinates":[-5.84,55.31],"type":"Point"},"properties":{"coast_dist":2306.0,"country":"United Kingdom","date_of_la":"19/09/2023 00:00","device":"CoRMaT","device_sca":"Full scale","eia":"N/A","eialink":"","end_year":"","facid":"OE-UK05","id":63,"id_1":63,"latitude":55.31,"link_to_so":"N/A","location":"Mull of Kintyre","longitude":-5.84,"metadata_a":"No","metadata_l":"N/A","name":"Argyll Tidal Demonstrator Project-Mull of Kintyre (Phase 2)","notes":"","otherlinks":"N/A","posinfo":"Original","project_ca":"3000","project_pr":"Nautricity Ltd","project_sc":"Demonstration array","resource":"Tidal","sea":"Celtic Sea","seabasin":"Atlantic","service_or":"Map viewer/Shapefile","source":"N/A","source_det":"N/A","start_year":"2012","status":"Completed","technology":"Horizontal Axis Turbine","web_page":"N/A","helmlore_id":"6f0aa875-f02a-5a52-89cc-ed3d8eb3c6d8","source_observation":"f23a6d3f-492a-5957-a0e3-5b8a40df00a7","source_external_id":"OE-UK05","data_source":"emodnet:oenergy","source_date":"19/09/2023 00:00","retrieved_at":"2026-10-07T22:09:31.709648+00:00","correction_status":"source_baseline"}},{"type":"Feature","id":"c9637295-d4ea-554c-9839-60d65260e318","geometry":{"coordinates":[-3.001,53.918],"type":"Point"},"properties":{"coast_dist":262.0,"country":"United Kingdom","date_of_la":"27/08/2025 00:00","device":"N/A","device_sca":"N/A","eia":"N/A","eialink":"","end_year":"","facid":"OE-UK65","id":66,"id_1":66,"latitude":53.918,"link_to_so":"https://openei.org/wiki/PRIMRE/Databases/Projects_Database/Projects/Wyre_Estuary_Tidal_Barrage","location":"Fleetwood","longitude":-3.001,"metadata_a":"Yes","metadata_l":"https://maps.esp.tl/maps/_UKRED-Marine-Map/pages/map.jsp?geoMapId=267704&TENANT_ID=115744","name":"Wyre Barrage","notes":"","otherlinks":"N/A","posinfo":"Original","project_ca":"160000","project_pr":"Wyre tidal energy","project_sc":"Commercial","resource":"Tidal","sea":"Celtic Sea","seabasin":"Atlantic","service_or":"Data base","source":"Web page","source_det":"Portal and Repository for Information on Marine Renewable Energy (PRIMRE)","start_year":"2017","status":"Cancelled","technology":"Tidal barrage","web_page":"N/A","helmlore_id":"c9637295-d4ea-554c-9839-60d65260e318","source_observation":"0bc82fd4-4616-5ef2-af07-b7abe1165ddc","source_external_id":"OE-UK65","data_source":"emodnet:oenergy","source_date":"27/08/2025 00:00","retrieved_at":"2026-10-07T22:09:31.709648+00:00","correction_status":"source_baseline"}},{"type":"Feature","id":"63d6b9ff-1f37-5f0c-b95a-469abfa01b09","geometry":{"coordinates":[-2.972,53.367],"type":"Point"},"properties":{"coast_dist":922.0,"country":"United Kingdom","date_of_la":"27/08/2025 00:00","device":"N/A","device_sca":"N/A","eia":"N/A","eialink":"","end_year":"","facid":"OE-UK66","id":67,"id_1":67,"latitude":53.367,"link_to_so":"https://www.ocean-energy-systems.org/ocean-energy/gis-map-tool/","location":"Liverpool","longitude":-2.972,"metadata_a":"Yes","metadata_l":"https://maps.esp.tl/maps/pages/map.jsp?geoMapId=267704&TENANT_ID=115744","name":"Mersey Tidal Power","notes":"https://www.liverpoolcityregion-ca.gov.uk/news/mersey-tidal-power-scheme-reaches-two-major-milestones","otherlinks":"N/A","posinfo":"Original","project_ca":"700000","project_pr":"Mersey Tidal Power","project_sc":"Commercial","resource":"Tidal","sea":"Celtic Sea","seabasin":"Atlantic","service_or":"Map viewer","source":"Web page","source_det":"IEA-OES GIS Map of Ocean Energy Installations","start_year":"2020","status":"In development","technology":"Tidal barrage","web_page":"https://www.liverpoolcityregion-ca.gov.uk/mersey-tidal-power/","helmlore_id":"63d6b9ff-1f37-5f0c-b95a-469abfa01b09","source_observation":"11b14f4e-3d68-576b-9ef0-f0f381cfe2e7","source_external_id":"OE-UK66","data_source":"emodnet:oenergy","source_date":"27/08/2025 00:00","retrieved_at":"2026-10-07T22:09:31.709648+00:00","correction_status":"source_baseline"}},{"type":"Feature","id":"68f6b971-4a21-5315-8b8f-45fabff4a6a4","geometry":{"coordinates":[-5.535,50.311],"type":"Point"},"properties":{"coast_dist":10439.0,"country":"United Kingdom","date_of_la":"27/08/2025 00:00","device":"Seabased WEC","device_sca":"Full scale","eia":"Not required","eialink":"","end_year":"","facid":"OE-UK95","id":69,"id_1":69,"latitude":50.311,"link_to_so":"https://www.emec.org.uk/marine-energy/wave-and-tidal-projects/","location":"North Cornwall","longitude":-5.535,"metadata_a":"No","metadata_l":"N/A","name":"Wave Hub Simply Blue Energy","notes":"Taking into account that the prototype was installed at Wave Hub Test Site, the key environmental issues are those corresponding to Wave Hub Test Site","otherlinks":"N/A","posinfo":"Original","project_ca":"10000","project_pr":"Simply Blue Energy Ltd","project_sc":"Commercial array","resource":"Wave","sea":"Celtic Sea","seabasin":"Atlantic","service_or":"Map viewer","source":"Web page","source_det":"EMEC Orkney","start_year":"2015","status":"Cancelled","technology":"Linear Generator","web_page":"https://simplyblueenergy.com/wave-energy/","helmlore_id":"68f6b971-4a21-5315-8b8f-45fabff4a6a4","source_observation":"930339f8-56e3-593f-8f5b-6745ed404d74","source_external_id":"OE-UK95","data_source":"emodnet:oenergy","source_date":"27/08/2025 00:00","retrieved_at":"2026-10-07T22:09:31.709648+00:00","correction_status":"source_baseline"}},{"type":"Feature","id":"7f5335bd-3173-5e44-bc12-a28e5ab339d5","geometry":{"coordinates":[-5.535,50.311],"type":"Point"},"properties":{"coast_dist":10439.0,"country":"United Kingdom","date_of_la":"10/11/2023 00:00","device":"Oceanus 2","device_sca":"Full scale","eia":"Not required","eialink":"","end_year":"","facid":"OE-UK78","id":69,"id_1":69,"latitude":50.311,"link_to_so":"N/A","location":"North Cornwall","longitude":-5.535,"metadata_a":"No","metadata_l":"N/A","name":"WaveHub Seatricity Phase 2","notes":"Taking into account that the prototype was installed at Wave Hub Test Site, the key environmental issues are those corresponding to Wave Hub Test Site","otherlinks":"N/A","posinfo":"Original","project_ca":"9735","project_pr":"Seatricity","project_sc":"Demonstration array","resource":"Wave","sea":"Celtic Sea","seabasin":"Atlantic","service_or":"Map viewer/Shapefile","source":"Web page","source_det":"N/A","start_year":"2016","status":"Inactive","technology":"Point absorber","web_page":"N/A","helmlore_id":"7f5335bd-3173-5e44-bc12-a28e5ab339d5","source_observation":"f456e9d7-63ea-592a-93ed-aafb83838768","source_external_id":"OE-UK78","data_source":"emodnet:oenergy","source_date":"10/11/2023 00:00","retrieved_at":"2026-10-07T22:09:31.709648+00:00","correction_status":"source_baseline"}},{"type":"Feature","id":"c775f3e5-e183-5a72-87a9-f96c6e5e6bf8","geometry":{"coordinates":[-5.535,50.311],"type":"Point"},"properties":{"coast_dist":10439.0,"country":"United Kingdom","date_of_la":"10/11/2023 00:00","device":"Oceanus 2","device_sca":"Prototype","eia":"Not required","eialink":"","end_year":"","facid":"OE-UK77","id":69,"id_1":69,"latitude":50.311,"link_to_so":"N/A","location":"North Cornwall","longitude":-5.535,"metadata_a":"No","metadata_l":"N/A","name":"WaveHub Seatricity Phase 1","notes":"Taking into account that the prototype was installed at Wave Hub Test Site, the key environmental issues are those corresponding to Wave Hub Test Site","otherlinks":"N/A","posinfo":"Original","project_ca":"165","project_pr":"Seatricity","project_sc":"Sea testing","resource":"Wave","sea":"Celtic Sea","seabasin":"Atlantic","service_or":"Map viewer/Shapefile","source":"Web page","source_det":"N/A","start_year":"2014","status":"Ceased operating","technology":"Point absorber","web_page":"N/A","helmlore_id":"c775f3e5-e183-5a72-87a9-f96c6e5e6bf8","source_observation":"a99de906-f938-56c9-b10b-e9795af626c9","source_external_id":"OE-UK77","data_source":"emodnet:oenergy","source_date":"10/11/2023 00:00","retrieved_at":"2026-10-07T22:09:31.709648+00:00","correction_status":"source_baseline"}},{"type":"Feature","id":"70a88dee-9be1-5671-b19f-639ab78b4ef3","geometry":{"coordinates":[-5.535,50.311],"type":"Point"},"properties":{"coast_dist":10439.0,"country":"United Kingdom","date_of_la":"27/08/2025 00:00","device":"Penguin","device_sca":"Full scale","eia":"Not required","eialink":"","end_year":"","facid":"OE-UK76","id":69,"id_1":69,"latitude":50.311,"link_to_so":"https://www.emec.org.uk/marine-energy/wave-and-tidal-projects/","location":"North Cornwall","longitude":-5.535,"metadata_a":"No","metadata_l":"N/A","name":"Wavehub Fortum","notes":"Taking into account that the prototype was installed at Wave Hub Test Site, the key environmental issues are those corresponding to Wave Hub Test Site","otherlinks":"N/A","posinfo":"Original","project_ca":"10000","project_pr":"Fortum","project_sc":"Demonstration array","resource":"Wave","sea":"Celtic Sea","seabasin":"Atlantic","service_or":"Map viewer","source":"Web page","source_det":"EMEC Orkney","start_year":"2016","status":"Completed","technology":"Rotating mass","web_page":"https://www.fortum.com/media/2014/02/fortum-partners-develop-wave-power-uk","helmlore_id":"70a88dee-9be1-5671-b19f-639ab78b4ef3","source_observation":"b4db3ad5-f908-592e-bf3d-4c37f9273003","source_external_id":"OE-UK76","data_source":"emodnet:oenergy","source_date":"27/08/2025 00:00","retrieved_at":"2026-10-07T22:09:31.709648+00:00","correction_status":"source_baseline"}},{"type":"Feature","id":"2f4e0b7a-cadd-5e7f-831a-620ef45669ea","geometry":{"coordinates":[-5.535,50.311],"type":"Point"},"properties":{"coast_dist":10439.0,"country":"United Kingdom","date_of_la":"10/11/2023 00:00","device":"Carnegie CETO6","device_sca":"Full scale","eia":"Not required","eialink":"","end_year":"","facid":"OE-UK75","id":69,"id_1":69,"latitude":50.311,"link_to_so":"N/A","location":"North Cornwall","longitude":-5.535,"metadata_a":"No","metadata_l":"N/A","name":"WaveHub CETO 6 Phase 1","notes":"Taking into account that the prototype was installed at Wave Hub Test Site, the key environmental issues are those corresponding to Wave Hub Test Site","otherlinks":"N/A","posinfo":"Original","project_ca":"1000","project_pr":"Carnegie Wave Energy Ltd","project_sc":"Demonstration array","resource":"Wave","sea":"Celtic Sea","seabasin":"Atlantic","service_or":"Map viewer","source":"Web page","source_det":"N/A","start_year":"2017","status":"Inactive","technology":"Point absorber","web_page":"https://www.carnegiece.com/portfolio/ceto-6-wave-hub-uk/","helmlore_id":"2f4e0b7a-cadd-5e7f-831a-620ef45669ea","source_observation":"7480d317-ff93-5576-8c7a-be846005d473","source_external_id":"OE-UK75","data_source":"emodnet:oenergy","source_date":"10/11/2023 00:00","retrieved_at":"2026-10-07T22:09:31.709648+00:00","correction_status":"source_baseline"}},{"type":"Feature","id":"7dd3c11d-2360-5319-ad5f-1a5195745096","geometry":{"coordinates":[-5.535,50.311],"type":"Point"},"properties":{"coast_dist":10439.0,"country":"United Kingdom","date_of_la":"10/11/2023 00:00","device":"Carnegie CETO6","device_sca":"Full scale","eia":"Not required","eialink":"","end_year":"2022","facid":"OE-UK142","id":69,"id_1":69,"latitude":50.311,"link_to_so":"N/A","location":"North Cornwall","longitude":-5.535,"metadata_a":"No","metadata_l":"N/A","name":"WaveHub CETO 6 Phase 2","notes":"Taking into account that the prototype was installed at Wave Hub Test Site, the key environmental issues are those corresponding to Wave Hub Test Site","otherlinks":"N/A","posinfo":"Original","project_ca":"1000","project_pr":"Carnegie Wave Energy Ltd","project_sc":"Demonstration array","resource":"Wave","sea":"Celtic Sea","seabasin":"Atlantic","service_or":"Map viewer","source":"Web page","source_det":"N/A","start_year":"2022","status":"Inactive","technology":"Point absorber","web_page":"https://www.carnegiece.com/portfolio/ceto-6-wave-hub-uk/","helmlore_id":"7dd3c11d-2360-5319-ad5f-1a5195745096","source_observation":"f8a047de-ee68-5e4a-8403-188bcb8df8e1","source_external_id":"OE-UK142","data_source":"emodnet:oenergy","source_date":"10/11/2023 00:00","retrieved_at":"2026-10-07T22:09:31.709648+00:00","correction_status":"source_baseline"}},{"type":"Feature","id":"0f484671-e505-5816-ae34-4aab560ae71f","geometry":{"coordinates":[-5.535,50.311],"type":"Point"},"properties":{"coast_dist":10439.0,"country":"United Kingdom","date_of_la":"10/11/2023 00:00","device":"N/A","device_sca":"Full scale","eia":"Not required","eialink":"","end_year":"","facid":"OE-UK121","id":69,"id_1":69,"latitude":50.311,"link_to_so":"N/A","location":"North Cornwall","longitude":-5.535,"metadata_a":"No","metadata_l":"N/A","name":"WaveHub Gwave","notes":"Taking into account that the prototype was installed at Wave Hub Test Site, the key environmental issues are those corresponding to Wave Hub Test Site","otherlinks":"N/A","posinfo":"Original","project_ca":"9000","project_pr":"Gwave LLc","project_sc":"Commercial array","resource":"Wave","sea":"Celtic Sea","seabasin":"Atlantic","service_or":"Map viewer/Shapefile","source":"Web page","source_det":"N/A","start_year":"2020","status":"Inactive","technology":"N/A","web_page":"N/A","helmlore_id":"0f484671-e505-5816-ae34-4aab560ae71f","source_observation":"3b7213db-0ddc-5ac1-a9f2-e35ca79b6bb1","source_external_id":"OE-UK121","data_source":"emodnet:oenergy","source_date":"10/11/2023 00:00","retrieved_at":"2026-10-07T22:09:31.709648+00:00","correction_status":"source_baseline"}},{"type":"Feature","id":"6cff940f-8b7d-53ed-befb-d748bd3bd263","geometry":{"coordinates":[-6.47,58.42],"type":"Point"},"properties":{"coast_dist":565.0,"country":"United Kingdom","date_of_la":"27/08/2025 00:00","device":"Oyster 800","device_sca":"Full scale","eia":"Yes","eialink":"N/A","end_year":"2015","facid":"OE-UK57","id":71,"id_1":71,"latitude":58.42,"link_to_so":"https://openei.org/wiki/PRIMRE/Databases/Projects_Database/Projects/North_West_Lewis; https://tethys.pnnl.gov/project-sites/north-west-lewis-wave-array","location":"North-West Lewis","longitude":-6.47,"metadata_a":"Yes","metadata_l":"https://maps.esp.tl/maps/_UKRED-Marine-Map/pages/map.jsp?geoMapId=267704&TENANT_ID=115744","name":"North West Lewis","notes":"","otherlinks":"N/A","posinfo":"Original","project_ca":"40000","project_pr":"Aquamarine power","project_sc":"Demonstration array","resource":"Wave","sea":"Celtic Sea","seabasin":"Atlantic","service_or":"Data base","source":"Web page","source_det":"Portal and Repository for Information on Marine Renewable Energy (PRIMRE); Tethys Database","start_year":"2013","status":"Cancelled","technology":"Oscillating Wave Surge Converter","web_page":"N/A","helmlore_id":"6cff940f-8b7d-53ed-befb-d748bd3bd263","source_observation":"2d6d3c32-76f8-5e3a-8fac-8605b19324dc","source_external_id":"OE-UK57","data_source":"emodnet:oenergy","source_date":"27/08/2025 00:00","retrieved_at":"2026-10-07T22:09:31.709648+00:00","correction_status":"source_baseline"}},{"type":"Feature","id":"52e30997-c34d-576b-b3c9-f09a60e4cb2f","geometry":{"coordinates":[-5.233,51.697],"type":"Point"},"properties":{"coast_dist":2307.0,"country":"United Kingdom","date_of_la":"27/08/2025 00:00","device":"WaveDragon","device_sca":"Full scale","eia":"Yes","eialink":"https://tethys.pnnl.gov/project-sites/wave-dragon-pre-commercial-demonstration-project#key-environmental-issues","end_year":"","facid":"OE-UK70","id":77,"id_1":77,"latitude":51.697,"link_to_so":"https://tethys.pnnl.gov/project-sites/wave-dragon-pre-commercial-demonstration-project","location":"Long Point (Pembrokeshire Coast)","longitude":-5.233,"metadata_a":"No","metadata_l":"N/A","name":"Wave Dragon Pre-Commercial Demonstration Project","notes":"","otherlinks":"N/A","posinfo":"Original","project_ca":"7000","project_pr":"Wave Dragon Wales Ltd","project_sc":"Pre-commercial","resource":"Wave","sea":"Celtic Sea","seabasin":"Atlantic","service_or":"Data base","source":"Web page","source_det":"TETHYS Database","start_year":"","status":"Cancelled","technology":"Hydro Turbine","web_page":"http://www.wavedragon.net/index.php","helmlore_id":"52e30997-c34d-576b-b3c9-f09a60e4cb2f","source_observation":"5699866c-bc36-5fe5-a038-e5e05acd98c6","source_external_id":"OE-UK70","data_source":"emodnet:oenergy","source_date":"27/08/2025 00:00","retrieved_at":"2026-10-07T22:09:31.709648+00:00","correction_status":"source_baseline"}},{"type":"Feature","id":"c74d810e-e9bb-58db-a927-5398c31258bf","geometry":{"coordinates":[-5.73455,50.1384],"type":"Point"},"properties":{"coast_dist":2067.0,"country":"United Kingdom","date_of_la":"10/11/2023 00:00","device":"Oceanus 2","device_sca":"Full scale","eia":"N/A","eialink":"","end_year":"","facid":"OE-UK79","id":78,"id_1":78,"latitude":50.1384,"link_to_so":"N/A","location":"Pendeen","longitude":-5.73455,"metadata_a":"No","metadata_l":"N/A","name":"Pendeen Array (Oceanus 2)","notes":"","otherlinks":"N/A","posinfo":"Estimated","project_ca":"30000","project_pr":"Pendeen Consortium","project_sc":"Sea testing","resource":"Wave","sea":"Celtic Sea","seabasin":"Atlantic","service_or":"Map viewer","source":"Web page","source_det":"N/A","start_year":"2017","status":"N/A","technology":"Point absorber","web_page":"N/A","helmlore_id":"c74d810e-e9bb-58db-a927-5398c31258bf","source_observation":"94ab675a-6657-5573-b4d6-115991d48424","source_external_id":"OE-UK79","data_source":"emodnet:oenergy","source_date":"10/11/2023 00:00","retrieved_at":"2026-10-07T22:09:31.709648+00:00","correction_status":"source_baseline"}},{"type":"Feature","id":"f72d675d-5aa1-58b5-9609-baa3ba7bdc3c","geometry":{"coordinates":[-3.13,58.66],"type":"Point"},"properties":{"coast_dist":821.0,"country":"United Kingdom","date_of_la":"27/08/2025 00:00","device":"AR1500","device_sca":"Full scale","eia":"N/A","eialink":"","end_year":"","facid":"OE-UK10","id":80,"id_1":80,"latitude":58.66,"link_to_so":"http://www.emec.org.uk/marine-energy/wave-and-tidal-projects/; https://opendata-thecrownestate.opendata.arcgis.com/","location":"Inner Sound of the Pentland Firth","longitude":-3.13,"metadata_a":"Yes","metadata_l":"https://maps.esp.tl/maps/_UKRED-Marine-Map/pages/map.jsp?geoMapId=267704&TENANT_ID=115744","name":"Meygen Pentland Phase 2 & 3","notes":"","otherlinks":"https://tethys.pnnl.gov/project-sites/meygen-tidal-energy-project","posinfo":"Original","project_ca":"312000","project_pr":"SAE Renewables (SAE)","project_sc":"Commercial array","resource":"Tidal","sea":"Greater North Sea","seabasin":"Greater North Sea","service_or":"Map viewer/Shapefile","source":"Web page","source_det":"EMEC Orkney; The Crown Estate","start_year":"2021","status":"Operational","technology":"Horizontal Axis Turbine","web_page":"https://ampeak.energy/tidal-stream/meygen/","helmlore_id":"f72d675d-5aa1-58b5-9609-baa3ba7bdc3c","source_observation":"da0346ab-6fa7-5f9b-9564-ccc69c1b4b91","source_external_id":"OE-UK10","data_source":"emodnet:oenergy","source_date":"27/08/2025 00:00","retrieved_at":"2026-10-07T22:09:31.709648+00:00","correction_status":"source_baseline"}},{"type":"Feature","id":"884e75bb-ae92-5e25-ba15-20e16ee5aae7","geometry":{"coordinates":[-3.13,58.66],"type":"Point"},"properties":{"coast_dist":821.0,"country":"United Kingdom","date_of_la":"27/08/2025 00:00","device":"AR1500","device_sca":"Full scale","eia":"N/A","eialink":"","end_year":"","facid":"OE-UK09","id":80,"id_1":80,"latitude":58.66,"link_to_so":"http://www.emec.org.uk/marine-energy/wave-and-tidal-projects/; https://opendata-thecrownestate.opendata.arcgis.com/","location":"Inner Sound of the Pentland Firth","longitude":-3.13,"metadata_a":"No","metadata_l":"N/A","name":"Meygen Tidal Energy Project Phase 1","notes":"","otherlinks":"https://tethys.pnnl.gov/project-sites/meygen-tidal-energy-project","posinfo":"Original","project_ca":"252000","project_pr":"SAE Renewables (SAE)","project_sc":"Commercial array","resource":"Tidal","sea":"Greater North Sea","seabasin":"Greater North Sea","service_or":"Map viewer/Shapefile","source":"Web page","source_det":"EMEC Orkney; The Crown Estate","start_year":"2021","status":"Operational","technology":"Horizontal Axis Turbine","web_page":"https://ampeak.energy/tidal-stream/meygen/","helmlore_id":"884e75bb-ae92-5e25-ba15-20e16ee5aae7","source_observation":"c8d4102f-0a06-57e2-a76f-1ca7f63aa327","source_external_id":"OE-UK09","data_source":"emodnet:oenergy","source_date":"27/08/2025 00:00","retrieved_at":"2026-10-07T22:09:31.709648+00:00","correction_status":"source_baseline"}},{"type":"Feature","id":"ef2fb4f2-de88-59c9-ba8a-3e7ef9c93f98","geometry":{"coordinates":[-3.13,58.66],"type":"Point"},"properties":{"coast_dist":821.0,"country":"United Kingdom","date_of_la":"27/08/2025 00:00","device":"Seagen S","device_sca":"Full scale","eia":"N/A","eialink":"","end_year":"","facid":"OE-UK08","id":80,"id_1":80,"latitude":58.66,"link_to_so":"https://opendata-thecrownestate.opendata.arcgis.com/","location":"Inner Sound of the Pentland Firth","longitude":-3.13,"metadata_a":"Yes","metadata_l":"https://maps.espatial.com/maps/_UKRED-Marine-Map/pages/map.jsp?geoMapId=267704&TENANT_ID=115744","name":"Meygen Pentland Firth Phase 1b","notes":"","otherlinks":"https://tethys.pnnl.gov/project-sites/meygen-tidal-energy-project-phase-i","posinfo":"Original","project_ca":"80000","project_pr":"Simec Atlantis Energy","project_sc":"Commercial array","resource":"Tidal","sea":"Greater North Sea","seabasin":"Greater North Sea","service_or":"Map viewer/Shapefile","source":"Web page","source_det":"The Crown Estate","start_year":"2020","status":"Cancelled","technology":"Horizontal Axis Turbine","web_page":"N/A","helmlore_id":"ef2fb4f2-de88-59c9-ba8a-3e7ef9c93f98","source_observation":"3e9bb89d-758e-56a3-967a-6ee074ad85ab","source_external_id":"OE-UK08","data_source":"emodnet:oenergy","source_date":"27/08/2025 00:00","retrieved_at":"2026-10-07T22:09:31.709648+00:00","correction_status":"source_baseline"}},{"type":"Feature","id":"690aa40f-5af8-5790-9eb4-edcaf4b97d16","geometry":{"coordinates":[-3.13,58.66],"type":"Point"},"properties":{"coast_dist":821.0,"country":"United Kingdom","date_of_la":"27/08/2025 00:00","device":"HS1000/AR1000","device_sca":"Full scale","eia":"Yes","eialink":"https://tethys.pnnl.gov/publications/meygen-tidal-energy-project-phase-1-environmental-statement; https://tethys.pnnl.gov/publications/meygen-tidal-energy-project-phase-1-project-environmental-monitoring-programme","end_year":"","facid":"OE-UK07","id":80,"id_1":80,"latitude":58.66,"link_to_so":"http://www.emec.org.uk/marine-energy/wave-and-tidal-projects/; https://opendata-thecrownestate.opendata.arcgis.com/","location":"Inner Sound of the Pentland Firth","longitude":-3.13,"metadata_a":"No","metadata_l":"N/A","name":"Meygen Pentland Firth Phase 1a","notes":"","otherlinks":"https://tethys.pnnl.gov/annex-iv-sites/meygen-tidal-energy-project-phase-i","posinfo":"Original","project_ca":"6000","project_pr":"Simec Atlantis Energy","project_sc":"Demonstration array","resource":"Tidal","sea":"Greater North Sea","seabasin":"Greater North Sea","service_or":"Map viewer/Shapefile","source":"Web page","source_det":"EMEC Orkney; The Crown Estate","start_year":"2016","status":"Operational","technology":"Horizontal Axis Turbine","web_page":"https://ampeak.energy/tidal-stream/meygen/","helmlore_id":"690aa40f-5af8-5790-9eb4-edcaf4b97d16","source_observation":"f380f558-13e4-5896-9a46-9ff23e744244","source_external_id":"OE-UK07","data_source":"emodnet:oenergy","source_date":"27/08/2025 00:00","retrieved_at":"2026-10-07T22:09:31.709648+00:00","correction_status":"source_baseline"}},{"type":"Feature","id":"7d812da0-d5d2-5730-b288-146bade8cfbe","geometry":{"coordinates":[-5.34299,51.8702],"type":"Point"},"properties":{"coast_dist":84.0,"country":"United Kingdom","date_of_la":"10/11/2023 00:00","device":"DeltaStream","device_sca":"Large scale prototype","eia":"Yes","eialink":"N/A","end_year":"2016","facid":"OE-UK69","id":83,"id_1":83,"latitude":51.8702,"link_to_so":"N/A","location":"Ramsey Sound (Pembrokeshire)","longitude":-5.34299,"metadata_a":"No","metadata_l":"N/A","name":"Ramsey Sound","notes":"","otherlinks":"N/A","posinfo":"Original","project_ca":"400","project_pr":"Tidal Energy Ltd","project_sc":"Pre-commercial","resource":"Tidal","sea":"Celtic Sea","seabasin":"Atlantic","service_or":"Map viewer/Shapefile","source":"Web page","source_det":"N/A","start_year":"2015","status":"Inactive","technology":"Horizontal Axis Turbine","web_page":"N/A","helmlore_id":"7d812da0-d5d2-5730-b288-146bade8cfbe","source_observation":"f9234bdc-64e0-513e-8d00-b54479c55b30","source_external_id":"OE-UK69","data_source":"emodnet:oenergy","source_date":"10/11/2023 00:00","retrieved_at":"2026-10-07T22:09:31.709648+00:00","correction_status":"source_baseline"}},{"type":"Feature","id":"28c00d44-6acf-5739-b3dc-62848017e3eb","geometry":{"coordinates":[-5.34299,51.8702],"type":"Point"},"properties":{"coast_dist":84.0,"country":"United Kingdom","date_of_la":"27/08/2025 00:00","device":"N/A","device_sca":"N/A","eia":"N/A","eialink":"N/A","end_year":"","facid":"OE-UK143","id":83,"id_1":83,"latitude":51.8702,"link_to_so":"https://opendata-thecrownestate.opendata.arcgis.com/datasets/thecrownestate::tidal-stream-site-agreements-england-wales-ni-the-crown-estate/explore?location=52.447569%2C-3.403240%2C7.78&showTable=true","location":"Ramsey Sound (Pembrokeshire)","longitude":-5.34299,"metadata_a":"Yes","metadata_l":"https://opendata-thecrownestate.opendata.arcgis.com/datasets/thecrownestate::tidal-stream-site-agreements-england-wales-ni-the-crown-estate/explore?location=52.447569%2C-3.403240%2C7.78&showTable=true","name":"Ramsey Sound Regeneration Project- Tiger Project","notes":"The Ramsey Sound Regeneration Project is a partner in the\u00a0Interreg TIGER Project: https://www.ocean-energy-systems.org/publications/oes-annual-reports/document/oes-annual-report-2023/","otherlinks":"https://interregtiger.com/","posinfo":"Original","project_ca":"1000","project_pr":"Cambrian Offshore Ltd","project_sc":"N/A","resource":"Tidal","sea":"Celtic Sea","seabasin":"Atlantic","service_or":"Map viewer/Shapefile","source":"Web page","source_det":"The Crown Estate","start_year":"2019","status":"Decommissioned","technology":"N/A","web_page":"https://cambrian-offshore.com/","helmlore_id":"28c00d44-6acf-5739-b3dc-62848017e3eb","source_observation":"daa7a02a-346a-54cb-aade-69471ce8f737","source_external_id":"OE-UK143","data_source":"emodnet:oenergy","source_date":"27/08/2025 00:00","retrieved_at":"2026-10-07T22:09:31.709648+00:00","correction_status":"source_baseline"}},{"type":"Feature","id":"9340c95c-23bf-59c5-b01f-a1f64fe30d36","geometry":{"coordinates":[-5.6,55.33],"type":"Point"},"properties":{"coast_dist":0.0,"country":"United Kingdom","date_of_la":"10/11/2023 00:00","device":"Evopod E35-01","device_sca":"1:4 scale","eia":"Yes","eialink":"https://tethys.pnnl.gov/annex-iv-sites/ocean-flow-energy-sanda-sound","end_year":"2017","facid":"OE-UK56","id":86,"id_1":86,"latitude":55.33,"link_to_so":"N/A","location":"Sanda Sound","longitude":-5.6,"metadata_a":"No","metadata_l":"N/A","name":"Sanda Sound","notes":"","otherlinks":"N/A","posinfo":"Original","project_ca":"100","project_pr":"Oceanflow Development Ltd","project_sc":"Sea testing","resource":"Tidal","sea":"Celtic Sea","seabasin":"Atlantic","service_or":"Map viewer/Shapefile","source":"Web page","source_det":"N/A","start_year":"2014","status":"Ceased operating","technology":"Horizontal Axis Turbine","web_page":"http://www.oceanflowenergy.com/project-details2.html","helmlore_id":"9340c95c-23bf-59c5-b01f-a1f64fe30d36","source_observation":"4673b135-7fcd-54ca-a357-173211ec8afd","source_external_id":"OE-UK56","data_source":"emodnet:oenergy","source_date":"10/11/2023 00:00","retrieved_at":"2026-10-07T22:09:31.709648+00:00","correction_status":"source_baseline"}},{"type":"Feature","id":"82ffbfff-fd99-52a6-aafa-746be029d290","geometry":{"coordinates":[-3.84,51.372],"type":"Point"},"properties":{"coast_dist":14464.0,"country":"United Kingdom","date_of_la":"27/08/2025 00:00","device":"N/A","device_sca":"N/A","eia":"N/A","eialink":"","end_year":"","facid":"OE-UK73","id":89,"id_1":89,"latitude":51.372,"link_to_so":"https://www.ocean-energy-systems.org/ocean-energy/gis-map-tool/","location":"Severn Estuary (Bristol Channel)","longitude":-3.84,"metadata_a":"No","metadata_l":"N/A","name":"Severn Barrage","notes":"","otherlinks":"N/A","posinfo":"Original","project_ca":"8560000","project_pr":"REUK - Renewable Energy UK","project_sc":"Commercial","resource":"Tidal","sea":"Celtic Sea","seabasin":"Atlantic","service_or":"Map viewer","source":"Web page","source_det":"IEA-OES GIS Map of Ocean Energy Installations","start_year":"","status":"Early concept","technology":"Tidal barrage","web_page":"http://www.reuk.co.uk/Severn-Barrage-Tidal-Power.htm","helmlore_id":"82ffbfff-fd99-52a6-aafa-746be029d290","source_observation":"8afe1494-a107-5227-9b86-92770bf6d255","source_external_id":"OE-UK73","data_source":"emodnet:oenergy","source_date":"27/08/2025 00:00","retrieved_at":"2026-10-07T22:09:31.709648+00:00","correction_status":"source_baseline"}},{"type":"Feature","id":"2f53c032-5a2e-5db7-96d7-e95e81391d13","geometry":{"coordinates":[-8.942962,52.678324],"type":"Point"},"properties":{"coast_dist":956.0,"country":"Ireland","date_of_la":"17/07/2025 00:00","device":"Mc Cabe Wave Pump","device_sca":"N/A","eia":"N/A","eialink":"","end_year":"1996","facid":"OE-IE04","id":90,"id_1":90,"latitude":52.678324,"link_to_so":"https://marendata.eu","location":"Shannon estuary","longitude":-8.942962,"metadata_a":"No","metadata_l":"N/A","name":"Mc Cabe Wave Pump","notes":"","otherlinks":"N/A","posinfo":"Estimated","project_ca":"","project_pr":"Hydam Technology","project_sc":"Sea testing","resource":"Wave","sea":"Celtic Sea","seabasin":"Atlantic","service_or":"Map viewer","source":"Web page","source_det":"MARENDATA","start_year":"1996","status":"Completed","technology":"Hydraulic Pump","web_page":"N/A","helmlore_id":"2f53c032-5a2e-5db7-96d7-e95e81391d13","source_observation":"c2d95f12-c518-500b-a044-ced0019bc15f","source_external_id":"OE-IE04","data_source":"emodnet:oenergy","source_date":"17/07/2025 00:00","retrieved_at":"2026-10-07T22:09:31.709648+00:00","correction_status":"source_baseline"}},{"type":"Feature","id":"22408bec-ab79-5fef-a744-90c3e739d3e2","geometry":{"coordinates":[-2.875706,58.996495],"type":"Point"},"properties":{"coast_dist":858.0,"country":"United Kingdom","date_of_la":"10/11/2023 00:00","device":"CoRMat","device_sca":"Large scale prototype","eia":"Yes","eialink":"http://www.emec.org.uk/facilities/scale-test-sites/","end_year":"2014","facid":"OE-UK52","id":91,"id_1":91,"latitude":58.996495,"link_to_so":"N/A","location":"Shapinsay Sound","longitude":-2.875706,"metadata_a":"No","metadata_l":"N/A","name":"EMEC Nautricity Phase 1","notes":"","otherlinks":"N/A","posinfo":"Original","project_ca":"500","project_pr":"Nautricity Ltd","project_sc":"Sea testing","resource":"Tidal","sea":"Greater North Sea","seabasin":"Greater North Sea","service_or":"Map viewer/Shapefile","source":"Web page","source_det":"N/A","start_year":"2014","status":"Ceased operating","technology":"Horizontal Axis Turbine","web_page":"N/A","helmlore_id":"22408bec-ab79-5fef-a744-90c3e739d3e2","source_observation":"119bf142-cf1b-5d6d-874e-dff3aab1cd38","source_external_id":"OE-UK52","data_source":"emodnet:oenergy","source_date":"10/11/2023 00:00","retrieved_at":"2026-10-07T22:09:31.709648+00:00","correction_status":"source_baseline"}},{"type":"Feature","id":"9db376c9-0022-5eff-8441-e6014a355118","geometry":{"coordinates":[-2.875706,58.996495],"type":"Point"},"properties":{"coast_dist":858.0,"country":"United Kingdom","date_of_la":"27/08/2025 00:00","device":"AQ Series","device_sca":"N/A","eia":"Yes","eialink":"http://www.emec.org.uk/facilities/scale-test-sites/","end_year":"","facid":"OE-UK158","id":91,"id_1":91,"latitude":58.996495,"link_to_so":"https://www.emec.org.uk/press-release-aquantis-signs-up-to-emec-tidal-demo/","location":"Shapinsay Sound","longitude":-2.875706,"metadata_a":"No","metadata_l":"N/A","name":"EMEC Aquantis","notes":"","otherlinks":"N/A","posinfo":"Original","project_ca":"","project_pr":"Aquantis, Inc","project_sc":"Sea testing","resource":"Tidal","sea":"Greater North Sea","seabasin":"Greater North Sea","service_or":"Web page","source":"Web page","source_det":"EMEC Orkney","start_year":"2023","status":"Completed","technology":"Floating system","web_page":"http://www.aquantistech.com/","helmlore_id":"9db376c9-0022-5eff-8441-e6014a355118","source_observation":"d8db8090-a2c3-5877-a3da-1c3cf9d192da","source_external_id":"OE-UK158","data_source":"emodnet:oenergy","source_date":"27/08/2025 00:00","retrieved_at":"2026-10-07T22:09:31.709648+00:00","correction_status":"source_baseline"}},{"type":"Feature","id":"e1275aaf-3f27-5f2e-a3a0-c5174df2c00b","geometry":{"coordinates":[-2.875706,58.996495],"type":"Point"},"properties":{"coast_dist":858.0,"country":"United Kingdom","date_of_la":"10/11/2023 00:00","device":"ATIR","device_sca":"1:10 scale","eia":"Yes","eialink":"http://www.emec.org.uk/facilities/scale-test-sites/","end_year":"2014","facid":"OE-UK105","id":91,"id_1":91,"latitude":58.996495,"link_to_so":"N/A","location":"Shapinsay Sound","longitude":-2.875706,"metadata_a":"No","metadata_l":"N/A","name":"EMEC Magallanes","notes":"","otherlinks":"N/A","posinfo":"Original","project_ca":"2000","project_pr":"Magallanes Renovables, S.L.","project_sc":"Sea testing","resource":"Tidal","sea":"Greater North Sea","seabasin":"Greater North Sea","service_or":"Map viewer","source":"Web page","source_det":"N/A","start_year":"2014","status":"Ceased operating","technology":"Horizontal Axis Turbine","web_page":"N/A","helmlore_id":"e1275aaf-3f27-5f2e-a3a0-c5174df2c00b","source_observation":"c6337d9d-4c5a-50ba-9900-8309ca636d0e","source_external_id":"OE-UK105","data_source":"emodnet:oenergy","source_date":"10/11/2023 00:00","retrieved_at":"2026-10-07T22:09:31.709648+00:00","correction_status":"source_baseline"}},{"type":"Feature","id":"bdc198b7-4245-58b6-8c1e-ee1d9d46a78b","geometry":{"coordinates":[-2.875706,58.996495],"type":"Point"},"properties":{"coast_dist":858.0,"country":"United Kingdom","date_of_la":"10/11/2023 00:00","device":"Flumill","device_sca":"Large scale prototype","eia":"Yes","eialink":"http://www.emec.org.uk/facilities/scale-test-sites/","end_year":"2012","facid":"OE-UK100","id":91,"id_1":91,"latitude":58.996495,"link_to_so":"N/A","location":"Shapinsay Sound","longitude":-2.875706,"metadata_a":"No","metadata_l":"N/A","name":"EMEC Flumill","notes":"","otherlinks":"N/A","posinfo":"Original","project_ca":"","project_pr":"Flumill AS","project_sc":"Sea testing","resource":"Tidal","sea":"Greater North Sea","seabasin":"Greater North Sea","service_or":"Map viewer/Shapefile","source":"Web page","source_det":"N/A","start_year":"2011","status":"Ceased operating","technology":"Archimedes Screw","web_page":"N/A","helmlore_id":"bdc198b7-4245-58b6-8c1e-ee1d9d46a78b","source_observation":"dcf5004f-9b4b-5661-93be-e7a1639963a4","source_external_id":"OE-UK100","data_source":"emodnet:oenergy","source_date":"10/11/2023 00:00","retrieved_at":"2026-10-07T22:09:31.709648+00:00","correction_status":"source_baseline"}},{"type":"Feature","id":"65559572-76b8-5c53-9b48-3d6ebf255801","geometry":{"coordinates":[-1.2659,60.5303],"type":"Point"},"properties":{"coast_dist":1549.0,"country":"United Kingdom","date_of_la":"27/08/2025 00:00","device":"Stingray","device_sca":"Prototype","eia":"N/A","eialink":"","end_year":"2003","facid":"OE-UK48","id":92,"id_1":92,"latitude":60.5303,"link_to_so":"http://tethys.pnnl.gov/annex-iv-sites/yell-sound","location":"Yell Sound (Shetland)","longitude":-1.2659,"metadata_a":"Yes","metadata_l":"https://maps.espatial.com/maps/_UKRED-Marine-Map/pages/map.jsp?geoMapId=267704&TENANT_ID=115744","name":"Stingray project-Phase 2","notes":"","otherlinks":"N/A","posinfo":"Original","project_ca":"150","project_pr":"The Engineering Business Ltd","project_sc":"Sea testing","resource":"Tidal","sea":"Celtic Sea","seabasin":"Atlantic","service_or":"Data base","source":"Web page","source_det":"TETHYS Database","start_year":"2002","status":"Completed","technology":"Hydroplane Wing","web_page":"N/A","helmlore_id":"65559572-76b8-5c53-9b48-3d6ebf255801","source_observation":"b0e1a573-0ac3-598f-a22b-ea391388721f","source_external_id":"OE-UK48","data_source":"emodnet:oenergy","source_date":"27/08/2025 00:00","retrieved_at":"2026-10-07T22:09:31.709648+00:00","correction_status":"source_baseline"}},{"type":"Feature","id":"154c296d-a91f-5f9b-b2b8-8368643cc6f9","geometry":{"coordinates":[-3.237,54.96],"type":"Point"},"properties":{"coast_dist":996.0,"country":"United Kingdom","date_of_la":"13/11/2023 00:00","device":"N/A","device_sca":"N/A","eia":"N/A","eialink":"","end_year":"","facid":"OE-UK64","id":94,"id_1":94,"latitude":54.96,"link_to_so":"N/A","location":"Solway Firth","longitude":-3.237,"metadata_a":"No","metadata_l":"N/A","name":"Solway Firth-Venturi Enhanced Turbine Technology (VETT)","notes":"","otherlinks":"N/A","posinfo":"Original","project_ca":"200000","project_pr":"Solway Energy Gateway Ltd","project_sc":"Commercial","resource":"Tidal","sea":"Celtic Sea","seabasin":"Atlantic","service_or":"Map viewer","source":"Web page","source_det":"N/A","start_year":"2020","status":"Cancelled","technology":"Venturi Enhanced Turbine","web_page":"http://www.solwayenergygateway.co.uk/","helmlore_id":"154c296d-a91f-5f9b-b2b8-8368643cc6f9","source_observation":"6f27d7ff-296c-556c-9d63-6f1a83950a5f","source_external_id":"OE-UK64","data_source":"emodnet:oenergy","source_date":"13/11/2023 00:00","retrieved_at":"2026-10-07T22:09:31.709648+00:00","correction_status":"source_baseline"}},{"type":"Feature","id":"0e213701-8a76-5733-9cc6-fc2797420535","geometry":{"coordinates":[-6.1,55.84],"type":"Point"},"properties":{"coast_dist":138.0,"country":"United Kingdom","date_of_la":"13/11/2023 00:00","device":"HS1000","device_sca":"Full scale","eia":"Yes","eialink":"https://www.scottishpowerrenewables.com/userfiles/file/Sound%20of%20Isaly%20Demonstration%20Tidal%20Array%20Cable%20Route%20Environmental%20Report_May%202013.pdf","end_year":"2042","facid":"OE-UK54","id":96,"id_1":96,"latitude":55.84,"link_to_so":"N/A","location":"Sound of Islay","longitude":-6.1,"metadata_a":"No","metadata_l":"N/A","name":"Sound of Islay Tidal Energy Project","notes":"Atlantis purchased the site from Scottish Power Renewables in 2016. The Project has full consent, grid connection and an agreement for lease from the Crown Estate","otherlinks":"N/A","posinfo":"Original","project_ca":"10000","project_pr":"SIMEC Atlantis","project_sc":"Demonstration array","resource":"Tidal","sea":"Celtic Sea","seabasin":"Atlantic","service_or":"Map viewer","source":"Web page","source_det":"N/A","start_year":"2011","status":"Inactive","technology":"Horizontal Axis Turbine","web_page":"N/A","helmlore_id":"0e213701-8a76-5733-9cc6-fc2797420535","source_observation":"e5cbd684-0701-5ea1-b5ac-1b0894e3f81d","source_external_id":"OE-UK54","data_source":"emodnet:oenergy","source_date":"13/11/2023 00:00","retrieved_at":"2026-10-07T22:09:31.709648+00:00","correction_status":"source_baseline"}},{"type":"Feature","id":"a51980bb-bb68-58dd-9b1f-67370b8d2045","geometry":{"coordinates":[-6.1,55.84],"type":"Point"},"properties":{"coast_dist":138.0,"country":"United Kingdom","date_of_la":"27/08/2025 00:00","device":"","device_sca":"Full scale","eia":"","eialink":"","end_year":"","facid":"OE-UK164","id":96,"id_1":96,"latitude":55.84,"link_to_so":"https://maps.espatial.com/maps/pages/map.jsp?geoMapId=267704&TENANT_ID=115744","location":"Sound of Islay","longitude":-6.1,"metadata_a":"No","metadata_l":"N/A","name":"Sound of Islay - QED Navel","notes":"","otherlinks":"N/A","posinfo":"Original","project_ca":"10000","project_pr":"QED Naval Limited","project_sc":"Commercial","resource":"Tidal","sea":"Celtic Sea","seabasin":"Atlantic","service_or":"Map viewer","source":"Web page","source_det":"","start_year":"2021","status":"Consented","technology":"","web_page":"https://qednaval.co.uk/projects/#islay","helmlore_id":"a51980bb-bb68-58dd-9b1f-67370b8d2045","source_observation":"7dee1576-294d-59ea-9a31-79e317d13071","source_external_id":"OE-UK164","data_source":"emodnet:oenergy","source_date":"27/08/2025 00:00","retrieved_at":"2026-10-07T22:09:31.709648+00:00","correction_status":"source_baseline"}},{"type":"Feature","id":"69e578c0-0a2c-5637-a750-96e79363591f","geometry":{"coordinates":[-3.26,58.76],"type":"Point"},"properties":{"coast_dist":2011.0,"country":"United Kingdom","date_of_la":"24/09/2024 00:00","device":"Open-Centre Turbine","device_sca":"Full scale","eia":"Yes","eialink":"http://marine.gov.scot/datafiles/lot/Brims_Tidal/Environmental_Statement/","end_year":"","facid":"OE-UK18","id":97,"id_1":97,"latitude":58.76,"link_to_so":"N/A","location":"South of Hoy (Orkney)","longitude":-3.26,"metadata_a":"Yes","metadata_l":"https://maps.espatial.com/maps/_UKRED-Marine-Map/pages/map.jsp?geoMapId=267704&TENANT_ID=115744","name":"Brims Tidal Array (phase 2)","notes":"","otherlinks":"N/A","posinfo":"Original","project_ca":"200000","project_pr":"SSE Renewables and OpenHydro Site Development Ltd","project_sc":"Commercial array","resource":"Tidal","sea":"Greater North Sea","seabasin":"Greater North Sea","service_or":"N/A","source":"Web page","source_det":"N/A","start_year":"2023","status":"Ceased operating","technology":"Horizontal Axis Turbine","web_page":"N/A","helmlore_id":"69e578c0-0a2c-5637-a750-96e79363591f","source_observation":"578966ba-36d7-554c-9419-f82a9683eb3b","source_external_id":"OE-UK18","data_source":"emodnet:oenergy","source_date":"24/09/2024 00:00","retrieved_at":"2026-10-07T22:09:31.709648+00:00","correction_status":"source_baseline"}},{"type":"Feature","id":"9305e047-76fd-5bb8-ab90-ef13dda6c941","geometry":{"coordinates":[-3.26,58.76],"type":"Point"},"properties":{"coast_dist":2011.0,"country":"United Kingdom","date_of_la":"24/09/2024 00:00","device":"Open-Centre Turbine","device_sca":"Full scale","eia":"Yes","eialink":"http://marine.gov.scot/datafiles/lot/Brims_Tidal/Environmental_Statement/","end_year":"","facid":"OE-UK17","id":97,"id_1":97,"latitude":58.76,"link_to_so":"N/A","location":"South of Hoy (Orkney)","longitude":-3.26,"metadata_a":"Yes","metadata_l":"https://maps.espatial.com/maps/_UKRED-Marine-Map/pages/map.jsp?geoMapId=267704&TENANT_ID=115744","name":"Brims Tidal Array (phase 1)","notes":"","otherlinks":"N/A","posinfo":"Original","project_ca":"60000","project_pr":"SSE Renewables and OpenHydro Site Development Ltd","project_sc":"Commercial array","resource":"Tidal","sea":"Greater North Sea","seabasin":"Greater North Sea","service_or":"N/A","source":"Web page","source_det":"N/A","start_year":"2019","status":"Ceased operating","technology":"Horizontal Axis Turbine","web_page":"N/A","helmlore_id":"9305e047-76fd-5bb8-ab90-ef13dda6c941","source_observation":"081eb39a-7244-5b33-8acb-699aabfa733d","source_external_id":"OE-UK17","data_source":"emodnet:oenergy","source_date":"24/09/2024 00:00","retrieved_at":"2026-10-07T22:09:31.709648+00:00","correction_status":"source_baseline"}},{"type":"Feature","id":"6e498bcc-e630-5f05-95e7-ca73d011ffc5","geometry":{"coordinates":[-2.4491,50.49274],"type":"Point"},"properties":{"coast_dist":2319.0,"country":"United Kingdom","date_of_la":"27/08/2025 00:00","device":"SeaGenU","device_sca":"Full scale","eia":"No","eialink":"","end_year":"","facid":"OE-UK83","id":98,"id_1":98,"latitude":50.49274,"link_to_so":"https://opendata-thecrownestate.opendata.arcgis.com/","location":"South of Portland","longitude":-2.4491,"metadata_a":"No","metadata_l":"N/A","name":"Portland Bill","notes":"No EIA has been conducted","otherlinks":"N/A","posinfo":"Original","project_ca":"30000","project_pr":"Marine Current Turbines Limited","project_sc":"Demonstration array","resource":"Tidal","sea":"Greater North Sea","seabasin":"Greater North Sea","service_or":"Map viewer/Shapefile","source":"Web page","source_det":"The Crown Estate","start_year":"","status":"Inactive","technology":"Horizontal Axis Turbine","web_page":"N/A","helmlore_id":"6e498bcc-e630-5f05-95e7-ca73d011ffc5","source_observation":"87216dd8-a5a5-592f-af29-9b2cf5744493","source_external_id":"OE-UK83","data_source":"emodnet:oenergy","source_date":"27/08/2025 00:00","retrieved_at":"2026-10-07T22:09:31.709648+00:00","correction_status":"source_baseline"}},{"type":"Feature","id":"5dfbef3d-de2d-5a9d-8ec7-e7d8af4cc4dd","geometry":{"coordinates":[-1.462,60.00861],"type":"Point"},"properties":{"coast_dist":5310.0,"country":"United Kingdom","date_of_la":"27/08/2025 00:00","device":"Pelamis P2E","device_sca":"Full scale","eia":"N/A","eialink":"","end_year":"","facid":"OE-UK47","id":100,"id_1":100,"latitude":60.00861,"link_to_so":"https://opendata-thecrownestate.opendata.arcgis.com/","location":"South West Shetland","longitude":-1.462,"metadata_a":"No","metadata_l":"N/A","name":"Aegir Wave power (JV)","notes":"","otherlinks":"N/A","posinfo":"Estimated","project_ca":"10000","project_pr":"Aegir","project_sc":"Commercial array","resource":"Wave","sea":"Celtic Sea","seabasin":"Atlantic","service_or":"Map viewer/Shapefile","source":"Web page","source_det":"The Crown Estate","start_year":"","status":"Cancelled","technology":"Attenuator","web_page":"N/A","helmlore_id":"5dfbef3d-de2d-5a9d-8ec7-e7d8af4cc4dd","source_observation":"cd8e0f01-f207-5ade-abfd-8d9b1473b3cd","source_external_id":"OE-UK47","data_source":"emodnet:oenergy","source_date":"27/08/2025 00:00","retrieved_at":"2026-10-07T22:09:31.709648+00:00","correction_status":"source_baseline"}},{"type":"Feature","id":"d4e5f194-f78d-5c89-a9b1-b72b26a3d78d","geometry":{"coordinates":[-5.324,51.905],"type":"Point"},"properties":{"coast_dist":814.0,"country":"United Kingdom","date_of_la":"13/11/2023 00:00","device":"DeltaStream","device_sca":"Full scale","eia":"Yes","eialink":"N/A","end_year":"2017","facid":"OE-UK68","id":102,"id_1":102,"latitude":51.905,"link_to_so":"N/A","location":"St David's Head (Pembrokeshire)","longitude":-5.324,"metadata_a":"Yes","metadata_l":"https://www.ocean-energy-systems.org/ocean-energy/gis-map-tool/","name":"St. David's Head","notes":"","otherlinks":"N/A","posinfo":"Original","project_ca":"10000","project_pr":"Tidal Energy Developments South Wales Ltd","project_sc":"Demonstration array","resource":"Tidal","sea":"Celtic Sea","seabasin":"Atlantic","service_or":"Map viewer/Shapefile","source":"Web page","source_det":"N/A","start_year":"2017","status":"Ceased operating","technology":"Horizontal Axis Turbine","web_page":"N/A","helmlore_id":"d4e5f194-f78d-5c89-a9b1-b72b26a3d78d","source_observation":"48f6dc25-defa-510d-9a7e-fcbe86a78ad9","source_external_id":"OE-UK68","data_source":"emodnet:oenergy","source_date":"13/11/2023 00:00","retrieved_at":"2026-10-07T22:09:31.709648+00:00","correction_status":"source_baseline"}},{"type":"Feature","id":"527b56ae-0338-5105-a836-8c607166d7f3","geometry":{"coordinates":[-5.544,54.365],"type":"Point"},"properties":{"coast_dist":233.0,"country":"United Kingdom","date_of_la":"13/11/2023 00:00","device":"SeaGenU","device_sca":"Full scale","eia":"N/A","eialink":"","end_year":"","facid":"OE-UK90","id":105,"id_1":105,"latitude":54.365,"link_to_so":"N/A","location":"Strangford Lough-1 (near Portaferry)","longitude":-5.544,"metadata_a":"Yes","metadata_l":"https://opendata-thecrownestate.opendata.arcgis.com/","name":"Strangford Lough Array","notes":"","otherlinks":"N/A","posinfo":"Original","project_ca":"20000","project_pr":"Marine Current Turbines","project_sc":"Demonstration array","resource":"Tidal","sea":"Celtic Sea","seabasin":"Atlantic","service_or":"Map viewer/Shapefile","source":"Web page","source_det":"N/A","start_year":"","status":"Cancelled","technology":"Horizontal Axis Turbine","web_page":"N/A","helmlore_id":"527b56ae-0338-5105-a836-8c607166d7f3","source_observation":"94775cad-ae5c-529d-ae59-501772b53197","source_external_id":"OE-UK90","data_source":"emodnet:oenergy","source_date":"13/11/2023 00:00","retrieved_at":"2026-10-07T22:09:31.709648+00:00","correction_status":"source_baseline"}},{"type":"Feature","id":"bb2fc83e-f2d9-5eee-a152-e92dbc495617","geometry":{"coordinates":[-5.544,54.365],"type":"Point"},"properties":{"coast_dist":233.0,"country":"United Kingdom","date_of_la":"13/11/2023 00:00","device":"SeaGenU","device_sca":"Full scale","eia":"N/A","eialink":"","end_year":"","facid":"OE-UK145","id":105,"id_1":105,"latitude":54.365,"link_to_so":"N/A","location":"Strangford Lough-1 (near Portaferry)","longitude":-5.544,"metadata_a":"No","metadata_l":"N/A","name":"Strangford Lough Array","notes":"","otherlinks":"N/A","posinfo":"Original","project_ca":"20000","project_pr":"SIMEC Atlantis Energy Ltd","project_sc":"Demonstration array","resource":"Tidal","sea":"Celtic Sea","seabasin":"Atlantic","service_or":"Map viewer","source":"Web page","source_det":"N/A","start_year":"2014","status":"Ceased operating","technology":"Horizontal Axis Turbine","web_page":"https://simecatlantis.com/tidal-stream/","helmlore_id":"bb2fc83e-f2d9-5eee-a152-e92dbc495617","source_observation":"fd73f5d4-dfa7-55ff-ad6e-49fa9d035175","source_external_id":"OE-UK145","data_source":"emodnet:oenergy","source_date":"13/11/2023 00:00","retrieved_at":"2026-10-07T22:09:31.709648+00:00","correction_status":"source_baseline"}},{"type":"Feature","id":"e796ae35-dc1d-519f-a99c-45a1914f83c6","geometry":{"coordinates":[-5.56552,54.38523],"type":"Point"},"properties":{"coast_dist":470.0,"country":"United Kingdom","date_of_la":"13/11/2023 00:00","device":"Deep GreenOcean-DGO","device_sca":"1:4 scale","eia":"N/A","eialink":"","end_year":"","facid":"OE-UK88","id":106,"id_1":106,"latitude":54.38523,"link_to_so":"N/A","location":"Strangford Lough-2 (near Portaferry)","longitude":-5.56552,"metadata_a":"Yes","metadata_l":"https://opendata-thecrownestate.opendata.arcgis.com/","name":"Strangford Lough","notes":"","otherlinks":"N/A","posinfo":"Estimated","project_ca":"30","project_pr":"Minesto UK Ltd","project_sc":"Pre-commercial","resource":"Tidal","sea":"Celtic Sea","seabasin":"Atlantic","service_or":"Map viewer/Shapefile","source":"Web page","source_det":"N/A","start_year":"2012","status":"Ceased operating","technology":"Tidal kite","web_page":"http://minesto.com/strangford-lough/","helmlore_id":"e796ae35-dc1d-519f-a99c-45a1914f83c6","source_observation":"e3a65dd5-1342-55b0-a1bf-4e97bb12e990","source_external_id":"OE-UK88","data_source":"emodnet:oenergy","source_date":"13/11/2023 00:00","retrieved_at":"2026-10-07T22:09:31.709648+00:00","correction_status":"source_baseline"}},{"type":"Feature","id":"b1986b7d-a409-5cf2-bbcd-3ee9421409a0","geometry":{"coordinates":[-5.566,54.388],"type":"Point"},"properties":{"coast_dist":377.0,"country":"United Kingdom","date_of_la":"13/11/2023 00:00","device":"Evopod E1","device_sca":"1:10 scale","eia":"N/A","eialink":"","end_year":"2009","facid":"OE-UK91","id":107,"id_1":107,"latitude":54.388,"link_to_so":"N/A","location":"Strangford Lough-3 (near Portaferry)","longitude":-5.566,"metadata_a":"No","metadata_l":"N/A","name":"Evopod E1 demonstration","notes":"","otherlinks":"N/A","posinfo":"Original","project_ca":"1","project_pr":"Oceanflow Energy Ltd","project_sc":"Sea testing","resource":"Tidal","sea":"Celtic Sea","seabasin":"Atlantic","service_or":"N/A","source":"Web page","source_det":"N/A","start_year":"2008","status":"Completed","technology":"Mono tidal turbine","web_page":"http://www.oceanflowenergy.com/project-details1.html","helmlore_id":"b1986b7d-a409-5cf2-bbcd-3ee9421409a0","source_observation":"ea2f5893-1b6b-590a-bb21-769f3dce4015","source_external_id":"OE-UK91","data_source":"emodnet:oenergy","source_date":"13/11/2023 00:00","retrieved_at":"2026-10-07T22:09:31.709648+00:00","correction_status":"source_baseline"}},{"type":"Feature","id":"cb146599-7d6a-50fa-bb2b-75b20aad28a3","geometry":{"coordinates":[-3.904,51.607],"type":"Point"},"properties":{"coast_dist":634.0,"country":"United Kingdom","date_of_la":"13/11/2023 00:00","device":"N/A","device_sca":"N/A","eia":"Yes","eialink":"N/A","end_year":"","facid":"OE-UK71","id":109,"id_1":109,"latitude":51.607,"link_to_so":"N/A","location":"Swansea Bay","longitude":-3.904,"metadata_a":"Yes","metadata_l":"https://www.ocean-energy-systems.org/ocean-energy/gis-map-tool/","name":"Swansea Bay Tidal Lagoon","notes":"","otherlinks":"https://tethys.pnnl.gov/annex-iv-sites/swansea-tidal-lagoon","posinfo":"Original","project_ca":"320000","project_pr":"Swansea Bay Tidal Lagoon","project_sc":"Commercial","resource":"Tidal","sea":"Celtic Sea","seabasin":"Atlantic","service_or":"Map viewer/Shapefile","source":"Web page","source_det":"N/A","start_year":"2023","status":"Cancelled","technology":"Tidal lagoon","web_page":"N/A","helmlore_id":"cb146599-7d6a-50fa-bb2b-75b20aad28a3","source_observation":"85f08379-bb10-5498-8aa6-4349474e2929","source_external_id":"OE-UK71","data_source":"emodnet:oenergy","source_date":"13/11/2023 00:00","retrieved_at":"2026-10-07T22:09:31.709648+00:00","correction_status":"source_baseline"}},{"type":"Feature","id":"9183063c-ce1e-599c-9992-5185b29ae34d","geometry":{"coordinates":[-6.052,55.202],"type":"Point"},"properties":{"coast_dist":827.0,"country":"United Kingdom","date_of_la":"27/08/2025 00:00","device":"OpenHydro","device_sca":"Full scale","eia":"Yes","eialink":"https://tethys.pnnl.gov/sites/default/files/publications/Torr-Head-Scoping-Report-2013.pdf","end_year":"2018","facid":"OE-UK85","id":111,"id_1":111,"latitude":55.202,"link_to_so":"https://openei.org/wiki/PRIMRE/Databases/Projects_Database/Projects/Torr_Head; https://odims.ospar.org/en/submissions/ospar_offshore_renewables_2021_07/","location":"Torr Head (north coast of County Antrim)","longitude":-6.052,"metadata_a":"Yes","metadata_l":"https://maps.espatial.com/maps/_UKRED-Marine-Map/pages/map.jsp?geoMapId=267704&TENANT_ID=115744","name":"Torr Head","notes":"","otherlinks":"N/A","posinfo":"Original","project_ca":"100000","project_pr":"Tidal Ventures Ltd","project_sc":"Commercial array","resource":"Tidal","sea":"Celtic Sea","seabasin":"Atlantic","service_or":"Data base/Shapefile","source":"Web page","source_det":"Portal and Repository for Information on Marine Renewable Energy (PRIMRE); Tethys Database; OSPAR Data & Information Management System (ODIMS)","start_year":"2012","status":"Cancelled","technology":"Horizontal Axis Turbine","web_page":"N/A","helmlore_id":"9183063c-ce1e-599c-9992-5185b29ae34d","source_observation":"0da08925-eba3-503d-80c5-42ea2477e7ef","source_external_id":"OE-UK85","data_source":"emodnet:oenergy","source_date":"27/08/2025 00:00","retrieved_at":"2026-10-07T22:09:31.709648+00:00","correction_status":"source_baseline"}},{"type":"Feature","id":"56348249-0079-5476-9604-67c28a77f674","geometry":{"coordinates":[-3.45,58.98],"type":"Point"},"properties":{"coast_dist":5135.0,"country":"United Kingdom","date_of_la":"27/08/2025 00:00","device":"N/A","device_sca":"N/A","eia":"Yes","eialink":"N/A","end_year":"","facid":"OE-UK25","id":113,"id_1":113,"latitude":58.98,"link_to_so":"https://www.ocean-energy-systems.org/ocean-energy/gis-map-tool/; https://opendata-thecrownestate.opendata.arcgis.com/;","location":"West coast of mainland-1 (Orkney)","longitude":-3.45,"metadata_a":"Yes","metadata_l":"https://maps.espatial.com/maps/_UKRED-Marine-Map/pages/map.jsp?geoMapId=267704&TENANT_ID=115744","name":"West Orkney South (Phase 2)","notes":"","otherlinks":"N/A","posinfo":"Original","project_ca":"40000","project_pr":"E.ON Climate & Renewables UK Developments Limited","project_sc":"N/A","resource":"Wave","sea":"Celtic Sea","seabasin":"Atlantic","service_or":"Map viewer/Shapefile","source":"Web page","source_det":"IEA-OES GIS Map of Ocean Energy Installations; The Crown Estate","start_year":"","status":"Cancelled","technology":"N/A","web_page":"N/A","helmlore_id":"56348249-0079-5476-9604-67c28a77f674","source_observation":"20f8cb30-6e2e-5ac6-95cc-2c07c637ed80","source_external_id":"OE-UK25","data_source":"emodnet:oenergy","source_date":"27/08/2025 00:00","retrieved_at":"2026-10-07T22:09:31.709648+00:00","correction_status":"source_baseline"}},{"type":"Feature","id":"e02ec161-a953-5f60-86b2-b4fd285343c0","geometry":{"coordinates":[-3.45,58.98],"type":"Point"},"properties":{"coast_dist":5135.0,"country":"United Kingdom","date_of_la":"27/08/2025 00:00","device":"N/A","device_sca":"N/A","eia":"Yes","eialink":"N/A","end_year":"","facid":"OE-UK24","id":113,"id_1":113,"latitude":58.98,"link_to_so":"https://www.ocean-energy-systems.org/ocean-energy/gis-map-tool/; https://opendata-thecrownestate.opendata.arcgis.com/;","location":"West coast of mainland-1 (Orkney)","longitude":-3.45,"metadata_a":"Yes","metadata_l":"https://maps.espatial.com/maps/_UKRED-Marine-Map/pages/map.jsp?geoMapId=267704&TENANT_ID=115744","name":"West Orkney South (Phase 1)","notes":"","otherlinks":"N/A","posinfo":"Original","project_ca":"10000","project_pr":"E.ON Climate & Renewables UK Developments Limited","project_sc":"N/A","resource":"Wave","sea":"Celtic Sea","seabasin":"Atlantic","service_or":"Map viewer/Shapefile","source":"Web page","source_det":"IEA-OES GIS Map of Ocean Energy Installations; The Crown Estate","start_year":"","status":"Cancelled","technology":"N/A","web_page":"N/A","helmlore_id":"e02ec161-a953-5f60-86b2-b4fd285343c0","source_observation":"f67198f9-551f-5977-8a9d-c0612071df3d","source_external_id":"OE-UK24","data_source":"emodnet:oenergy","source_date":"27/08/2025 00:00","retrieved_at":"2026-10-07T22:09:31.709648+00:00","correction_status":"source_baseline"}},{"type":"Feature","id":"fbb83056-c8a7-5adb-877e-3ede26061267","geometry":{"coordinates":[-3.45,59.02],"type":"Point"},"properties":{"coast_dist":4930.0,"country":"United Kingdom","date_of_la":"13/11/2023 00:00","device":"N/A","device_sca":"N/A","eia":"Yes","eialink":"https://tethys.pnnl.gov/sites/default/files/publications/West_Orkney_South_Wave_Energy_Site.pdf","end_year":"2016","facid":"OE-UK27","id":114,"id_1":114,"latitude":59.02,"link_to_so":"N/A","location":"West coast of mainland-2 (Orkney)","longitude":-3.45,"metadata_a":"No","metadata_l":"N/A","name":"West Orkney Middle South (Phase 2)","notes":"","otherlinks":"N/A","posinfo":"Original","project_ca":"40000","project_pr":"E.ON Climate & Renewables UK Developments Limited","project_sc":"N/A","resource":"Wave","sea":"Celtic Sea","seabasin":"Atlantic","service_or":"Map viewer","source":"Web page","source_det":"N/A","start_year":"","status":"Cancelled","technology":"N/A","web_page":"N/A","helmlore_id":"fbb83056-c8a7-5adb-877e-3ede26061267","source_observation":"97933650-0526-5326-a74f-fc7a4cf94b98","source_external_id":"OE-UK27","data_source":"emodnet:oenergy","source_date":"13/11/2023 00:00","retrieved_at":"2026-10-07T22:09:31.709648+00:00","correction_status":"source_baseline"}},{"type":"Feature","id":"235e7c33-5143-5627-a4af-e77ca74c45c7","geometry":{"coordinates":[-3.45,59.02],"type":"Point"},"properties":{"coast_dist":4930.0,"country":"United Kingdom","date_of_la":"13/11/2023 00:00","device":"N/A","device_sca":"N/A","eia":"Yes","eialink":"https://tethys.pnnl.gov/sites/default/files/publications/West_Orkney_South_Wave_Energy_Site.pdf","end_year":"2016","facid":"OE-UK26","id":114,"id_1":114,"latitude":59.02,"link_to_so":"N/A","location":"West coast of mainland-2 (Orkney)","longitude":-3.45,"metadata_a":"No","metadata_l":"N/A","name":"West Orkney Middle South (Phase 1)","notes":"","otherlinks":"N/A","posinfo":"Original","project_ca":"10000","project_pr":"E.ON Climate & Renewables UK Developments Limited","project_sc":"N/A","resource":"Wave","sea":"Celtic Sea","seabasin":"Atlantic","service_or":"Map viewer","source":"Web page","source_det":"N/A","start_year":"","status":"Cancelled","technology":"N/A","web_page":"N/A","helmlore_id":"235e7c33-5143-5627-a4af-e77ca74c45c7","source_observation":"36b7a09c-def5-56cb-b239-3e6a2923c43a","source_external_id":"OE-UK26","data_source":"emodnet:oenergy","source_date":"13/11/2023 00:00","retrieved_at":"2026-10-07T22:09:31.709648+00:00","correction_status":"source_baseline"}},{"type":"Feature","id":"f42a52cc-0dd1-5f3a-b170-ef24783f7312","geometry":{"coordinates":[-3.41,59.09],"type":"Point"},"properties":{"coast_dist":3351.0,"country":"United Kingdom","date_of_la":"27/08/2025 00:00","device":"Pelamis P2","device_sca":"Full scale","eia":"Yes","eialink":"http://www.scottishpowerrenewables.com/userfiles/file/Marwick%20Head%20Scoping%20Report%20FINAL%2021_12_12.pdf","end_year":"","facid":"OE-UK28","id":115,"id_1":115,"latitude":59.09,"link_to_so":"https://opendata-thecrownestate.opendata.arcgis.com/","location":"Markwick Head (Orkney)","longitude":-3.41,"metadata_a":"Yes","metadata_l":"https://www.ocean-energy-systems.org/ocean-energy/gis-map-tool/","name":"Marwick Head Wave Energy Project","notes":"","otherlinks":"N/A","posinfo":"Original","project_ca":"49500","project_pr":"ScottishPower Renewables/Iberdrola","project_sc":"Commercial array","resource":"Wave","sea":"Celtic Sea","seabasin":"Atlantic","service_or":"Map viewer/Shapefile","source":"Web page","source_det":"The Crown Estate","start_year":"","status":"Cancelled","technology":"Floating articulated attenuator","web_page":"N/A","helmlore_id":"f42a52cc-0dd1-5f3a-b170-ef24783f7312","source_observation":"e243d4e7-7b2c-50e9-9c2c-bb21dd654a5b","source_external_id":"OE-UK28","data_source":"emodnet:oenergy","source_date":"27/08/2025 00:00","retrieved_at":"2026-10-07T22:09:31.709648+00:00","correction_status":"source_baseline"}},{"type":"Feature","id":"3e5fc04c-f97a-5078-971f-48f05be55c93","geometry":{"coordinates":[-4.8,53.29],"type":"Point"},"properties":{"coast_dist":6885.0,"country":"United Kingdom","date_of_la":"27/08/2025 00:00","device":"Deep Green Utility-DGU","device_sca":"N/A","eia":"Yes","eialink":"N/A","end_year":"","facid":"OE-UK67","id":117,"id_1":117,"latitude":53.29,"link_to_so":"https://opendata-thecrownestate.opendata.arcgis.com/datasets/5672a176762e4a3d8fb597039abb22d2_0/explore?showTable=true","location":"west of Anglesey (North Wales)","longitude":-4.8,"metadata_a":"No","metadata_l":"N/A","name":"Holyhead Deep - Phase 1","notes":"","otherlinks":"https://tethys.pnnl.gov/project-sites/minesto-holyhead-deep-non-grid-connected-dg500","posinfo":"Original","project_ca":"500","project_pr":"Minesto UK Ltd","project_sc":"Demonstration array","resource":"Tidal","sea":"Celtic Sea","seabasin":"Atlantic","service_or":"Map viewer/Shapefile","source":"Web page","source_det":"The Crown Estate","start_year":"2019","status":"Operational","technology":"Tidal kite","web_page":"https://minesto.com/projects/holyhead-deep","helmlore_id":"3e5fc04c-f97a-5078-971f-48f05be55c93","source_observation":"32453f4d-c78f-5499-bd14-4bb4e09023aa","source_external_id":"OE-UK67","data_source":"emodnet:oenergy","source_date":"27/08/2025 00:00","retrieved_at":"2026-10-07T22:09:31.709648+00:00","correction_status":"source_baseline"}},{"type":"Feature","id":"7b0e96ae-0d57-5146-8692-790062a94c74","geometry":{"coordinates":[-4.8,53.29],"type":"Point"},"properties":{"coast_dist":6885.0,"country":"United Kingdom","date_of_la":"13/11/2023 00:00","device":"Deep Green Utility-DGU","device_sca":"N/A","eia":"Yes","eialink":"N/A","end_year":"2019","facid":"OE-UK147","id":117,"id_1":117,"latitude":53.29,"link_to_so":"N/A","location":"west of Anglesey (North Wales)","longitude":-4.8,"metadata_a":"Yes","metadata_l":"https://maps.espatial.com/maps/_UKRED-Marine-Map/pages/map.jsp?geoMapId=267704&TENANT_ID=115744","name":"Holyhead Deep - Phase 1","notes":"","otherlinks":"https://tethys.pnnl.gov/project-sites/minesto-holyhead-deep-non-grid-connected-dg500","posinfo":"Original","project_ca":"500","project_pr":"Minesto UK Ltd","project_sc":"Demonstration array","resource":"Tidal","sea":"Celtic Sea","seabasin":"Atlantic","service_or":"Data base","source":"Web page","source_det":"N/A","start_year":"2018","status":"Completed","technology":"Tidal kite","web_page":"https://minesto.com/projects/holyhead-deep","helmlore_id":"7b0e96ae-0d57-5146-8692-790062a94c74","source_observation":"04bde3ca-704d-5c5e-8f6c-c71d2a4ec03f","source_external_id":"OE-UK147","data_source":"emodnet:oenergy","source_date":"13/11/2023 00:00","retrieved_at":"2026-10-07T22:09:31.709648+00:00","correction_status":"source_baseline"}},{"type":"Feature","id":"09998728-202a-5410-9a96-67deebaafdad","geometry":{"coordinates":[-4.8,53.29],"type":"Point"},"properties":{"coast_dist":6885.0,"country":"United Kingdom","date_of_la":"27/08/2025 00:00","device":"N/A","device_sca":"N/A","eia":"Yes","eialink":"N/A","end_year":"","facid":"OE-UK146","id":117,"id_1":117,"latitude":53.29,"link_to_so":"N/A","location":"west of Anglesey (North Wales)","longitude":-4.8,"metadata_a":"No","metadata_l":"N/A","name":"Holyhead Deep","notes":"","otherlinks":"N/A","posinfo":"Original","project_ca":"70000","project_pr":"Minesto UK Ltd","project_sc":"N/A","resource":"Tidal","sea":"Celtic Sea","seabasin":"Atlantic","service_or":"N/A","source":"Web page","source_det":"N/A","start_year":"2018","status":"Completed","technology":"N/A","web_page":"https://minesto.com/projects/holyhead-deep","helmlore_id":"09998728-202a-5410-9a96-67deebaafdad","source_observation":"7c667285-d871-5665-a067-e9f3073e9870","source_external_id":"OE-UK146","data_source":"emodnet:oenergy","source_date":"27/08/2025 00:00","retrieved_at":"2026-10-07T22:09:31.709648+00:00","correction_status":"source_baseline"}},{"type":"Feature","id":"dfd7c520-dc13-5cfe-bfcc-07d8b370009c","geometry":{"coordinates":[-2.87,59.17],"type":"Point"},"properties":{"coast_dist":2361.0,"country":"United Kingdom","date_of_la":"13/11/2023 00:00","device":"N/A","device_sca":"Full scale","eia":"Yes","eialink":"https://tethys.pnnl.gov/sites/default/files/publications/Westray_South_Tidal_Array_ESR.pdf","end_year":"","facid":"OE-UK35","id":120,"id_1":120,"latitude":59.17,"link_to_so":"N/A","location":"Westray Firth","longitude":-2.87,"metadata_a":"Yes","metadata_l":"https://www.ocean-energy-systems.org/ocean-energy/gis-map-tool/","name":"Westray south-Phase 2","notes":"","otherlinks":"N/A","posinfo":"Original","project_ca":"140000","project_pr":"DP Energy Ltd","project_sc":"Commercial array","resource":"Tidal","sea":"Celtic Sea","seabasin":"Atlantic","service_or":"Map viewer/Shapefile","source":"Web page","source_det":"N/A","start_year":"2025","status":"Ceased operating","technology":"Horizontal Axis Turbine","web_page":"N/A","helmlore_id":"dfd7c520-dc13-5cfe-bfcc-07d8b370009c","source_observation":"618c446e-76cd-561a-8e18-d831aff4e535","source_external_id":"OE-UK35","data_source":"emodnet:oenergy","source_date":"13/11/2023 00:00","retrieved_at":"2026-10-07T22:09:31.709648+00:00","correction_status":"source_baseline"}},{"type":"Feature","id":"e3c5f39b-455f-529b-9fe6-1916c3b39ca0","geometry":{"coordinates":[-2.87,59.17],"type":"Point"},"properties":{"coast_dist":2361.0,"country":"United Kingdom","date_of_la":"13/11/2023 00:00","device":"N/A","device_sca":"Full scale","eia":"Yes","eialink":"https://tethys.pnnl.gov/sites/default/files/publications/Westray_South_Tidal_Array_ESR.pdf","end_year":"2024","facid":"OE-UK34","id":120,"id_1":120,"latitude":59.17,"link_to_so":"N/A","location":"Westray Firth","longitude":-2.87,"metadata_a":"Yes","metadata_l":"https://www.ocean-energy-systems.org/ocean-energy/gis-map-tool/","name":"Westray south-Phase 1","notes":"","otherlinks":"N/A","posinfo":"Original","project_ca":"60000","project_pr":"DP Energy Ltd","project_sc":"Commercial array","resource":"Tidal","sea":"Celtic Sea","seabasin":"Atlantic","service_or":"Map viewer/Shapefile","source":"Web page","source_det":"N/A","start_year":"2020","status":"Ceased operating","technology":"Horizontal Axis Turbine","web_page":"N/A","helmlore_id":"e3c5f39b-455f-529b-9fe6-1916c3b39ca0","source_observation":"ca25e9eb-d5ea-5d74-ab0b-27ed2c3584ee","source_external_id":"OE-UK34","data_source":"emodnet:oenergy","source_date":"13/11/2023 00:00","retrieved_at":"2026-10-07T22:09:31.709648+00:00","correction_status":"source_baseline"}},{"type":"Feature","id":"4378efe2-ed3b-5741-9b91-d68b0271f0ee","geometry":{"coordinates":[-2.87,59.17],"type":"Point"},"properties":{"coast_dist":2361.0,"country":"United Kingdom","date_of_la":"28/08/2025 00:00","device":"Horizontal axis turbine","device_sca":"Full scale","eia":"N/A","eialink":"","end_year":"","facid":"OE-UK167","id":120,"id_1":120,"latitude":59.17,"link_to_so":"https://tethys.pnnl.gov/project-sites/orbital-marine-power-westray-tidal-array","location":"Westray Firth","longitude":-2.87,"metadata_a":"No","metadata_l":"N/A","name":"Orbital Westray Firth","notes":"","otherlinks":"N/A","posinfo":"Original","project_ca":"30000","project_pr":"Orbital Marine Power Ltd","project_sc":"Commercial","resource":"Tidal","sea":"Celtic Sea","seabasin":"Atlantic","service_or":"Data base","source":"Web page","source_det":"TETHYS Database","start_year":"2023","status":"Planned","technology":"Orbital O2","web_page":"https://www.orbitalmarine.com/","helmlore_id":"4378efe2-ed3b-5741-9b91-d68b0271f0ee","source_observation":"39188ab0-1abd-58ec-987b-d542fddc9c77","source_external_id":"OE-UK167","data_source":"emodnet:oenergy","source_date":"28/08/2025 00:00","retrieved_at":"2026-10-07T22:09:31.709648+00:00","correction_status":"source_baseline"}},{"type":"Feature","id":"a40da8ec-eca5-5357-b5b8-3014a0e20bd7","geometry":{"coordinates":[-9.732393,52.737197],"type":"Point"},"properties":{"coast_dist":6636.0,"country":"Ireland","date_of_la":"20/09/2023 00:00","device":"N/A","device_sca":"N/A","eia":"Yes","eialink":"https://tethys.pnnl.gov/publications/environmental-scoping-report-killard","end_year":"","facid":"OE-IE05","id":129,"id_1":129,"latitude":52.737197,"link_to_so":"N/A","location":"Killard","longitude":-9.732393,"metadata_a":"No","metadata_l":"N/A","name":"WestWave Demonstration Project","notes":"","otherlinks":"N/A","posinfo":"Estimated","project_ca":"5000","project_pr":"ESB","project_sc":"Pre-commercial","resource":"Wave","sea":"Celtic Sea","seabasin":"Atlantic","service_or":"N/A","source":"N/A","source_det":"N/A","start_year":"2025","status":"N/A","technology":"N/A","web_page":"N/A","helmlore_id":"a40da8ec-eca5-5357-b5b8-3014a0e20bd7","source_observation":"5481e000-d9c3-57a0-bc71-d42583ab13b8","source_external_id":"OE-IE05","data_source":"emodnet:oenergy","source_date":"20/09/2023 00:00","retrieved_at":"2026-10-07T22:09:31.709648+00:00","correction_status":"source_baseline"}},{"type":"Feature","id":"43db64e2-9113-53ca-ac07-86cfacc70cca","geometry":{"coordinates":[-8.64444,52.657778],"type":"Point"},"properties":{"coast_dist":0.0,"country":"Ireland","date_of_la":"20/09/2023 00:00","device":"OC1","device_sca":"Tow testing","eia":"N/A","eialink":"","end_year":"2015","facid":"OE-IE08","id":134,"id_1":134,"latitude":52.657778,"link_to_so":"N/A","location":"Limerick Docks","longitude":-8.64444,"metadata_a":"No","metadata_l":"N/A","name":"Gkinetics OC1 project","notes":"","otherlinks":"http://www.maritimejournal.com/news101/marine-renewable-energy/gkinetic-energy-launches-novel-tidal-energy-device","posinfo":"Original","project_ca":"10","project_pr":"Gkinetic Energy Ltd.","project_sc":"Pilot device","resource":"Tidal","sea":"Celtic Sea","seabasin":"Atlantic","service_or":"N/A","source":"N/A","source_det":"N/A","start_year":"2015","status":"Completed","technology":"Vertical Axis, Hydrokinetic Turbine","web_page":"http://gkinetic.com/","helmlore_id":"43db64e2-9113-53ca-ac07-86cfacc70cca","source_observation":"af65930b-d17d-5026-8116-e983fd2755cb","source_external_id":"OE-IE08","data_source":"emodnet:oenergy","source_date":"20/09/2023 00:00","retrieved_at":"2026-10-07T22:09:31.709648+00:00","correction_status":"source_baseline"}},{"type":"Feature","id":"6f1d9d40-d2d5-5b6c-92df-ea0de55c10c4","geometry":{"coordinates":[-5.546,54.369],"type":"Point"},"properties":{"coast_dist":305.0,"country":"United Kingdom","date_of_la":"27/08/2025 00:00","device":"SeaGenS1.2","device_sca":"Large scale prototype","eia":"Yes","eialink":"https://tethys.pnnl.gov/project-sites/strangford-lough-mct-seagen#key-environmental-issues","end_year":"2017","facid":"OE-UK89","id":137,"id_1":137,"latitude":54.369,"link_to_so":"https://tethys.pnnl.gov/project-sites/strangford-lough-mct-seagen","location":"Strangford Lough","longitude":-5.546,"metadata_a":"No","metadata_l":"N/A","name":"Seagen Strangford Lough","notes":"","otherlinks":"N/A","posinfo":"Original","project_ca":"1200","project_pr":"SeaGeneration Ltd","project_sc":"Commercial","resource":"Tidal","sea":"Celtic Sea","seabasin":"Atlantic","service_or":"Data base","source":"Web page","source_det":"UK Marine Energy Database (UKMED); Tethys Database","start_year":"2008","status":"Ceased operating","technology":"Horizontal Axis Turbine","web_page":"N/A","helmlore_id":"6f1d9d40-d2d5-5b6c-92df-ea0de55c10c4","source_observation":"ef8f08d0-0016-5581-b4bd-bf23a2568e35","source_external_id":"OE-UK89","data_source":"emodnet:oenergy","source_date":"27/08/2025 00:00","retrieved_at":"2026-10-07T22:09:31.709648+00:00","correction_status":"source_baseline"}},{"type":"Feature","id":"86bc72b8-c452-565a-9273-3647ec1545b3","geometry":{"coordinates":[-5.546,54.369],"type":"Point"},"properties":{"coast_dist":305.0,"country":"United Kingdom","date_of_la":"27/08/2025 00:00","device":"Deep Green 8","device_sca":"Prototype","eia":"N/A","eialink":"","end_year":"","facid":"OE-UK106","id":137,"id_1":137,"latitude":54.369,"link_to_so":"https://www.ocean-energy-systems.org/ocean-energy/gis-map-tool/","location":"Strangford Lough","longitude":-5.546,"metadata_a":"No","metadata_l":"N/A","name":"DeepGreen 1/10","notes":"","otherlinks":"N/A","posinfo":"Original","project_ca":"12","project_pr":"Minesto UK Ltd","project_sc":"Pre-commercial","resource":"Tidal","sea":"Celtic Sea","seabasin":"Atlantic","service_or":"Map viewer","source":"Web page","source_det":"IEA-OES GIS Map of Ocean Energy Installations","start_year":"","status":"Completed","technology":"Tidal kite","web_page":"http://minesto.com/","helmlore_id":"86bc72b8-c452-565a-9273-3647ec1545b3","source_observation":"a2563d02-9ca5-572d-a389-b0c1a87acc7a","source_external_id":"OE-UK106","data_source":"emodnet:oenergy","source_date":"27/08/2025 00:00","retrieved_at":"2026-10-07T22:09:31.709648+00:00","correction_status":"source_baseline"}},{"type":"Feature","id":"8bba64fc-7ee9-5d7f-9c26-e801e8e44ff0","geometry":{"coordinates":[1.740654,52.593943],"type":"Point"},"properties":{"coast_dist":169.0,"country":"United Kingdom","date_of_la":"28/08/2025 00:00","device":"Schottel SG50","device_sca":"Prototype","eia":"Yes","eialink":"https://tethys.pnnl.gov/annex-iv-sites/plat-o-emec","end_year":"2016","facid":"OE-UK107","id":138,"id_1":138,"latitude":52.593943,"link_to_so":"https://www.offshore-energy.biz/plat-o-tidal-turbines-platform-up-and-running/","location":"Great Yarmouth","longitude":1.740654,"metadata_a":"No","metadata_l":"N/A","name":"Plat-O","notes":"","otherlinks":"N/A","posinfo":"Estimated","project_ca":"100","project_pr":"Sustainable Marine Energy Ltd (SME)","project_sc":"Pre-commercial","resource":"Tidal","sea":"Greater North Sea","seabasin":"Greater North Sea","service_or":"N/A","source":"Web page","source_det":"Offshore Energy","start_year":"2015","status":"Completed","technology":"Horizontal axis turbine","web_page":"N/A","helmlore_id":"8bba64fc-7ee9-5d7f-9c26-e801e8e44ff0","source_observation":"398f4a32-d1b5-5ac2-ad0e-279a7a876c63","source_external_id":"OE-UK107","data_source":"emodnet:oenergy","source_date":"28/08/2025 00:00","retrieved_at":"2026-10-07T22:09:31.709648+00:00","correction_status":"source_baseline"}},{"type":"Feature","id":"60b8bec5-0b41-5c46-9cf0-73a952c38198","geometry":{"coordinates":[-6.232064,56.823026],"type":"Point"},"properties":{"coast_dist":200.0,"country":"United Kingdom","date_of_la":"27/08/2025 00:00","device":"Albatern","device_sca":"Full scale","eia":"N/A","eialink":"","end_year":"2014","facid":"OE-UK111","id":139,"id_1":139,"latitude":56.823026,"link_to_so":"https://www.ocean-energy-systems.org/ocean-energy/gis-map-tool/","location":"Isle of Muck","longitude":-6.232064,"metadata_a":"Yes","metadata_l":"https://maps.espatial.com/maps/_UKRED-Marine-Map/pages/map.jsp?geoMapId=267704&TENANT_ID=115744","name":"Wave Net Array","notes":"","otherlinks":"N/A","posinfo":"Estimated","project_ca":"22","project_pr":"Albatern WaveNET Albatern and Marine Harvest Scotland","project_sc":"Commercial","resource":"Wave","sea":"Celtic Sea","seabasin":"Atlantic","service_or":"Map viewer","source":"Web page","source_det":"IEA-OES GIS Map of Ocean Energy Installations","start_year":"2014","status":"Completed","technology":"Attenuator","web_page":"N/A","helmlore_id":"60b8bec5-0b41-5c46-9cf0-73a952c38198","source_observation":"70735484-9f7b-5e7d-ba3b-ac532fe81d92","source_external_id":"OE-UK111","data_source":"emodnet:oenergy","source_date":"27/08/2025 00:00","retrieved_at":"2026-10-07T22:09:31.709648+00:00","correction_status":"source_baseline"}},{"type":"Feature","id":"286babac-d0a6-5fac-8bc3-f76f8533392c","geometry":{"coordinates":[-4.777,52.771],"type":"Point"},"properties":{"coast_dist":674.0,"country":"United Kingdom","date_of_la":"24/09/2024 00:00","device":"Nova M100","device_sca":"Full scale","eia":"No","eialink":"","end_year":"","facid":"OE-UK115","id":141,"id_1":141,"latitude":52.771,"link_to_so":"N/A","location":"off Bardsey Island, Wales","longitude":-4.777,"metadata_a":"Yes","metadata_l":"https://maps.espatial.com/maps/_UKRED-Marine-Map/pages/map.jsp?geoMapId=267704&TENANT_ID=115744","name":"Bardsey Sound (Enlli)","notes":"","otherlinks":"N/A","posinfo":"Original","project_ca":"2000","project_pr":"Nova Innovation Ltd","project_sc":"Commercial","resource":"Tidal","sea":"Celtic Sea","seabasin":"Atlantic","service_or":"N/A","source":"Web page","source_det":"N/A","start_year":"2017","status":"Not progressed","technology":"Horizontal Axis Turbine","web_page":"https://www.novainnovation.com/","helmlore_id":"286babac-d0a6-5fac-8bc3-f76f8533392c","source_observation":"a74496a2-e466-5635-9141-490debdb4e8e","source_external_id":"OE-UK115","data_source":"emodnet:oenergy","source_date":"24/09/2024 00:00","retrieved_at":"2026-10-07T22:09:31.709648+00:00","correction_status":"source_baseline"}},{"type":"Feature","id":"474e8dd0-0669-5f50-af89-f8039b70b238","geometry":{"coordinates":[-6.06,56.69],"type":"Point"},"properties":{"coast_dist":416.0,"country":"United Kingdom","date_of_la":"27/08/2025 00:00","device":"Squid Device","device_sca":"Full scale","eia":"N/A","eialink":"","end_year":"","facid":"OE-UK119","id":142,"id_1":142,"latitude":56.69,"link_to_so":"https://tethys.pnnl.gov/project-sites/wavenet-wave-energy-converter-array","location":"Mingary Bay, near Kilchoan","longitude":-6.06,"metadata_a":"No","metadata_l":"https://maps.espatial.com/maps/_UKRED-Marine-Map/pages/map.jsp?geoMapId=267704&TENANT_ID=115744","name":"Wave Net Array","notes":"","otherlinks":"N/A","posinfo":"Original","project_ca":"450","project_pr":"Albatern Ltd","project_sc":"Commercial","resource":"Wave","sea":"Celtic Sea","seabasin":"Atlantic","service_or":"Map viewer/Shapefile","source":"Web page","source_det":"TETHYS Database","start_year":"2016","status":"Completed","technology":"Point absorber","web_page":"https://www.linkedin.com/company/albatern","helmlore_id":"474e8dd0-0669-5f50-af89-f8039b70b238","source_observation":"e3a949f2-07cb-5159-8b35-383b09306398","source_external_id":"OE-UK119","data_source":"emodnet:oenergy","source_date":"27/08/2025 00:00","retrieved_at":"2026-10-07T22:09:31.709648+00:00","correction_status":"source_baseline"}},{"type":"Feature","id":"05fbfb09-29cf-5902-ba06-4f98099593e3","geometry":{"coordinates":[-2.1911,49.735064],"type":"Point"},"properties":{"coast_dist":675.0,"country":"United Kingdom","date_of_la":"27/08/2025 00:00","device":"N/A","device_sca":"N/A","eia":"N/A","eialink":"","end_year":"","facid":"OE-UK148","id":144,"id_1":144,"latitude":49.735064,"link_to_so":"https://tethys.pnnl.gov/project-sites/openhydro-alderney","location":"Channel Island of Alderney","longitude":-2.1911,"metadata_a":"No","metadata_l":"N/A","name":"Alderney Race Tidal","notes":"","otherlinks":"N/A","posinfo":"Original","project_ca":"","project_pr":"OpenHydro Group Ltd.","project_sc":"N/A","resource":"Tidal","sea":"Greater North Sea","seabasin":"Greater North Sea","service_or":"Data base","source":"Web page","source_det":"TETHYS Database","start_year":"2021","status":"Not progressed","technology":"N/A","web_page":"N/A","helmlore_id":"05fbfb09-29cf-5902-ba06-4f98099593e3","source_observation":"32959938-ca95-53ac-9bac-be8fe532e282","source_external_id":"OE-UK148","data_source":"emodnet:oenergy","source_date":"27/08/2025 00:00","retrieved_at":"2026-10-07T22:09:31.709648+00:00","correction_status":"source_baseline"}},{"type":"Feature","id":"e0d43abf-f8fe-5fda-8966-c72dc8a4020a","geometry":{"coordinates":[-2.1911,49.735064],"type":"Point"},"properties":{"coast_dist":675.0,"country":"United Kingdom","date_of_la":"27/08/2025 00:00","device":"OpenHydro","device_sca":"Full scale","eia":"Yes","eialink":"https://tethys.pnnl.gov/sites/default/files/publications/Strategic_Tidal_Stream_Assessment_for_Alderney.pdf","end_year":"2018","facid":"OE-UK122","id":144,"id_1":144,"latitude":49.735064,"link_to_so":"https://tethys.pnnl.gov/project-sites/openhydro-alderney","location":"Channel Island of Alderney","longitude":-2.1911,"metadata_a":"No","metadata_l":"N/A","name":"Alderney Race Tidal","notes":"","otherlinks":"N/A","posinfo":"Original","project_ca":"300000","project_pr":"OpenHydro Group Ltd.","project_sc":"Sea testing","resource":"Tidal","sea":"Greater North Sea","seabasin":"Greater North Sea","service_or":"Data base","source":"Web page","source_det":"TETHYS Database","start_year":"2005","status":"Cancelled","technology":"N/A","web_page":"N/A","helmlore_id":"e0d43abf-f8fe-5fda-8966-c72dc8a4020a","source_observation":"dab692d8-95d9-5f56-9a32-70896d9d9bf4","source_external_id":"OE-UK122","data_source":"emodnet:oenergy","source_date":"27/08/2025 00:00","retrieved_at":"2026-10-07T22:09:31.709648+00:00","correction_status":"source_baseline"}},{"type":"Feature","id":"4c71437e-8a15-5a14-94cb-5d5f4e906cd4","geometry":{"coordinates":[-2.95,58.89],"type":"Point"},"properties":{"coast_dist":1030.0,"country":"United Kingdom","date_of_la":"27/08/2025 00:00","device":"AWS-Mk1","device_sca":"Full scale","eia":"N/A","eialink":"","end_year":"2022","facid":"OE-UK150","id":145,"id_1":145,"latitude":58.89,"link_to_so":"https://www.emec.org.uk/aws-waveswing-gets-shakedown-at-emec/","location":"EMEC Scapa Flow","longitude":-2.95,"metadata_a":"Yes","metadata_l":"https://maps.espatial.com/maps/_UKRED-Marine-Map/pages/map.jsp?geoMapId=267704&TENANT_ID=115744","name":"Archimedes Wave Swing (AWS-Mk1)","notes":"","otherlinks":"N/A","posinfo":"Original","project_ca":"16","project_pr":"AWS Ocean Energy\u00a0","project_sc":"Sea testing","resource":"Wave","sea":"Greater North Sea","seabasin":"Greater North Sea","service_or":"Map viewer","source":"Web page","source_det":"EMEC Orkney","start_year":"2022","status":"Completed","technology":"Submerged Pressure Differential","web_page":"https://awsocean.com/","helmlore_id":"4c71437e-8a15-5a14-94cb-5d5f4e906cd4","source_observation":"69eddacc-ff90-59cf-92d5-26ec0f1a4d1a","source_external_id":"OE-UK150","data_source":"emodnet:oenergy","source_date":"27/08/2025 00:00","retrieved_at":"2026-10-07T22:09:31.709648+00:00","correction_status":"source_baseline"}},{"type":"Feature","id":"d2e11f8b-c569-52ea-9bfb-52ee69008618","geometry":{"coordinates":[-2.95,58.89],"type":"Point"},"properties":{"coast_dist":1030.0,"country":"United Kingdom","date_of_la":"10/09/2024 00:00","device":"Blue X","device_sca":"1:10 scale","eia":"N/A","eialink":"","end_year":"","facid":"OE-UK149","id":145,"id_1":145,"latitude":58.89,"link_to_so":"N/A","location":"EMEC Scapa Flow","longitude":-2.95,"metadata_a":"No","metadata_l":"N/A","name":"EMEC Blue Horizon","notes":"","otherlinks":"https://www.emec.org.uk/about-us/wave-clients/mocean-energy/; https://www.ocean-energy-systems.org/publications/oes-annual-reports/document/oes-annual-report-2023/","posinfo":"Original","project_ca":"10","project_pr":"Mocean Energy","project_sc":"Sea testing","resource":"Wave","sea":"Greater North Sea","seabasin":"Greater North Sea","service_or":"N/A","source":"Web page","source_det":"N/A","start_year":"2021","status":"Completed","technology":"Attenuator","web_page":"https://www.mocean.energy/","helmlore_id":"d2e11f8b-c569-52ea-9bfb-52ee69008618","source_observation":"cbfe519f-56b0-5dc8-ae1b-5ba64f4018e1","source_external_id":"OE-UK149","data_source":"emodnet:oenergy","source_date":"10/09/2024 00:00","retrieved_at":"2026-10-07T22:09:31.709648+00:00","correction_status":"source_baseline"}},{"type":"Feature","id":"d8084199-3e77-56c6-bf15-6beef7f5c975","geometry":{"coordinates":[-2.95,58.89],"type":"Point"},"properties":{"coast_dist":1030.0,"country":"United Kingdom","date_of_la":"13/11/2023 00:00","device":"WaveSpring","device_sca":"Part-function prototype","eia":"N/A","eialink":"","end_year":"","facid":"OE-UK118","id":145,"id_1":145,"latitude":58.89,"link_to_so":"N/A","location":"EMEC Scapa Flow","longitude":-2.95,"metadata_a":"No","metadata_l":"N/A","name":"EMEC CorPower Ocean","notes":"","otherlinks":"N/A","posinfo":"Original","project_ca":"50","project_pr":"CorPower Ocean","project_sc":"Demonstration array","resource":"Wave","sea":"Greater North Sea","seabasin":"Greater North Sea","service_or":"Map viewer/Shapefile","source":"Web page","source_det":"N/A","start_year":"2018","status":"Ceased operating","technology":"Oscillating Wave Surge Converter","web_page":"http://www.corpowerocean.com/","helmlore_id":"d8084199-3e77-56c6-bf15-6beef7f5c975","source_observation":"ae6b1c77-c486-5154-a755-24c7001a2477","source_external_id":"OE-UK118","data_source":"emodnet:oenergy","source_date":"13/11/2023 00:00","retrieved_at":"2026-10-07T22:09:31.709648+00:00","correction_status":"source_baseline"}},{"type":"Feature","id":"311f3600-2463-5ed9-9d5e-57c5922e9ff1","geometry":{"coordinates":[-4.3,58.61],"type":"Point"},"properties":{"coast_dist":5748.0,"country":"United Kingdom","date_of_la":"27/08/2025 00:00","device":"Poseidon P80","device_sca":"N/A","eia":"N/A","eialink":"","end_year":"","facid":"OE-UK124","id":148,"id_1":148,"latitude":58.61,"link_to_so":"https://maps.esp.tl/maps/_UKRED-Marine-Map/pages/map.jsp?geoMapId=267704&TENANT_ID=115744","location":"Caithness","longitude":-4.3,"metadata_a":"No","metadata_l":"N/A","name":"Katanes Wave Demonstrator","notes":"","otherlinks":"N/A","posinfo":"Original","project_ca":"3600","project_pr":"Floating Power Plant","project_sc":"Commercial","resource":"Wave","sea":"Celtic Sea","seabasin":"Atlantic","service_or":"Map viewer","source":"Web page","source_det":"RenewableUK Marine Energy Database","start_year":"2022","status":"Cancelled","technology":"Point absorber","web_page":"N/A","helmlore_id":"311f3600-2463-5ed9-9d5e-57c5922e9ff1","source_observation":"298e2907-f0c2-583b-a5b2-e3e5cc2f2e97","source_external_id":"OE-UK124","data_source":"emodnet:oenergy","source_date":"27/08/2025 00:00","retrieved_at":"2026-10-07T22:09:31.709648+00:00","correction_status":"source_baseline"}},{"type":"Feature","id":"f913aea6-b0f4-5bfb-90e6-43cbb43a8b5e","geometry":{"coordinates":[-2.896,58.893],"type":"Point"},"properties":{"coast_dist":291.0,"country":"United Kingdom","date_of_la":"28/08/2025 00:00","device":"N/A","device_sca":"N/A","eia":"N/A","eialink":"","end_year":"","facid":"OE-UK125","id":149,"id_1":149,"latitude":58.893,"link_to_so":"https://www.ocean-energy-systems.org/ocean-energy/gis-map-tool/","location":"Orkney Islands","longitude":-2.896,"metadata_a":"No","metadata_l":"N/A","name":"Churchill Barrier No.1","notes":"","otherlinks":"N/A","posinfo":"Original","project_ca":"","project_pr":"N/A","project_sc":"N/A","resource":"Tidal","sea":"Greater North Sea","seabasin":"Greater North Sea","service_or":"Map viewer","source":"Web page","source_det":"IEA-OES GIS Map of Ocean Energy Installations","start_year":"","status":"Early concept","technology":"Tidal barrier","web_page":"https://www.jbaconsulting.com/; https://tethys.pnnl.gov/project-sites/churchill-barriers-wave-overtopping-tidal-flow-energy-capture","helmlore_id":"f913aea6-b0f4-5bfb-90e6-43cbb43a8b5e","source_observation":"112c0347-8ad7-556a-ba96-97c0536813ed","source_external_id":"OE-UK125","data_source":"emodnet:oenergy","source_date":"28/08/2025 00:00","retrieved_at":"2026-10-07T22:09:31.709648+00:00","correction_status":"source_baseline"}},{"type":"Feature","id":"272dee0b-530c-52b7-9bf4-b5ea04957b70","geometry":{"coordinates":[-2.903,58.882],"type":"Point"},"properties":{"coast_dist":254.0,"country":"United Kingdom","date_of_la":"28/08/2025 00:00","device":"N/A","device_sca":"N/A","eia":"N/A","eialink":"","end_year":"","facid":"OE-UK126","id":150,"id_1":150,"latitude":58.882,"link_to_so":"https://www.ocean-energy-systems.org/ocean-energy/gis-map-tool/","location":"Orkney Islands","longitude":-2.903,"metadata_a":"No","metadata_l":"N/A","name":"Churchill Barrier No.2","notes":"","otherlinks":"N/A","posinfo":"Original","project_ca":"","project_pr":"N/A","project_sc":"N/A","resource":"Tidal","sea":"Greater North Sea","seabasin":"Greater North Sea","service_or":"Map viewer","source":"Web page","source_det":"IEA-OES GIS Map of Ocean Energy Installations","start_year":"","status":"Early concept","technology":"Tidal barrier","web_page":"https://www.jbaconsulting.com/; https://tethys.pnnl.gov/project-sites/churchill-barriers-wave-overtopping-tidal-flow-energy-capture","helmlore_id":"272dee0b-530c-52b7-9bf4-b5ea04957b70","source_observation":"79fc1ee7-6946-557b-b7d8-8cc44bcd6fb8","source_external_id":"OE-UK126","data_source":"emodnet:oenergy","source_date":"28/08/2025 00:00","retrieved_at":"2026-10-07T22:09:31.709648+00:00","correction_status":"source_baseline"}},{"type":"Feature","id":"c6e5dfca-0a8d-5213-809b-0491c093e4bf","geometry":{"coordinates":[-3.24,54.18],"type":"Point"},"properties":{"coast_dist":921.0,"country":"United Kingdom","date_of_la":"13/11/2023 00:00","device":"N/A","device_sca":"N/A","eia":"N/A","eialink":"","end_year":"","facid":"OE-UK127","id":151,"id_1":151,"latitude":54.18,"link_to_so":"N/A","location":"Duddon Estuary","longitude":-3.24,"metadata_a":"No","metadata_l":"N/A","name":"Duddon Estuary Tidal Lagoon","notes":"","otherlinks":"N/A","posinfo":"Original","project_ca":"2500","project_pr":"North West Energy Squared","project_sc":"Commercial","resource":"Tidal","sea":"Celtic Sea","seabasin":"Atlantic","service_or":"Map viewer","source":"Web page","source_det":"N/A","start_year":"","status":"Inactive","technology":"Tidal range","web_page":"N/A","helmlore_id":"c6e5dfca-0a8d-5213-809b-0491c093e4bf","source_observation":"24a9696d-0854-548e-9950-d51d3f6ff049","source_external_id":"OE-UK127","data_source":"emodnet:oenergy","source_date":"13/11/2023 00:00","retrieved_at":"2026-10-07T22:09:31.709648+00:00","correction_status":"source_baseline"}},{"type":"Feature","id":"22e74e26-934f-538b-930c-f96bfae3180e","geometry":{"coordinates":[-3.03,54.05],"type":"Point"},"properties":{"coast_dist":6765.0,"country":"United Kingdom","date_of_la":"13/11/2023 00:00","device":"N/A","device_sca":"N/A","eia":"N/A","eialink":"","end_year":"","facid":"OE-UK128","id":152,"id_1":152,"latitude":54.05,"link_to_so":"N/A","location":"Morecambe Bay","longitude":-3.03,"metadata_a":"No","metadata_l":"N/A","name":"Morecambe Bay Tidal Lagoon","notes":"","otherlinks":"N/A","posinfo":"Original","project_ca":"2500","project_pr":"North West Energy Squared","project_sc":"Commercial","resource":"Tidal","sea":"Celtic Sea","seabasin":"Atlantic","service_or":"Map viewer","source":"Web page","source_det":"N/A","start_year":"","status":"Inactive","technology":"Tidal range","web_page":"N/A","helmlore_id":"22e74e26-934f-538b-930c-f96bfae3180e","source_observation":"9039251a-4e5d-51f2-8da5-c86add3f231b","source_external_id":"OE-UK128","data_source":"emodnet:oenergy","source_date":"13/11/2023 00:00","retrieved_at":"2026-10-07T22:09:31.709648+00:00","correction_status":"source_baseline"}},{"type":"Feature","id":"807cb685-cbb0-5523-8d5b-beddea4c63fc","geometry":{"coordinates":[-3.34,51.22],"type":"Point"},"properties":{"coast_dist":4126.0,"country":"United Kingdom","date_of_la":"13/11/2023 00:00","device":"N/A","device_sca":"N/A","eia":"N/A","eialink":"","end_year":"","facid":"OE-UK129","id":153,"id_1":153,"latitude":51.22,"link_to_so":"N/A","location":"West Somerset","longitude":-3.34,"metadata_a":"No","metadata_l":"N/A","name":"West Somerset Tidal Lagoon","notes":"","otherlinks":"N/A","posinfo":"Original","project_ca":"3000","project_pr":"Halcyon Tidal Power; LongBay SeaPower Ltd","project_sc":"Commercial","resource":"Tidal","sea":"Celtic Sea","seabasin":"Atlantic","service_or":"Map viewer","source":"Web page","source_det":"N/A","start_year":"","status":"Cancelled","technology":"Tidal range","web_page":"N/A","helmlore_id":"807cb685-cbb0-5523-8d5b-beddea4c63fc","source_observation":"cd231def-67e0-5297-adf9-7dd4a3c1f802","source_external_id":"OE-UK129","data_source":"emodnet:oenergy","source_date":"13/11/2023 00:00","retrieved_at":"2026-10-07T22:09:31.709648+00:00","correction_status":"source_baseline"}},{"type":"Feature","id":"b33168e7-f416-5dc6-b4dc-77a4c86cc9f3","geometry":{"coordinates":[-3.645,53.323],"type":"Point"},"properties":{"coast_dist":3233.0,"country":"United Kingdom","date_of_la":"28/08/2025 00:00","device":"N/A","device_sca":"N/A","eia":"N/A","eialink":"","end_year":"","facid":"OE-UK130","id":154,"id_1":154,"latitude":53.323,"link_to_so":"https://www.ocean-energy-systems.org/ocean-energy/gis-map-tool/","location":"between Prestatyn and Llandudno, Wales","longitude":-3.645,"metadata_a":"No","metadata_l":"N/A","name":"NWTE project","notes":"","otherlinks":"N/A","posinfo":"Original","project_ca":"2500000","project_pr":"N/A","project_sc":"Commercial","resource":"Tidal","sea":"Celtic Sea","seabasin":"Atlantic","service_or":"Map viewer","source":"Web page","source_det":"IEA-OES GIS Map of Ocean Energy Installations","start_year":"","status":"In development","technology":"Tidal barrier","web_page":"https://www.northwalestidalenergy.com/","helmlore_id":"b33168e7-f416-5dc6-b4dc-77a4c86cc9f3","source_observation":"ee02ad7f-8dec-5553-b63b-341af233a106","source_external_id":"OE-UK130","data_source":"emodnet:oenergy","source_date":"28/08/2025 00:00","retrieved_at":"2026-10-07T22:09:31.709648+00:00","correction_status":"source_baseline"}},{"type":"Feature","id":"c58a8fe6-cbd9-543d-a7c7-890dd3c961ea","geometry":{"coordinates":[-5.06,51.55],"type":"Point"},"properties":{"coast_dist":7418.0,"country":"United Kingdom","date_of_la":"28/08/2025 00:00","device":"ATIR 2.0 device","device_sca":"Commercial","eia":"N/A","eialink":"","end_year":"","facid":"OE-UK168","id":165,"id_1":165,"latitude":51.55,"link_to_so":"https://www.ocean-energy-systems.org/ocean-energy/gis-map-tool/","location":"West Anglesey Demonstration Zone","longitude":-5.06,"metadata_a":"No","metadata_l":"N/A","name":"Morlais Magallanes GR3","notes":"","otherlinks":"https://www.ocean-energy-systems.org/publications/oes-annual-reports/","posinfo":"Original","project_ca":"5620","project_pr":"Magallanes Renovables, S.L.","project_sc":"","resource":"Tidal","sea":"Celtic Sea","seabasin":"Atlantic","service_or":"Map viewer","source":"Web page","source_det":"IEA-OES GIS Map of Ocean Energy Installations","start_year":"2027","status":"In planning","technology":"Axial Flow Turbine","web_page":"","helmlore_id":"c58a8fe6-cbd9-543d-a7c7-890dd3c961ea","source_observation":"f2b58706-67fd-543c-915c-2a73b986199b","source_external_id":"OE-UK168","data_source":"emodnet:oenergy","source_date":"28/08/2025 00:00","retrieved_at":"2026-10-07T22:09:31.709648+00:00","correction_status":"source_baseline"}},{"type":"Feature","id":"9ba9c529-1f6e-55e2-8f55-b30aeffb3b8f","geometry":{"coordinates":[1.843,57.484],"type":"Point"},"properties":{"coast_dist":216485.0,"country":"United Kingdom","date_of_la":"27/08/2025 00:00","device":"PB3","device_sca":"N/A","eia":"N/A","eialink":"","end_year":"","facid":"OE-UK133","id":167,"id_1":167,"latitude":57.484,"link_to_so":"https://www.ocean-energy-systems.org/ocean-energy/gis-map-tool/","location":"Huntington Oil Field","longitude":1.843,"metadata_a":"No","metadata_l":"N/A","name":"Huntington Oil Field","notes":"","otherlinks":"N/A","posinfo":"Original","project_ca":"110","project_pr":"Ocean Power Technologies (OPT)","project_sc":"N/A","resource":"Wave","sea":"Greater North Sea","seabasin":"Greater North Sea","service_or":"Map viewer","source":"Web page","source_det":"IEA-OES GIS Map of Ocean Energy Installations","start_year":"2019","status":"Completed","technology":"Point absorber","web_page":"https://oceanpowertechnologies.com/","helmlore_id":"9ba9c529-1f6e-55e2-8f55-b30aeffb3b8f","source_observation":"f3cb7edf-1594-5286-92da-c8de38c557bb","source_external_id":"OE-UK133","data_source":"emodnet:oenergy","source_date":"27/08/2025 00:00","retrieved_at":"2026-10-07T22:09:31.709648+00:00","correction_status":"source_baseline"}},{"type":"Feature","id":"afe01372-2182-59c3-85c0-9ae3e614a0c0","geometry":{"coordinates":[-6.11,55.89],"type":"Point"},"properties":{"coast_dist":1050.0,"country":"United Kingdom","date_of_la":"19/09/2024 00:00","device":"TBC","device_sca":"Full scale","eia":"N/A","eialink":"","end_year":"","facid":"OE-UK135","id":169,"id_1":169,"latitude":55.89,"link_to_so":"N/A","location":"Sound of Islay","longitude":-6.11,"metadata_a":"No","metadata_l":"N/A","name":"Oran na Mara","notes":"https://marine.gov.scot/sites/default/files/volume_3_-_technical_reports_-_appendix_6.4_-_cumulative_effects_screening.pdf","otherlinks":"N/A","posinfo":"Original","project_ca":"3000","project_pr":"Nova Innovation Ltd","project_sc":"Commercial","resource":"Tidal","sea":"Celtic Sea","seabasin":"Atlantic","service_or":"N/A","source":"Web page","source_det":"N/A","start_year":"2021","status":"Pre-planning application","technology":"Horizontal axis turbine","web_page":"https://www.novainnovation.com","helmlore_id":"afe01372-2182-59c3-85c0-9ae3e614a0c0","source_observation":"cff2ec0a-8e5a-5844-b3f2-bd431eb1a3b3","source_external_id":"OE-UK135","data_source":"emodnet:oenergy","source_date":"19/09/2024 00:00","retrieved_at":"2026-10-07T22:09:31.709648+00:00","correction_status":"source_baseline"}},{"type":"Feature","id":"d8e52eae-f8e9-593b-9726-69debaa39c1a","geometry":{"coordinates":[-9.547,52.944],"type":"Point"},"properties":{"coast_dist":4809.0,"country":"Ireland","date_of_la":"17/07/2025 00:00","device":"N/A","device_sca":"N/A","eia":"N/A","eialink":"","end_year":"","facid":"OE-IE11","id":177,"id_1":177,"latitude":52.944,"link_to_so":"https://www.ocean-energy-systems.org/publications/oes-annual-reports/document/oes-annual-report-2022/","location":"off the west coast of Co. Clare","longitude":-9.547,"metadata_a":"No","metadata_l":"N/A","name":"Western Star Wave / Project Saoirse (2)","notes":"","otherlinks":"https://ec.europa.eu/assets/cinea/project_fiches/innovation_fund/101133237.pdf","posinfo":"Original","project_ca":"25000","project_pr":"Simply Blue Energy (SBE)","project_sc":"Commercial","resource":"Wave","sea":"Celtic Sea","seabasin":"Atlantic","service_or":"Report","source":"Web page","source_det":"OES Annual Reports","start_year":"","status":"Planned","technology":"Point Absorber","web_page":"https://simplybluegroup.com/project/saoirse-wave-energy/","helmlore_id":"d8e52eae-f8e9-593b-9726-69debaa39c1a","source_observation":"08f3de0e-c5bb-5f8b-b024-89f28cad69e3","source_external_id":"OE-IE11","data_source":"emodnet:oenergy","source_date":"17/07/2025 00:00","retrieved_at":"2026-10-07T22:09:31.709648+00:00","correction_status":"source_baseline"}},{"type":"Feature","id":"a9a153ce-6352-56d3-9f44-c00136a5ce38","geometry":{"coordinates":[-9.547,52.944],"type":"Point"},"properties":{"coast_dist":4809.0,"country":"Ireland","date_of_la":"17/07/2025 00:00","device":"CorPower C4","device_sca":"N/A","eia":"N/A","eialink":"","end_year":"","facid":"OE-IE10","id":177,"id_1":177,"latitude":52.944,"link_to_so":"https://www.ocean-energy-systems.org/publications/oes-annual-reports/document/oes-annual-report-2022/","location":"off the west coast of Co. Clare","longitude":-9.547,"metadata_a":"No","metadata_l":"N/A","name":"Western Star Wave / Project Saoirse (1)","notes":"","otherlinks":"https://www.saoirsewaveenergy.com/home","posinfo":"Original","project_ca":"5000","project_pr":"CorPower Ocean","project_sc":"Pre-commercial","resource":"Wave","sea":"Celtic Sea","seabasin":"Atlantic","service_or":"Report","source":"Web page","source_det":"OES Annual Reports","start_year":"2029","status":"Planned","technology":"Point Absorber","web_page":"https://corpowerocean.com/","helmlore_id":"a9a153ce-6352-56d3-9f44-c00136a5ce38","source_observation":"ce8e3532-b42b-52c1-9690-0d457ae733a0","source_external_id":"OE-IE10","data_source":"emodnet:oenergy","source_date":"17/07/2025 00:00","retrieved_at":"2026-10-07T22:09:31.709648+00:00","correction_status":"source_baseline"}},{"type":"Feature","id":"0696e747-1f74-55a0-8e95-84bd9fcd7d70","geometry":{"coordinates":[-5.07384,51.65866],"type":"Point"},"properties":{"coast_dist":674.0,"country":"United Kingdom","date_of_la":"27/08/2025 00:00","device":"mWave","device_sca":"Full scale","eia":"N/A","eialink":"","end_year":"2022","facid":"OE-UK152","id":182,"id_1":182,"latitude":51.65866,"link_to_so":"https://www.ocean-energy-systems.org/ocean-energy/gis-map-tool/","location":"East Pickard Bay (Pembrokeshire)","longitude":-5.07384,"metadata_a":"No","metadata_l":"N/A","name":"mWave Demonstrator","notes":"","otherlinks":"https://opendata-thecrownestate.opendata.arcgis.com/datasets/thecrownestate::wave-site-agreements-england-wales-ni-the-crown-estate/explore?location=40.957617%2C-79.496111%2C15.43&showTable=true","posinfo":"Estimated","project_ca":"1500","project_pr":"Bombora Wave Power","project_sc":"Sea testing","resource":"Wave","sea":"Celtic Sea","seabasin":"Atlantic","service_or":"Map viewer","source":"Web page","source_det":"IEA-OES GIS Map of Ocean Energy Installations","start_year":"2021","status":"In construction","technology":"Submerged Pressure Differential","web_page":"https://bomborawave.com/projects/","helmlore_id":"0696e747-1f74-55a0-8e95-84bd9fcd7d70","source_observation":"3cbefd84-b32a-5d60-a6ef-cb0be0415b72","source_external_id":"OE-UK152","data_source":"emodnet:oenergy","source_date":"27/08/2025 00:00","retrieved_at":"2026-10-07T22:09:31.709648+00:00","correction_status":"source_baseline"}},{"type":"Feature","id":"aed23caa-27f1-525d-afe9-e1344fa661ab","geometry":{"coordinates":[-5.39911,56.45578],"type":"Point"},"properties":{"coast_dist":236.0,"country":"United Kingdom","date_of_la":"27/08/2025 00:00","device":"SCHOTTEL-SIT250","device_sca":"Prototype","eia":"N/A","eialink":"","end_year":"2018","facid":"OE-UK153","id":183,"id_1":183,"latitude":56.45578,"link_to_so":"https://maps.espatial.com/maps/_UKRED-Marine-Map/pages/map.jsp?geoMapId=267704&TENANT_ID=115744; https://www.offshore-energy.biz/plat-i-tidal-platform-generates-first-power/","location":"Connel Sound (Oban)","longitude":-5.39911,"metadata_a":"No","metadata_l":"N/A","name":"PLAT-I Floating Tidal Energy Platform","notes":"","otherlinks":"https://www.researchgate.net/publication/326572960_Field_Performance_Testing_of_a_Floating_Tidal_Energy_Platform-Part_1_Power_Performance","posinfo":"Estimated","project_ca":"280","project_pr":"Sustainable Marine Energy Ltd","project_sc":"Sea testing","resource":"Tidal","sea":"Celtic Sea","seabasin":"Atlantic","service_or":"Map viewer","source":"Web page","source_det":"Offshore Energy; RenewableUK Marine Energy Database","start_year":"2017","status":"Ceased operating","technology":"Horizontal axis turbine","web_page":"www.sustainablemarine.com","helmlore_id":"aed23caa-27f1-525d-afe9-e1344fa661ab","source_observation":"7ad7120a-1016-5dbe-a130-53494ea613fd","source_external_id":"OE-UK153","data_source":"emodnet:oenergy","source_date":"27/08/2025 00:00","retrieved_at":"2026-10-07T22:09:31.709648+00:00","correction_status":"source_baseline"}},{"type":"Feature","id":"322f5801-7d93-5043-aa59-136f8f1a25ef","geometry":{"coordinates":[-1.501507,50.706535],"type":"Point"},"properties":{"coast_dist":63.0,"country":"United Kingdom","date_of_la":"13/11/2023 00:00","device":"Tocardo T2 & T3","device_sca":"Full scale","eia":"N/A","eialink":"","end_year":"","facid":"OE-UK156","id":190,"id_1":190,"latitude":50.706535,"link_to_so":"N/A","location":"Yarmouth Harbour (Isle of Wight)","longitude":-1.501507,"metadata_a":"No","metadata_l":"N/A","name":"Tiger project-T2, T3","notes":"","otherlinks":"https://interregtiger.com/expanding-the-marine-energy-market/development-sites-and-procurement/yarmouth-harbour/","posinfo":"Estimated","project_ca":"600","project_pr":"Tocardo International BV","project_sc":"Commercial","resource":"Tidal","sea":"Greater North Sea","seabasin":"Greater North Sea","service_or":"N/A","source":"Web page","source_det":"N/A","start_year":"2022","status":"Completed","technology":"Horizontal Axis Turbine","web_page":"http://www.tocardo.com/projects_and_showcases/den_oever_ttc.html","helmlore_id":"322f5801-7d93-5043-aa59-136f8f1a25ef","source_observation":"aa33fabd-0d9b-5080-9924-54aae3f2ba0e","source_external_id":"OE-UK156","data_source":"emodnet:oenergy","source_date":"13/11/2023 00:00","retrieved_at":"2026-10-07T22:09:31.709648+00:00","correction_status":"source_baseline"}},{"type":"Feature","id":"846c3edf-5f8a-5d74-9cad-3707a179b815","geometry":{"coordinates":[-1.501507,50.706535],"type":"Point"},"properties":{"coast_dist":63.0,"country":"United Kingdom","date_of_la":"13/11/2023 00:00","device":"Tocardo T1","device_sca":"Full scale","eia":"N/A","eialink":"","end_year":"","facid":"OE-UK155","id":190,"id_1":190,"latitude":50.706535,"link_to_so":"N/A","location":"Yarmouth Harbour (Isle of Wight)","longitude":-1.501507,"metadata_a":"No","metadata_l":"N/A","name":"Tiger project-T1","notes":"","otherlinks":"https://interregtiger.com/expanding-the-marine-energy-market/development-sites-and-procurement/yarmouth-harbour/","posinfo":"Estimated","project_ca":"350","project_pr":"Tocardo International BV","project_sc":"Commercial","resource":"Tidal","sea":"Greater North Sea","seabasin":"Greater North Sea","service_or":"N/A","source":"Web page","source_det":"N/A","start_year":"2021","status":"Completed","technology":"Horizontal Axis Turbine","web_page":"http://www.tocardo.com/projects_and_showcases/den_oever_ttc.html","helmlore_id":"846c3edf-5f8a-5d74-9cad-3707a179b815","source_observation":"43010ec0-fa06-56d7-a3b0-8704a120b4ea","source_external_id":"OE-UK155","data_source":"emodnet:oenergy","source_date":"13/11/2023 00:00","retrieved_at":"2026-10-07T22:09:31.709648+00:00","correction_status":"source_baseline"}},{"type":"Feature","id":"c7c8f032-b0ad-5b30-949d-20611b3223b7","geometry":{"coordinates":[-1.2826393,50.54933601],"type":"Point"},"properties":{"coast_dist":2980.0,"country":"United Kingdom","date_of_la":"28/08/2025 00:00","device":"N/A","device_sca":"N/A","eia":"N/A","eialink":"","end_year":"","facid":"OE-UK157","id":191,"id_1":191,"latitude":50.549336005,"link_to_so":"https://opendata-thecrownestate.opendata.arcgis.com/datasets/5672a176762e4a3d8fb597039abb22d2/explore?showTable=true","location":"St Catherine's Point (Isle of Wight)","longitude":-1.28263930022,"metadata_a":"No","metadata_l":"N/A","name":"PTEC Regeneration Process- Tiger Project","notes":"","otherlinks":"https://interregtiger.com/press-release-isle-of-wight-tidal-power-project-gains-consent/; https://interregtiger.com/expanding-the-marine-energy-market/development-sites-and-procurement/yarmouth-harbour/","posinfo":"Original","project_ca":"5000","project_pr":"QED Naval","project_sc":"N/A","resource":"Tidal","sea":"Greater North Sea","seabasin":"Greater North Sea","service_or":"Map viewer/Shapefile","source":"Web page","source_det":"The Crown Estate","start_year":"2021","status":"Consented","technology":"N/A","web_page":"N/A","helmlore_id":"c7c8f032-b0ad-5b30-949d-20611b3223b7","source_observation":"c28d503b-d237-521e-ba89-904632f74c97","source_external_id":"OE-UK157","data_source":"emodnet:oenergy","source_date":"28/08/2025 00:00","retrieved_at":"2026-10-07T22:09:31.709648+00:00","correction_status":"source_baseline"}},{"type":"Feature","id":"e8c3f338-38af-5d6d-9a37-b034084f93ca","geometry":{"coordinates":[-5.636611,57.391674],"type":"Point"},"properties":{"coast_dist":273.0,"country":"United Kingdom","date_of_la":"13/11/2023 00:00","device":"Squid Device","device_sca":"Prototype","eia":"N/A","eialink":"","end_year":"2014","facid":"OE-UK160","id":199,"id_1":199,"latitude":57.391674,"link_to_so":"N/A","location":"Kishorn Port","longitude":-5.636611,"metadata_a":"No","metadata_l":"N/A","name":"Wave Net Array","notes":"","otherlinks":"N/A","posinfo":"Estimated","project_ca":"450","project_pr":"Albatern Ltd","project_sc":"Sea testing","resource":"Wave","sea":"Celtic Sea","seabasin":"Atlantic","service_or":"N/A","source":"Web page","source_det":"N/A","start_year":"2013","status":"Completed","technology":"Point absorber","web_page":"https://www.linkedin.com/company/albatern","helmlore_id":"e8c3f338-38af-5d6d-9a37-b034084f93ca","source_observation":"009815d8-84c4-5faa-b80d-6aceb207c032","source_external_id":"OE-UK160","data_source":"emodnet:oenergy","source_date":"13/11/2023 00:00","retrieved_at":"2026-10-07T22:09:31.709648+00:00","correction_status":"source_baseline"}},{"type":"Feature","id":"b283cee8-eb1f-51cd-ade5-faf01d0ca446","geometry":{"coordinates":[-4.422078,57.326701],"type":"Point"},"properties":{"coast_dist":0.0,"country":"United Kingdom","date_of_la":"13/11/2023 00:00","device":"AWSIII","device_sca":"1:9 scale","eia":"N/A","eialink":"","end_year":"","facid":"OE-UK162","id":200,"id_1":200,"latitude":57.326701,"link_to_so":"N/A","location":"Loch Ness","longitude":-4.422078,"metadata_a":"No","metadata_l":"N/A","name":"AWS Ocean","notes":"","otherlinks":"https://www.renewableenergymagazine.com/ocean_energy/aws-tests-wave-energy-prototype-in-loch","posinfo":"Estimated","project_ca":"","project_pr":"AWS Ocean Energy\u00a0","project_sc":"Pilot device","resource":"Wave","sea":"Greater North Sea","seabasin":"Greater North Sea","service_or":"N/A","source":"Web page","source_det":"N/A","start_year":"2010","status":"Completed","technology":"Point Absorber","web_page":"https://awsocean.com/research-development/","helmlore_id":"b283cee8-eb1f-51cd-ade5-faf01d0ca446","source_observation":"57023d25-47ba-54ee-9632-ac1760f4e389","source_external_id":"OE-UK162","data_source":"emodnet:oenergy","source_date":"13/11/2023 00:00","retrieved_at":"2026-10-07T22:09:31.709648+00:00","correction_status":"source_baseline"}},{"type":"Feature","id":"3afa1a2e-d481-503f-87bd-eb6a26a624c6","geometry":{"coordinates":[-3.186863,58.833428],"type":"Point"},"properties":{"coast_dist":243.0,"country":"United Kingdom","date_of_la":"13/11/2023 00:00","device":"AWSIII","device_sca":"Full Scale","eia":"N/A","eialink":"","end_year":"","facid":"OE-UK163","id":201,"id_1":201,"latitude":58.833428,"link_to_so":"N/A","location":"Lynes quay (Orkney)","longitude":-3.186863,"metadata_a":"No","metadata_l":"N/A","name":"AWS Ocean","notes":"","otherlinks":"https://www.researchgate.net/publication/338740936_Preliminary_design_of_a_hybrid_wave_energy_converter_integrated_into_a_rubble_mound_breakwater","posinfo":"Estimated","project_ca":"2400","project_pr":"AWS Ocean Energy\u00a0","project_sc":"Sea testing","resource":"Wave","sea":"Greater North Sea","seabasin":"Greater North Sea","service_or":"N/A","source":"Web page","source_det":"N/A","start_year":"2014","status":"Completed","technology":"Point Absorber","web_page":"https://awsocean.com/research-development/","helmlore_id":"3afa1a2e-d481-503f-87bd-eb6a26a624c6","source_observation":"27d1e4dc-d147-5d3c-9aa9-bc8863adce4b","source_external_id":"OE-UK163","data_source":"emodnet:oenergy","source_date":"13/11/2023 00:00","retrieved_at":"2026-10-07T22:09:31.709648+00:00","correction_status":"source_baseline"}},{"type":"Feature","id":"717dbfc8-205d-579e-ab9f-74c5eceabec4","geometry":{"coordinates":[-5.47,51.78],"type":"Point"},"properties":{"coast_dist":9321.0,"country":"United Kingdom","date_of_la":"27/08/2025 00:00","device":"N/A","device_sca":"N/A","eia":"N/A","eialink":"","end_year":"2022","facid":"OE-UK165","id":205,"id_1":205,"latitude":51.78,"link_to_so":"https://maps.esp.tl/maps/_UKRED-Marine-Map/pages/map.jsp?geoMapId=267704&TENANT_ID=115744","location":"Wales","longitude":-5.47,"metadata_a":"No","metadata_l":"N/A","name":"Dyfed Wave Demonstrator","notes":"","otherlinks":"N/A","posinfo":"Original","project_ca":"3600","project_pr":"Floating Power Plant Ltd","project_sc":"N/A","resource":"Wave","sea":"Celtic Sea","seabasin":"Atlantic","service_or":"Map viewer","source":"Web page","source_det":"RenewableUK Marine Energy Database","start_year":"","status":"Cancelled","technology":"N/A","web_page":"https://www.floatingpowerplant.com/floating-wind-projects/","helmlore_id":"717dbfc8-205d-579e-ab9f-74c5eceabec4","source_observation":"5dee31ae-a2db-55e0-b370-6d5d902ef396","source_external_id":"OE-UK165","data_source":"emodnet:oenergy","source_date":"27/08/2025 00:00","retrieved_at":"2026-10-07T22:09:31.709648+00:00","correction_status":"source_baseline"}}]}