{"type":"FeatureCollection","features":[{"type":"Feature","id":"80e29217-f677-5b0c-9a82-70b2b4f318e7","geometry":{"coordinates":[-8.33418,51.196803],"type":"Point"},"properties":{"category":"Subsea steel","coast_dist":47414.8819442,"country":"Ireland","current_status":"Operational","function":"Subsea (5 wells)","location_blocks":"Block 48/24","name":"Seven Heads","operator":"PSE Kinsale Energy","platformid":"IE6","primary_production":"Natural Gas","production_start":null,"remarks":null,"valid_from":"20030101","valid_to":null,"water_depth":93.0,"weight_sub":82.0,"weight_top":null,"helmlore_id":"80e29217-f677-5b0c-9a82-70b2b4f318e7","source_observation":"807e48c1-1f26-511e-bdd9-790d0111451f","source_external_id":"IE6","data_source":"emodnet:platforms","source_date":"unknown","retrieved_at":"2026-10-07T22:09:31.709648+00:00","correction_status":"source_baseline"}},{"type":"Feature","id":"f86e9806-8623-524b-abe4-49005c94d946","geometry":{"coordinates":[-8.124558,51.451944],"type":"Point"},"properties":{"category":"Subsea steel","coast_dist":33016.9996039,"country":"Ireland","current_status":"Operational","function":"Subsea (1 well)","location_blocks":"Block 48/20","name":"Ballycotton","operator":"PSE Kinsale Energy","platformid":"IE1","primary_production":"Natural Gas","production_start":null,"remarks":null,"valid_from":"19910101","valid_to":null,"water_depth":87.0,"weight_sub":35.0,"weight_top":null,"helmlore_id":"f86e9806-8623-524b-abe4-49005c94d946","source_observation":"9a3aae13-a532-5a3b-b425-639f9762e78c","source_external_id":"IE1","data_source":"emodnet:platforms","source_date":"unknown","retrieved_at":"2026-10-07T22:09:31.709648+00:00","correction_status":"source_baseline"}},{"type":"Feature","id":"8664ec27-ef30-5a8b-97e6-b6a512bb774c","geometry":{"coordinates":[-11.058547,54.339003],"type":"Point"},"properties":{"category":"Subsea steel","coast_dist":56856.6051747,"country":"Ireland","current_status":"Decommissioned","function":"Subsea (7 wells)","location_blocks":"Block 18/20-25","name":"Corrib","operator":"Shell","platformid":"IE7","primary_production":"Natural Gas","production_start":null,"remarks":"Under commission, Central manifold location,","valid_from":null,"valid_to":null,"water_depth":333.0,"weight_sub":375.0,"weight_top":null,"helmlore_id":"8664ec27-ef30-5a8b-97e6-b6a512bb774c","source_observation":"096687d4-e3f3-5473-abe3-046f290e4c6c","source_external_id":"IE7","data_source":"emodnet:platforms","source_date":"unknown","retrieved_at":"2026-10-07T22:09:31.709648+00:00","correction_status":"source_baseline"}},{"type":"Feature","id":"03399888-1891-5cd3-886b-861cebf58421","geometry":{"coordinates":[-8.099091,51.32642],"type":"Point"},"properties":{"category":"Subsea steel","coast_dist":43213.3681683,"country":"Ireland","current_status":"Operational","function":"Subsea (1 well)","location_blocks":"Block 48/25","name":"Greensand","operator":"PSE Kinsale Energy","platformid":"IE5","primary_production":"Natural Gas","production_start":null,"remarks":null,"valid_from":"20030101","valid_to":null,"water_depth":93.0,"weight_sub":35.0,"weight_top":null,"helmlore_id":"03399888-1891-5cd3-886b-861cebf58421","source_observation":"7561e024-7d38-5ee6-ae9b-df348ced306b","source_external_id":"IE5","data_source":"emodnet:platforms","source_date":"unknown","retrieved_at":"2026-10-07T22:09:31.709648+00:00","correction_status":"source_baseline"}},{"type":"Feature","id":"d0a87390-bf81-5cf0-a33b-2139eb94d84e","geometry":{"coordinates":[-8.098433,51.327114],"type":"Point"},"properties":{"category":"Subsea steel","coast_dist":43189.7172436,"country":"Ireland","current_status":"Operational","function":"Subsea (3 wells)","location_blocks":"Block 48/25","name":"South West Kinsale","operator":"PSE Kinsale Energy","platformid":"IE4","primary_production":"Natural Gas","production_start":null,"remarks":null,"valid_from":"20010101","valid_to":null,"water_depth":93.0,"weight_sub":105.0,"weight_top":null,"helmlore_id":"d0a87390-bf81-5cf0-a33b-2139eb94d84e","source_observation":"ca9a832f-da9d-5055-b617-eda1ebcfc912","source_external_id":"IE4","data_source":"emodnet:platforms","source_date":"unknown","retrieved_at":"2026-10-07T22:09:31.709648+00:00","correction_status":"source_baseline"}},{"type":"Feature","id":"2be03cee-0257-5ebb-a312-5d19255f4a4c","geometry":{"coordinates":[1.02721771,53.80658136],"type":"Point"},"properties":{"category":"PLATFORM","coast_dist":61904.1554945,"country":"United Kingdom","current_status":"Operational","function":"WELLHEAD STEEL","location_blocks":null,"name":"HYDE","operator":"PERENCO OIL & GAS","platformid":"da061ede-0266-4723-a0fe-111920b2","primary_production":null,"production_start":null,"remarks":null,"valid_from":null,"valid_to":null,"water_depth":0.0,"weight_sub":null,"weight_top":null,"helmlore_id":"2be03cee-0257-5ebb-a312-5d19255f4a4c","source_observation":"505c3b90-e35f-55a0-8043-fdccdaac52b1","source_external_id":"da061ede-0266-4723-a0fe-111920b2","data_source":"emodnet:platforms","source_date":"unknown","retrieved_at":"2026-10-07T22:09:31.709648+00:00","correction_status":"source_baseline"}},{"type":"Feature","id":"bfdf4eae-4937-5e11-80b9-e66a37f45127","geometry":{"coordinates":[-4.1218069,54.78648963],"type":"Point"},"properties":{"category":"TERMINAL","coast_dist":130.903421706,"country":"United Kingdom","current_status":"Operational","function":"DUNROD POINT","location_blocks":null,"name":"DUNROD POINT","operator":null,"platformid":"9cfd38a2-8adb-4364-b2bc-d9ff3734","primary_production":null,"production_start":null,"remarks":null,"valid_from":null,"valid_to":null,"water_depth":0.0,"weight_sub":null,"weight_top":null,"helmlore_id":"bfdf4eae-4937-5e11-80b9-e66a37f45127","source_observation":"68bf8f12-ab81-5cb9-9cf2-18fa602c6569","source_external_id":"9cfd38a2-8adb-4364-b2bc-d9ff3734","data_source":"emodnet:platforms","source_date":"unknown","retrieved_at":"2026-10-07T22:09:31.709648+00:00","correction_status":"source_baseline"}},{"type":"Feature","id":"57f86141-cd18-50f4-bc35-1af6ef38ea2e","geometry":{"coordinates":[-3.86137143,54.02623955],"type":"Point"},"properties":{"category":"PLATFORM","coast_dist":39242.9568564,"country":"United Kingdom","current_status":"Operational","function":"REMOTE DRILLING AND PRODUCTION PLATFORM","location_blocks":null,"name":"MILLOM WEST","operator":"HARBOUR ENERGY PLC","platformid":"0cf73cb0-d034-45ac-9aba-16ab5945","primary_production":null,"production_start":null,"remarks":null,"valid_from":null,"valid_to":null,"water_depth":0.0,"weight_sub":null,"weight_top":null,"helmlore_id":"57f86141-cd18-50f4-bc35-1af6ef38ea2e","source_observation":"ed351f9a-543a-54f0-9b29-41643c1df947","source_external_id":"0cf73cb0-d034-45ac-9aba-16ab5945","data_source":"emodnet:platforms","source_date":"unknown","retrieved_at":"2026-10-07T22:09:31.709648+00:00","correction_status":"source_baseline"}},{"type":"Feature","id":"256880af-bb99-5a7d-8c17-e39a964b53bc","geometry":{"coordinates":[1.65835557,54.29886632],"type":"Point"},"properties":{"category":"PLATFORM","coast_dist":115000.292362,"country":"United Kingdom","current_status":"Operational","function":"WELLHEAD STEEL","location_blocks":null,"name":"TRENT","operator":"PERENCO OIL & GAS","platformid":"4307cce6-d5a6-4a90-a25c-71113b31","primary_production":null,"production_start":null,"remarks":null,"valid_from":null,"valid_to":null,"water_depth":0.0,"weight_sub":null,"weight_top":null,"helmlore_id":"256880af-bb99-5a7d-8c17-e39a964b53bc","source_observation":"b1fab7b2-e774-5328-ba2c-5a6637424a99","source_external_id":"4307cce6-d5a6-4a90-a25c-71113b31","data_source":"emodnet:platforms","source_date":"unknown","retrieved_at":"2026-10-07T22:09:31.709648+00:00","correction_status":"source_baseline"}},{"type":"Feature","id":"ad769fb2-b629-529a-9982-735825e62a12","geometry":{"coordinates":[1.40282335,58.04691686],"type":"Point"},"properties":{"category":"PLATFORM","coast_dist":197672.907485,"country":"United Kingdom","current_status":"Operational","function":"DRILLING & PRODUCTION STEEL","location_blocks":null,"name":"ANDREW","operator":"BP EXPLORATION","platformid":"797573da-3b0b-40d3-aad7-0063c7a4","primary_production":null,"production_start":null,"remarks":null,"valid_from":null,"valid_to":null,"water_depth":0.0,"weight_sub":null,"weight_top":null,"helmlore_id":"ad769fb2-b629-529a-9982-735825e62a12","source_observation":"fe8d2aa7-da66-5fc6-b006-b6070a46742d","source_external_id":"797573da-3b0b-40d3-aad7-0063c7a4","data_source":"emodnet:platforms","source_date":"unknown","retrieved_at":"2026-10-07T22:09:31.709648+00:00","correction_status":"source_baseline"}},{"type":"Feature","id":"5e32dffc-114d-54d7-a14e-d4cfe115394d","geometry":{"coordinates":[2.32236403,54.26795147],"type":"Point"},"properties":{"category":"PLATFORM","coast_dist":157458.020981,"country":"United Kingdom","current_status":"Closed down","function":"WELLHEAD DRILLING STEEL","location_blocks":null,"name":"MURDOCH DRILLING","operator":"CHRYSAOR HOLDINGS","platformid":"9b86a7be-29ab-418e-9f25-d3c5c428","primary_production":null,"production_start":null,"remarks":"Change in status from ACTIVE to NOT IN USE.","valid_from":"19930101","valid_to":null,"water_depth":0.0,"weight_sub":null,"weight_top":null,"helmlore_id":"5e32dffc-114d-54d7-a14e-d4cfe115394d","source_observation":"46d48f74-92e7-53d6-a176-de2e221628b1","source_external_id":"9b86a7be-29ab-418e-9f25-d3c5c428","data_source":"emodnet:platforms","source_date":"unknown","retrieved_at":"2026-10-07T22:09:31.709648+00:00","correction_status":"source_baseline"}},{"type":"Feature","id":"4ce85357-8d78-5740-b217-38a5a7b371fa","geometry":{"coordinates":[-1.83810239,50.51613678],"type":"Point"},"properties":{"category":"BUOY","coast_dist":11842.4994487,"country":"United Kingdom","current_status":"Operational","function":"ENGLISH CHANNEL TITAN BUOY 2: KFB18/2012 AREA4","location_blocks":null,"name":"ENGLISH CHANNEL TITAN BUOY 2: KFB18/2012 AREA4","operator":null,"platformid":"3bebaf37-69c0-401c-8a21-66f2b645","primary_production":null,"production_start":null,"remarks":"marked with dahn flag. attached to a ground weight and from this a ground line connects a sub surface riser and instruments will be positioned at approx10 metres above the sea bed.","valid_from":"20120910","valid_to":null,"water_depth":0.0,"weight_sub":null,"weight_top":null,"helmlore_id":"4ce85357-8d78-5740-b217-38a5a7b371fa","source_observation":"4c78e7b4-7b60-5580-b116-1b59060c9813","source_external_id":"3bebaf37-69c0-401c-8a21-66f2b645","data_source":"emodnet:platforms","source_date":"unknown","retrieved_at":"2026-10-07T22:09:31.709648+00:00","correction_status":"source_baseline"}},{"type":"Feature","id":"e43563eb-0a36-5be5-b516-0a8f77924b12","geometry":{"coordinates":[0.72266974,53.61068178],"type":"Point"},"properties":{"category":"PLATFORM","coast_dist":38070.9532131,"country":"United Kingdom","current_status":"Operational","function":"WELLHEAD STEEL","location_blocks":null,"name":"AMETHYST A1D","operator":"PERENCO OIL & GAS","platformid":"7fe69d1c-08b0-4f8f-a51a-55523873","primary_production":null,"production_start":null,"remarks":null,"valid_from":null,"valid_to":null,"water_depth":0.0,"weight_sub":null,"weight_top":null,"helmlore_id":"e43563eb-0a36-5be5-b516-0a8f77924b12","source_observation":"86804f4e-def2-50e2-8f3a-a98e4129a095","source_external_id":"7fe69d1c-08b0-4f8f-a51a-55523873","data_source":"emodnet:platforms","source_date":"unknown","retrieved_at":"2026-10-07T22:09:31.709648+00:00","correction_status":"source_baseline"}},{"type":"Feature","id":"eee781d7-7c4e-5a25-9d7c-f7347c895f4f","geometry":{"coordinates":[-1.93696721,50.58252078],"type":"Point"},"properties":{"category":"BUOY","coast_dist":1673.09222674,"country":"United Kingdom","current_status":"Operational","function":"ENGLISH CHANNEL TITAN BUOY 6: KFB18/2012 AREA4","location_blocks":null,"name":"ENGLISH CHANNEL TITAN BUOY 6: KFB18/2012 AREA4","operator":null,"platformid":"437c0416-b475-416d-a16d-472839aa","primary_production":null,"production_start":null,"remarks":"marked with dahn flag. attached to a ground weight and from this a ground line connects a sub surface riser and instruments will be positioned at approx10 metres above the sea bed.","valid_from":"20120910","valid_to":null,"water_depth":0.0,"weight_sub":null,"weight_top":null,"helmlore_id":"eee781d7-7c4e-5a25-9d7c-f7347c895f4f","source_observation":"ebd58b1a-bce8-5256-bc3b-5b246e972da8","source_external_id":"437c0416-b475-416d-a16d-472839aa","data_source":"emodnet:platforms","source_date":"unknown","retrieved_at":"2026-10-07T22:09:31.709648+00:00","correction_status":"source_baseline"}},{"type":"Feature","id":"e99acd5b-b329-537b-a6dc-2132782020ac","geometry":{"coordinates":[-3.18263897,54.09238557],"type":"Point"},"properties":{"category":"TERMINAL","coast_dist":284.141353706,"country":"United Kingdom","current_status":"Operational","function":"BARROW-IN-FURNESS GAS TERMINAL","location_blocks":null,"name":"BARROW-IN-FURNESS GAS TERMINAL","operator":null,"platformid":"2194e037-8f05-434d-b948-f3685b38","primary_production":null,"production_start":null,"remarks":null,"valid_from":null,"valid_to":null,"water_depth":0.0,"weight_sub":null,"weight_top":null,"helmlore_id":"e99acd5b-b329-537b-a6dc-2132782020ac","source_observation":"9e52f598-9f18-5c1d-accc-5ffb2bf88793","source_external_id":"2194e037-8f05-434d-b948-f3685b38","data_source":"emodnet:platforms","source_date":"unknown","retrieved_at":"2026-10-07T22:09:31.709648+00:00","correction_status":"source_baseline"}},{"type":"Feature","id":"d1944994-ad2c-5b57-a066-47cb15dc89f0","geometry":{"coordinates":[1.21928314,53.96301095],"type":"Point"},"properties":{"category":"PLATFORM","coast_dist":79975.7496315,"country":"United Kingdom","current_status":"Operational","function":"BABBAGE","location_blocks":null,"name":"BABBAGE","operator":"NEO ENERGY GROUP","platformid":"a2480ab4-a44c-447b-b644-dbaa2f4e","primary_production":null,"production_start":null,"remarks":null,"valid_from":"20090920","valid_to":null,"water_depth":0.0,"weight_sub":null,"weight_top":null,"helmlore_id":"d1944994-ad2c-5b57-a066-47cb15dc89f0","source_observation":"f04a47f6-0f2e-574d-9d24-c4609ec44a8f","source_external_id":"a2480ab4-a44c-447b-b644-dbaa2f4e","data_source":"emodnet:platforms","source_date":"unknown","retrieved_at":"2026-10-07T22:09:31.709648+00:00","correction_status":"source_baseline"}},{"type":"Feature","id":"7f809295-186c-5d1e-af43-0e4087b6bec6","geometry":{"coordinates":[2.31458334,53.04038879],"type":"Point"},"properties":{"category":"PLATFORM","coast_dist":54289.1144495,"country":"United Kingdom","current_status":"Operational","function":"PRODUCTION STEEL","location_blocks":null,"name":"LEMAN FP","operator":"PERENCO OIL & GAS","platformid":"93d89588-2226-41a5-8923-1a569e12","primary_production":null,"production_start":null,"remarks":null,"valid_from":null,"valid_to":null,"water_depth":0.0,"weight_sub":null,"weight_top":null,"helmlore_id":"7f809295-186c-5d1e-af43-0e4087b6bec6","source_observation":"04f8f9f7-4862-5bbb-bfa4-fa93ec6ce8d6","source_external_id":"93d89588-2226-41a5-8923-1a569e12","data_source":"emodnet:platforms","source_date":"unknown","retrieved_at":"2026-10-07T22:09:31.709648+00:00","correction_status":"source_baseline"}},{"type":"Feature","id":"253d88f3-126c-5e47-8617-f3e55101027f","geometry":{"coordinates":[-3.34982095,53.53333567],"type":"Point"},"properties":{"category":"BUOY","coast_dist":16434.2117053,"country":"United Kingdom","current_status":"Operational","function":"LIVERPOOL BAY SMART BUOY KFB20/2012 AREA5","location_blocks":null,"name":"LIVERPOOL BAY SMART BUOY KFB20/2012 AREA5","operator":"CEFAS","platformid":"3725f329-5227-4705-a10b-9774e594","primary_production":null,"production_start":null,"remarks":null,"valid_from":"20120914","valid_to":null,"water_depth":0.0,"weight_sub":null,"weight_top":null,"helmlore_id":"253d88f3-126c-5e47-8617-f3e55101027f","source_observation":"ebb521c2-6438-5dd0-98f2-27a87984c4e6","source_external_id":"3725f329-5227-4705-a10b-9774e594","data_source":"emodnet:platforms","source_date":"unknown","retrieved_at":"2026-10-07T22:09:31.709648+00:00","correction_status":"source_baseline"}},{"type":"Feature","id":"d671edd7-cb8d-56ee-a5f2-708072aa64cb","geometry":{"coordinates":[1.53635839,59.54512124],"type":"Point"},"properties":{"category":"PLATFORM","coast_dist":157057.019907,"country":"United Kingdom","current_status":"Operational","function":"RISER STEEL","location_blocks":null,"name":"BERYL A RISER","operator":"APACHE CORPORATION","platformid":"1e078993-d72a-4423-9581-7c03678a","primary_production":null,"production_start":null,"remarks":null,"valid_from":null,"valid_to":null,"water_depth":0.0,"weight_sub":null,"weight_top":null,"helmlore_id":"d671edd7-cb8d-56ee-a5f2-708072aa64cb","source_observation":"3fed03f2-44d9-567f-8b3f-48db288ef5bc","source_external_id":"1e078993-d72a-4423-9581-7c03678a","data_source":"emodnet:platforms","source_date":"unknown","retrieved_at":"2026-10-07T22:09:31.709648+00:00","correction_status":"source_baseline"}},{"type":"Feature","id":"9012e6c0-fb92-5157-8a64-720929925eba","geometry":{"coordinates":[2.65926324,54.40303578],"type":"Point"},"properties":{"category":"PLATFORM","coast_dist":181075.324414,"country":"United Kingdom","current_status":"Under construction","function":"KATY PLATFORM","location_blocks":null,"name":"KATY KT","operator":"CHRYSAOR HOLDINGS","platformid":"7874012f-dd38-4b03-b6f9-ef5d67f2","primary_production":null,"production_start":null,"remarks":"Change in status from PRECOMMISSION to ACTIVE.","valid_from":"20120704","valid_to":null,"water_depth":0.0,"weight_sub":null,"weight_top":null,"helmlore_id":"9012e6c0-fb92-5157-8a64-720929925eba","source_observation":"ec6352d7-9cef-5300-bbfd-7fedb615422b","source_external_id":"7874012f-dd38-4b03-b6f9-ef5d67f2","data_source":"emodnet:platforms","source_date":"unknown","retrieved_at":"2026-10-07T22:09:31.709648+00:00","correction_status":"source_baseline"}},{"type":"Feature","id":"1b81a4ff-127b-56e9-9be7-f6ae4c55e0d1","geometry":{"coordinates":[2.20606372,56.72440733],"type":"Point"},"properties":{"category":"PLATFORM","coast_dist":255262.997427,"country":"United Kingdom","current_status":"Under construction","function":"JASMINE WELLHEAD PLATFORM","location_blocks":null,"name":"JASMINE WELLHEAD PLATFORM","operator":"CHRYSAOR HOLDINGS","platformid":"4246bb75-94eb-4692-9145-b882af32","primary_production":null,"production_start":null,"remarks":"Asset transfer from ConocoPhillips to Chrysaor October 2019","valid_from":"20110601","valid_to":null,"water_depth":0.0,"weight_sub":null,"weight_top":null,"helmlore_id":"1b81a4ff-127b-56e9-9be7-f6ae4c55e0d1","source_observation":"abd6a8b7-dd72-5c12-bc80-0b5877ca9975","source_external_id":"4246bb75-94eb-4692-9145-b882af32","data_source":"emodnet:platforms","source_date":"unknown","retrieved_at":"2026-10-07T22:09:31.709648+00:00","correction_status":"source_baseline"}},{"type":"Feature","id":"e3e0ad6c-0e9d-538a-adf3-d12185abeee4","geometry":{"coordinates":[-3.54599535,53.68274637],"type":"Point"},"properties":{"category":"FPSO","coast_dist":32181.4903166,"country":"United Kingdom","current_status":"Operational","function":"STORAGE UNIT ATTACHED TO CALRAM BUOY","location_blocks":null,"name":"OSI (OFFSHORE STORAGE INST.)","operator":"ENI UK LIMITED","platformid":"d24aac6c-1b84-4c25-b089-beba09c1","primary_production":null,"production_start":null,"remarks":null,"valid_from":"19950101","valid_to":null,"water_depth":0.0,"weight_sub":null,"weight_top":null,"helmlore_id":"e3e0ad6c-0e9d-538a-adf3-d12185abeee4","source_observation":"f39568d2-a7e9-567d-adfe-bfe7a131c261","source_external_id":"d24aac6c-1b84-4c25-b089-beba09c1","data_source":"emodnet:platforms","source_date":"unknown","retrieved_at":"2026-10-07T22:09:31.709648+00:00","correction_status":"source_baseline"}},{"type":"Feature","id":"24aba224-8b55-59e6-aba0-732ae3793dd8","geometry":{"coordinates":[2.81670225,53.1833276],"type":"Point"},"properties":{"category":"OTHER SURFACE","coast_dist":90918.0638264,"country":"United Kingdom","current_status":"Operational","function":"MOORING BUOY 2 LOCATED BETWEEN ROMEO AND PAP PLATFORMS","location_blocks":null,"name":"SURFACE MOORING BUOY 2","operator":"ONE-DYAS","platformid":"11283cd7-dcc3-44f0-a7d2-8ed3b06a","primary_production":null,"production_start":null,"remarks":null,"valid_from":"20170314","valid_to":null,"water_depth":0.0,"weight_sub":null,"weight_top":null,"helmlore_id":"24aba224-8b55-59e6-aba0-732ae3793dd8","source_observation":"0e8789e2-8a0c-5d24-a1a5-78c1424db5df","source_external_id":"11283cd7-dcc3-44f0-a7d2-8ed3b06a","data_source":"emodnet:platforms","source_date":"unknown","retrieved_at":"2026-10-07T22:09:31.709648+00:00","correction_status":"source_baseline"}},{"type":"Feature","id":"0265061c-4ba5-5b13-9538-70039d49e3e9","geometry":{"coordinates":[1.73089811,53.45856692],"type":"Point"},"properties":{"category":"PLATFORM","coast_dist":65197.8995599,"country":"United Kingdom","current_status":"Operational","function":"CLIPPER PT","location_blocks":null,"name":"CLIPPER PT","operator":"ROYAL DUTCH SHELL","platformid":"77290eac-0363-4065-a46d-c5e923f4","primary_production":null,"production_start":null,"remarks":null,"valid_from":"19900401","valid_to":null,"water_depth":0.0,"weight_sub":null,"weight_top":null,"helmlore_id":"0265061c-4ba5-5b13-9538-70039d49e3e9","source_observation":"c6e9441e-ae6e-5a5d-ab05-7bedab8e25d8","source_external_id":"77290eac-0363-4065-a46d-c5e923f4","data_source":"emodnet:platforms","source_date":"unknown","retrieved_at":"2026-10-07T22:09:31.709648+00:00","correction_status":"source_baseline"}},{"type":"Feature","id":"7a0e95a1-139e-50d6-985a-a88dfeffbbae","geometry":{"coordinates":[-1.89555292,50.46997089],"type":"Point"},"properties":{"category":"BUOY","coast_dist":14232.1207697,"country":"United Kingdom","current_status":"Operational","function":"ENGLISH CHANNEL TITAN BUOY 1: KFB18/2012 AREA4","location_blocks":null,"name":"ENGLISH CHANNEL TITAN BUOY 1: KFB18/2012 AREA4","operator":null,"platformid":"68fdfad5-33c1-4f60-a565-f9531cde","primary_production":null,"production_start":null,"remarks":"marked with dahn flag. attached to a ground weight and from this a ground line connects a sub surface riser and instruments will be positioned at approx10 metres above the sea bed.","valid_from":"20120910","valid_to":null,"water_depth":0.0,"weight_sub":null,"weight_top":null,"helmlore_id":"7a0e95a1-139e-50d6-985a-a88dfeffbbae","source_observation":"e382f284-085c-5c66-af80-64246d4e2755","source_external_id":"68fdfad5-33c1-4f60-a565-f9531cde","data_source":"emodnet:platforms","source_date":"unknown","retrieved_at":"2026-10-07T22:09:31.709648+00:00","correction_status":"source_baseline"}},{"type":"Feature","id":"998d8cfb-4f44-5a11-aa11-517d8475f34f","geometry":{"coordinates":[-2.49171085,56.55450486],"type":"Point"},"properties":{"category":"BUOY","coast_dist":3224.54254896,"country":"United Kingdom","current_status":"Closed down","function":"ARBORATH SAMMO - 1 DATA BUOY KFB 23/2012 AREA 2","location_blocks":null,"name":"ARBORATH SAMMO - 1 DATA BUOY KFB 23/2012 AREA 2","operator":null,"platformid":"6f0531aa-febe-4817-90a7-db9f648d","primary_production":null,"production_start":null,"remarks":null,"valid_from":"20121105","valid_to":null,"water_depth":0.0,"weight_sub":null,"weight_top":null,"helmlore_id":"998d8cfb-4f44-5a11-aa11-517d8475f34f","source_observation":"b1b104ee-75c7-59d3-98a4-e740ad4f1876","source_external_id":"6f0531aa-febe-4817-90a7-db9f648d","data_source":"emodnet:platforms","source_date":"unknown","retrieved_at":"2026-10-07T22:09:31.709648+00:00","correction_status":"source_baseline"}},{"type":"Feature","id":"89c21d1c-16fe-5c7d-beb5-425a2d752da1","geometry":{"coordinates":[-2.49360189,60.73643041],"type":"Point"},"properties":{"category":"PLATFORM","coast_dist":53060.4365381,"country":"United Kingdom","current_status":"Operational","function":"CLAIR RIDGE DRILLING AND PRODUCTION PLATFORM","location_blocks":null,"name":"CLAIR RIDGE DP","operator":"BP EXPLORATION","platformid":"d411d73f-5549-45aa-9e87-ba8083b8","primary_production":null,"production_start":null,"remarks":"V33 Now manned - Jacket installed June. Final location may change very slightly (<1.0m)","valid_from":"20131009","valid_to":null,"water_depth":0.0,"weight_sub":null,"weight_top":null,"helmlore_id":"89c21d1c-16fe-5c7d-beb5-425a2d752da1","source_observation":"63e9d2a1-a624-553a-a02f-e27c146a1b19","source_external_id":"d411d73f-5549-45aa-9e87-ba8083b8","data_source":"emodnet:platforms","source_date":"unknown","retrieved_at":"2026-10-07T22:09:31.709648+00:00","correction_status":"source_baseline"}},{"type":"Feature","id":"254f7fa2-5101-5ef5-a9d9-e8ffeded62a0","geometry":{"coordinates":[0.59354881,53.94934705],"type":"Point"},"properties":{"category":"PLATFORM","coast_dist":44050.5618774,"country":"United Kingdom","current_status":"Operational","function":"MINERVA PLATFORM","location_blocks":null,"name":"MINERVA","operator":"PERENCO OIL & GAS","platformid":"69a80bbb-a573-4f32-95a4-2a85d1bf","primary_production":null,"production_start":null,"remarks":"BP provide operating service to BG","valid_from":null,"valid_to":null,"water_depth":0.0,"weight_sub":null,"weight_top":null,"helmlore_id":"254f7fa2-5101-5ef5-a9d9-e8ffeded62a0","source_observation":"4e75f26f-4abb-5ae5-8f71-efc99da02156","source_external_id":"69a80bbb-a573-4f32-95a4-2a85d1bf","data_source":"emodnet:platforms","source_date":"unknown","retrieved_at":"2026-10-07T22:09:31.709648+00:00","correction_status":"source_baseline"}},{"type":"Feature","id":"02d95fc0-88ef-5620-a8f0-469d9a6d8491","geometry":{"coordinates":[1.03307033,54.05398117],"type":"Point"},"properties":{"category":"PLATFORM","coast_dist":72896.0267484,"country":"United Kingdom","current_status":"Operational","function":"WELLHEAD STEEL","location_blocks":null,"name":"RAVENSPURN NORTH ST2","operator":"PERENCO OIL & GAS","platformid":"a6de4011-32f8-4c0c-a8ed-49bf095f","primary_production":null,"production_start":null,"remarks":null,"valid_from":null,"valid_to":null,"water_depth":0.0,"weight_sub":null,"weight_top":null,"helmlore_id":"02d95fc0-88ef-5620-a8f0-469d9a6d8491","source_observation":"83e5f2cf-d7c5-5cf8-95ba-54e54ffc6839","source_external_id":"a6de4011-32f8-4c0c-a8ed-49bf095f","data_source":"emodnet:platforms","source_date":"unknown","retrieved_at":"2026-10-07T22:09:31.709648+00:00","correction_status":"source_baseline"}},{"type":"Feature","id":"46db86a9-e8f1-5138-af52-ace2371351be","geometry":{"coordinates":[0.7506404,50.7451016],"type":"Point"},"properties":{"category":"BUOY","coast_dist":15320.9792925,"country":"United Kingdom","current_status":"Operational","function":"HASTINGS GUARD BUOY 2 KFB25/2012 AREA3","location_blocks":null,"name":"HASTINGS GUARD BUOY 2 KFB25/2012 AREA3","operator":"CEFAS","platformid":"d5f8570f-ab9c-4dab-8f02-693d1dcb","primary_production":null,"production_start":null,"remarks":"OCEANOGRAPHIC EQUIPMENT FITTED WITH A YELLOW LIGHT EXHIBITING THE SEQUENCE FL Y (5) 20S","valid_from":"20120801","valid_to":null,"water_depth":0.0,"weight_sub":null,"weight_top":null,"helmlore_id":"46db86a9-e8f1-5138-af52-ace2371351be","source_observation":"9098ab86-fc77-5119-a074-e3c95b83682e","source_external_id":"d5f8570f-ab9c-4dab-8f02-693d1dcb","data_source":"emodnet:platforms","source_date":"unknown","retrieved_at":"2026-10-07T22:09:31.709648+00:00","correction_status":"source_baseline"}},{"type":"Feature","id":"1d5729a3-71aa-5bd1-823a-2374235d0392","geometry":{"coordinates":[2.56633944,53.30665452],"type":"Point"},"properties":{"category":"PLATFORM","coast_dist":86279.6121173,"country":"United Kingdom","current_status":"Operational","function":"DRILLING & ACCOMMODATION STEEL","location_blocks":null,"name":"INDE CD","operator":"PERENCO OIL & GAS","platformid":"16c0acfc-a78d-479d-b3bb-cbd9311b","primary_production":null,"production_start":null,"remarks":null,"valid_from":null,"valid_to":null,"water_depth":0.0,"weight_sub":null,"weight_top":null,"helmlore_id":"1d5729a3-71aa-5bd1-823a-2374235d0392","source_observation":"70987f5e-cac9-5c38-a1c4-768b4e870b89","source_external_id":"16c0acfc-a78d-479d-b3bb-cbd9311b","data_source":"emodnet:platforms","source_date":"unknown","retrieved_at":"2026-10-07T22:09:31.709648+00:00","correction_status":"source_baseline"}},{"type":"Feature","id":"12447aaa-89bd-5495-9679-2a238aaecbae","geometry":{"coordinates":[-3.93322075,51.43332145],"type":"Point"},"properties":{"category":"BUOY","coast_dist":14939.2591067,"country":"United Kingdom","current_status":"Operational","function":"SCARWEATHER WAVERIDER BUOY KFB20/2012 AREA5","location_blocks":null,"name":"SCARWEATHER WAVERIDER BUOY KFB20/2012 AREA5","operator":"CEFAS","platformid":"a5312048-a450-4d2f-b064-11901c0a","primary_production":null,"production_start":null,"remarks":null,"valid_from":"20120914","valid_to":null,"water_depth":0.0,"weight_sub":null,"weight_top":null,"helmlore_id":"12447aaa-89bd-5495-9679-2a238aaecbae","source_observation":"d444fc22-1d77-50a2-bc07-2d70dd7b1fd8","source_external_id":"a5312048-a450-4d2f-b064-11901c0a","data_source":"emodnet:platforms","source_date":"unknown","retrieved_at":"2026-10-07T22:09:31.709648+00:00","correction_status":"source_baseline"}},{"type":"Feature","id":"8f6987bd-1a0b-54ec-8f9e-8a2cf3c55dc9","geometry":{"coordinates":[0.80823494,57.25653303],"type":"Point"},"properties":{"category":"FPSO","coast_dist":157352.756181,"country":"United Kingdom","current_status":"Operational","function":"FPSO (ANASURIA)","location_blocks":null,"name":"ANASURIA","operator":"ANASURIA OPERATING COMPANY LIMITED","platformid":"bcb1c849-dc88-4c24-83a9-e9531003","primary_production":null,"production_start":null,"remarks":"amend Company Identifying Installation and Installation Owner from SHELL to ANASURIA, Shell have been informed.","valid_from":null,"valid_to":null,"water_depth":0.0,"weight_sub":null,"weight_top":null,"helmlore_id":"8f6987bd-1a0b-54ec-8f9e-8a2cf3c55dc9","source_observation":"a1b2f070-5e5d-5db2-81ab-e887d2bbe33d","source_external_id":"bcb1c849-dc88-4c24-83a9-e9531003","data_source":"emodnet:platforms","source_date":"unknown","retrieved_at":"2026-10-07T22:09:31.709648+00:00","correction_status":"source_baseline"}},{"type":"Feature","id":"e7605833-b25f-5353-aa6b-b097d61e0331","geometry":{"coordinates":[0.91357045,57.74866126],"type":"Point"},"properties":{"category":"PLATFORM","coast_dist":162425.140148,"country":"United Kingdom","current_status":"Operational","function":"FORTIES BRAVO","location_blocks":null,"name":"FORTIES BRAVO","operator":"APACHE CORPORATION","platformid":"0978a4c7-f031-4f81-94b2-f7653985","primary_production":null,"production_start":null,"remarks":null,"valid_from":"19740831","valid_to":null,"water_depth":0.0,"weight_sub":null,"weight_top":null,"helmlore_id":"e7605833-b25f-5353-aa6b-b097d61e0331","source_observation":"0c035035-adf1-5bf6-be19-e5ffc62f1454","source_external_id":"0978a4c7-f031-4f81-94b2-f7653985","data_source":"emodnet:platforms","source_date":"unknown","retrieved_at":"2026-10-07T22:09:31.709648+00:00","correction_status":"source_baseline"}},{"type":"Feature","id":"31d12e6b-2f41-5de8-be09-61f689ce3d15","geometry":{"coordinates":[2.57443251,53.32436496],"type":"Point"},"properties":{"category":"PLATFORM","coast_dist":88024.7603727,"country":"United Kingdom","current_status":"Operational","function":"ACCOMMODATION STEEL","location_blocks":null,"name":"INDE AQ","operator":"PERENCO OIL & GAS","platformid":"0d0a7652-057f-452e-9be5-860d28d6","primary_production":null,"production_start":null,"remarks":null,"valid_from":null,"valid_to":null,"water_depth":0.0,"weight_sub":null,"weight_top":null,"helmlore_id":"31d12e6b-2f41-5de8-be09-61f689ce3d15","source_observation":"74d55d4a-4cab-5b46-8f69-e86c7b4c9684","source_external_id":"0d0a7652-057f-452e-9be5-860d28d6","data_source":"emodnet:platforms","source_date":"unknown","retrieved_at":"2026-10-07T22:09:31.709648+00:00","correction_status":"source_baseline"}},{"type":"Feature","id":"3b83f258-9981-5a3c-a542-dc2d5b8dfdfc","geometry":{"coordinates":[0.23469636,53.36074188],"type":"Point"},"properties":{"category":"TERMINAL","coast_dist":1011.01923528,"country":"United Kingdom","current_status":"Operational","function":"THEDDLETHORPE GAS TERMINAL","location_blocks":null,"name":"THEDDLETHORPE GAS TERMINAL","operator":null,"platformid":"88bb3242-9470-4ec1-974a-2ead03a2","primary_production":null,"production_start":null,"remarks":null,"valid_from":null,"valid_to":null,"water_depth":0.0,"weight_sub":null,"weight_top":null,"helmlore_id":"3b83f258-9981-5a3c-a542-dc2d5b8dfdfc","source_observation":"c493d70c-ab62-57ea-b127-a38b89e07e15","source_external_id":"88bb3242-9470-4ec1-974a-2ead03a2","data_source":"emodnet:platforms","source_date":"unknown","retrieved_at":"2026-10-07T22:09:31.709648+00:00","correction_status":"source_baseline"}},{"type":"Feature","id":"84071e67-9d52-57bc-aa98-1107fc1124c5","geometry":{"coordinates":[2.15288204,54.24299883],"type":"Point"},"properties":{"category":"PLATFORM","coast_dist":146216.452982,"country":"United Kingdom","current_status":"Operational","function":"WELLHEAD GAS LIFT","location_blocks":null,"name":"BOULTON","operator":"CHRYSAOR HOLDINGS","platformid":"a72c1585-41d9-4244-9a13-fd2f43ee","primary_production":null,"production_start":null,"remarks":"Asset transfer from ConocoPhillips to Chrysaor October 2019","valid_from":"19970101","valid_to":null,"water_depth":0.0,"weight_sub":null,"weight_top":null,"helmlore_id":"84071e67-9d52-57bc-aa98-1107fc1124c5","source_observation":"71673f36-7827-5d3c-acb6-ccdee576f280","source_external_id":"a72c1585-41d9-4244-9a13-fd2f43ee","data_source":"emodnet:platforms","source_date":"unknown","retrieved_at":"2026-10-07T22:09:31.709648+00:00","correction_status":"source_baseline"}},{"type":"Feature","id":"9646192a-9245-5030-b9d4-0f4209eac495","geometry":{"coordinates":[2.49888525,53.30170793],"type":"Point"},"properties":{"category":"PLATFORM","coast_dist":82638.3891624,"country":"United Kingdom","current_status":"Operational","function":"WELLHEAD STEEL","location_blocks":null,"name":"INDE D","operator":"PERENCO OIL & GAS","platformid":"4dc1a1be-e19a-4610-95fc-f6ffd7fc","primary_production":null,"production_start":null,"remarks":null,"valid_from":null,"valid_to":null,"water_depth":0.0,"weight_sub":null,"weight_top":null,"helmlore_id":"9646192a-9245-5030-b9d4-0f4209eac495","source_observation":"89d72385-d4d7-5d78-b8aa-d72ef9d7ce5e","source_external_id":"4dc1a1be-e19a-4610-95fc-f6ffd7fc","data_source":"emodnet:platforms","source_date":"unknown","retrieved_at":"2026-10-07T22:09:31.709648+00:00","correction_status":"source_baseline"}},{"type":"Feature","id":"a07ce54d-80ac-5a59-9024-6b3616eb94e9","geometry":{"coordinates":[-1.72211788,50.63285353],"type":"Point"},"properties":{"category":"BUOY","coast_dist":9027.79321729,"country":"United Kingdom","current_status":"Operational","function":"POOLE BAY GUARD BUOY 3: KFB 18/2012 AREA 4 AUG1012 - APR2016","location_blocks":null,"name":"POOLE BAY BUOY 3: KFB 18/2012 AREA 4","operator":"CEFAS","platformid":"5df542b7-6d61-41a1-ab52-59d4a268","primary_production":null,"production_start":null,"remarks":"Buoys are fitted with a yellow light exhibiting the sequence Fl Y (5) 20s","valid_from":"20120801","valid_to":null,"water_depth":0.0,"weight_sub":null,"weight_top":null,"helmlore_id":"a07ce54d-80ac-5a59-9024-6b3616eb94e9","source_observation":"bd959cba-bb7f-5d44-91c7-6ca206994f2f","source_external_id":"5df542b7-6d61-41a1-ab52-59d4a268","data_source":"emodnet:platforms","source_date":"unknown","retrieved_at":"2026-10-07T22:09:31.709648+00:00","correction_status":"source_baseline"}},{"type":"Feature","id":"8b22e6b5-2ee4-57e8-b695-2fd03353d7a1","geometry":{"coordinates":[-4.27417623,60.31559435],"type":"Point"},"properties":{"category":"FPSO","coast_dist":121280.360232,"country":"United Kingdom","current_status":"Operational","function":"FPSO","location_blocks":null,"name":"FOINAVEN FPSO","operator":"BP EXPLORATION","platformid":"d7cb57f7-72f9-4285-9428-cdc2fcf7","primary_production":null,"production_start":null,"remarks":null,"valid_from":null,"valid_to":null,"water_depth":0.0,"weight_sub":null,"weight_top":null,"helmlore_id":"8b22e6b5-2ee4-57e8-b695-2fd03353d7a1","source_observation":"27138d16-1880-5769-ad36-68392e528868","source_external_id":"d7cb57f7-72f9-4285-9428-cdc2fcf7","data_source":"emodnet:platforms","source_date":"unknown","retrieved_at":"2026-10-07T22:09:31.709648+00:00","correction_status":"source_baseline"}},{"type":"Feature","id":"667cd26e-d731-541f-9fd6-96e81c984bb8","geometry":{"coordinates":[-1.2102496,54.63633099],"type":"Point"},"properties":{"category":"TERMINAL","coast_dist":1041.33633985,"country":"United Kingdom","current_status":"Operational","function":"TEESSIDE OIL STORAGE DEPOT","location_blocks":null,"name":"TEESSIDE OIL STORAGE DEPOT","operator":null,"platformid":"810321c2-f0ac-46f7-991f-0ff2ba58","primary_production":null,"production_start":null,"remarks":null,"valid_from":null,"valid_to":null,"water_depth":0.0,"weight_sub":null,"weight_top":null,"helmlore_id":"667cd26e-d731-541f-9fd6-96e81c984bb8","source_observation":"f4b15992-679e-5967-a5d7-f6e88ddbb84c","source_external_id":"810321c2-f0ac-46f7-991f-0ff2ba58","data_source":"emodnet:platforms","source_date":"unknown","retrieved_at":"2026-10-07T22:09:31.709648+00:00","correction_status":"source_baseline"}},{"type":"Feature","id":"3e0d3555-0f84-59d5-9855-40bb60db250f","geometry":{"coordinates":[-2.00423431,50.55218688],"type":"Point"},"properties":{"category":"BUOY","coast_dist":4031.59307973,"country":"United Kingdom","current_status":"Operational","function":"ENGLISH CHANNEL TITAN BUOY 5: KFB18/2012 AREA4","location_blocks":null,"name":"ENGLISH CHANNEL TITAN BUOY 5: KFB18/2012 AREA4","operator":null,"platformid":"dc9dfd09-e208-41a6-8e74-25189144","primary_production":null,"production_start":null,"remarks":"marked with dahn flag. attached to a ground weight and from this a ground line connects a sub surface riser and instruments will be positioned at approx10 metres above the sea bed.","valid_from":"20120910","valid_to":null,"water_depth":0.0,"weight_sub":null,"weight_top":null,"helmlore_id":"3e0d3555-0f84-59d5-9855-40bb60db250f","source_observation":"b1a8906b-713b-57fc-b3a7-1b4f14bdb74b","source_external_id":"dc9dfd09-e208-41a6-8e74-25189144","data_source":"emodnet:platforms","source_date":"unknown","retrieved_at":"2026-10-07T22:09:31.709648+00:00","correction_status":"source_baseline"}},{"type":"Feature","id":"00efaa13-97cc-5c90-944c-26c3447ed7d7","geometry":{"coordinates":[0.51066688,57.46767848],"type":"Point"},"properties":{"category":"PLATFORM","coast_dist":136712.92853,"country":"United Kingdom","current_status":"Operational","function":"PRODUCTION DRILLING & ACCOMMODATION STEEL","location_blocks":null,"name":"KITTIWAKE","operator":"ENQUEST PLC","platformid":"50c58648-4670-41fc-88c4-a6218f3d","primary_production":null,"production_start":null,"remarks":null,"valid_from":null,"valid_to":null,"water_depth":0.0,"weight_sub":null,"weight_top":null,"helmlore_id":"00efaa13-97cc-5c90-944c-26c3447ed7d7","source_observation":"8c1d5acf-f8a5-5e2f-812a-3bf88c054e9e","source_external_id":"50c58648-4670-41fc-88c4-a6218f3d","data_source":"emodnet:platforms","source_date":"unknown","retrieved_at":"2026-10-07T22:09:31.709648+00:00","correction_status":"source_baseline"}},{"type":"Feature","id":"ae891790-c552-5abc-b675-7afa52d34a82","geometry":{"coordinates":[2.86121541,53.18893094],"type":"Point"},"properties":{"category":"PLATFORM","coast_dist":93744.6055001,"country":"United Kingdom","current_status":"Operational","function":"SEAN PP-PD PLATFORM COMPLEX","location_blocks":null,"name":"SEAN PD","operator":"ONE-DYAS","platformid":"a274738e-1a71-4dbc-93ec-00c8691d","primary_production":null,"production_start":null,"remarks":null,"valid_from":"19860610","valid_to":null,"water_depth":0.0,"weight_sub":null,"weight_top":null,"helmlore_id":"ae891790-c552-5abc-b675-7afa52d34a82","source_observation":"85b043aa-705c-513e-ade4-ab2b260857a5","source_external_id":"a274738e-1a71-4dbc-93ec-00c8691d","data_source":"emodnet:platforms","source_date":"unknown","retrieved_at":"2026-10-07T22:09:31.709648+00:00","correction_status":"source_baseline"}},{"type":"Feature","id":"663a3210-06f0-54c8-8add-a1bdc9ca0892","geometry":{"coordinates":[2.25414873,56.84914211],"type":"Point"},"properties":{"category":"PLATFORM","coast_dist":253553.434871,"country":"United Kingdom","current_status":"Operational","function":"JADE","location_blocks":null,"name":"JADE","operator":"CHRYSAOR HOLDINGS","platformid":"5d6bb73a-91e5-47f9-a8b4-6b8e34ba","primary_production":null,"production_start":null,"remarks":"Asset transfer from ConocoPhillips to Chrysaor October 2019","valid_from":null,"valid_to":null,"water_depth":0.0,"weight_sub":null,"weight_top":null,"helmlore_id":"663a3210-06f0-54c8-8add-a1bdc9ca0892","source_observation":"9a965e16-cccd-54e8-8636-9d504f9e6c23","source_external_id":"5d6bb73a-91e5-47f9-a8b4-6b8e34ba","data_source":"emodnet:platforms","source_date":"unknown","retrieved_at":"2026-10-07T22:09:31.709648+00:00","correction_status":"source_baseline"}},{"type":"Feature","id":"bf2a8086-ec6f-5512-87e8-c0af7285af25","geometry":{"coordinates":[-1.12989331,54.6196609],"type":"Point"},"properties":{"category":"TERMINAL","coast_dist":1128.44834036,"country":"United Kingdom","current_status":"Operational","function":"TEESSIDE TERMINAL","location_blocks":null,"name":"TEESSIDE TERMINAL","operator":null,"platformid":"486f7b30-6b0d-48e5-9a0b-ba48ac03","primary_production":null,"production_start":null,"remarks":null,"valid_from":null,"valid_to":null,"water_depth":0.0,"weight_sub":null,"weight_top":null,"helmlore_id":"bf2a8086-ec6f-5512-87e8-c0af7285af25","source_observation":"a0fd46a5-c64e-5dba-94d2-e281d019afee","source_external_id":"486f7b30-6b0d-48e5-9a0b-ba48ac03","data_source":"emodnet:platforms","source_date":"unknown","retrieved_at":"2026-10-07T22:09:31.709648+00:00","correction_status":"source_baseline"}},{"type":"Feature","id":"f2922f96-5898-5d77-9c54-e98edf8a3412","geometry":{"coordinates":[2.56836925,53.36283372],"type":"Point"},"properties":{"category":"PLATFORM","coast_dist":90686.2594201,"country":"United Kingdom","current_status":"Operational","function":"PRODUCTION STEEL","location_blocks":null,"name":"INDE AP","operator":"PERENCO OIL & GAS","platformid":"a92b8e94-a2f6-4bed-bfc0-f924e465","primary_production":null,"production_start":null,"remarks":null,"valid_from":null,"valid_to":null,"water_depth":0.0,"weight_sub":null,"weight_top":null,"helmlore_id":"f2922f96-5898-5d77-9c54-e98edf8a3412","source_observation":"2d01f7b6-b160-5b0e-bc1b-dff27bda4629","source_external_id":"a92b8e94-a2f6-4bed-bfc0-f924e465","data_source":"emodnet:platforms","source_date":"unknown","retrieved_at":"2026-10-07T22:09:31.709648+00:00","correction_status":"source_baseline"}},{"type":"Feature","id":"fc4edd95-ea41-572b-8c5c-9ecc11a0cd40","geometry":{"coordinates":[0.90162793,57.72176109],"type":"Point"},"properties":{"category":"PLATFORM","coast_dist":161309.511996,"country":"United Kingdom","current_status":"Operational","function":"FORTIES DELTA","location_blocks":null,"name":"FORTIES DELTA","operator":"APACHE CORPORATION","platformid":"6b746730-66c1-4075-a97d-5ee9b228","primary_production":null,"production_start":null,"remarks":null,"valid_from":"19750630","valid_to":null,"water_depth":0.0,"weight_sub":null,"weight_top":null,"helmlore_id":"fc4edd95-ea41-572b-8c5c-9ecc11a0cd40","source_observation":"b05bbb36-71d6-5c8b-b049-40f6505d99a7","source_external_id":"6b746730-66c1-4075-a97d-5ee9b228","data_source":"emodnet:platforms","source_date":"unknown","retrieved_at":"2026-10-07T22:09:31.709648+00:00","correction_status":"source_baseline"}},{"type":"Feature","id":"4bebae86-88bb-5ee4-b5b1-b9b4d92abadd","geometry":{"coordinates":[0.07203335,58.36925],"type":"Point"},"properties":{"category":"PLATFORM","coast_dist":140264.494377,"country":"United Kingdom","current_status":"Closed down","function":"PRODUCTION LIFT","location_blocks":null,"name":"TARTAN A","operator":"REPSOL SINOPEC RESOURCES","platformid":"1137b508-9c1d-46dc-aa50-b06667cd","primary_production":null,"production_start":null,"remarks":null,"valid_from":null,"valid_to":null,"water_depth":0.0,"weight_sub":null,"weight_top":null,"helmlore_id":"4bebae86-88bb-5ee4-b5b1-b9b4d92abadd","source_observation":"1df8603b-9836-5e57-bc0a-3cec3a8015ad","source_external_id":"1137b508-9c1d-46dc-aa50-b06667cd","data_source":"emodnet:platforms","source_date":"unknown","retrieved_at":"2026-10-07T22:09:31.709648+00:00","correction_status":"source_baseline"}},{"type":"Feature","id":"509c37b6-62c4-56b3-b446-fa8aaf39a2f7","geometry":{"coordinates":[-1.44128273,59.97601564],"type":"Point"},"properties":{"category":"BUOY","coast_dist":4278.23581383,"country":"United Kingdom","current_status":"Operational","function":"AEGIR WAVERIDER BUOY WEST ST NINIAN OCT2012-OCT2015 KFB21/2012 AREA1","location_blocks":null,"name":"AEGIR WAVERIDER BUOY WEST ST NINIAN KFB21/2012 AREA1","operator":null,"platformid":"1218056c-88c1-4b1e-ade3-8ee28c41","primary_production":null,"production_start":null,"remarks":"yellow,0.7m in diameter, fitted with yellow flashing light.moored by a slack line with underwater floats allows to move around a 200m watch circle.Mariners are asked to keep distance from the buoy.","valid_from":"20121001","valid_to":null,"water_depth":0.0,"weight_sub":null,"weight_top":null,"helmlore_id":"509c37b6-62c4-56b3-b446-fa8aaf39a2f7","source_observation":"2d9b534b-13f3-5a6f-9500-71c55d847605","source_external_id":"1218056c-88c1-4b1e-ade3-8ee28c41","data_source":"emodnet:platforms","source_date":"unknown","retrieved_at":"2026-10-07T22:09:31.709648+00:00","correction_status":"source_baseline"}},{"type":"Feature","id":"3b8ed165-7754-5b76-aa79-f95b1934ca96","geometry":{"coordinates":[1.96947931,53.56779346],"type":"Point"},"properties":{"category":"PLATFORM","coast_dist":83277.1434815,"country":"United Kingdom","current_status":"Closed down","function":"AUDREY B PLATFORM","location_blocks":null,"name":"AUDREY B (XW)","operator":"SPIRIT ENERGY","platformid":"6aa872f8-f61f-4dc2-9bd1-14c8eb39","primary_production":null,"production_start":null,"remarks":null,"valid_from":null,"valid_to":null,"water_depth":0.0,"weight_sub":null,"weight_top":null,"helmlore_id":"3b8ed165-7754-5b76-aa79-f95b1934ca96","source_observation":"a2e8379c-1683-592d-ab21-4d11db9094dc","source_external_id":"6aa872f8-f61f-4dc2-9bd1-14c8eb39","data_source":"emodnet:platforms","source_date":"unknown","retrieved_at":"2026-10-07T22:09:31.709648+00:00","correction_status":"source_baseline"}},{"type":"Feature","id":"a41877f5-b9ac-5fe3-942b-359e3a02f733","geometry":{"coordinates":[2.54559376,53.08365954],"type":"Point"},"properties":{"category":"PLATFORM","coast_dist":69684.445391,"country":"United Kingdom","current_status":"Closed down","function":"PRODUCTION","location_blocks":null,"name":"THAMES A","operator":"PERENCO OIL & GAS","platformid":"b7576d01-d404-4d11-b313-3e4e57a1","primary_production":null,"production_start":null,"remarks":"Platform Removed","valid_from":null,"valid_to":null,"water_depth":0.0,"weight_sub":null,"weight_top":null,"helmlore_id":"a41877f5-b9ac-5fe3-942b-359e3a02f733","source_observation":"4485932e-6b4e-5f51-abe9-1e32a56ccb8e","source_external_id":"b7576d01-d404-4d11-b313-3e4e57a1","data_source":"emodnet:platforms","source_date":"unknown","retrieved_at":"2026-10-07T22:09:31.709648+00:00","correction_status":"source_baseline"}},{"type":"Feature","id":"94bf4ace-3a36-5fc2-8112-64eec5d0c9c8","geometry":{"coordinates":[2.27010699,57.1557261],"type":"Point"},"properties":{"category":"MONITOR BUOY","coast_dist":246209.033381,"country":"United Kingdom","current_status":"Operational","function":"PIERCE WAVERIDER","location_blocks":null,"name":"PIERCE WAVERIDER","operator":"ROYAL DUTCH SHELL","platformid":"52ec33c9-ae01-4d77-8c8a-4e2b56f6","primary_production":null,"production_start":null,"remarks":"Deployment position notification from Jon Upton 28/04/2020","valid_from":"20200428","valid_to":null,"water_depth":0.0,"weight_sub":null,"weight_top":null,"helmlore_id":"94bf4ace-3a36-5fc2-8112-64eec5d0c9c8","source_observation":"2d52f469-454c-53c2-8c65-570ccecda4ab","source_external_id":"52ec33c9-ae01-4d77-8c8a-4e2b56f6","data_source":"emodnet:platforms","source_date":"unknown","retrieved_at":"2026-10-07T22:09:31.709648+00:00","correction_status":"source_baseline"}},{"type":"Feature","id":"d187c2b1-6d8c-5371-b4b2-49f01641f9e2","geometry":{"coordinates":[1.02676212,51.52623347],"type":"Point"},"properties":{"category":"BUOY","coast_dist":10047.9551174,"country":"United Kingdom","current_status":"Operational","function":"WARP GUARD BUOY KFB25/2012 AREA3","location_blocks":null,"name":"WARP GUARD BUOY KFB25/2012 AREA3","operator":"CEFAS","platformid":"c1c646c2-3f38-435f-ad72-0a92df1b","primary_production":null,"production_start":null,"remarks":"OCEANOGRAPHIC EQUIPMENT FITTED WITH A YELLOW LIGHT EXHIBITING THE SEQUENCE FL Y (5) 20S","valid_from":"20120801","valid_to":null,"water_depth":0.0,"weight_sub":null,"weight_top":null,"helmlore_id":"d187c2b1-6d8c-5371-b4b2-49f01641f9e2","source_observation":"9faa9c64-54f6-5117-bbac-65b590d60724","source_external_id":"c1c646c2-3f38-435f-ad72-0a92df1b","data_source":"emodnet:platforms","source_date":"unknown","retrieved_at":"2026-10-07T22:09:31.709648+00:00","correction_status":"source_baseline"}},{"type":"Feature","id":"14f34ad0-0e9c-55ab-8f60-102862912d83","geometry":{"coordinates":[0.43226794,54.59481139],"type":"Point"},"properties":{"category":"PLATFORM","coast_dist":61569.7778658,"country":"United Kingdom","current_status":"Operational","function":"BREAGH ALPHA PLATFORM LOCATION","location_blocks":null,"name":"BREAGH ALPHA","operator":"INEOS INDUSTRIES","platformid":"e9447b39-45ed-49eb-a9ff-433a011f","primary_production":null,"production_start":null,"remarks":null,"valid_from":"20111016","valid_to":null,"water_depth":0.0,"weight_sub":null,"weight_top":null,"helmlore_id":"14f34ad0-0e9c-55ab-8f60-102862912d83","source_observation":"192db06b-1f12-5876-8dce-4e0382ff0450","source_external_id":"e9447b39-45ed-49eb-a9ff-433a011f","data_source":"emodnet:platforms","source_date":"unknown","retrieved_at":"2026-10-07T22:09:31.709648+00:00","correction_status":"source_baseline"}},{"type":"Feature","id":"6d840994-62ef-51c9-a0f5-5fefd26216ba","geometry":{"coordinates":[0.44006352,54.04014241],"type":"Point"},"properties":{"category":"PLATFORM","coast_dist":34781.9129151,"country":"United Kingdom","current_status":"Under construction","function":"TOLMOUNT PLATFORM","location_blocks":null,"name":"TOLMOUNT","operator":"HARBOUR ENERGY PLC","platformid":"b6fab6d1-8fa6-41a7-aba7-dea4d45e","primary_production":null,"production_start":null,"remarks":null,"valid_from":null,"valid_to":null,"water_depth":0.0,"weight_sub":null,"weight_top":null,"helmlore_id":"6d840994-62ef-51c9-a0f5-5fefd26216ba","source_observation":"e9b7452e-3f5c-5418-a0f1-668360a937e3","source_external_id":"b6fab6d1-8fa6-41a7-aba7-dea4d45e","data_source":"emodnet:platforms","source_date":"unknown","retrieved_at":"2026-10-07T22:09:31.709648+00:00","correction_status":"source_baseline"}},{"type":"Feature","id":"7b6149a5-7ec4-5f6e-a4f4-ac40b86341e4","geometry":{"coordinates":[2.05619938,53.65011843],"type":"Point"},"properties":{"category":"PLATFORM","coast_dist":94080.8561848,"country":"United Kingdom","current_status":"Under construction","function":"TETHYS PLATFORM","location_blocks":null,"name":"49/11B TETHYS","operator":"CHRYSAOR HOLDINGS","platformid":"0f393e82-d62f-4be3-a2b6-8ae23f8d","primary_production":null,"production_start":null,"remarks":"Change in status from PRECOMMISSION to ACTIVE.","valid_from":"20060605","valid_to":null,"water_depth":0.0,"weight_sub":null,"weight_top":null,"helmlore_id":"7b6149a5-7ec4-5f6e-a4f4-ac40b86341e4","source_observation":"e152f2c7-c1e9-5dbd-a5e4-3721974331fa","source_external_id":"0f393e82-d62f-4be3-a2b6-8ae23f8d","data_source":"emodnet:platforms","source_date":"unknown","retrieved_at":"2026-10-07T22:09:31.709648+00:00","correction_status":"source_baseline"}},{"type":"Feature","id":"bf031d51-0109-5c8b-9ec8-30d7a866bf28","geometry":{"coordinates":[1.80213242,57.75743616],"type":"Point"},"properties":{"category":"PLATFORM","coast_dist":215029.443589,"country":"United Kingdom","current_status":"Operational","function":"RISER STEEL","location_blocks":null,"name":"CATS RISER","operator":"CHRYSAOR HOLDINGS","platformid":"7e5b0e17-d6ba-48ed-b0e3-f6061231","primary_production":null,"production_start":null,"remarks":null,"valid_from":"20170707","valid_to":null,"water_depth":0.0,"weight_sub":null,"weight_top":null,"helmlore_id":"bf031d51-0109-5c8b-9ec8-30d7a866bf28","source_observation":"c621957e-08c9-5d48-8c1c-13484ecf4c0d","source_external_id":"7e5b0e17-d6ba-48ed-b0e3-f6061231","data_source":"emodnet:platforms","source_date":"unknown","retrieved_at":"2026-10-07T22:09:31.709648+00:00","correction_status":"source_baseline"}},{"type":"Feature","id":"1cf0b1c8-6c4c-5e70-b042-09fdad6500b8","geometry":{"coordinates":[1.14399908,57.66222823],"type":"Point"},"properties":{"category":"PLATFORM","coast_dist":175006.440878,"country":"United Kingdom","current_status":"Operational","function":"NELSON A","location_blocks":null,"name":"NELSON A","operator":"ROYAL DUTCH SHELL","platformid":"ee9b960a-24a0-41f2-8d38-02dd9f5e","primary_production":null,"production_start":null,"remarks":null,"valid_from":null,"valid_to":null,"water_depth":0.0,"weight_sub":null,"weight_top":null,"helmlore_id":"1cf0b1c8-6c4c-5e70-b042-09fdad6500b8","source_observation":"8951b908-e4bb-5568-ad0b-b2a821c51c34","source_external_id":"ee9b960a-24a0-41f2-8d38-02dd9f5e","data_source":"emodnet:platforms","source_date":"unknown","retrieved_at":"2026-10-07T22:09:31.709648+00:00","correction_status":"source_baseline"}},{"type":"Feature","id":"146e727e-2220-5120-b6a5-e7969d51be9b","geometry":{"coordinates":[1.73366136,60.80960967],"type":"Point"},"properties":{"category":"PLATFORM","coast_dist":135715.653448,"country":"United Kingdom","current_status":"Operational","function":"PRODUCTION STEEL","location_blocks":null,"name":"ALWYN NORTH NAB","operator":"TOTALENERGIES UPSTREAM UK LIMITED","platformid":"a4db3b56-c96d-4f91-a4a9-1b14d7e4","primary_production":null,"production_start":null,"remarks":null,"valid_from":null,"valid_to":null,"water_depth":0.0,"weight_sub":null,"weight_top":null,"helmlore_id":"146e727e-2220-5120-b6a5-e7969d51be9b","source_observation":"dfc21360-c4b2-5117-a137-6b80336905d3","source_external_id":"a4db3b56-c96d-4f91-a4a9-1b14d7e4","data_source":"emodnet:platforms","source_date":"unknown","retrieved_at":"2026-10-07T22:09:31.709648+00:00","correction_status":"source_baseline"}},{"type":"Feature","id":"33eb1c1d-5ac1-5ca5-a8cc-f99d668d5671","geometry":{"coordinates":[1.53421541,59.54458853],"type":"Point"},"properties":{"category":"PLATFORM","coast_dist":156973.828919,"country":"United Kingdom","current_status":"Operational","function":"PRODUCTION DRILLING CONCRETE GRAVITY BASE","location_blocks":null,"name":"BERYL A","operator":"APACHE CORPORATION","platformid":"ba90780a-347a-4ed7-a849-62053d0e","primary_production":null,"production_start":null,"remarks":null,"valid_from":null,"valid_to":null,"water_depth":0.0,"weight_sub":null,"weight_top":null,"helmlore_id":"33eb1c1d-5ac1-5ca5-a8cc-f99d668d5671","source_observation":"6a254597-dac3-5a0d-8333-7adc824e4017","source_external_id":"ba90780a-347a-4ed7-a849-62053d0e","data_source":"emodnet:platforms","source_date":"unknown","retrieved_at":"2026-10-07T22:09:31.709648+00:00","correction_status":"source_baseline"}},{"type":"Feature","id":"ca76664b-97a8-5deb-9746-85b7af47f43f","geometry":{"coordinates":[1.0765156,59.60829506],"type":"Point"},"properties":{"category":"FSO","coast_dist":130672.57207,"country":"United Kingdom","current_status":"Operational","function":"MARINER B FSU","location_blocks":null,"name":"MARINER B FSU","operator":"EQUINOR ASA","platformid":"e8410621-9d68-44a1-9831-400173dd","primary_production":null,"production_start":null,"remarks":null,"valid_from":null,"valid_to":null,"water_depth":0.0,"weight_sub":null,"weight_top":null,"helmlore_id":"ca76664b-97a8-5deb-9746-85b7af47f43f","source_observation":"0f0e46f1-081d-5644-be26-dc57c755b6b3","source_external_id":"e8410621-9d68-44a1-9831-400173dd","data_source":"emodnet:platforms","source_date":"unknown","retrieved_at":"2026-10-07T22:09:31.709648+00:00","correction_status":"source_baseline"}},{"type":"Feature","id":"0f004ee2-071f-5a8f-936a-256e1c9768f8","geometry":{"coordinates":[2.06192253,56.39992995],"type":"Point"},"properties":{"category":"PLATFORM","coast_dist":243733.460814,"country":"United Kingdom","current_status":"Operational","function":"PRODUCTION & DRILLING STEEL","location_blocks":null,"name":"AUK A","operator":"REPSOL SINOPEC RESOURCES","platformid":"062004c9-0197-42f3-ba78-097357b5","primary_production":null,"production_start":null,"remarks":null,"valid_from":null,"valid_to":null,"water_depth":0.0,"weight_sub":null,"weight_top":null,"helmlore_id":"0f004ee2-071f-5a8f-936a-256e1c9768f8","source_observation":"131a0ee7-b7f3-57e0-ace6-798cbad8fd40","source_external_id":"062004c9-0197-42f3-ba78-097357b5","data_source":"emodnet:platforms","source_date":"unknown","retrieved_at":"2026-10-07T22:09:31.709648+00:00","correction_status":"source_baseline"}},{"type":"Feature","id":"cffd676e-4db7-5a04-865b-c1e943b42bf8","geometry":{"coordinates":[1.03169609,51.52500047],"type":"Point"},"properties":{"category":"BUOY","coast_dist":10384.9988054,"country":"United Kingdom","current_status":"Operational","function":"WARP SMART BUOY KFB25/2012 AREA3","location_blocks":null,"name":"WARP SMART BUOY KFB25/2012 AREA3","operator":"CEFAS","platformid":"499f8bc6-9155-4002-889b-6969e786","primary_production":null,"production_start":null,"remarks":"OCEANOGRAPHIC EQUIPMENT FITTED WITH A YELLOW LIGHT EXHIBITING THE SEQUENCE FL Y (5) 20S","valid_from":"20120801","valid_to":null,"water_depth":0.0,"weight_sub":null,"weight_top":null,"helmlore_id":"cffd676e-4db7-5a04-865b-c1e943b42bf8","source_observation":"ca764c12-68fa-50ef-bc30-9584f9c27f43","source_external_id":"499f8bc6-9155-4002-889b-6969e786","data_source":"emodnet:platforms","source_date":"unknown","retrieved_at":"2026-10-07T22:09:31.709648+00:00","correction_status":"source_baseline"}},{"type":"Feature","id":"0971b02d-f0e1-5ec4-8b79-e3080b172475","geometry":{"coordinates":[1.52518123,53.61242086],"type":"Point"},"properties":{"category":"PLATFORM","coast_dist":76846.5682744,"country":"United Kingdom","current_status":"Operational","function":"BARQUE PB","location_blocks":null,"name":"BARQUE PB","operator":"ROYAL DUTCH SHELL","platformid":"f9a3dbb0-5f79-4e2e-9891-23d3a2fa","primary_production":null,"production_start":null,"remarks":null,"valid_from":"19900401","valid_to":null,"water_depth":0.0,"weight_sub":null,"weight_top":null,"helmlore_id":"0971b02d-f0e1-5ec4-8b79-e3080b172475","source_observation":"a5a17c8e-8564-5adc-a2db-0805d21c3c2d","source_external_id":"f9a3dbb0-5f79-4e2e-9891-23d3a2fa","data_source":"emodnet:platforms","source_date":"unknown","retrieved_at":"2026-10-07T22:09:31.709648+00:00","correction_status":"source_baseline"}},{"type":"Feature","id":"358f005d-3c07-5399-810a-e9ef9cb39371","geometry":{"coordinates":[1.80761797,60.59567497],"type":"Point"},"properties":{"category":"BUOY","coast_dist":140508.594872,"country":"United Kingdom","current_status":"Operational","function":"WELLHEAD MARKER BUOY: KINGFISHER FORTNIGHTLY BULLETIN 04/2005","location_blocks":null,"name":"WELLHEAD MARKER BUOY: KFB 04/2005","operator":null,"platformid":"c2c9d0e7-67e4-42e3-93ee-0fb5207f","primary_production":null,"production_start":null,"remarks":null,"valid_from":"20040217","valid_to":null,"water_depth":0.0,"weight_sub":null,"weight_top":null,"helmlore_id":"358f005d-3c07-5399-810a-e9ef9cb39371","source_observation":"5c739018-2bcb-5319-ae96-92ed5d59a94f","source_external_id":"c2c9d0e7-67e4-42e3-93ee-0fb5207f","data_source":"emodnet:platforms","source_date":"unknown","retrieved_at":"2026-10-07T22:09:31.709648+00:00","correction_status":"source_baseline"}},{"type":"Feature","id":"c6a87220-4a3a-5719-9d6d-1d2c5ce04b9d","geometry":{"coordinates":[-3.58049432,53.84619898],"type":"Point"},"properties":{"category":"PLATFORM","coast_dist":33167.8261052,"country":"United Kingdom","current_status":"Operational","function":"DRILLING PLATFORM DP1","location_blocks":null,"name":"DRILLING PLATFORM DP1","operator":"SPIRIT ENERGY","platformid":"ba039432-e6de-49c8-ba69-8a9aa224","primary_production":null,"production_start":null,"remarks":"Asset transfer from ConocoPhillips to Chrysaor October 2019","valid_from":null,"valid_to":null,"water_depth":0.0,"weight_sub":null,"weight_top":null,"helmlore_id":"c6a87220-4a3a-5719-9d6d-1d2c5ce04b9d","source_observation":"4e2afdfe-bdbc-5e2e-a345-f8a3483365ee","source_external_id":"ba039432-e6de-49c8-ba69-8a9aa224","data_source":"emodnet:platforms","source_date":"unknown","retrieved_at":"2026-10-07T22:09:31.709648+00:00","correction_status":"source_baseline"}},{"type":"Feature","id":"0bd03c75-375d-5f0d-8352-55df0e639f0e","geometry":{"coordinates":[1.99659733,57.37469776],"type":"Point"},"properties":{"category":"PLATFORM","coast_dist":226472.295037,"country":"United Kingdom","current_status":"Operational","function":"WELLHEAD STEEL","location_blocks":null,"name":"MUNGO","operator":"BP EXPLORATION","platformid":"85d8c6f8-09c4-4285-b2b9-826974f5","primary_production":null,"production_start":null,"remarks":null,"valid_from":null,"valid_to":null,"water_depth":0.0,"weight_sub":null,"weight_top":null,"helmlore_id":"0bd03c75-375d-5f0d-8352-55df0e639f0e","source_observation":"2c875075-1d19-5c20-8904-983e30a56495","source_external_id":"85d8c6f8-09c4-4285-b2b9-826974f5","data_source":"emodnet:platforms","source_date":"unknown","retrieved_at":"2026-10-07T22:09:31.709648+00:00","correction_status":"source_baseline"}},{"type":"Feature","id":"80980729-0821-59f4-8366-f7d72cc13d29","geometry":{"coordinates":[1.6103954,55.89946593],"type":"Point"},"properties":{"category":"PLATFORM","coast_dist":203905.985798,"country":"United Kingdom","current_status":"Removed","function":"BOOSTER PLATFORM 37/4A NORPIPE A.S","location_blocks":null,"name":"BOOSTER PLATFORM 37/4A NORPIPE A.S","operator":"CONOCOPHILLIPS","platformid":"c224555b-b624-4287-8d8f-d2a97b96","primary_production":null,"production_start":null,"remarks":"Removed June 15. 2010","valid_from":null,"valid_to":null,"water_depth":0.0,"weight_sub":null,"weight_top":null,"helmlore_id":"80980729-0821-59f4-8366-f7d72cc13d29","source_observation":"dbbbe864-b7e7-5c87-b11b-fa85bf5bd177","source_external_id":"c224555b-b624-4287-8d8f-d2a97b96","data_source":"emodnet:platforms","source_date":"unknown","retrieved_at":"2026-10-07T22:09:31.709648+00:00","correction_status":"source_baseline"}},{"type":"Feature","id":"3af1134a-b660-5f38-bdfe-482e49e451a1","geometry":{"coordinates":[2.23458132,53.05461677],"type":"Point"},"properties":{"category":"PLATFORM","coast_dist":51063.7142199,"country":"United Kingdom","current_status":"Operational","function":"ACCOMMODATION STEEL","location_blocks":null,"name":"LEMAN AQ","operator":"PERENCO OIL & GAS","platformid":"674f58db-6eb3-49a0-bb49-f68ca521","primary_production":null,"production_start":null,"remarks":null,"valid_from":null,"valid_to":null,"water_depth":0.0,"weight_sub":null,"weight_top":null,"helmlore_id":"3af1134a-b660-5f38-bdfe-482e49e451a1","source_observation":"d932a8cc-ef1f-5bec-aadf-2e7dd6a63761","source_external_id":"674f58db-6eb3-49a0-bb49-f68ca521","data_source":"emodnet:platforms","source_date":"unknown","retrieved_at":"2026-10-07T22:09:31.709648+00:00","correction_status":"source_baseline"}},{"type":"Feature","id":"8b90c480-9937-5b82-bc63-3f0c68fa4353","geometry":{"coordinates":[2.32157402,54.26749145],"type":"Point"},"properties":{"category":"PLATFORM","coast_dist":157402.095655,"country":"United Kingdom","current_status":"Closed down","function":"COMPRESSION & ACCOMMODATION STEEL","location_blocks":null,"name":"MURDOCH COMPRESSION","operator":"CHRYSAOR HOLDINGS","platformid":"053194b7-f33a-48f1-97c7-f9a55a33","primary_production":null,"production_start":null,"remarks":"Change in status from ACTIVE to NOT IN USE.","valid_from":"19960101","valid_to":null,"water_depth":0.0,"weight_sub":null,"weight_top":null,"helmlore_id":"8b90c480-9937-5b82-bc63-3f0c68fa4353","source_observation":"6bab4cde-a07b-5ff5-98db-67715e8b7238","source_external_id":"053194b7-f33a-48f1-97c7-f9a55a33","data_source":"emodnet:platforms","source_date":"unknown","retrieved_at":"2026-10-07T22:09:31.709648+00:00","correction_status":"source_baseline"}},{"type":"Feature","id":"5d5e7d8c-ebc7-5aed-a29a-53771993556d","geometry":{"coordinates":[1.07934979,53.75256479],"type":"Point"},"properties":{"category":"PLATFORM","coast_dist":63616.6802053,"country":"United Kingdom","current_status":"Operational","function":"PRODUCTION & ACCOMMODATION STEEL","location_blocks":null,"name":"WEST SOLE C","operator":"PERENCO OIL & GAS","platformid":"d11c011f-208f-4b4a-9086-f3e2c4c9","primary_production":null,"production_start":null,"remarks":null,"valid_from":null,"valid_to":null,"water_depth":0.0,"weight_sub":null,"weight_top":null,"helmlore_id":"5d5e7d8c-ebc7-5aed-a29a-53771993556d","source_observation":"c428ff68-49f8-5d70-ab42-fb132f6ea227","source_external_id":"d11c011f-208f-4b4a-9086-f3e2c4c9","data_source":"emodnet:platforms","source_date":"unknown","retrieved_at":"2026-10-07T22:09:31.709648+00:00","correction_status":"source_baseline"}},{"type":"Feature","id":"de4ddb41-4de0-5b52-8690-15cd16876578","geometry":{"coordinates":[1.5114609,59.60978809],"type":"Point"},"properties":{"category":"PLATFORM","coast_dist":152767.025373,"country":"United Kingdom","current_status":"Operational","function":"PRODUCTION DRILLING STEEL","location_blocks":null,"name":"BERYL B","operator":"APACHE CORPORATION","platformid":"e1299f05-cd22-434a-a807-709cc389","primary_production":null,"production_start":null,"remarks":null,"valid_from":null,"valid_to":null,"water_depth":0.0,"weight_sub":null,"weight_top":null,"helmlore_id":"de4ddb41-4de0-5b52-8690-15cd16876578","source_observation":"17a2af69-77f0-569a-a16c-0a8cf8522ef8","source_external_id":"e1299f05-cd22-434a-a807-709cc389","data_source":"emodnet:platforms","source_date":"unknown","retrieved_at":"2026-10-07T22:09:31.709648+00:00","correction_status":"source_baseline"}},{"type":"Feature","id":"ef8bad8d-1637-52da-a8a6-5b8a6897e1ac","geometry":{"coordinates":[-6.56648211,51.13333872],"type":"Point"},"properties":{"category":"BUOY","coast_dist":108646.707172,"country":"United Kingdom","current_status":"Operational","function":"CELTIC DEEP GUARD BUOY KFB20/2012 AREA5","location_blocks":null,"name":"CELTIC DEEP GUARD BUOY KFB20/2012 AREA5","operator":"CEFAS","platformid":"ca33e9cb-0963-4890-ac55-54386db8","primary_production":null,"production_start":null,"remarks":null,"valid_from":"20120914","valid_to":null,"water_depth":0.0,"weight_sub":null,"weight_top":null,"helmlore_id":"ef8bad8d-1637-52da-a8a6-5b8a6897e1ac","source_observation":"8a32612f-e03f-5e02-b927-ea48a67fe2ad","source_external_id":"ca33e9cb-0963-4890-ac55-54386db8","data_source":"emodnet:platforms","source_date":"unknown","retrieved_at":"2026-10-07T22:09:31.709648+00:00","correction_status":"source_baseline"}},{"type":"Feature","id":"e225e44c-74de-5037-92fe-b0f86266c300","geometry":{"coordinates":[-3.15333328,58.09406677],"type":"Point"},"properties":{"category":"PLATFORM","coast_dist":22128.9247608,"country":"United Kingdom","current_status":"Decommissioned","function":"INJECTION STEEL","location_blocks":null,"name":"BEATRICE C","operator":"REPSOL SINOPEC RESOURCES","platformid":"336c3d30-8f19-4f0a-9bdd-d6af98d7","primary_production":null,"production_start":null,"remarks":null,"valid_from":null,"valid_to":null,"water_depth":0.0,"weight_sub":null,"weight_top":null,"helmlore_id":"e225e44c-74de-5037-92fe-b0f86266c300","source_observation":"9388dc62-ba18-5b8d-aa53-cb1278611af3","source_external_id":"336c3d30-8f19-4f0a-9bdd-d6af98d7","data_source":"emodnet:platforms","source_date":"unknown","retrieved_at":"2026-10-07T22:09:31.709648+00:00","correction_status":"source_baseline"}},{"type":"Feature","id":"2bfaec8e-ebcf-519b-b78c-1ca52fe14bea","geometry":{"coordinates":[-3.58211649,53.8459035],"type":"Point"},"properties":{"category":"PLATFORM","coast_dist":33268.6750077,"country":"United Kingdom","current_status":"Operational","function":"PROCESSING PLATFORM","location_blocks":null,"name":"SOUTH MORECAMBE CPP1","operator":"SPIRIT ENERGY","platformid":"8d2f4ba6-ba4c-444d-ab5b-4c710b5a","primary_production":null,"production_start":null,"remarks":null,"valid_from":null,"valid_to":null,"water_depth":0.0,"weight_sub":null,"weight_top":null,"helmlore_id":"2bfaec8e-ebcf-519b-b78c-1ca52fe14bea","source_observation":"1ee8ec24-4c19-5260-b2a4-1e86f403ded4","source_external_id":"8d2f4ba6-ba4c-444d-ab5b-4c710b5a","data_source":"emodnet:platforms","source_date":"unknown","retrieved_at":"2026-10-07T22:09:31.709648+00:00","correction_status":"source_baseline"}},{"type":"Feature","id":"c275a3e9-ed68-501c-86e3-49ddb8fd57ae","geometry":{"coordinates":[0.20075393,58.28870362],"type":"Point"},"properties":{"category":"PLATFORM","coast_dist":141568.264273,"country":"United Kingdom","current_status":"Operational","function":"PRODUCTION STEEL DRILLING","location_blocks":null,"name":"SCOTT JD","operator":"CNOOC INTERNATIONAL","platformid":"26df6790-4966-42c2-bc65-a98bb6ea","primary_production":null,"production_start":null,"remarks":null,"valid_from":null,"valid_to":null,"water_depth":0.0,"weight_sub":null,"weight_top":null,"helmlore_id":"c275a3e9-ed68-501c-86e3-49ddb8fd57ae","source_observation":"34664c0b-6427-5800-8f12-b4330ebc66c9","source_external_id":"26df6790-4966-42c2-bc65-a98bb6ea","data_source":"emodnet:platforms","source_date":"unknown","retrieved_at":"2026-10-07T22:09:31.709648+00:00","correction_status":"source_baseline"}},{"type":"Feature","id":"c9f611ae-ff7a-5b9b-bdf9-73b72d4d66f3","geometry":{"coordinates":[2.32039401,54.26710142],"type":"Point"},"properties":{"category":"PLATFORM","coast_dist":157321.597562,"country":"United Kingdom","current_status":"Closed down","function":"MURDOCH ACCOMMODATION","location_blocks":null,"name":"MURDOCH ACCOMMODATION","operator":"CHRYSAOR HOLDINGS","platformid":"92e8ef29-28dd-412b-93d1-075da98c","primary_production":null,"production_start":null,"remarks":"Change in status from ACTIVE to NOT IN USE.","valid_from":"20020101","valid_to":null,"water_depth":0.0,"weight_sub":null,"weight_top":null,"helmlore_id":"c9f611ae-ff7a-5b9b-bdf9-73b72d4d66f3","source_observation":"9abf424d-cfae-54d3-947e-0771f353d759","source_external_id":"92e8ef29-28dd-412b-93d1-075da98c","data_source":"emodnet:platforms","source_date":"unknown","retrieved_at":"2026-10-07T22:09:31.709648+00:00","correction_status":"source_baseline"}},{"type":"Feature","id":"aa0746e3-0b0c-508d-8c86-8957743b2ad8","geometry":{"coordinates":[1.37395977,53.40933141],"type":"Point"},"properties":{"category":"PLATFORM","coast_dist":52692.5129268,"country":"United Kingdom","current_status":"Operational","function":"WELLHEAD STEEL","location_blocks":null,"name":"LANCELOT A","operator":"PERENCO OIL & GAS","platformid":"ff714349-63b5-4bb5-aa8c-d49cd6c5","primary_production":null,"production_start":null,"remarks":null,"valid_from":null,"valid_to":null,"water_depth":0.0,"weight_sub":null,"weight_top":null,"helmlore_id":"aa0746e3-0b0c-508d-8c86-8957743b2ad8","source_observation":"28566134-07e1-55f1-934a-1de6173a4d27","source_external_id":"ff714349-63b5-4bb5-aa8c-d49cd6c5","data_source":"emodnet:platforms","source_date":"unknown","retrieved_at":"2026-10-07T22:09:31.709648+00:00","correction_status":"source_baseline"}},{"type":"Feature","id":"4616bc4f-9bcc-5f17-b2ed-dba9cecce54e","geometry":{"coordinates":[2.57357673,53.3228517],"type":"Point"},"properties":{"category":"PLATFORM","coast_dist":87868.4171409,"country":"United Kingdom","current_status":"Operational","function":"COMPRESSION STEEL","location_blocks":null,"name":"INDE AC","operator":"PERENCO OIL & GAS","platformid":"943059b7-51ca-40c7-8e40-de1cb5a5","primary_production":null,"production_start":null,"remarks":null,"valid_from":null,"valid_to":null,"water_depth":0.0,"weight_sub":null,"weight_top":null,"helmlore_id":"4616bc4f-9bcc-5f17-b2ed-dba9cecce54e","source_observation":"967b6dd7-443f-5f43-990e-b7cd5ab1c99a","source_external_id":"943059b7-51ca-40c7-8e40-de1cb5a5","data_source":"emodnet:platforms","source_date":"unknown","retrieved_at":"2026-10-07T22:09:31.709648+00:00","correction_status":"source_baseline"}},{"type":"Feature","id":"f6fa4092-2e4c-5a0d-9179-a4aa75a77dd8","geometry":{"coordinates":[2.09443579,53.31757865],"type":"Point"},"properties":{"category":"PLATFORM","coast_dist":65688.3449036,"country":"United Kingdom","current_status":"Closed down","function":"WELLHEAD STEEL","location_blocks":null,"name":"SOUTH VALIANT","operator":"CHRYSAOR HOLDINGS","platformid":"76597460-c7f9-40b6-afc5-2c008bbf","primary_production":null,"production_start":null,"remarks":"Change in status from ACTIVE to NOT IN USE.","valid_from":"19880101","valid_to":null,"water_depth":0.0,"weight_sub":null,"weight_top":null,"helmlore_id":"f6fa4092-2e4c-5a0d-9179-a4aa75a77dd8","source_observation":"27b56ecc-52e8-5731-b315-71b694315936","source_external_id":"76597460-c7f9-40b6-afc5-2c008bbf","data_source":"emodnet:platforms","source_date":"unknown","retrieved_at":"2026-10-07T22:09:31.709648+00:00","correction_status":"source_baseline"}},{"type":"Feature","id":"fa76c498-7a03-538f-91e3-16ab2dcdf582","geometry":{"coordinates":[2.48448294,53.19741712],"type":"Point"},"properties":{"category":"PLATFORM","coast_dist":74087.7074969,"country":"United Kingdom","current_status":"Operational","function":"WELLHEAD STEEL","location_blocks":null,"name":"BESSEMER A","operator":"PERENCO OIL & GAS","platformid":"26a37543-3caf-4c9a-a4ec-332fa31b","primary_production":null,"production_start":null,"remarks":null,"valid_from":null,"valid_to":null,"water_depth":0.0,"weight_sub":null,"weight_top":null,"helmlore_id":"fa76c498-7a03-538f-91e3-16ab2dcdf582","source_observation":"604bffae-dd5e-58ef-8892-51a125caa1f4","source_external_id":"26a37543-3caf-4c9a-a4ec-332fa31b","data_source":"emodnet:platforms","source_date":"unknown","retrieved_at":"2026-10-07T22:09:31.709648+00:00","correction_status":"source_baseline"}},{"type":"Feature","id":"a9475779-2a05-52c4-99c4-a83aec67467b","geometry":{"coordinates":[0.43275643,53.88601724],"type":"Point"},"properties":{"category":"PLATFORM","coast_dist":31351.4662069,"country":"United Kingdom","current_status":"Operational","function":"YORK PLATFORM","location_blocks":null,"name":"YORK PLATFORM","operator":"SPIRIT ENERGY","platformid":"7a43c8e5-a63d-4d2d-a3e9-23eb1c36","primary_production":null,"production_start":null,"remarks":null,"valid_from":"20121026","valid_to":null,"water_depth":0.0,"weight_sub":null,"weight_top":null,"helmlore_id":"a9475779-2a05-52c4-99c4-a83aec67467b","source_observation":"cc24169f-c0a5-522d-8dc3-36e32de8b10a","source_external_id":"7a43c8e5-a63d-4d2d-a3e9-23eb1c36","data_source":"emodnet:platforms","source_date":"unknown","retrieved_at":"2026-10-07T22:09:31.709648+00:00","correction_status":"source_baseline"}},{"type":"Feature","id":"2a422015-a91a-595a-b573-1a24882b2cf7","geometry":{"coordinates":[1.90796418,57.1902471],"type":"Point"},"properties":{"category":"PLATFORM","coast_dist":223977.803852,"country":"United Kingdom","current_status":"Operational","function":"CULZEAN ULQ PLATFORM (UTILITY AMD LIVING QTRS)","location_blocks":null,"name":"CULZEAN LIVING QTRS AND UTILITY (ULQ)","operator":"TOTALENERGIES UPSTREAM UK LIMITED","platformid":"af56ff5c-ed5d-4354-b0b1-ab2ae227","primary_production":null,"production_start":null,"remarks":"Status Change - now ACTIVE and co-ord update -Jacket Structure Installed Aug 2017 - Topside installations ongoing. As-Built Co-ords Updated.Due to be installed later in 2017","valid_from":null,"valid_to":null,"water_depth":0.0,"weight_sub":null,"weight_top":null,"helmlore_id":"2a422015-a91a-595a-b573-1a24882b2cf7","source_observation":"30202c52-3af9-5864-9c75-a39847587cd2","source_external_id":"af56ff5c-ed5d-4354-b0b1-ab2ae227","data_source":"emodnet:platforms","source_date":"unknown","retrieved_at":"2026-10-07T22:09:31.709648+00:00","correction_status":"source_baseline"}},{"type":"Feature","id":"a9e506e7-9dcd-501f-9c2f-3857e0292f61","geometry":{"coordinates":[-3.58215257,53.84675273],"type":"Point"},"properties":{"category":"PLATFORM","coast_dist":33206.6491071,"country":"United Kingdom","current_status":"Operational","function":"FLARE PLATFORM","location_blocks":null,"name":"SOUTH MORECAMBE FL1","operator":"SPIRIT ENERGY","platformid":"d6c03b15-81a5-4ce6-a34b-e81f7316","primary_production":null,"production_start":null,"remarks":null,"valid_from":null,"valid_to":null,"water_depth":0.0,"weight_sub":null,"weight_top":null,"helmlore_id":"a9e506e7-9dcd-501f-9c2f-3857e0292f61","source_observation":"582dfdc8-e7b8-5cfb-8b8a-aaf068594e5e","source_external_id":"d6c03b15-81a5-4ce6-a34b-e81f7316","data_source":"emodnet:platforms","source_date":"unknown","retrieved_at":"2026-10-07T22:09:31.709648+00:00","correction_status":"source_baseline"}},{"type":"Feature","id":"07f4dce4-391d-5c38-aa20-44e82a74c247","geometry":{"coordinates":[-1.89006074,57.38392889],"type":"Point"},"properties":{"category":"TERMINAL","coast_dist":718.069663167,"country":"United Kingdom","current_status":"Operational","function":"CRUDEN BAY TANKS","location_blocks":null,"name":"CRUDEN BAY TANKS","operator":null,"platformid":"33f20f9f-a202-4872-8cf3-afa7b380","primary_production":null,"production_start":null,"remarks":null,"valid_from":null,"valid_to":null,"water_depth":0.0,"weight_sub":null,"weight_top":null,"helmlore_id":"07f4dce4-391d-5c38-aa20-44e82a74c247","source_observation":"e410a82f-0b4e-5b23-b30d-55b1f25fa08c","source_external_id":"33f20f9f-a202-4872-8cf3-afa7b380","data_source":"emodnet:platforms","source_date":"unknown","retrieved_at":"2026-10-07T22:09:31.709648+00:00","correction_status":"source_baseline"}},{"type":"Feature","id":"db29b2a6-7c65-5da6-a331-7bf1cb268eba","geometry":{"coordinates":[-1.95560171,50.50573689],"type":"Point"},"properties":{"category":"BUOY","coast_dist":9509.28289927,"country":"United Kingdom","current_status":"Operational","function":"ENGLISH CHANNEL TITAN BUOY 3: KFB18/2012 AREA4","location_blocks":null,"name":"ENGLISH CHANNEL TITAN BUOY 3: KFB18/2012 AREA4","operator":null,"platformid":"144be78c-c747-45f5-aedc-2d5db02c","primary_production":null,"production_start":null,"remarks":"marked with dahn flag. attached to a ground weight and from this a ground line connects a sub surface riser and instruments will be positioned at approx10 metres above the sea bed.","valid_from":"20120910","valid_to":null,"water_depth":0.0,"weight_sub":null,"weight_top":null,"helmlore_id":"db29b2a6-7c65-5da6-a331-7bf1cb268eba","source_observation":"2632b1b6-3798-52f1-9bde-fbc98ab2acf0","source_external_id":"144be78c-c747-45f5-aedc-2d5db02c","data_source":"emodnet:platforms","source_date":"unknown","retrieved_at":"2026-10-07T22:09:31.709648+00:00","correction_status":"source_baseline"}},{"type":"Feature","id":"0ac08894-d2af-58b6-b5f4-baf7d1bb521e","geometry":{"coordinates":[2.10906985,56.78075667],"type":"Point"},"properties":{"category":"FPSO","coast_dist":247547.281764,"country":"United Kingdom","current_status":"Operational","function":"STELLA FPF1","location_blocks":null,"name":"FPF1","operator":"ITHACA ENERGY","platformid":"d286743b-8c17-464e-8a64-c230a607","primary_production":null,"production_start":null,"remarks":null,"valid_from":"20160830","valid_to":null,"water_depth":0.0,"weight_sub":null,"weight_top":null,"helmlore_id":"0ac08894-d2af-58b6-b5f4-baf7d1bb521e","source_observation":"c0f920eb-4a3d-5ff1-9059-cdae4c2ea8b8","source_external_id":"d286743b-8c17-464e-8a64-c230a607","data_source":"emodnet:platforms","source_date":"unknown","retrieved_at":"2026-10-07T22:09:31.709648+00:00","correction_status":"source_baseline"}},{"type":"Feature","id":"e172c3b4-9bc9-5c93-a955-1b63ff971fbf","geometry":{"coordinates":[2.38036573,53.03672229],"type":"Point"},"properties":{"category":"PLATFORM","coast_dist":57618.2951491,"country":"United Kingdom","current_status":"Operational","function":"WELLHEAD ACCOMMODATION STEEL","location_blocks":null,"name":"LEMAN G (PERENCO)","operator":"PERENCO OIL & GAS","platformid":"9a92d587-9efd-4173-bac8-a517e385","primary_production":null,"production_start":null,"remarks":null,"valid_from":null,"valid_to":null,"water_depth":0.0,"weight_sub":null,"weight_top":null,"helmlore_id":"e172c3b4-9bc9-5c93-a955-1b63ff971fbf","source_observation":"b7027efa-540f-5724-9ed6-6d92d2a39427","source_external_id":"9a92d587-9efd-4173-bac8-a517e385","data_source":"emodnet:platforms","source_date":"unknown","retrieved_at":"2026-10-07T22:09:31.709648+00:00","correction_status":"source_baseline"}},{"type":"Feature","id":"aed4c818-eb4d-5638-98b4-aa50b24513bd","geometry":{"coordinates":[-3.56229408,53.87526358],"type":"Point"},"properties":{"category":"PLATFORM","coast_dist":30139.0997385,"country":"United Kingdom","current_status":"Operational","function":"REMOTE DRILLING PLATFORM","location_blocks":null,"name":"SOUTH MORECAMBE DP4","operator":"SPIRIT ENERGY","platformid":"ac7ec548-0231-4880-a5c4-c0f6023d","primary_production":null,"production_start":null,"remarks":null,"valid_from":null,"valid_to":null,"water_depth":0.0,"weight_sub":null,"weight_top":null,"helmlore_id":"aed4c818-eb4d-5638-98b4-aa50b24513bd","source_observation":"8cbd6828-74fc-514c-b51d-891ace4db5a0","source_external_id":"ac7ec548-0231-4880-a5c4-c0f6023d","data_source":"emodnet:platforms","source_date":"unknown","retrieved_at":"2026-10-07T22:09:31.709648+00:00","correction_status":"source_baseline"}},{"type":"Feature","id":"07f8a40f-121b-5934-8cf6-27fc2afdd685","geometry":{"coordinates":[-0.9175156,57.96127339],"type":"Point"},"properties":{"category":"PLATFORM","coast_dist":66389.8956688,"country":"United Kingdom","current_status":"Operational","function":"GOLDEN EAGLE WELLHEAD PLATFORM","location_blocks":null,"name":"GOLDEN EAGLE WELLHEAD PLATFORM","operator":"CNOOC INTERNATIONAL","platformid":"d8d2d6d5-9e78-4dba-a026-9986d600","primary_production":null,"production_start":null,"remarks":"v27 RETURN","valid_from":"20130804","valid_to":null,"water_depth":0.0,"weight_sub":null,"weight_top":null,"helmlore_id":"07f8a40f-121b-5934-8cf6-27fc2afdd685","source_observation":"2d1e3d3d-0e88-5fa7-80b8-99ba22bfadff","source_external_id":"d8d2d6d5-9e78-4dba-a026-9986d600","data_source":"emodnet:platforms","source_date":"unknown","retrieved_at":"2026-10-07T22:09:31.709648+00:00","correction_status":"source_baseline"}},{"type":"Feature","id":"139525ce-532e-52b0-a887-a4c843377c4b","geometry":{"coordinates":[2.23370944,53.05414373],"type":"Point"},"properties":{"category":"PLATFORM","coast_dist":50985.1118487,"country":"United Kingdom","current_status":"Operational","function":"COMPRESSION STEEL","location_blocks":null,"name":"LEMAN 27 AC","operator":"PERENCO OIL & GAS","platformid":"9c4449d4-f823-4473-8246-02741181","primary_production":null,"production_start":null,"remarks":null,"valid_from":null,"valid_to":null,"water_depth":0.0,"weight_sub":null,"weight_top":null,"helmlore_id":"139525ce-532e-52b0-a887-a4c843377c4b","source_observation":"72118ba7-76c5-59c3-abde-83936ea85ab6","source_external_id":"9c4449d4-f823-4473-8246-02741181","data_source":"emodnet:platforms","source_date":"unknown","retrieved_at":"2026-10-07T22:09:31.709648+00:00","correction_status":"source_baseline"}},{"type":"Feature","id":"390a23ac-b40d-5ccc-84c7-020c9a9483dc","geometry":{"coordinates":[-0.34991381,54.29099916],"type":"Point"},"properties":{"category":"BUOY","coast_dist":2286.28790554,"country":"United Kingdom","current_status":"Operational","function":"SCARBOROUGH WAVERIDER BUOY KFB02/2013 AREA3","location_blocks":null,"name":"SCARBOROUGH WAVERIDER BUOY KFB02/2013 AREA3","operator":"FUGRO","platformid":"1a5d031f-9350-4bd6-9b7b-592a6340","primary_production":null,"production_start":null,"remarks":null,"valid_from":"20130114","valid_to":null,"water_depth":0.0,"weight_sub":null,"weight_top":null,"helmlore_id":"390a23ac-b40d-5ccc-84c7-020c9a9483dc","source_observation":"3f5d4ee8-b431-5e1f-8e8c-f5225997dbcd","source_external_id":"1a5d031f-9350-4bd6-9b7b-592a6340","data_source":"emodnet:platforms","source_date":"unknown","retrieved_at":"2026-10-07T22:09:31.709648+00:00","correction_status":"source_baseline"}},{"type":"Feature","id":"4ac7a68d-a9cd-574a-9a40-7973b42adb50","geometry":{"coordinates":[1.88411964,53.44892906],"type":"Point"},"properties":{"category":"PLATFORM","coast_dist":69023.3562051,"country":"United Kingdom","current_status":"Operational","function":"SKIFF PS","location_blocks":null,"name":"SKIFF PS","operator":"ROYAL DUTCH SHELL","platformid":"fefa3d91-4e90-4b2e-94a0-86d4628d","primary_production":null,"production_start":null,"remarks":null,"valid_from":null,"valid_to":null,"water_depth":0.0,"weight_sub":null,"weight_top":null,"helmlore_id":"4ac7a68d-a9cd-574a-9a40-7973b42adb50","source_observation":"c14af9bd-5e00-57b6-b53a-554b4cd7b97c","source_external_id":"fefa3d91-4e90-4b2e-94a0-86d4628d","data_source":"emodnet:platforms","source_date":"unknown","retrieved_at":"2026-10-07T22:09:31.709648+00:00","correction_status":"source_baseline"}},{"type":"Feature","id":"9a7739c0-2a0d-57b2-8104-05e5fb7d9d2e","geometry":{"coordinates":[1.46751256,60.85627837],"type":"Point"},"properties":{"category":"PLATFORM","coast_dist":121225.806949,"country":"United Kingdom","current_status":"Operational","function":"NINIAN CENTRAL PLATFORM","location_blocks":null,"name":"NINIAN CENTRAL","operator":"CNR INTERNATIONAL","platformid":"10d5ca66-2158-4359-a187-13eabda9","primary_production":null,"production_start":null,"remarks":null,"valid_from":null,"valid_to":null,"water_depth":0.0,"weight_sub":null,"weight_top":null,"helmlore_id":"9a7739c0-2a0d-57b2-8104-05e5fb7d9d2e","source_observation":"330b0a3d-88fc-5791-954a-d0242fca009d","source_external_id":"10d5ca66-2158-4359-a187-13eabda9","data_source":"emodnet:platforms","source_date":"unknown","retrieved_at":"2026-10-07T22:09:31.709648+00:00","correction_status":"source_baseline"}},{"type":"Feature","id":"39bc3d4d-7add-5f57-b152-b37a55d93306","geometry":{"coordinates":[2.8602488,53.18838091],"type":"Point"},"properties":{"category":"PLATFORM","coast_dist":93657.1063429,"country":"United Kingdom","current_status":"Operational","function":"SEAN PP-PD PLATFORM COMPLEX","location_blocks":null,"name":"SEAN PP","operator":"ONE-DYAS","platformid":"1aea6a34-2521-4297-8953-d32f196f","primary_production":null,"production_start":null,"remarks":null,"valid_from":"19860610","valid_to":null,"water_depth":0.0,"weight_sub":null,"weight_top":null,"helmlore_id":"39bc3d4d-7add-5f57-b152-b37a55d93306","source_observation":"def92c1d-54a8-512d-9708-a07c900a4b49","source_external_id":"1aea6a34-2521-4297-8953-d32f196f","data_source":"emodnet:platforms","source_date":"unknown","retrieved_at":"2026-10-07T22:09:31.709648+00:00","correction_status":"source_baseline"}},{"type":"Feature","id":"38e4c7e7-9da0-54de-a479-ff4937a83a6d","geometry":{"coordinates":[1.84635842,52.99871192],"type":"Point"},"properties":{"category":"PLATFORM","coast_dist":28041.8836668,"country":"United Kingdom","current_status":"Operational","function":"SATELLITE PLATFORM","location_blocks":null,"name":"52/5A","operator":"ENI UK LIMITED","platformid":"f5b3f8d9-74dd-47ae-b8f1-bd9cc348","primary_production":null,"production_start":null,"remarks":null,"valid_from":null,"valid_to":null,"water_depth":0.0,"weight_sub":null,"weight_top":null,"helmlore_id":"38e4c7e7-9da0-54de-a479-ff4937a83a6d","source_observation":"54d0d874-bbf9-5c4e-8b57-94eeda57f8a7","source_external_id":"f5b3f8d9-74dd-47ae-b8f1-bd9cc348","data_source":"emodnet:platforms","source_date":"unknown","retrieved_at":"2026-10-07T22:09:31.709648+00:00","correction_status":"source_baseline"}},{"type":"Feature","id":"660f9e0b-07b5-54e5-8c65-07a565dc9007","geometry":{"coordinates":[2.18690333,53.05201438],"type":"Point"},"properties":{"category":"PLATFORM","coast_dist":48439.3495509,"country":"United Kingdom","current_status":"Operational","function":"LEMAN E","location_blocks":null,"name":"LEMAN E","operator":"ROYAL DUTCH SHELL","platformid":"b116feee-51cc-46d2-9a0e-5fd6ec9e","primary_production":null,"production_start":null,"remarks":null,"valid_from":"19820101","valid_to":null,"water_depth":0.0,"weight_sub":null,"weight_top":null,"helmlore_id":"660f9e0b-07b5-54e5-8c65-07a565dc9007","source_observation":"54aaf315-be76-501d-afb7-31d72a8c14bc","source_external_id":"b116feee-51cc-46d2-9a0e-5fd6ec9e","data_source":"emodnet:platforms","source_date":"unknown","retrieved_at":"2026-10-07T22:09:31.709648+00:00","correction_status":"source_baseline"}},{"type":"Feature","id":"a1dae080-75b0-5d87-a7ba-c8cb03e5f83e","geometry":{"coordinates":[1.89626255,53.72433415],"type":"Point"},"properties":{"category":"PLATFORM","coast_dist":96617.2608728,"country":"United Kingdom","current_status":"Operational","function":"SATURN ND PLATFORM","location_blocks":null,"name":"SATURN ND","operator":"CHRYSAOR HOLDINGS","platformid":"2e24a83f-a631-4ea5-8a26-4ea01748","primary_production":null,"production_start":null,"remarks":"Asset transfer from ConocoPhillips to Chrysaor October 2019 | Normally unmanned installation","valid_from":"20050601","valid_to":null,"water_depth":0.0,"weight_sub":null,"weight_top":null,"helmlore_id":"a1dae080-75b0-5d87-a7ba-c8cb03e5f83e","source_observation":"c86c38b4-227c-5dde-8cf7-a2cf7343f538","source_external_id":"2e24a83f-a631-4ea5-8a26-4ea01748","data_source":"emodnet:platforms","source_date":"unknown","retrieved_at":"2026-10-07T22:09:31.709648+00:00","correction_status":"source_baseline"}},{"type":"Feature","id":"584689d1-7240-570c-9203-95f4ac002f94","geometry":{"coordinates":[1.15927602,53.5242392],"type":"Point"},"properties":{"category":"PLATFORM","coast_dist":61671.545524,"country":"United Kingdom","current_status":"Closed down","function":"WELLHEAD STEEL","location_blocks":null,"name":"PICKERILL B","operator":"PERENCO OIL & GAS","platformid":"a334ebd4-1af6-44fb-a7d1-b605ac49","primary_production":null,"production_start":null,"remarks":null,"valid_from":null,"valid_to":null,"water_depth":0.0,"weight_sub":null,"weight_top":null,"helmlore_id":"584689d1-7240-570c-9203-95f4ac002f94","source_observation":"8111e8a0-64ca-5900-8e0b-09432c811c25","source_external_id":"a334ebd4-1af6-44fb-a7d1-b605ac49","data_source":"emodnet:platforms","source_date":"unknown","retrieved_at":"2026-10-07T22:09:31.709648+00:00","correction_status":"source_baseline"}},{"type":"Feature","id":"357c19db-89ba-532f-b824-f439401310ee","geometry":{"coordinates":[2.62134922,53.23118045],"type":"Point"},"properties":{"category":"PLATFORM","coast_dist":83522.1057286,"country":"United Kingdom","current_status":"Operational","function":"CORVETTE CV","location_blocks":null,"name":"CORVETTE CV","operator":"ROYAL DUTCH SHELL","platformid":"751f304c-92ad-4f5d-9c3d-25bc5aeb","primary_production":null,"production_start":null,"remarks":null,"valid_from":null,"valid_to":null,"water_depth":0.0,"weight_sub":null,"weight_top":null,"helmlore_id":"357c19db-89ba-532f-b824-f439401310ee","source_observation":"9c269948-a22f-562c-a102-719b2013e509","source_external_id":"751f304c-92ad-4f5d-9c3d-25bc5aeb","data_source":"emodnet:platforms","source_date":"unknown","retrieved_at":"2026-10-07T22:09:31.709648+00:00","correction_status":"source_baseline"}},{"type":"Feature","id":"a8519b5d-f51c-55f0-8912-840e1c515c32","geometry":{"coordinates":[2.92245303,53.46951913],"type":"Point"},"properties":{"category":"PLATFORM","coast_dist":115966.394029,"country":"United Kingdom","current_status":"Operational","function":"SHAMROCK QS","location_blocks":null,"name":"SHAMROCK QS","operator":"ROYAL DUTCH SHELL","platformid":"84487364-4fe7-4ee3-9d7c-a3811a45","primary_production":null,"production_start":null,"remarks":"Lucy - Smallfoot","valid_from":"20070821","valid_to":null,"water_depth":0.0,"weight_sub":null,"weight_top":null,"helmlore_id":"a8519b5d-f51c-55f0-8912-840e1c515c32","source_observation":"24bab644-d047-5ad9-80f0-f46c3bb908c4","source_external_id":"84487364-4fe7-4ee3-9d7c-a3811a45","data_source":"emodnet:platforms","source_date":"unknown","retrieved_at":"2026-10-07T22:09:31.709648+00:00","correction_status":"source_baseline"}},{"type":"Feature","id":"4bea365e-e922-581a-b733-229ae8595417","geometry":{"coordinates":[2.12819504,53.08928961],"type":"Point"},"properties":{"category":"PLATFORM","coast_dist":48410.4681185,"country":"United Kingdom","current_status":"Operational","function":"LEMAN AD1","location_blocks":null,"name":"LEMAN AD1","operator":"ROYAL DUTCH SHELL","platformid":"14e69b16-24ed-40f4-8e45-2fda2c6e","primary_production":null,"production_start":null,"remarks":null,"valid_from":"19670601","valid_to":null,"water_depth":0.0,"weight_sub":null,"weight_top":null,"helmlore_id":"4bea365e-e922-581a-b733-229ae8595417","source_observation":"71842e5f-0d93-54d8-bded-4a90f2b7e353","source_external_id":"14e69b16-24ed-40f4-8e45-2fda2c6e","data_source":"emodnet:platforms","source_date":"unknown","retrieved_at":"2026-10-07T22:09:31.709648+00:00","correction_status":"source_baseline"}},{"type":"Feature","id":"259d881d-6f15-5372-b90d-f74fd10123c0","geometry":{"coordinates":[2.17980159,53.08078341],"type":"Point"},"properties":{"category":"PLATFORM","coast_dist":50247.8109992,"country":"United Kingdom","current_status":"Operational","function":"LEMAN BT","location_blocks":null,"name":"LEMAN BT","operator":"ROYAL DUTCH SHELL","platformid":"0bb948c4-fad9-43f0-be24-166e3cae","primary_production":null,"production_start":null,"remarks":null,"valid_from":"19700601","valid_to":null,"water_depth":0.0,"weight_sub":null,"weight_top":null,"helmlore_id":"259d881d-6f15-5372-b90d-f74fd10123c0","source_observation":"42664b74-e07c-50ae-ad6e-040cae7fa3c1","source_external_id":"0bb948c4-fad9-43f0-be24-166e3cae","data_source":"emodnet:platforms","source_date":"unknown","retrieved_at":"2026-10-07T22:09:31.709648+00:00","correction_status":"source_baseline"}},{"type":"Feature","id":"de0c8709-5646-5780-955e-4e3001bc192d","geometry":{"coordinates":[2.06562848,53.10803179],"type":"Point"},"properties":{"category":"PLATFORM","coast_dist":46886.0728326,"country":"United Kingdom","current_status":"Operational","function":"LEMAN F","location_blocks":null,"name":"LEMAN F","operator":"ROYAL DUTCH SHELL","platformid":"b14c1d2b-c525-4a99-ba2c-d0018c03","primary_production":null,"production_start":null,"remarks":null,"valid_from":"19851201","valid_to":null,"water_depth":0.0,"weight_sub":null,"weight_top":null,"helmlore_id":"de0c8709-5646-5780-955e-4e3001bc192d","source_observation":"ef7d48ec-9f25-50c5-859a-6000c52573a6","source_external_id":"b14c1d2b-c525-4a99-ba2c-d0018c03","data_source":"emodnet:platforms","source_date":"unknown","retrieved_at":"2026-10-07T22:09:31.709648+00:00","correction_status":"source_baseline"}},{"type":"Feature","id":"42b5c732-a910-5155-b0d6-be1a2309f976","geometry":{"coordinates":[-1.83771799,57.57613399],"type":"Point"},"properties":{"category":"TERMINAL","coast_dist":723.407251199,"country":"United Kingdom","current_status":"Operational","function":"ST FERGUS GAS TERMINAL","location_blocks":null,"name":"ST FERGUS GAS TERMINAL","operator":null,"platformid":"a44987b5-5295-4eb8-91f2-53d916ac","primary_production":null,"production_start":null,"remarks":null,"valid_from":null,"valid_to":null,"water_depth":0.0,"weight_sub":null,"weight_top":null,"helmlore_id":"42b5c732-a910-5155-b0d6-be1a2309f976","source_observation":"e8173b60-85ee-5549-987e-4fc795bc88d8","source_external_id":"a44987b5-5295-4eb8-91f2-53d916ac","data_source":"emodnet:platforms","source_date":"unknown","retrieved_at":"2026-10-07T22:09:31.709648+00:00","correction_status":"source_baseline"}},{"type":"Feature","id":"ce5b03cf-2407-51fe-b196-29b3bea48a3a","geometry":{"coordinates":[1.86864657,56.96621385],"type":"Point"},"properties":{"category":"PLATFORM","coast_dist":227346.185872,"country":"United Kingdom","current_status":"Operational","function":"FRANKLIN","location_blocks":null,"name":"FRANKLIN WHP","operator":"TOTALENERGIES UPSTREAM UK LIMITED","platformid":"2c9d20de-d125-4b46-aaaa-66d1278a","primary_production":null,"production_start":null,"remarks":null,"valid_from":"20010801","valid_to":null,"water_depth":0.0,"weight_sub":null,"weight_top":null,"helmlore_id":"ce5b03cf-2407-51fe-b196-29b3bea48a3a","source_observation":"09bcb97c-4e6c-5a01-8a7d-2048ef4a4fb4","source_external_id":"2c9d20de-d125-4b46-aaaa-66d1278a","data_source":"emodnet:platforms","source_date":"unknown","retrieved_at":"2026-10-07T22:09:31.709648+00:00","correction_status":"source_baseline"}},{"type":"Feature","id":"b7bf8f09-eeb5-54f3-8fe0-b193882e225c","geometry":{"coordinates":[2.23212842,53.0532795],"type":"Point"},"properties":{"category":"PLATFORM","coast_dist":50842.1150798,"country":"United Kingdom","current_status":"Operational","function":"DRILLING STEEL","location_blocks":null,"name":"LEMAN 27 AD","operator":"PERENCO OIL & GAS","platformid":"6d2ed73a-07b4-4c25-b78f-c73c05ea","primary_production":null,"production_start":null,"remarks":null,"valid_from":null,"valid_to":null,"water_depth":0.0,"weight_sub":null,"weight_top":null,"helmlore_id":"b7bf8f09-eeb5-54f3-8fe0-b193882e225c","source_observation":"a096457e-1931-5125-b87f-8df033661024","source_external_id":"6d2ed73a-07b4-4c25-b78f-c73c05ea","data_source":"emodnet:platforms","source_date":"unknown","retrieved_at":"2026-10-07T22:09:31.709648+00:00","correction_status":"source_baseline"}},{"type":"Feature","id":"8508e4b3-4bf5-54de-9c44-4ff6a60e5edf","geometry":{"coordinates":[1.96110107,57.19547484],"type":"Point"},"properties":{"category":"FSO","coast_dist":227032.128538,"country":"United Kingdom","current_status":"Operational","function":"CULZEAN FSO - AILSA","location_blocks":null,"name":"CULZEAN FSO - AILSA","operator":"TOTALENERGIES UPSTREAM UK LIMITED","platformid":"55571717-807f-4621-9892-8e5ff0aa","primary_production":null,"production_start":null,"remarks":"Status Change - now ACTIVEDue to be installed later in 2017","valid_from":"20170411","valid_to":null,"water_depth":0.0,"weight_sub":null,"weight_top":null,"helmlore_id":"8508e4b3-4bf5-54de-9c44-4ff6a60e5edf","source_observation":"a14ea71a-f3b5-5916-be3f-e5c00109c06a","source_external_id":"55571717-807f-4621-9892-8e5ff0aa","data_source":"emodnet:platforms","source_date":"unknown","retrieved_at":"2026-10-07T22:09:31.709648+00:00","correction_status":"source_baseline"}},{"type":"Feature","id":"872310a4-e0d2-5a61-87e6-e62228005f9d","geometry":{"coordinates":[1.76437567,53.09704658],"type":"Point"},"properties":{"category":"PLATFORM","coast_dist":32704.5918222,"country":"United Kingdom","current_status":"Operational","function":"SATELLITE PLATFORM","location_blocks":null,"name":"48/29C","operator":"ENI UK LIMITED","platformid":"5cd93984-b134-4c80-b7cd-79a27384","primary_production":null,"production_start":null,"remarks":null,"valid_from":null,"valid_to":null,"water_depth":0.0,"weight_sub":null,"weight_top":null,"helmlore_id":"872310a4-e0d2-5a61-87e6-e62228005f9d","source_observation":"37154e4a-df1a-5fa5-a450-60c38d0c51fe","source_external_id":"5cd93984-b134-4c80-b7cd-79a27384","data_source":"emodnet:platforms","source_date":"unknown","retrieved_at":"2026-10-07T22:09:31.709648+00:00","correction_status":"source_baseline"}},{"type":"Feature","id":"d12056ee-205e-5ff6-a38c-6a55013b8b91","geometry":{"coordinates":[-5.30939823,50.06154184],"type":"Point"},"properties":{"category":"BUOY","coast_dist":1321.67868748,"country":"United Kingdom","current_status":"Operational","function":"ENGLISH CHANNEL WAVERIDER BUOY 2 - BUOY IS 0.9 METRES IN DIAMETER, PAINTED IN HIGH VIS YELLOW PAINT","location_blocks":null,"name":"ENGLISH CHANNEL WAVERIDER BUOY 2","operator":"EMU LIMITED","platformid":"d55c47e8-be75-433d-91be-520716c9","primary_production":null,"production_start":null,"remarks":"THE BUOY WILL HAVE A FLASHING AMBER LED LIGHT ON TOP OF THE TRANSMITTER AERIAL (FLASHING 5 TIMES AT 1 HZ EVERY 20 SECONDS). IN ADDITION, THE BUOY WILL BE EQUIPPED WI TH RADAR REFLECTORS.","valid_from":"20110810","valid_to":null,"water_depth":0.0,"weight_sub":null,"weight_top":null,"helmlore_id":"d12056ee-205e-5ff6-a38c-6a55013b8b91","source_observation":"1874db3c-e07f-5c4b-9248-b922a3bae70d","source_external_id":"d55c47e8-be75-433d-91be-520716c9","data_source":"emodnet:platforms","source_date":"unknown","retrieved_at":"2026-10-07T22:09:31.709648+00:00","correction_status":"source_baseline"}},{"type":"Feature","id":"d137af57-c2ad-55ba-bcaf-3f7ef021f603","geometry":{"coordinates":[0.20177649,55.28997535],"type":"Point"},"properties":{"category":"PLATFORM","coast_dist":102590.905354,"country":"United Kingdom","current_status":"Removed","function":"BOOSTER PLATFORM 36/22A NORPIPE A.S","location_blocks":null,"name":"BOOSTER PLATFORM 36/22A NORPIPE A.S","operator":"CONOCOPHILLIPS","platformid":"a87dd1e7-8d51-42d6-b3bc-a17b2718","primary_production":null,"production_start":null,"remarks":"Removed June 1. 2010","valid_from":null,"valid_to":null,"water_depth":0.0,"weight_sub":null,"weight_top":null,"helmlore_id":"d137af57-c2ad-55ba-bcaf-3f7ef021f603","source_observation":"8affa6fc-b1ab-5336-9af4-cc4eafcdb396","source_external_id":"a87dd1e7-8d51-42d6-b3bc-a17b2718","data_source":"emodnet:platforms","source_date":"unknown","retrieved_at":"2026-10-07T22:09:31.709648+00:00","correction_status":"source_baseline"}},{"type":"Feature","id":"ddac4fdf-d79e-5f52-9fc4-f4b800a42274","geometry":{"coordinates":[0.44249131,53.83443881],"type":"Point"},"properties":{"category":"PLATFORM","coast_dist":28605.4658344,"country":"United Kingdom","current_status":"Operational","function":"ROUGH CD PRODUCTION (WINTER), INJECTION(SUMMER)","location_blocks":null,"name":"ROUGH CD","operator":"CENTRICA STORAGE HOLDINGS","platformid":"e2f6d721-20fd-44a8-9fa2-63508e0d","primary_production":null,"production_start":null,"remarks":"Rough BD, BP and CD, three platforms linked by two footbridges","valid_from":"19850101","valid_to":null,"water_depth":0.0,"weight_sub":null,"weight_top":null,"helmlore_id":"ddac4fdf-d79e-5f52-9fc4-f4b800a42274","source_observation":"3687a19b-acce-5076-ac78-1104ff279b27","source_external_id":"e2f6d721-20fd-44a8-9fa2-63508e0d","data_source":"emodnet:platforms","source_date":"unknown","retrieved_at":"2026-10-07T22:09:31.709648+00:00","correction_status":"source_baseline"}},{"type":"Feature","id":"680c8f83-2eb1-5669-8049-26c826231e0d","geometry":{"coordinates":[0.938071,60.95316305],"type":"Point"},"properties":{"category":"PLATFORM","coast_dist":93460.0282511,"country":"United Kingdom","current_status":"Operational","function":"PRODUCTION DRILLING FIXED STEEL","location_blocks":null,"name":"HEATHER A","operator":"ENQUEST PLC","platformid":"5b5ba710-1974-4777-9ab2-89f3e3d7","primary_production":null,"production_start":null,"remarks":null,"valid_from":null,"valid_to":null,"water_depth":0.0,"weight_sub":null,"weight_top":null,"helmlore_id":"680c8f83-2eb1-5669-8049-26c826231e0d","source_observation":"6d8bd619-ada8-5650-ba59-22d90e1487f6","source_external_id":"5b5ba710-1974-4777-9ab2-89f3e3d7","data_source":"emodnet:platforms","source_date":"unknown","retrieved_at":"2026-10-07T22:09:31.709648+00:00","correction_status":"source_baseline"}},{"type":"Feature","id":"af444c1f-5b9e-5a15-9d7a-8a2b768785d1","geometry":{"coordinates":[2.15360455,56.4920466],"type":"Point"},"properties":{"category":"PLATFORM","coast_dist":252488.760921,"country":"United Kingdom","current_status":"Operational","function":"WELLHEAD STEEL","location_blocks":null,"name":"FULMAR AD","operator":"REPSOL SINOPEC RESOURCES","platformid":"7b7b4291-ce3a-4631-9feb-20bfccda","primary_production":null,"production_start":null,"remarks":null,"valid_from":null,"valid_to":null,"water_depth":0.0,"weight_sub":null,"weight_top":null,"helmlore_id":"af444c1f-5b9e-5a15-9d7a-8a2b768785d1","source_observation":"3b618280-0051-5f15-b867-229af40959c2","source_external_id":"7b7b4291-ce3a-4631-9feb-20bfccda","data_source":"emodnet:platforms","source_date":"unknown","retrieved_at":"2026-10-07T22:09:31.709648+00:00","correction_status":"source_baseline"}},{"type":"Feature","id":"107e38f8-ed6d-53ea-b2e8-6cf3c83d5ba4","geometry":{"coordinates":[2.15317132,56.49296335],"type":"Point"},"properties":{"category":"PLATFORM","coast_dist":252499.32466,"country":"United Kingdom","current_status":"Operational","function":"PRODUCTION & DRILLING STEEL","location_blocks":null,"name":"FULMAR A","operator":"REPSOL SINOPEC RESOURCES","platformid":"58ee676f-4c9d-437f-ba21-0a62461b","primary_production":null,"production_start":null,"remarks":null,"valid_from":null,"valid_to":null,"water_depth":0.0,"weight_sub":null,"weight_top":null,"helmlore_id":"107e38f8-ed6d-53ea-b2e8-6cf3c83d5ba4","source_observation":"63cdfcd7-81a5-55f0-9ff3-1dab5c78a4a7","source_external_id":"58ee676f-4c9d-437f-ba21-0a62461b","data_source":"emodnet:platforms","source_date":"unknown","retrieved_at":"2026-10-07T22:09:31.709648+00:00","correction_status":"source_baseline"}},{"type":"Feature","id":"99c77203-fe31-5886-9377-c826f7e66b23","geometry":{"coordinates":[2.36394075,54.46002954],"type":"Point"},"properties":{"category":"BUOY","coast_dist":163431.149405,"country":"United Kingdom","current_status":"Operational","function":"44/17A WELLHEAD MARKER BUOY KFB20/2012 AREA3","location_blocks":null,"name":"44/17A WELLHEAD MARKER BUOY KFB20/2012 AREA3","operator":"CHRYSAOR HOLDINGS","platformid":"717ee788-25c7-4596-b2dc-da53ef68","primary_production":null,"production_start":null,"remarks":"Asset transfer from ConocoPhillips to Chrysaor October 2019","valid_from":"20120917","valid_to":null,"water_depth":0.0,"weight_sub":null,"weight_top":null,"helmlore_id":"99c77203-fe31-5886-9377-c826f7e66b23","source_observation":"8fa029aa-476c-569a-9048-16214e74a495","source_external_id":"717ee788-25c7-4596-b2dc-da53ef68","data_source":"emodnet:platforms","source_date":"unknown","retrieved_at":"2026-10-07T22:09:31.709648+00:00","correction_status":"source_baseline"}},{"type":"Feature","id":"775725ca-5c87-5ffc-a2e0-f358e150b8f1","geometry":{"coordinates":[2.05482754,53.71565298],"type":"Point"},"properties":{"category":"BUOY","coast_dist":100377.425232,"country":"United Kingdom","current_status":"Closed down","function":"ANN TEMPLATE BUOY: KINGFISHER FORTNIGHTLY BULLETIN 17/2008","location_blocks":null,"name":"ANN TEMPLATE BUOY: KFB 17/2008","operator":"SPIRIT ENERGY","platformid":"7569afb8-ecc6-4562-8850-dba71add","primary_production":null,"production_start":null,"remarks":"Position is 100 mtrs x 360 Degrees (T) from the template.","valid_from":"20080812","valid_to":null,"water_depth":0.0,"weight_sub":null,"weight_top":null,"helmlore_id":"775725ca-5c87-5ffc-a2e0-f358e150b8f1","source_observation":"8b278db7-41c5-52f0-8dbb-d451423ddda9","source_external_id":"7569afb8-ecc6-4562-8850-dba71add","data_source":"emodnet:platforms","source_date":"unknown","retrieved_at":"2026-10-07T22:09:31.709648+00:00","correction_status":"source_baseline"}},{"type":"Feature","id":"4aa2a3c1-d099-5c05-873d-fd9ed228c56a","geometry":{"coordinates":[2.10317887,53.11730261],"type":"Point"},"properties":{"category":"PLATFORM","coast_dist":49378.4700148,"country":"United Kingdom","current_status":"Operational","function":"LEMAN G","location_blocks":null,"name":"LEMAN G","operator":"ROYAL DUTCH SHELL","platformid":"f9784b9b-eee3-4491-b1d9-7752f6fb","primary_production":null,"production_start":null,"remarks":null,"valid_from":"19860101","valid_to":null,"water_depth":0.0,"weight_sub":null,"weight_top":null,"helmlore_id":"4aa2a3c1-d099-5c05-873d-fd9ed228c56a","source_observation":"b39e82f4-1555-503b-8f61-6b3d4d41bbfc","source_external_id":"f9784b9b-eee3-4491-b1d9-7752f6fb","data_source":"emodnet:platforms","source_date":"unknown","retrieved_at":"2026-10-07T22:09:31.709648+00:00","correction_status":"source_baseline"}},{"type":"Feature","id":"aaf28cc6-c001-55ab-a99e-0540bc31dea5","geometry":{"coordinates":[-3.624187,53.89104655],"type":"Point"},"properties":{"category":"PLATFORM","coast_dist":32352.3967896,"country":"United Kingdom","current_status":"Operational","function":"DP8 PLATFORM","location_blocks":null,"name":"DP8 PLATFORM","operator":"SPIRIT ENERGY","platformid":"cc2b16b2-a6b3-470f-a578-e8759221","primary_production":null,"production_start":null,"remarks":"Asset transfer from ConocoPhillips to Chrysaor October 2019","valid_from":null,"valid_to":null,"water_depth":0.0,"weight_sub":null,"weight_top":null,"helmlore_id":"aaf28cc6-c001-55ab-a99e-0540bc31dea5","source_observation":"0ec325f9-161e-563c-84a4-82579a7af601","source_external_id":"cc2b16b2-a6b3-470f-a578-e8759221","data_source":"emodnet:platforms","source_date":"unknown","retrieved_at":"2026-10-07T22:09:31.709648+00:00","correction_status":"source_baseline"}},{"type":"Feature","id":"117c12c3-e337-5b5e-a80e-a58db0d716b6","geometry":{"coordinates":[1.5694483,59.36030596],"type":"Point"},"properties":{"category":"FPSO","coast_dist":168616.794797,"country":"United Kingdom","current_status":"Operational","function":"FPSO GRYPHON ALPHA","location_blocks":null,"name":"GRYPHON ALPHA","operator":"TOTALENERGIES UPSTREAM UK LIMITED","platformid":"0ed97d08-23c8-4c42-a411-4d90e70c","primary_production":null,"production_start":null,"remarks":"FPSO back on location (as of 28th August 2012) @ Same Co-ords.","valid_from":"19930101","valid_to":null,"water_depth":0.0,"weight_sub":null,"weight_top":null,"helmlore_id":"117c12c3-e337-5b5e-a80e-a58db0d716b6","source_observation":"42ffca3a-f0d2-57c7-8eac-622967fcb8d4","source_external_id":"0ed97d08-23c8-4c42-a411-4d90e70c","data_source":"emodnet:platforms","source_date":"unknown","retrieved_at":"2026-10-07T22:09:31.709648+00:00","correction_status":"source_baseline"}},{"type":"Feature","id":"5f6bd033-c99c-546d-b5a3-b09810414da6","geometry":{"coordinates":[2.52376141,53.39180603],"type":"Point"},"properties":{"category":"PLATFORM","coast_dist":90829.6215888,"country":"United Kingdom","current_status":"Operational","function":"PRODUCTION STEEL","location_blocks":null,"name":"INDE BP","operator":"PERENCO OIL & GAS","platformid":"ef3abcca-d667-4eec-8506-4982a147","primary_production":null,"production_start":null,"remarks":null,"valid_from":null,"valid_to":null,"water_depth":0.0,"weight_sub":null,"weight_top":null,"helmlore_id":"5f6bd033-c99c-546d-b5a3-b09810414da6","source_observation":"508a50f2-5618-56fe-9840-900399be4582","source_external_id":"ef3abcca-d667-4eec-8506-4982a147","data_source":"emodnet:platforms","source_date":"unknown","retrieved_at":"2026-10-07T22:09:31.709648+00:00","correction_status":"source_baseline"}},{"type":"Feature","id":"1bb6d5d6-f57f-5197-adc2-2c18874fe59f","geometry":{"coordinates":[-2.54363217,60.69185156],"type":"Point"},"properties":{"category":"PLATFORM","coast_dist":53046.8696671,"country":"United Kingdom","current_status":"Operational","function":"CLAIR","location_blocks":null,"name":"CLAIR","operator":"BP EXPLORATION","platformid":"6305cb2e-345b-477c-9b34-cb22437d","primary_production":null,"production_start":null,"remarks":null,"valid_from":null,"valid_to":null,"water_depth":0.0,"weight_sub":null,"weight_top":null,"helmlore_id":"1bb6d5d6-f57f-5197-adc2-2c18874fe59f","source_observation":"c1f69c1d-0e56-5755-8a99-3fc6c734c25b","source_external_id":"6305cb2e-345b-477c-9b34-cb22437d","data_source":"emodnet:platforms","source_date":"unknown","retrieved_at":"2026-10-07T22:09:31.709648+00:00","correction_status":"source_baseline"}},{"type":"Feature","id":"94a7a765-30ac-5962-a80e-64b3b6ffa685","geometry":{"coordinates":[1.24294567,53.54309811],"type":"Point"},"properties":{"category":"PLATFORM","coast_dist":65009.8754183,"country":"United Kingdom","current_status":"Operational","function":"WELLHEAD STEEL","location_blocks":null,"name":"MALORY","operator":"PERENCO OIL & GAS","platformid":"2aa242a4-aa78-47b7-af73-38fa760e","primary_production":null,"production_start":null,"remarks":null,"valid_from":null,"valid_to":null,"water_depth":0.0,"weight_sub":null,"weight_top":null,"helmlore_id":"94a7a765-30ac-5962-a80e-64b3b6ffa685","source_observation":"0e194ae3-ca70-5571-871b-fec0158dfcee","source_external_id":"2aa242a4-aa78-47b7-af73-38fa760e","data_source":"emodnet:platforms","source_date":"unknown","retrieved_at":"2026-10-07T22:09:31.709648+00:00","correction_status":"source_baseline"}},{"type":"Feature","id":"c57cacfb-9e8e-5ac9-9e0e-ea8a97229d64","geometry":{"coordinates":[1.52551376,58.87556889],"type":"Point"},"properties":{"category":"PLATFORM","coast_dist":192847.506535,"country":"United Kingdom","current_status":"Operational","function":"PRODUCTION DRILLING STEEL","location_blocks":null,"name":"BRAE EAST","operator":"TAQA EUROPA B.V.","platformid":"ce16b05c-b53a-40e6-b1d8-0a6dc502","primary_production":null,"production_start":null,"remarks":null,"valid_from":null,"valid_to":null,"water_depth":0.0,"weight_sub":null,"weight_top":null,"helmlore_id":"c57cacfb-9e8e-5ac9-9e0e-ea8a97229d64","source_observation":"2703a64f-064b-5893-9f74-7dad99762855","source_external_id":"ce16b05c-b53a-40e6-b1d8-0a6dc502","data_source":"emodnet:platforms","source_date":"unknown","retrieved_at":"2026-10-07T22:09:31.709648+00:00","correction_status":"source_baseline"}},{"type":"Feature","id":"31f39376-737d-52a6-b53c-fd7df8a1a9c8","geometry":{"coordinates":[1.03063263,57.71556148],"type":"Point"},"properties":{"category":"PLATFORM","coast_dist":168853.292819,"country":"United Kingdom","current_status":"Operational","function":"FORTIES ECHO","location_blocks":null,"name":"FORTIES ECHO","operator":"APACHE CORPORATION","platformid":"7721311b-c72a-4ce9-ac03-4032b3b0","primary_production":null,"production_start":null,"remarks":null,"valid_from":"19860630","valid_to":null,"water_depth":0.0,"weight_sub":null,"weight_top":null,"helmlore_id":"31f39376-737d-52a6-b53c-fd7df8a1a9c8","source_observation":"29402d69-cf96-58ef-9df5-2506fd56fbb8","source_external_id":"7721311b-c72a-4ce9-ac03-4032b3b0","data_source":"emodnet:platforms","source_date":"unknown","retrieved_at":"2026-10-07T22:09:31.709648+00:00","correction_status":"source_baseline"}},{"type":"Feature","id":"44c1a482-8f69-55f8-9481-1ad3905d4f41","geometry":{"coordinates":[0.87731706,53.56101509],"type":"Point"},"properties":{"category":"PLATFORM","coast_dist":46870.5039427,"country":"United Kingdom","current_status":"Operational","function":"WELLHEAD STEEL","location_blocks":null,"name":"AMETHYST B1D","operator":"PERENCO OIL & GAS","platformid":"bd1e61b9-04bd-46ad-b51e-d98c5d58","primary_production":null,"production_start":null,"remarks":null,"valid_from":null,"valid_to":null,"water_depth":0.0,"weight_sub":null,"weight_top":null,"helmlore_id":"44c1a482-8f69-55f8-9481-1ad3905d4f41","source_observation":"956c6b5e-670a-599e-8a9c-7aa3304bcbf9","source_external_id":"bd1e61b9-04bd-46ad-b51e-d98c5d58","data_source":"emodnet:platforms","source_date":"unknown","retrieved_at":"2026-10-07T22:09:31.709648+00:00","correction_status":"source_baseline"}},{"type":"Feature","id":"26140a39-b43a-568a-bab9-2d905e5e0951","geometry":{"coordinates":[1.38678294,57.45003227],"type":"Point"},"properties":{"category":"PLATFORM","coast_dist":189320.631434,"country":"United Kingdom","current_status":"Operational","function":"PRODUCTION & DRILLING STEEL","location_blocks":null,"name":"MONTROSE A","operator":"REPSOL SINOPEC RESOURCES","platformid":"cbf085a2-3460-43ea-8e66-421470cf","primary_production":null,"production_start":null,"remarks":null,"valid_from":null,"valid_to":null,"water_depth":0.0,"weight_sub":null,"weight_top":null,"helmlore_id":"26140a39-b43a-568a-bab9-2d905e5e0951","source_observation":"c1b4a1a9-0045-59b1-9317-951fac851e9c","source_external_id":"cbf085a2-3460-43ea-8e66-421470cf","data_source":"emodnet:platforms","source_date":"unknown","retrieved_at":"2026-10-07T22:09:31.709648+00:00","correction_status":"source_baseline"}},{"type":"Feature","id":"4c6fffd4-8d52-5f92-81b6-395c7f724a90","geometry":{"coordinates":[0.96505439,54.02873123],"type":"Point"},"properties":{"category":"PLATFORM","coast_dist":68818.5949823,"country":"United Kingdom","current_status":"Operational","function":"WELLHEAD STEEL","location_blocks":null,"name":"RAVENSPURN SOUTH A","operator":"PERENCO OIL & GAS","platformid":"186b1b9e-c5d6-4398-8f49-c2b72140","primary_production":null,"production_start":null,"remarks":null,"valid_from":null,"valid_to":null,"water_depth":0.0,"weight_sub":null,"weight_top":null,"helmlore_id":"4c6fffd4-8d52-5f92-81b6-395c7f724a90","source_observation":"791e1165-b9e7-5d1f-bc1a-d78af2ec7dc4","source_external_id":"186b1b9e-c5d6-4398-8f49-c2b72140","data_source":"emodnet:platforms","source_date":"unknown","retrieved_at":"2026-10-07T22:09:31.709648+00:00","correction_status":"source_baseline"}},{"type":"Feature","id":"9e25b0d2-626e-565d-ac57-1031ad616fe3","geometry":{"coordinates":[0.82374053,54.08248134],"type":"Point"},"properties":{"category":"PLATFORM","coast_dist":58976.1289012,"country":"United Kingdom","current_status":"Operational","function":"WELLHEAD STEEL","location_blocks":null,"name":"RAVENSPURN SOUTH C","operator":"PERENCO OIL & GAS","platformid":"4c99a28f-ae82-4d80-ab97-fc4e21cf","primary_production":null,"production_start":null,"remarks":null,"valid_from":null,"valid_to":null,"water_depth":0.0,"weight_sub":null,"weight_top":null,"helmlore_id":"9e25b0d2-626e-565d-ac57-1031ad616fe3","source_observation":"7fe4eca0-148c-5e3c-9f38-636cf9ab620e","source_external_id":"4c99a28f-ae82-4d80-ab97-fc4e21cf","data_source":"emodnet:platforms","source_date":"unknown","retrieved_at":"2026-10-07T22:09:31.709648+00:00","correction_status":"source_baseline"}},{"type":"Feature","id":"8c902b58-37d0-51b0-a274-05e1562b3292","geometry":{"coordinates":[-3.583285,53.84577199],"type":"Point"},"properties":{"category":"PLATFORM","coast_dist":33335.2557787,"country":"United Kingdom","current_status":"Operational","function":"ACOMMODATION PLATFORM AP1","location_blocks":null,"name":"ACOMMODATION PLATFORM AP1","operator":"CHRYSAOR HOLDINGS","platformid":"4ad92d86-3c7b-4423-8e57-8e9bab76","primary_production":null,"production_start":null,"remarks":"Asset transfer from ConocoPhillips to Chrysaor October 2019","valid_from":null,"valid_to":null,"water_depth":0.0,"weight_sub":null,"weight_top":null,"helmlore_id":"8c902b58-37d0-51b0-a274-05e1562b3292","source_observation":"9cefb16e-a3a7-50dd-aa71-4bad969d32e4","source_external_id":"4ad92d86-3c7b-4423-8e57-8e9bab76","data_source":"emodnet:platforms","source_date":"unknown","retrieved_at":"2026-10-07T22:09:31.709648+00:00","correction_status":"source_baseline"}},{"type":"Feature","id":"2c02c1fb-68bd-5b03-80e4-5cf995712843","geometry":{"coordinates":[1.5147711,59.27890356],"type":"Point"},"properties":{"category":"PLATFORM","coast_dist":170073.556573,"country":"United Kingdom","current_status":"Operational","function":"PRODUCTION & DRILLING STEEL","location_blocks":null,"name":"HARDING","operator":"TAQA EUROPA B.V.","platformid":"159c9790-0ef8-4967-a032-b4100dfa","primary_production":null,"production_start":null,"remarks":null,"valid_from":null,"valid_to":null,"water_depth":0.0,"weight_sub":null,"weight_top":null,"helmlore_id":"2c02c1fb-68bd-5b03-80e4-5cf995712843","source_observation":"d8dcbe07-6897-5ea2-b339-fd1c60cc5b85","source_external_id":"159c9790-0ef8-4967-a032-b4100dfa","data_source":"emodnet:platforms","source_date":"unknown","retrieved_at":"2026-10-07T22:09:31.709648+00:00","correction_status":"source_baseline"}},{"type":"Feature","id":"4ca591fe-0759-56bc-b53d-3f99fedafbb2","geometry":{"coordinates":[-3.94673538,60.0521089],"type":"Point"},"properties":{"category":"BUOY","coast_dist":94125.0622214,"country":"United Kingdom","current_status":"Operational","function":"HEV MOORING LINE SURFACE BUOY - SOLAN","location_blocks":null,"name":"HEV MOORING LINE SURFACE BUOY","operator":"HARBOUR ENERGY PLC","platformid":"d6f3d73e-8040-43e9-8101-0180e3f7","primary_production":null,"production_start":null,"remarks":"Yellow flashing surface buoy","valid_from":null,"valid_to":null,"water_depth":0.0,"weight_sub":null,"weight_top":null,"helmlore_id":"4ca591fe-0759-56bc-b53d-3f99fedafbb2","source_observation":"68d90954-20b9-5578-ba03-0381e75ac8af","source_external_id":"d6f3d73e-8040-43e9-8101-0180e3f7","data_source":"emodnet:platforms","source_date":"unknown","retrieved_at":"2026-10-07T22:09:31.709648+00:00","correction_status":"source_baseline"}},{"type":"Feature","id":"69541efe-e96a-5a0f-a4b3-b2c5983c8c80","geometry":{"coordinates":[-2.49627022,60.7358834],"type":"Point"},"properties":{"category":"PLATFORM","coast_dist":53170.9145759,"country":"United Kingdom","current_status":"Operational","function":"CLAIR RIDGE QUARTERS PLATFORM","location_blocks":null,"name":"CLAIR RIDGE QU","operator":"BP EXPLORATION","platformid":"d7dd829d-c073-48fe-918f-e08db8a7","primary_production":null,"production_start":null,"remarks":"v32 Now Manned Final location changed very slightly (<1.0m)","valid_from":"20131009","valid_to":null,"water_depth":0.0,"weight_sub":null,"weight_top":null,"helmlore_id":"69541efe-e96a-5a0f-a4b3-b2c5983c8c80","source_observation":"0c73a352-9ee0-5dae-93a1-b35d770c771e","source_external_id":"d7dd829d-c073-48fe-918f-e08db8a7","data_source":"emodnet:platforms","source_date":"unknown","retrieved_at":"2026-10-07T22:09:31.709648+00:00","correction_status":"source_baseline"}},{"type":"Feature","id":"65450601-9e50-57ad-a782-304404a116b2","geometry":{"coordinates":[1.05336479,53.53099822],"type":"Point"},"properties":{"category":"BUOY","coast_dist":56304.3990929,"country":"United Kingdom","current_status":"Operational","function":"DOWSING WAVERIDER BUOY KFB25/2012 AREA3","location_blocks":null,"name":"DOWSING WAVERIDER BUOY KFB25/2012 AREA3","operator":"CEFAS","platformid":"e3c15617-ade5-4523-a615-30d853f0","primary_production":null,"production_start":null,"remarks":"OCEANOGRAPHIC EQUIPMENT FITTED WITH A YELLOW LIGHT EXHIBITING THE SEQUENCE FL Y (5) 20S","valid_from":"20120801","valid_to":null,"water_depth":0.0,"weight_sub":null,"weight_top":null,"helmlore_id":"65450601-9e50-57ad-a782-304404a116b2","source_observation":"6ca79b83-d7ae-580d-a7c0-2c4ae2daaa6c","source_external_id":"e3c15617-ade5-4523-a615-30d853f0","data_source":"emodnet:platforms","source_date":"unknown","retrieved_at":"2026-10-07T22:09:31.709648+00:00","correction_status":"source_baseline"}},{"type":"Feature","id":"7c0c7e75-c3ed-505e-aaed-0e2a6be2d0b7","geometry":{"coordinates":[-4.06692689,60.35641838],"type":"Point"},"properties":{"category":"FPSO","coast_dist":110791.377377,"country":"United Kingdom","current_status":"Operational","function":"GLEN LYON FPSO","location_blocks":null,"name":"GLEN LYON","operator":"BP EXPLORATION","platformid":"ee2e9913-5259-437f-9a86-0f2cdbe0","primary_production":null,"production_start":null,"remarks":"To allow for vessel turning the statutory safety zone is effectively increased to 750m","valid_from":"20160605","valid_to":null,"water_depth":0.0,"weight_sub":null,"weight_top":null,"helmlore_id":"7c0c7e75-c3ed-505e-aaed-0e2a6be2d0b7","source_observation":"15c1b2ee-7998-5d43-88b4-e25b6215e530","source_external_id":"ee2e9913-5259-437f-9a86-0f2cdbe0","data_source":"emodnet:platforms","source_date":"unknown","retrieved_at":"2026-10-07T22:09:31.709648+00:00","correction_status":"source_baseline"}},{"type":"Feature","id":"325d6a8b-4f08-5da7-bbec-6052edc721a4","geometry":{"coordinates":[1.4196582,60.90555828],"type":"Point"},"properties":{"category":"PLATFORM","coast_dist":118864.173128,"country":"United Kingdom","current_status":"Decommissioned","function":"NINIAN NORTHERN PLATFORM","location_blocks":null,"name":"NINIAN NORTHERN","operator":"CNR INTERNATIONAL","platformid":"7ac8fd20-5db0-49ec-8aeb-ac44a45e","primary_production":null,"production_start":null,"remarks":null,"valid_from":null,"valid_to":null,"water_depth":0.0,"weight_sub":null,"weight_top":null,"helmlore_id":"325d6a8b-4f08-5da7-bbec-6052edc721a4","source_observation":"3c71aeb2-c6f3-570e-a3ad-928f71932591","source_external_id":"7ac8fd20-5db0-49ec-8aeb-ac44a45e","data_source":"emodnet:platforms","source_date":"unknown","retrieved_at":"2026-10-07T22:09:31.709648+00:00","correction_status":"source_baseline"}},{"type":"Feature","id":"76806443-baae-5b1a-9e6e-030e1f58ab9e","geometry":{"coordinates":[2.61822129,54.31582981],"type":"Point"},"properties":{"category":"PLATFORM","coast_dist":176679.643452,"country":"United Kingdom","current_status":"Operational","function":"WINGATE SATELLITE PLATFORM","location_blocks":null,"name":"WINGATE PLATFORM","operator":"WINTERSHALL B.V.","platformid":"13798b31-1f98-4b6f-aff0-00642624","primary_production":null,"production_start":null,"remarks":null,"valid_from":"20110725","valid_to":null,"water_depth":0.0,"weight_sub":null,"weight_top":null,"helmlore_id":"76806443-baae-5b1a-9e6e-030e1f58ab9e","source_observation":"8d3428aa-8bb3-5d6f-a998-f99486778dd6","source_external_id":"13798b31-1f98-4b6f-aff0-00642624","data_source":"emodnet:platforms","source_date":"unknown","retrieved_at":"2026-10-07T22:09:31.709648+00:00","correction_status":"source_baseline"}},{"type":"Feature","id":"0aaf0493-8a20-500b-bc27-75d3675efe64","geometry":{"coordinates":[-3.93323683,51.43167145],"type":"Point"},"properties":{"category":"BUOY","coast_dist":15119.963267,"country":"United Kingdom","current_status":"Operational","function":"SCARWEATHER GUARD BUOY KFB20/2012 AREA5","location_blocks":null,"name":"SCARWEATHER GUARD BUOY KFB20/2012 AREA5","operator":"CEFAS","platformid":"af9b7219-e2bd-4d72-bea0-44e5a6af","primary_production":null,"production_start":null,"remarks":null,"valid_from":"20120914","valid_to":null,"water_depth":0.0,"weight_sub":null,"weight_top":null,"helmlore_id":"0aaf0493-8a20-500b-bc27-75d3675efe64","source_observation":"27ddb208-c90a-5bd3-a23b-368213acfaae","source_external_id":"af9b7219-e2bd-4d72-bea0-44e5a6af","data_source":"emodnet:platforms","source_date":"unknown","retrieved_at":"2026-10-07T22:09:31.709648+00:00","correction_status":"source_baseline"}},{"type":"Feature","id":"660967ae-146f-566d-b8a2-e813814de275","geometry":{"coordinates":[0.90792268,53.66643048],"type":"Point"},"properties":{"category":"BUOY","coast_dist":50751.6096072,"country":"United Kingdom","current_status":"Decommissioned","function":"ROSE MOORING BUOY","location_blocks":null,"name":"ROSE BUOY: 47/15B- 6W","operator":"SPIRIT ENERGY","platformid":"3cae4862-1a88-455a-9a8f-02967fac","primary_production":null,"production_start":null,"remarks":"The buoy is offset from the wellhead. This location is close to the boundary of a shipping lane and the buoy is offset to accommodate this.","valid_from":"20040715","valid_to":null,"water_depth":0.0,"weight_sub":null,"weight_top":null,"helmlore_id":"660967ae-146f-566d-b8a2-e813814de275","source_observation":"e4cbfceb-3acc-5c27-a61a-db16b5c8977d","source_external_id":"3cae4862-1a88-455a-9a8f-02967fac","data_source":"emodnet:platforms","source_date":"unknown","retrieved_at":"2026-10-07T22:09:31.709648+00:00","correction_status":"source_baseline"}},{"type":"Feature","id":"1e3eb6aa-4b37-550e-83cb-69032030c071","geometry":{"coordinates":[2.06289121,59.87916099],"type":"Point"},"properties":{"category":"PLATFORM","coast_dist":164827.835612,"country":"United Kingdom","current_status":"Decommissioned","function":"FRIGG TP 1","location_blocks":null,"name":"FRIGG TP 1","operator":"TOTALENERGIES UPSTREAM UK LIMITED","platformid":"9fe69727-1e91-48e7-89e0-e5b7bbdb","primary_production":null,"production_start":null,"remarks":null,"valid_from":"19760101","valid_to":null,"water_depth":0.0,"weight_sub":null,"weight_top":null,"helmlore_id":"1e3eb6aa-4b37-550e-83cb-69032030c071","source_observation":"5f6a7da0-7ddd-5729-8958-f961fa7fa0ee","source_external_id":"9fe69727-1e91-48e7-89e0-e5b7bbdb","data_source":"emodnet:platforms","source_date":"unknown","retrieved_at":"2026-10-07T22:09:31.709648+00:00","correction_status":"source_baseline"}},{"type":"Feature","id":"33c6671d-e5cb-522c-8286-aee2ad4ee144","geometry":{"coordinates":[1.0532148,53.53133122],"type":"Point"},"properties":{"category":"BUOY","coast_dist":56309.8858868,"country":"United Kingdom","current_status":"Operational","function":"DOWSING SMART BUOY KFB25/2012 AREA3","location_blocks":null,"name":"DOWSING SMART BUOY KFB25/2012 AREA3","operator":"CEFAS","platformid":"da62a327-7469-4fcb-b5f1-01672e20","primary_production":null,"production_start":null,"remarks":"OCEANOGRAPHIC EQUIPMENT FITTED WITH A YELLOW LIGHT EXHIBITING THE SEQUENCE FL Y (5) 20S","valid_from":"20120801","valid_to":null,"water_depth":0.0,"weight_sub":null,"weight_top":null,"helmlore_id":"33c6671d-e5cb-522c-8286-aee2ad4ee144","source_observation":"8f80f215-a369-5ce5-a4b5-ee63788a25a0","source_external_id":"da62a327-7469-4fcb-b5f1-01672e20","data_source":"emodnet:platforms","source_date":"unknown","retrieved_at":"2026-10-07T22:09:31.709648+00:00","correction_status":"source_baseline"}},{"type":"Feature","id":"4eef36ad-48e9-5416-8a53-917207de9033","geometry":{"coordinates":[1.73264595,53.45856693],"type":"Point"},"properties":{"category":"PLATFORM","coast_dist":65247.9809927,"country":"United Kingdom","current_status":"Operational","function":"CLIPPER PM","location_blocks":null,"name":"CLIPPER PM","operator":"ROYAL DUTCH SHELL","platformid":"397ead78-2e25-4728-8d3b-544d0692","primary_production":null,"production_start":null,"remarks":null,"valid_from":"19940422","valid_to":null,"water_depth":0.0,"weight_sub":null,"weight_top":null,"helmlore_id":"4eef36ad-48e9-5416-8a53-917207de9033","source_observation":"df27acb4-0ab8-5a5b-ba85-2943261b0976","source_external_id":"397ead78-2e25-4728-8d3b-544d0692","data_source":"emodnet:platforms","source_date":"unknown","retrieved_at":"2026-10-07T22:09:31.709648+00:00","correction_status":"source_baseline"}},{"type":"Feature","id":"3d045bd5-ac82-544a-a7e3-857d7c937b2d","geometry":{"coordinates":[-1.88705142,50.54465378],"type":"Point"},"properties":{"category":"BUOY","coast_dist":7170.50800289,"country":"United Kingdom","current_status":"Operational","function":"ENGLISH CHANNEL TITAN BUOY 4: KFB18/2012 AREA4","location_blocks":null,"name":"ENGLISH CHANNEL TITAN BUOY 4: KFB18/2012 AREA4","operator":null,"platformid":"2709d7e8-889c-4892-807f-28954f33","primary_production":null,"production_start":null,"remarks":"marked with dahn flag. attached to a ground weight and from this a ground line connects a sub surface riser and instruments will be positioned at approx10 metres above the sea bed.","valid_from":"20120910","valid_to":null,"water_depth":0.0,"weight_sub":null,"weight_top":null,"helmlore_id":"3d045bd5-ac82-544a-a7e3-857d7c937b2d","source_observation":"9274dd65-67e0-512c-9754-70c32ba80e63","source_external_id":"2709d7e8-889c-4892-807f-28954f33","data_source":"emodnet:platforms","source_date":"unknown","retrieved_at":"2026-10-07T22:09:31.709648+00:00","correction_status":"source_baseline"}},{"type":"Feature","id":"c1eeaab5-80f4-5353-a609-c02652c38390","geometry":{"coordinates":[2.28368425,53.05127459],"type":"Point"},"properties":{"category":"PLATFORM","coast_dist":53379.9932551,"country":"United Kingdom","current_status":"Operational","function":"COMPRESSION STEEL","location_blocks":null,"name":"LEMAN 27 BC","operator":"PERENCO OIL & GAS","platformid":"7aa63518-8981-4c77-a2e6-61c2a630","primary_production":null,"production_start":null,"remarks":null,"valid_from":null,"valid_to":null,"water_depth":0.0,"weight_sub":null,"weight_top":null,"helmlore_id":"c1eeaab5-80f4-5353-a609-c02652c38390","source_observation":"fcb3a6b5-9cec-5561-af6c-5485a120caa3","source_external_id":"7aa63518-8981-4c77-a2e6-61c2a630","data_source":"emodnet:platforms","source_date":"unknown","retrieved_at":"2026-10-07T22:09:31.709648+00:00","correction_status":"source_baseline"}},{"type":"Feature","id":"6ab2e8a8-979d-5bb2-8e85-7360e1c5e34b","geometry":{"coordinates":[-0.25507754,58.44870524],"type":"Point"},"properties":{"category":"PLATFORM","coast_dist":130732.371027,"country":"United Kingdom","current_status":"Operational","function":"PRODUCTION DRILLING STEEL","location_blocks":null,"name":"CLAYMORE CPP","operator":"REPSOL SINOPEC RESOURCES","platformid":"496da53d-5530-4d57-a494-a16c3bfe","primary_production":null,"production_start":null,"remarks":null,"valid_from":null,"valid_to":null,"water_depth":0.0,"weight_sub":null,"weight_top":null,"helmlore_id":"6ab2e8a8-979d-5bb2-8e85-7360e1c5e34b","source_observation":"208a08ad-6501-53d7-8b4d-d01bcea38a29","source_external_id":"496da53d-5530-4d57-a494-a16c3bfe","data_source":"emodnet:platforms","source_date":"unknown","retrieved_at":"2026-10-07T22:09:31.709648+00:00","correction_status":"source_baseline"}},{"type":"Feature","id":"93627ca5-f414-559d-99f4-1de92957d0d5","geometry":{"coordinates":[1.35924444,53.54598136],"type":"Point"},"properties":{"category":"PLATFORM","coast_dist":67515.6780828,"country":"United Kingdom","current_status":"Operational","function":"WELLHEAD STEEL","location_blocks":null,"name":"GALAHAD","operator":"PERENCO OIL & GAS","platformid":"b1500ae6-216f-4961-bb4d-5435232c","primary_production":null,"production_start":null,"remarks":null,"valid_from":null,"valid_to":null,"water_depth":0.0,"weight_sub":null,"weight_top":null,"helmlore_id":"93627ca5-f414-559d-99f4-1de92957d0d5","source_observation":"6934dfeb-ebc7-56f0-9db9-3d7d6f5c5c8b","source_external_id":"b1500ae6-216f-4961-bb4d-5435232c","data_source":"emodnet:platforms","source_date":"unknown","retrieved_at":"2026-10-07T22:09:31.709648+00:00","correction_status":"source_baseline"}},{"type":"Feature","id":"a13a78fd-2a9c-5e41-8a49-0a8367fe3774","geometry":{"coordinates":[1.95342503,57.03039102],"type":"Point"},"properties":{"category":"PLATFORM","coast_dist":230504.739459,"country":"United Kingdom","current_status":"Operational","function":"SHEARWATER C","location_blocks":null,"name":"SHEARWATER C","operator":"ROYAL DUTCH SHELL","platformid":"0c7317ed-88c0-40f8-9b4a-bba043af","primary_production":null,"production_start":null,"remarks":null,"valid_from":"19990502","valid_to":null,"water_depth":0.0,"weight_sub":null,"weight_top":null,"helmlore_id":"a13a78fd-2a9c-5e41-8a49-0a8367fe3774","source_observation":"0bbb3f43-21a4-54cf-abd1-0fe626b2ece4","source_external_id":"0c7317ed-88c0-40f8-9b4a-bba043af","data_source":"emodnet:platforms","source_date":"unknown","retrieved_at":"2026-10-07T22:09:31.709648+00:00","correction_status":"source_baseline"}},{"type":"Feature","id":"acf2bb50-5189-5108-89ac-5b1e8780209a","geometry":{"coordinates":[-3.08901671,58.11411673],"type":"Point"},"properties":{"category":"PLATFORM","coast_dist":22626.5320932,"country":"United Kingdom","current_status":"Decommissioned","function":"PRODUCTION STEEL","location_blocks":null,"name":"BEATRICE AP","operator":"REPSOL SINOPEC RESOURCES","platformid":"2b353f24-10f9-4256-a456-bbaafcb3","primary_production":null,"production_start":null,"remarks":null,"valid_from":null,"valid_to":null,"water_depth":0.0,"weight_sub":null,"weight_top":null,"helmlore_id":"acf2bb50-5189-5108-89ac-5b1e8780209a","source_observation":"c98a4d10-9a90-514e-913f-351ecb92208b","source_external_id":"2b353f24-10f9-4256-a456-bbaafcb3","data_source":"emodnet:platforms","source_date":"unknown","retrieved_at":"2026-10-07T22:09:31.709648+00:00","correction_status":"source_baseline"}},{"type":"Feature","id":"219c3ce0-f52d-5948-b1b9-989135d68416","geometry":{"coordinates":[1.67060566,59.74317161],"type":"Point"},"properties":{"category":"PLATFORM","coast_dist":153420.362236,"country":"United Kingdom","current_status":"Operational","function":"DRILLING & PRODUCTION STEEL","location_blocks":null,"name":"BRUCE D","operator":"SERICA ENERGY","platformid":"227de6db-3224-45a6-bf91-95404aa4","primary_production":null,"production_start":null,"remarks":null,"valid_from":null,"valid_to":null,"water_depth":0.0,"weight_sub":null,"weight_top":null,"helmlore_id":"219c3ce0-f52d-5948-b1b9-989135d68416","source_observation":"aba7b88e-0d09-54ec-83d5-447cb892b1f5","source_external_id":"227de6db-3224-45a6-bf91-95404aa4","data_source":"emodnet:platforms","source_date":"unknown","retrieved_at":"2026-10-07T22:09:31.709648+00:00","correction_status":"source_baseline"}},{"type":"Feature","id":"2457aab7-4d5e-5c34-999b-ecd2a4079342","geometry":{"coordinates":[1.05554068,59.58853334],"type":"Point"},"properties":{"category":"PLATFORM","coast_dist":130658.804536,"country":"United Kingdom","current_status":"Operational","function":"MARINER JACKET","location_blocks":null,"name":"MARINER PDQ JACKET","operator":"EQUINOR ASA","platformid":"c7f5190e-cd73-49aa-b3ab-1774f359","primary_production":null,"production_start":null,"remarks":null,"valid_from":null,"valid_to":null,"water_depth":0.0,"weight_sub":null,"weight_top":null,"helmlore_id":"2457aab7-4d5e-5c34-999b-ecd2a4079342","source_observation":"c93fac82-a7df-585e-ada0-6efd134a6088","source_external_id":"c7f5190e-cd73-49aa-b3ab-1774f359","data_source":"emodnet:platforms","source_date":"unknown","retrieved_at":"2026-10-07T22:09:31.709648+00:00","correction_status":"source_baseline"}},{"type":"Feature","id":"dcade7fe-1085-5d95-aaee-8fe747473210","geometry":{"coordinates":[-5.30923123,50.06154185],"type":"Point"},"properties":{"category":"BUOY","coast_dist":1313.4062201,"country":"United Kingdom","current_status":"Operational","function":"ENGLISH CHANNEL WAVERIDER BUOY 3 -BUOY IS 0.9 METRES IN DIAMETER, PAINTED IN HIGH VIS YELLOW PAINT","location_blocks":null,"name":"ENGLISH CHANNEL WAVERIDER BUOY 3","operator":"EMU LIMITED","platformid":"acbfc304-bc88-44e5-b9c6-238292e6","primary_production":null,"production_start":null,"remarks":"THE BUOY WILL HAVE A FLASHING AMBER LED LIGHT ON TOP OF THE TRANSMITTER AERIAL (FLASHING 5 TIMES AT 1 HZ EVERY 20 SECONDS). IN ADDITION, THE BUOY WILL BE EQUIPPED WI TH RADAR REFLECTORS.","valid_from":"20110810","valid_to":null,"water_depth":0.0,"weight_sub":null,"weight_top":null,"helmlore_id":"dcade7fe-1085-5d95-aaee-8fe747473210","source_observation":"e42791f8-a8b3-5fbf-9fb2-ae4898268857","source_external_id":"acbfc304-bc88-44e5-b9c6-238292e6","data_source":"emodnet:platforms","source_date":"unknown","retrieved_at":"2026-10-07T22:09:31.709648+00:00","correction_status":"source_baseline"}},{"type":"Feature","id":"5ccb3772-4fa8-503f-a5cc-60c379f82130","geometry":{"coordinates":[2.20965402,53.06011728],"type":"Point"},"properties":{"category":"PLATFORM","coast_dist":50183.3820934,"country":"United Kingdom","current_status":"Operational","function":"DRILLING & ACCOMMODATION STEEL","location_blocks":null,"name":"LEMAN ED","operator":"PERENCO OIL & GAS","platformid":"35cd281f-fb70-4535-8bc9-a63ecd35","primary_production":null,"production_start":null,"remarks":null,"valid_from":null,"valid_to":null,"water_depth":0.0,"weight_sub":null,"weight_top":null,"helmlore_id":"5ccb3772-4fa8-503f-a5cc-60c379f82130","source_observation":"8eb00eb4-61f0-5210-80a1-62cebc790a06","source_external_id":"35cd281f-fb70-4535-8bc9-a63ecd35","data_source":"emodnet:platforms","source_date":"unknown","retrieved_at":"2026-10-07T22:09:31.709648+00:00","correction_status":"source_baseline"}},{"type":"Feature","id":"04f262c6-ac37-5428-adba-a83f46f91913","geometry":{"coordinates":[0.47065837,53.82488381],"type":"Point"},"properties":{"category":"PLATFORM","coast_dist":29511.5200703,"country":"United Kingdom","current_status":"Operational","function":"ROUGH AP","location_blocks":null,"name":"ROUGH AP","operator":"CENTRICA STORAGE HOLDINGS","platformid":"95277267-11ac-4f7f-8c9e-b2011cbf","primary_production":null,"production_start":null,"remarks":"Rough AD and AP, two platforms linked by a footbridge","valid_from":"19750101","valid_to":null,"water_depth":0.0,"weight_sub":null,"weight_top":null,"helmlore_id":"04f262c6-ac37-5428-adba-a83f46f91913","source_observation":"2bbb4f89-109f-520f-9c90-2e30ee97fa9c","source_external_id":"95277267-11ac-4f7f-8c9e-b2011cbf","data_source":"emodnet:platforms","source_date":"unknown","retrieved_at":"2026-10-07T22:09:31.709648+00:00","correction_status":"source_baseline"}},{"type":"Feature","id":"3141d14d-5678-59f7-bf1e-8e31750d9228","geometry":{"coordinates":[2.07902894,51.98083242],"type":"Point"},"properties":{"category":"BUOY","coast_dist":36170.3089316,"country":"United Kingdom","current_status":"Operational","function":"WEST GABBARD WAVERIDER BUOY KFB25/2012 AREA3","location_blocks":null,"name":"WEST GABBARD WAVERIDER BUOY KFB25/2012 AREA3","operator":"CEFAS","platformid":"57572596-4b79-4561-aac5-36e10b5b","primary_production":null,"production_start":null,"remarks":"OCEANOGRAPHIC EQUIPMENT FITTED WITH A YELLOW LIGHT EXHIBITING THE SEQUENCE FL Y (5) 20S","valid_from":"20120801","valid_to":null,"water_depth":0.0,"weight_sub":null,"weight_top":null,"helmlore_id":"3141d14d-5678-59f7-bf1e-8e31750d9228","source_observation":"6f8e1453-21b5-56d7-9ddd-e60910afaf15","source_external_id":"57572596-4b79-4561-aac5-36e10b5b","data_source":"emodnet:platforms","source_date":"unknown","retrieved_at":"2026-10-07T22:09:31.709648+00:00","correction_status":"source_baseline"}},{"type":"Feature","id":"12340835-e27c-5eb1-9f40-6990799b4d1a","geometry":{"coordinates":[-3.6721993,53.95969057],"type":"Point"},"properties":{"category":"PLATFORM","coast_dist":31006.9574813,"country":"United Kingdom","current_status":"Operational","function":"REMOTE DRILLING AND PRODUCTION PLATFORM","location_blocks":null,"name":"NORTH MORECAMBE DPPA","operator":"SPIRIT ENERGY","platformid":"8b8ff45c-f6d4-49a3-9b6a-448f74ac","primary_production":null,"production_start":null,"remarks":null,"valid_from":null,"valid_to":null,"water_depth":0.0,"weight_sub":null,"weight_top":null,"helmlore_id":"12340835-e27c-5eb1-9f40-6990799b4d1a","source_observation":"ef970b38-05bb-5868-b9cf-835f0fe9e27e","source_external_id":"8b8ff45c-f6d4-49a3-9b6a-448f74ac","data_source":"emodnet:platforms","source_date":"unknown","retrieved_at":"2026-10-07T22:09:31.709648+00:00","correction_status":"source_baseline"}},{"type":"Feature","id":"a0834dc4-1e88-519d-82b4-567c0a3b9d1f","geometry":{"coordinates":[1.66153932,57.29444821],"type":"Point"},"properties":{"category":"PLATFORM","coast_dist":207441.062785,"country":"United Kingdom","current_status":"Operational","function":"PRODUCTION & DRILLING STEEL","location_blocks":null,"name":"ETAP PDR","operator":"BP EXPLORATION","platformid":"2ca1162d-d7dd-46dd-816d-b98f5b09","primary_production":null,"production_start":null,"remarks":null,"valid_from":null,"valid_to":null,"water_depth":0.0,"weight_sub":null,"weight_top":null,"helmlore_id":"a0834dc4-1e88-519d-82b4-567c0a3b9d1f","source_observation":"6885b13f-cf57-5948-a1b2-d3eb3226f983","source_external_id":"2ca1162d-d7dd-46dd-816d-b98f5b09","data_source":"emodnet:platforms","source_date":"unknown","retrieved_at":"2026-10-07T22:09:31.709648+00:00","correction_status":"source_baseline"}},{"type":"Feature","id":"6a97f355-82ca-570f-8c77-c721064a2e2c","geometry":{"coordinates":[2.25603278,53.02621112],"type":"Point"},"properties":{"category":"PLATFORM","coast_dist":50201.2132043,"country":"United Kingdom","current_status":"Operational","function":"PRODUCTION STEEL","location_blocks":null,"name":"LEMAN CP (PERENCO)","operator":"PERENCO OIL & GAS","platformid":"91ac490e-0c36-467e-8d98-d301ef88","primary_production":null,"production_start":null,"remarks":null,"valid_from":null,"valid_to":null,"water_depth":0.0,"weight_sub":null,"weight_top":null,"helmlore_id":"6a97f355-82ca-570f-8c77-c721064a2e2c","source_observation":"53ddaba7-f4c1-5c50-87ed-70d811be6fec","source_external_id":"91ac490e-0c36-467e-8d98-d301ef88","data_source":"emodnet:platforms","source_date":"unknown","retrieved_at":"2026-10-07T22:09:31.709648+00:00","correction_status":"source_baseline"}},{"type":"Feature","id":"9a6ee96a-a204-542e-8fb9-bba7c55518a6","geometry":{"coordinates":[1.27224413,53.41401495],"type":"Point"},"properties":{"category":"PLATFORM","coast_dist":51980.5167616,"country":"United Kingdom","current_status":"Closed down","function":"WELLHEAD STEEL","location_blocks":null,"name":"GUINEVERE A","operator":"PERENCO OIL & GAS","platformid":"0e8fe88c-4b7e-4701-91cc-28a68c28","primary_production":null,"production_start":null,"remarks":null,"valid_from":null,"valid_to":null,"water_depth":0.0,"weight_sub":null,"weight_top":null,"helmlore_id":"9a6ee96a-a204-542e-8fb9-bba7c55518a6","source_observation":"8d3ab6d8-6369-5ec8-ac09-0b866015b6ee","source_external_id":"0e8fe88c-4b7e-4701-91cc-28a68c28","data_source":"emodnet:platforms","source_date":"unknown","retrieved_at":"2026-10-07T22:09:31.709648+00:00","correction_status":"source_baseline"}},{"type":"Feature","id":"10b98157-1d19-5a36-8599-f2b8c1bef0c7","geometry":{"coordinates":[2.3792376,56.9003812],"type":"Point"},"properties":{"category":"PLATFORM","coast_dist":259245.383906,"country":"United Kingdom","current_status":"Under construction","function":"JACKDAW","location_blocks":null,"name":"JACKDAW","operator":"ROYAL DUTCH SHELL","platformid":"281f09b2-2b76-48bc-9513-9c3ba026","primary_production":null,"production_start":null,"remarks":"Official agreed proposed location.","valid_from":null,"valid_to":null,"water_depth":0.0,"weight_sub":null,"weight_top":null,"helmlore_id":"10b98157-1d19-5a36-8599-f2b8c1bef0c7","source_observation":"d62dc3e2-2b7b-5d77-80b1-ef17a4ed9807","source_external_id":"281f09b2-2b76-48bc-9513-9c3ba026","data_source":"emodnet:platforms","source_date":"unknown","retrieved_at":"2026-10-07T22:09:31.709648+00:00","correction_status":"source_baseline"}},{"type":"Feature","id":"e4934c60-c830-5f5f-b7bf-80289a4796ab","geometry":{"coordinates":[0.11364123,53.65819328],"type":"Point"},"properties":{"category":"TERMINAL","coast_dist":348.752023076,"country":"United Kingdom","current_status":"Operational","function":"EASINGTON/DIMLINGTON GAS TERMINAL","location_blocks":null,"name":"EASINGTON/DIMLINGTON GAS TERMINAL","operator":null,"platformid":"ed8f1bc4-4f48-48d9-b8a7-b654216d","primary_production":null,"production_start":null,"remarks":null,"valid_from":null,"valid_to":null,"water_depth":0.0,"weight_sub":null,"weight_top":null,"helmlore_id":"e4934c60-c830-5f5f-b7bf-80289a4796ab","source_observation":"7b1c7518-ed0e-5205-9350-63fe926d3810","source_external_id":"ed8f1bc4-4f48-48d9-b8a7-b654216d","data_source":"emodnet:platforms","source_date":"unknown","retrieved_at":"2026-10-07T22:09:31.709648+00:00","correction_status":"source_baseline"}},{"type":"Feature","id":"e5ca6134-f20d-5fdd-b0aa-ccb426d20a33","geometry":{"coordinates":[-3.45431294,53.56597537],"type":"Point"},"properties":{"category":"PLATFORM","coast_dist":23252.3235928,"country":"United Kingdom","current_status":"Operational","function":"WELLHEAD STEEL","location_blocks":null,"name":"HAMILTON","operator":"ENI UK LIMITED","platformid":"4fe59ce4-602e-4525-8bba-9e8bb447","primary_production":null,"production_start":null,"remarks":null,"valid_from":"19950101","valid_to":null,"water_depth":0.0,"weight_sub":null,"weight_top":null,"helmlore_id":"e5ca6134-f20d-5fdd-b0aa-ccb426d20a33","source_observation":"e4204bed-eac9-5302-86b4-a3d5baa1feb9","source_external_id":"4fe59ce4-602e-4525-8bba-9e8bb447","data_source":"emodnet:platforms","source_date":"unknown","retrieved_at":"2026-10-07T22:09:31.709648+00:00","correction_status":"source_baseline"}},{"type":"Feature","id":"655a92be-2973-5703-aea2-1b90cc052e1c","geometry":{"coordinates":[-5.30939822,50.06170885],"type":"Point"},"properties":{"category":"BUOY","coast_dist":1308.26642176,"country":"United Kingdom","current_status":"Operational","function":"ENGLISH CHANNEL WAVERIDER BUOY 1 - BUOY IS 0.9 METRES IN DIAMETER, PAINTED IN HIGH VIS YELLOW PAINT","location_blocks":null,"name":"ENGLISH CHANNEL WAVERIDER BUOY 1","operator":"EMU LIMITED","platformid":"d37ddce3-b44f-44ab-8cea-b101410b","primary_production":null,"production_start":null,"remarks":"THE BUOY WILL HAVE A FLASHING AMBER LED LIGHT ON TOP OF THE TRANSMITTER AERIAL (FLASHING 5 TIMES AT 1 HZ EVERY 20 SECONDS). IN ADDITION, THE BUOY WILL BE EQUIPPED WI TH RADAR REFLECTORS.","valid_from":"20110810","valid_to":null,"water_depth":0.0,"weight_sub":null,"weight_top":null,"helmlore_id":"655a92be-2973-5703-aea2-1b90cc052e1c","source_observation":"a985268d-eccb-5a68-9ae7-343ecd386875","source_external_id":"d37ddce3-b44f-44ab-8cea-b101410b","data_source":"emodnet:platforms","source_date":"unknown","retrieved_at":"2026-10-07T22:09:31.709648+00:00","correction_status":"source_baseline"}},{"type":"Feature","id":"1d30647b-d6a7-5e84-b82c-81b941a25d4a","geometry":{"coordinates":[1.1397244,58.04813486],"type":"Point"},"properties":{"category":"PLATFORM","coast_dist":182606.560946,"country":"United Kingdom","current_status":"Operational","function":"BRIDGE LINKED PLATFORM","location_blocks":null,"name":"BRITANNIA BLP","operator":"CHRYSAOR HOLDINGS","platformid":"11c6e9fd-3fa6-4e63-84d0-1fe489c0","primary_production":null,"production_start":null,"remarks":"Asset transfer from ConocoPhillips to Chrysaor October 2019 | Platform is an unmanned 4-legged structure, bridge linked to existing Britannia Platform, and is expected to become active, i.e. commence processing hydrocarbons, in June 2008","valid_from":"20060801","valid_to":null,"water_depth":0.0,"weight_sub":null,"weight_top":null,"helmlore_id":"1d30647b-d6a7-5e84-b82c-81b941a25d4a","source_observation":"946b7ea1-88c6-57ac-aa4c-87cf16b867b4","source_external_id":"11c6e9fd-3fa6-4e63-84d0-1fe489c0","data_source":"emodnet:platforms","source_date":"unknown","retrieved_at":"2026-10-07T22:09:31.709648+00:00","correction_status":"source_baseline"}},{"type":"Feature","id":"da9060a1-83a1-5bd1-8e64-36e1e9f43f90","geometry":{"coordinates":[2.23292633,53.05371612],"type":"Point"},"properties":{"category":"PLATFORM","coast_dist":50914.3158818,"country":"United Kingdom","current_status":"Operational","function":"PRODUCTION STEEL","location_blocks":null,"name":"LEMAN 27 AP (PERENCO)","operator":"PERENCO OIL & GAS","platformid":"0b13dbcf-4380-495e-b589-ec069fa0","primary_production":null,"production_start":null,"remarks":null,"valid_from":null,"valid_to":null,"water_depth":0.0,"weight_sub":null,"weight_top":null,"helmlore_id":"da9060a1-83a1-5bd1-8e64-36e1e9f43f90","source_observation":"4bb520f2-b581-503c-a630-07deb115eb1e","source_external_id":"0b13dbcf-4380-495e-b589-ec069fa0","data_source":"emodnet:platforms","source_date":"unknown","retrieved_at":"2026-10-07T22:09:31.709648+00:00","correction_status":"source_baseline"}},{"type":"Feature","id":"dfa86a02-6d19-537d-a1e2-db23398662ea","geometry":{"coordinates":[1.84439911,57.9568185],"type":"Point"},"properties":{"category":"PLATFORM","coast_dist":220892.744469,"country":"United Kingdom","current_status":"Operational","function":"ARMADA PLATFORM","location_blocks":null,"name":"ARMADA","operator":"CHRYSAOR HOLDINGS","platformid":"0621475f-cbc3-4bf3-a91b-f04455be","primary_production":null,"production_start":null,"remarks":"Installed circa 1996.","valid_from":null,"valid_to":null,"water_depth":0.0,"weight_sub":null,"weight_top":null,"helmlore_id":"dfa86a02-6d19-537d-a1e2-db23398662ea","source_observation":"3461da4e-8636-516e-b77c-f022e0b8300d","source_external_id":"0621475f-cbc3-4bf3-a91b-f04455be","data_source":"emodnet:platforms","source_date":"unknown","retrieved_at":"2026-10-07T22:09:31.709648+00:00","correction_status":"source_baseline"}},{"type":"Feature","id":"38389748-75c7-5a8f-93a7-fb9775c5b945","geometry":{"coordinates":[1.67120562,59.74373824],"type":"Point"},"properties":{"category":"PLATFORM","coast_dist":153417.351573,"country":"United Kingdom","current_status":"Operational","function":"COMPRESSION RISER STEEL","location_blocks":null,"name":"BRUCE CR","operator":"SERICA ENERGY","platformid":"15e1d20d-a95c-4f8c-a9dc-131ec4a9","primary_production":null,"production_start":null,"remarks":null,"valid_from":null,"valid_to":null,"water_depth":0.0,"weight_sub":null,"weight_top":null,"helmlore_id":"38389748-75c7-5a8f-93a7-fb9775c5b945","source_observation":"442e94f7-789f-5c5e-ba9d-d5f365dcd1f6","source_external_id":"15e1d20d-a95c-4f8c-a9dc-131ec4a9","data_source":"emodnet:platforms","source_date":"unknown","retrieved_at":"2026-10-07T22:09:31.709648+00:00","correction_status":"source_baseline"}},{"type":"Feature","id":"bbb682f3-3640-55d1-8424-820c873d00fa","geometry":{"coordinates":[-3.61798984,53.86423099],"type":"Point"},"properties":{"category":"PLATFORM","coast_dist":33771.1294264,"country":"United Kingdom","current_status":"Operational","function":"REMOTE DRILLING PLATFORM","location_blocks":null,"name":"SOUTH MORECAMBE DP6","operator":"SPIRIT ENERGY","platformid":"db2f5756-9f58-43cf-b93d-be43f561","primary_production":null,"production_start":null,"remarks":null,"valid_from":null,"valid_to":null,"water_depth":0.0,"weight_sub":null,"weight_top":null,"helmlore_id":"bbb682f3-3640-55d1-8424-820c873d00fa","source_observation":"85de12d7-38e8-514d-a2b2-dbf2189a8140","source_external_id":"db2f5756-9f58-43cf-b93d-be43f561","data_source":"emodnet:platforms","source_date":"unknown","retrieved_at":"2026-10-07T22:09:31.709648+00:00","correction_status":"source_baseline"}},{"type":"Feature","id":"7be07121-ebd7-5e38-820b-24c1d83deb7f","geometry":{"coordinates":[0.72719158,54.03273148],"type":"Point"},"properties":{"category":"PLATFORM","coast_dist":53363.1573999,"country":"United Kingdom","current_status":"Operational","function":"COMPRESSION STEEL","location_blocks":null,"name":"CLEETON CC","operator":"PERENCO OIL & GAS","platformid":"c61f2373-e679-43f9-8be0-02dffd90","primary_production":null,"production_start":null,"remarks":null,"valid_from":null,"valid_to":null,"water_depth":0.0,"weight_sub":null,"weight_top":null,"helmlore_id":"7be07121-ebd7-5e38-820b-24c1d83deb7f","source_observation":"b5672396-9a2e-5180-a140-a61a3b073f44","source_external_id":"c61f2373-e679-43f9-8be0-02dffd90","data_source":"emodnet:platforms","source_date":"unknown","retrieved_at":"2026-10-07T22:09:31.709648+00:00","correction_status":"source_baseline"}},{"type":"Feature","id":"83f7ac52-79a2-59ae-914c-a39fbcaf444b","geometry":{"coordinates":[2.47974573,54.44856808],"type":"Point"},"properties":{"category":"PLATFORM","coast_dist":170511.244306,"country":"United Kingdom","current_status":"Closed down","function":"WELLHEAD STEEL","location_blocks":null,"name":"TYNE","operator":"PERENCO OIL & GAS","platformid":"ea6f0115-8b73-49cf-8722-07aea22a","primary_production":null,"production_start":null,"remarks":"Platform Removed","valid_from":null,"valid_to":null,"water_depth":0.0,"weight_sub":null,"weight_top":null,"helmlore_id":"83f7ac52-79a2-59ae-914c-a39fbcaf444b","source_observation":"e5beb170-7f99-5fe9-8c59-a10d89a6df08","source_external_id":"ea6f0115-8b73-49cf-8722-07aea22a","data_source":"emodnet:platforms","source_date":"unknown","retrieved_at":"2026-10-07T22:09:31.709648+00:00","correction_status":"source_baseline"}},{"type":"Feature","id":"f5a87cdb-0311-5e5a-a6d4-5fcf2ce40014","geometry":{"coordinates":[1.78338674,53.40384857],"type":"Point"},"properties":{"category":"PLATFORM","coast_dist":61313.442526,"country":"United Kingdom","current_status":"Operational","function":"CLIPPER SOUTH PLATFORM","location_blocks":null,"name":"CLIPPER SOUTH","operator":"INEOS INDUSTRIES","platformid":"3afd4a44-a337-42ed-a864-2536d816","primary_production":null,"production_start":null,"remarks":null,"valid_from":"20110814","valid_to":null,"water_depth":0.0,"weight_sub":null,"weight_top":null,"helmlore_id":"f5a87cdb-0311-5e5a-a6d4-5fcf2ce40014","source_observation":"c21dd791-b284-57f6-a835-c9ce41d3eefa","source_external_id":"3afd4a44-a337-42ed-a864-2536d816","data_source":"emodnet:platforms","source_date":"unknown","retrieved_at":"2026-10-07T22:09:31.709648+00:00","correction_status":"source_baseline"}},{"type":"Feature","id":"01d4f199-3d54-5ed2-a0af-4106ef821ca1","geometry":{"coordinates":[-3.67294191,53.62586478],"type":"Point"},"properties":{"category":"PLATFORM","coast_dist":33764.1632893,"country":"United Kingdom","current_status":"Operational","function":"CONWY NPAI PLATFORM","location_blocks":null,"name":"CONWY PLATFORM","operator":"ENI UK LIMITED","platformid":"4eb63552-e86a-4879-8946-e96ca70c","primary_production":null,"production_start":null,"remarks":null,"valid_from":"20130121","valid_to":null,"water_depth":0.0,"weight_sub":null,"weight_top":null,"helmlore_id":"01d4f199-3d54-5ed2-a0af-4106ef821ca1","source_observation":"5b2b8e65-82b9-5cc1-8d0d-821de067f71e","source_external_id":"4eb63552-e86a-4879-8946-e96ca70c","data_source":"emodnet:platforms","source_date":"unknown","retrieved_at":"2026-10-07T22:09:31.709648+00:00","correction_status":"source_baseline"}},{"type":"Feature","id":"fda5f711-15e0-5cb0-b24e-030b023444d7","geometry":{"coordinates":[2.86776211,53.84221303],"type":"Point"},"properties":{"category":"PLATFORM","coast_dist":143320.216592,"country":"United Kingdom","current_status":"Decommissioned","function":"ST-1 PLATFORM","location_blocks":null,"name":"ST-1 PLATFORM","operator":"SPIRIT ENERGY","platformid":"8d7edc71-83ab-4b5e-b534-69b81686","primary_production":null,"production_start":null,"remarks":null,"valid_from":"19940630","valid_to":null,"water_depth":0.0,"weight_sub":null,"weight_top":null,"helmlore_id":"fda5f711-15e0-5cb0-b24e-030b023444d7","source_observation":"ccc2a602-4dd9-56c1-aaaa-c68819ed61fc","source_external_id":"8d7edc71-83ab-4b5e-b534-69b81686","data_source":"emodnet:platforms","source_date":"unknown","retrieved_at":"2026-10-07T22:09:31.709648+00:00","correction_status":"source_baseline"}},{"type":"Feature","id":"7b5c1b98-4eba-54dc-b285-220b09273c59","geometry":{"coordinates":[-3.5767859,53.53720636],"type":"Point"},"properties":{"category":"PLATFORM","coast_dist":24009.5653804,"country":"United Kingdom","current_status":"Operational","function":"WELLHEAD STEEL","location_blocks":null,"name":"DOUGLAS DW","operator":"ENI UK LIMITED","platformid":"44fb673e-de8e-4b25-aa86-e177d05a","primary_production":null,"production_start":null,"remarks":null,"valid_from":"19950101","valid_to":null,"water_depth":0.0,"weight_sub":null,"weight_top":null,"helmlore_id":"7b5c1b98-4eba-54dc-b285-220b09273c59","source_observation":"2911b4d7-0f49-520c-8c27-7cb392ead84a","source_external_id":"44fb673e-de8e-4b25-aa86-e177d05a","data_source":"emodnet:platforms","source_date":"unknown","retrieved_at":"2026-10-07T22:09:31.709648+00:00","correction_status":"source_baseline"}},{"type":"Feature","id":"2354d1f3-053f-5ccb-b0ce-4d06c08d4842","geometry":{"coordinates":[1.68336467,52.20999928],"type":"Point"},"properties":{"category":"BUOY","coast_dist":4083.96063497,"country":"United Kingdom","current_status":"Operational","function":"SIZEWELL WAVERIDER BUOY KFB25/2012 AREA3","location_blocks":null,"name":"SIZEWELL WAVERIDER BUOY KFB25/2012 AREA3","operator":"CEFAS","platformid":"74a8a6f3-b83b-4114-852f-e1614e76","primary_production":null,"production_start":null,"remarks":"OCEANOGRAPHIC EQUIPMENT FITTED WITH A YELLOW LIGHT EXHIBITING THE SEQUENCE FL Y (5) 20S","valid_from":"20120801","valid_to":null,"water_depth":0.0,"weight_sub":null,"weight_top":null,"helmlore_id":"2354d1f3-053f-5ccb-b0ce-4d06c08d4842","source_observation":"d56fea3b-86b0-5fab-99b2-aff7f440e692","source_external_id":"74a8a6f3-b83b-4114-852f-e1614e76","data_source":"emodnet:platforms","source_date":"unknown","retrieved_at":"2026-10-07T22:09:31.709648+00:00","correction_status":"source_baseline"}},{"type":"Feature","id":"8f5bd5bb-7f03-5a0e-8f87-e79c1ac2e3ec","geometry":{"coordinates":[1.05149783,53.53229822],"type":"Point"},"properties":{"category":"BUOY","coast_dist":56247.9973814,"country":"United Kingdom","current_status":"Operational","function":"DOWSING GUARD BUOY KFB25/2012 AREA3","location_blocks":null,"name":"DOWSING GUARD BUOY KFB25/2012 AREA3","operator":"CEFAS","platformid":"1559cede-7a74-47c9-a29f-9a0dd592","primary_production":null,"production_start":null,"remarks":"OCEANOGRAPHIC EQUIPMENT FITTED WITH A YELLOW LIGHT EXHIBITING THE SEQUENCE FL Y (5) 20S","valid_from":"20120801","valid_to":null,"water_depth":0.0,"weight_sub":null,"weight_top":null,"helmlore_id":"8f5bd5bb-7f03-5a0e-8f87-e79c1ac2e3ec","source_observation":"bae172fa-2757-5a72-84d3-ed080efec175","source_external_id":"1559cede-7a74-47c9-a29f-9a0dd592","data_source":"emodnet:platforms","source_date":"unknown","retrieved_at":"2026-10-07T22:09:31.709648+00:00","correction_status":"source_baseline"}},{"type":"Feature","id":"ba76cbba-d416-5e8b-bc60-d21b750ec5c3","geometry":{"coordinates":[-1.74443416,58.30489194],"type":"Point"},"properties":{"category":"FPSO","coast_dist":69267.2168647,"country":"United Kingdom","current_status":"Operational","function":"FPSO","location_blocks":null,"name":"CAPTAIN","operator":"ITHACA ENERGY","platformid":"ccf07fe9-9d9e-4507-ab7f-ba4e301c","primary_production":null,"production_start":null,"remarks":null,"valid_from":null,"valid_to":null,"water_depth":0.0,"weight_sub":null,"weight_top":null,"helmlore_id":"ba76cbba-d416-5e8b-bc60-d21b750ec5c3","source_observation":"e80efb24-f3cb-5cba-bcf2-f1a068dbd6d5","source_external_id":"ccf07fe9-9d9e-4507-ab7f-ba4e301c","data_source":"emodnet:platforms","source_date":"unknown","retrieved_at":"2026-10-07T22:09:31.709648+00:00","correction_status":"source_baseline"}},{"type":"Feature","id":"2219b9b8-e63c-50d7-83e4-3296b12b6503","geometry":{"coordinates":[0.74756935,54.91671486],"type":"Point"},"properties":{"category":"BUOY","coast_dist":97126.1054092,"country":"United Kingdom","current_status":"Operational","function":"TYNE TEES GUARD BUOY KFB25/2012 AREA3","location_blocks":null,"name":"TYNE TEES GUARD BUOY KFB25/2012 AREA3","operator":"CEFAS","platformid":"235fffd4-fd3d-4854-bc5a-50a0a2d6","primary_production":null,"production_start":null,"remarks":"OCEANOGRAPHIC EQUIPMENT FITTED WITH A YELLOW LIGHT EXHIBITING THE SEQUENCE FL Y (5) 20S","valid_from":"20120801","valid_to":null,"water_depth":0.0,"weight_sub":null,"weight_top":null,"helmlore_id":"2219b9b8-e63c-50d7-83e4-3296b12b6503","source_observation":"01efd5e1-e993-5e9e-83cf-5136b5627ab7","source_external_id":"235fffd4-fd3d-4854-bc5a-50a0a2d6","data_source":"emodnet:platforms","source_date":"unknown","retrieved_at":"2026-10-07T22:09:31.709648+00:00","correction_status":"source_baseline"}},{"type":"Feature","id":"632e3f57-afe7-5e0f-b4da-5cc044ba8b0d","geometry":{"coordinates":[-6.22394511,53.64203498],"type":"Point"},"properties":{"category":"TERMINAL","coast_dist":463.037281716,"country":"United Kingdom","current_status":"Operational","function":"BRAYMORE POINT","location_blocks":null,"name":"BRAYMORE POINT","operator":null,"platformid":"ca614f10-e4e2-4349-ada6-5d1cea2b","primary_production":null,"production_start":null,"remarks":null,"valid_from":null,"valid_to":null,"water_depth":0.0,"weight_sub":null,"weight_top":null,"helmlore_id":"632e3f57-afe7-5e0f-b4da-5cc044ba8b0d","source_observation":"fbf82f47-fa93-5252-9243-3233a6d667ba","source_external_id":"ca614f10-e4e2-4349-ada6-5d1cea2b","data_source":"emodnet:platforms","source_date":"unknown","retrieved_at":"2026-10-07T22:09:31.709648+00:00","correction_status":"source_baseline"}},{"type":"Feature","id":"14e389e2-e38f-54fb-9397-ddfe94f9c763","geometry":{"coordinates":[1.28909879,56.9968009],"type":"Point"},"properties":{"category":"BUOY","coast_dist":192567.192754,"country":"United Kingdom","current_status":"Operational","function":"BANFF WEST CARDINAL BUOY","location_blocks":null,"name":"CARDINAL BUOY 2","operator":"CNR INTERNATIONAL","platformid":"fc2e478b-7ac6-44ef-81c5-28a75f2d","primary_production":null,"production_start":null,"remarks":null,"valid_from":null,"valid_to":null,"water_depth":0.0,"weight_sub":null,"weight_top":null,"helmlore_id":"14e389e2-e38f-54fb-9397-ddfe94f9c763","source_observation":"704fc836-171f-5239-8bb4-2547a4a5dc9a","source_external_id":"fc2e478b-7ac6-44ef-81c5-28a75f2d","data_source":"emodnet:platforms","source_date":"unknown","retrieved_at":"2026-10-07T22:09:31.709648+00:00","correction_status":"source_baseline"}},{"type":"Feature","id":"0eb5f41f-e154-5ace-a5f7-44cd13334399","geometry":{"coordinates":[-3.67223974,53.95974422],"type":"Point"},"properties":{"category":"PLATFORM","coast_dist":31006.5973557,"country":"United Kingdom","current_status":"Operational","function":"NORTH MORCAMBE PLATFORM","location_blocks":null,"name":"NORTH MORCAMBE PLATFORM","operator":"SPIRIT ENERGY","platformid":"91074c9a-ad62-4be1-8981-3fbcaec5","primary_production":null,"production_start":null,"remarks":"Asset transfer from ConocoPhillips to Chrysaor October 2019","valid_from":null,"valid_to":null,"water_depth":0.0,"weight_sub":null,"weight_top":null,"helmlore_id":"0eb5f41f-e154-5ace-a5f7-44cd13334399","source_observation":"fb46de33-8fc6-537a-b1d4-582f56623c1b","source_external_id":"91074c9a-ad62-4be1-8981-3fbcaec5","data_source":"emodnet:platforms","source_date":"unknown","retrieved_at":"2026-10-07T22:09:31.709648+00:00","correction_status":"source_baseline"}},{"type":"Feature","id":"bf80c893-81f9-527d-957d-1d9cea26f6f0","geometry":{"coordinates":[1.72923138,53.45848367],"type":"Point"},"properties":{"category":"PLATFORM","coast_dist":65141.9381313,"country":"United Kingdom","current_status":"Operational","function":"CLIPPER PH","location_blocks":null,"name":"CLIPPER PH","operator":"ROYAL DUTCH SHELL","platformid":"69da04f8-38c7-49d7-8691-19409030","primary_production":null,"production_start":null,"remarks":null,"valid_from":"20140704","valid_to":null,"water_depth":0.0,"weight_sub":null,"weight_top":null,"helmlore_id":"bf80c893-81f9-527d-957d-1d9cea26f6f0","source_observation":"afcd8a54-8122-5b59-a911-9528234c363e","source_external_id":"69da04f8-38c7-49d7-8691-19409030","data_source":"emodnet:platforms","source_date":"unknown","retrieved_at":"2026-10-07T22:09:31.709648+00:00","correction_status":"source_baseline"}},{"type":"Feature","id":"19de0faf-d5d6-5cde-9ac9-cceacfd9c2fe","geometry":{"coordinates":[0.890961,57.08329809],"type":"Point"},"properties":{"category":"FPSO","coast_dist":166669.916304,"country":"United Kingdom","current_status":"Operational","function":"TRITON FPSO","location_blocks":null,"name":"TRITON","operator":"KOREA NATIONAL OIL CORPORATION","platformid":"7f4a4958-379c-41c4-8b8e-77d21535","primary_production":null,"production_start":null,"remarks":null,"valid_from":"20000430","valid_to":null,"water_depth":0.0,"weight_sub":null,"weight_top":null,"helmlore_id":"19de0faf-d5d6-5cde-9ac9-cceacfd9c2fe","source_observation":"ec0b905f-9c5f-58b2-b213-6ca2f55b1d3a","source_external_id":"7f4a4958-379c-41c4-8b8e-77d21535","data_source":"emodnet:platforms","source_date":"unknown","retrieved_at":"2026-10-07T22:09:31.709648+00:00","correction_status":"source_baseline"}},{"type":"Feature","id":"af85e534-88ed-5c01-acf3-580e986c6027","geometry":{"coordinates":[0.7891624,53.98336234],"type":"Point"},"properties":{"category":"PLATFORM","coast_dist":56777.2166529,"country":"United Kingdom","current_status":"Operational","function":"NEPTUNE PLATFORM","location_blocks":null,"name":"NEPTUNE","operator":"PERENCO OIL & GAS","platformid":"82b7824a-77d4-4917-861c-2cd8548a","primary_production":null,"production_start":null,"remarks":"BP provide operating service to BG","valid_from":null,"valid_to":null,"water_depth":0.0,"weight_sub":null,"weight_top":null,"helmlore_id":"af85e534-88ed-5c01-acf3-580e986c6027","source_observation":"723a7dea-7002-58f4-974f-c3f7c92e636a","source_external_id":"82b7824a-77d4-4917-861c-2cd8548a","data_source":"emodnet:platforms","source_date":"unknown","retrieved_at":"2026-10-07T22:09:31.709648+00:00","correction_status":"source_baseline"}},{"type":"Feature","id":"242f9b66-a73a-5b9c-ac7b-76cd7bc74a7a","geometry":{"coordinates":[1.8000607,57.75803335],"type":"Point"},"properties":{"category":"PLATFORM","coast_dist":214913.699488,"country":"United Kingdom","current_status":"Operational","function":"PRODUCTION DRILLING STEEL","location_blocks":null,"name":"NORTH EVEREST","operator":"CHRYSAOR HOLDINGS","platformid":"06c07a81-94f0-4b59-9c02-701f1045","primary_production":null,"production_start":null,"remarks":null,"valid_from":"20170707","valid_to":null,"water_depth":0.0,"weight_sub":null,"weight_top":null,"helmlore_id":"242f9b66-a73a-5b9c-ac7b-76cd7bc74a7a","source_observation":"2c69ca82-2ab2-5241-a109-c0448d75f706","source_external_id":"06c07a81-94f0-4b59-9c02-701f1045","data_source":"emodnet:platforms","source_date":"unknown","retrieved_at":"2026-10-07T22:09:31.709648+00:00","correction_status":"source_baseline"}},{"type":"Feature","id":"4add1254-5bc8-55f2-ab8e-c53b31b6e7e6","geometry":{"coordinates":[2.81182314,53.2273757],"type":"Point"},"properties":{"category":"BUOY","coast_dist":93430.7380038,"country":"United Kingdom","current_status":"Operational","function":"SHELL 17 UK 49/25A (W. CARDINAL BUOY)","location_blocks":null,"name":"SHELL 17 UK 49/25A (W. CARDINAL BUOY)","operator":"ONE-DYAS","platformid":"bd306142-a42d-47cc-a10d-50184bab","primary_production":null,"production_start":null,"remarks":null,"valid_from":"20010903","valid_to":null,"water_depth":0.0,"weight_sub":null,"weight_top":null,"helmlore_id":"4add1254-5bc8-55f2-ab8e-c53b31b6e7e6","source_observation":"56fb7e15-82e0-5ee3-ad25-1d69b7fb3bb2","source_external_id":"bd306142-a42d-47cc-a10d-50184bab","data_source":"emodnet:platforms","source_date":"unknown","retrieved_at":"2026-10-07T22:09:31.709648+00:00","correction_status":"source_baseline"}},{"type":"Feature","id":"071c7a76-7dfb-5aed-8cf4-0dc15193cc16","geometry":{"coordinates":[-2.16471878,56.94283817],"type":"Point"},"properties":{"category":"BUOY","coast_dist":1894.31893727,"country":"United Kingdom","current_status":"Closed down","function":"STONEHAVEN SAMMO - 2 DATA BUOY KFB 23/2012 AREA2","location_blocks":null,"name":"STONEHAVEN SAMMO - 2 DATA BUOY KFB 23/2012 AREA2","operator":null,"platformid":"0358442e-ee94-4e7e-bd57-043b026c","primary_production":null,"production_start":null,"remarks":null,"valid_from":"20121105","valid_to":null,"water_depth":0.0,"weight_sub":null,"weight_top":null,"helmlore_id":"071c7a76-7dfb-5aed-8cf4-0dc15193cc16","source_observation":"c9963675-e83a-54ca-93e7-b35879b18eac","source_external_id":"0358442e-ee94-4e7e-bd57-043b026c","data_source":"emodnet:platforms","source_date":"unknown","retrieved_at":"2026-10-07T22:09:31.709648+00:00","correction_status":"source_baseline"}},{"type":"Feature","id":"b0bf4f67-6148-5447-bd53-9a5ea43926ca","geometry":{"coordinates":[2.33886063,53.0162725],"type":"Point"},"properties":{"category":"PLATFORM","coast_dist":54034.237298,"country":"United Kingdom","current_status":"Operational","function":"DRILLING & ACCOMMODATION STEEL","location_blocks":null,"name":"LEMAN DD","operator":"PERENCO OIL & GAS","platformid":"9e711b42-11ff-45cc-952b-a3c92d0b","primary_production":null,"production_start":null,"remarks":null,"valid_from":null,"valid_to":null,"water_depth":0.0,"weight_sub":null,"weight_top":null,"helmlore_id":"b0bf4f67-6148-5447-bd53-9a5ea43926ca","source_observation":"ec684f2e-d213-55d3-8338-b885917c9938","source_external_id":"9e711b42-11ff-45cc-952b-a3c92d0b","data_source":"emodnet:platforms","source_date":"unknown","retrieved_at":"2026-10-07T22:09:31.709648+00:00","correction_status":"source_baseline"}},{"type":"Feature","id":"7370b02d-05e2-5f6e-8c9d-2f8748406674","geometry":{"coordinates":[0.8627342,58.35284898],"type":"Point"},"properties":{"category":"FPSO","coast_dist":179035.418413,"country":"United Kingdom","current_status":"Operational","function":"FPSO GLOBAL PRODUCER III","location_blocks":null,"name":"FPSO GLOBAL PRODUCER III","operator":"NEO ENERGY GROUP","platformid":"1f6b40c5-7c00-4328-9788-7194c0e9","primary_production":null,"production_start":null,"remarks":null,"valid_from":"20010901","valid_to":null,"water_depth":0.0,"weight_sub":null,"weight_top":null,"helmlore_id":"7370b02d-05e2-5f6e-8c9d-2f8748406674","source_observation":"d339508d-135d-5789-9cc8-de5f9183c344","source_external_id":"1f6b40c5-7c00-4328-9788-7194c0e9","data_source":"emodnet:platforms","source_date":"unknown","retrieved_at":"2026-10-07T22:09:31.709648+00:00","correction_status":"source_baseline"}},{"type":"Feature","id":"6e3c8def-3185-5265-867a-fbcccbf57ca8","geometry":{"coordinates":[2.48838771,54.04941358],"type":"Point"},"properties":{"category":"PLATFORM","coast_dist":146807.246907,"country":"United Kingdom","current_status":"Closed down","function":"WELLHEAD STEEL","location_blocks":null,"name":"KETCH","operator":"DNO NORTH SEA","platformid":"7adf1f6e-8409-4805-831c-1bb6c82a","primary_production":null,"production_start":null,"remarks":"Shut-in awaiting removal","valid_from":null,"valid_to":null,"water_depth":0.0,"weight_sub":null,"weight_top":null,"helmlore_id":"6e3c8def-3185-5265-867a-fbcccbf57ca8","source_observation":"d0968afe-d2a5-5296-b7f0-5b3eda8eb462","source_external_id":"7adf1f6e-8409-4805-831c-1bb6c82a","data_source":"emodnet:platforms","source_date":"unknown","retrieved_at":"2026-10-07T22:09:31.709648+00:00","correction_status":"source_baseline"}},{"type":"Feature","id":"7e3e48b9-e906-533d-b939-b775e8dd4c9b","geometry":{"coordinates":[2.28360459,53.05031946],"type":"Point"},"properties":{"category":"PLATFORM","coast_dist":53309.5557139,"country":"United Kingdom","current_status":"Operational","function":"DRILLING & ACCOMMODATION STEEL","location_blocks":null,"name":"LEMAN BD (PERENCO)","operator":"PERENCO OIL & GAS","platformid":"c76c821a-1c80-4f6f-9710-7bfca5c7","primary_production":null,"production_start":null,"remarks":null,"valid_from":null,"valid_to":null,"water_depth":0.0,"weight_sub":null,"weight_top":null,"helmlore_id":"7e3e48b9-e906-533d-b939-b775e8dd4c9b","source_observation":"9d4ba1c9-4159-5bae-ba99-1815e00d7b10","source_external_id":"c76c821a-1c80-4f6f-9710-7bfca5c7","data_source":"emodnet:platforms","source_date":"unknown","retrieved_at":"2026-10-07T22:09:31.709648+00:00","correction_status":"source_baseline"}},{"type":"Feature","id":"17684cd2-81cc-5d59-a62d-2cc87223e440","geometry":{"coordinates":[-3.58209891,53.84682937],"type":"Point"},"properties":{"category":"PLATFORM","coast_dist":33198.293025,"country":"United Kingdom","current_status":"Operational","function":"FLARE TRIPOD","location_blocks":null,"name":"FLARE TRIPOD","operator":"SPIRIT ENERGY","platformid":"f5c6e29c-e996-4cb8-9d7e-06c282d5","primary_production":null,"production_start":null,"remarks":"Asset transfer from ConocoPhillips to Chrysaor October 2019","valid_from":null,"valid_to":null,"water_depth":0.0,"weight_sub":null,"weight_top":null,"helmlore_id":"17684cd2-81cc-5d59-a62d-2cc87223e440","source_observation":"c2e35db1-9972-532a-b29e-bafd1b3572ad","source_external_id":"f5c6e29c-e996-4cb8-9d7e-06c282d5","data_source":"emodnet:platforms","source_date":"unknown","retrieved_at":"2026-10-07T22:09:31.709648+00:00","correction_status":"source_baseline"}},{"type":"Feature","id":"230cf106-ce8d-5f40-a89b-fc8b8c8e0105","geometry":{"coordinates":[1.79471294,53.01732933],"type":"Point"},"properties":{"category":"PLATFORM","coast_dist":27493.3884615,"country":"United Kingdom","current_status":"Operational","function":"PROCESS PLATFORM","location_blocks":null,"name":"48/29A-P","operator":"ENI UK LIMITED","platformid":"7c85c032-90ae-4264-9152-748cad17","primary_production":null,"production_start":null,"remarks":null,"valid_from":null,"valid_to":null,"water_depth":0.0,"weight_sub":null,"weight_top":null,"helmlore_id":"230cf106-ce8d-5f40-a89b-fc8b8c8e0105","source_observation":"06bf0460-ebe1-5e22-8e87-a2331fe90136","source_external_id":"7c85c032-90ae-4264-9152-748cad17","data_source":"emodnet:platforms","source_date":"unknown","retrieved_at":"2026-10-07T22:09:31.709648+00:00","correction_status":"source_baseline"}},{"type":"Feature","id":"d612d9e8-f6cf-58ab-a81f-e07acb91eac7","geometry":{"coordinates":[2.56628972,53.30712173],"type":"Point"},"properties":{"category":"PLATFORM","coast_dist":86313.2314197,"country":"United Kingdom","current_status":"Operational","function":"PRODUCTION STEEL","location_blocks":null,"name":"INDE CP","operator":"PERENCO OIL & GAS","platformid":"eb4caa48-0440-400d-95d3-6fb96dd3","primary_production":null,"production_start":null,"remarks":null,"valid_from":null,"valid_to":null,"water_depth":0.0,"weight_sub":null,"weight_top":null,"helmlore_id":"d612d9e8-f6cf-58ab-a81f-e07acb91eac7","source_observation":"8895487a-8e1f-52b0-a97a-2f1f9ff1ec91","source_external_id":"eb4caa48-0440-400d-95d3-6fb96dd3","data_source":"emodnet:platforms","source_date":"unknown","retrieved_at":"2026-10-07T22:09:31.709648+00:00","correction_status":"source_baseline"}},{"type":"Feature","id":"901ecddf-85da-57a9-b8c8-adbbddf01f10","geometry":{"coordinates":[2.89757051,53.42921318],"type":"Point"},"properties":{"category":"PLATFORM","coast_dist":111762.11189,"country":"United Kingdom","current_status":"Operational","function":"CARAVEL QR","location_blocks":null,"name":"CARAVEL QR","operator":"ROYAL DUTCH SHELL","platformid":"18cab728-f0b1-4a33-ab1d-fc65af66","primary_production":null,"production_start":null,"remarks":null,"valid_from":"20070812","valid_to":null,"water_depth":0.0,"weight_sub":null,"weight_top":null,"helmlore_id":"901ecddf-85da-57a9-b8c8-adbbddf01f10","source_observation":"ac4a9ed2-d63b-5edf-98c3-90cd32c42c24","source_external_id":"18cab728-f0b1-4a33-ab1d-fc65af66","data_source":"emodnet:platforms","source_date":"unknown","retrieved_at":"2026-10-07T22:09:31.709648+00:00","correction_status":"source_baseline"}},{"type":"Feature","id":"68658252-86f1-5952-8d32-59fee61ada63","geometry":{"coordinates":[2.28844204,54.56816752],"type":"Point"},"properties":{"category":"PLATFORM","coast_dist":161780.643382,"country":"United Kingdom","current_status":"Operational","function":"ALPHA LIVING QUARTERS PLATFORM","location_blocks":null,"name":"CYGNUS A (AUQ)","operator":"NEPTUNE E&P","platformid":"179b172b-151c-4776-a52f-8b0886d3","primary_production":null,"production_start":null,"remarks":"bridge linked to APU Alpha Process & Utilities Platform","valid_from":"20140731","valid_to":null,"water_depth":0.0,"weight_sub":null,"weight_top":null,"helmlore_id":"68658252-86f1-5952-8d32-59fee61ada63","source_observation":"ac9989e2-06e0-5df2-848f-724da1147191","source_external_id":"179b172b-151c-4776-a52f-8b0886d3","data_source":"emodnet:platforms","source_date":"unknown","retrieved_at":"2026-10-07T22:09:31.709648+00:00","correction_status":"source_baseline"}},{"type":"Feature","id":"5f6fa49e-6448-517d-8cf6-a3973592be2b","geometry":{"coordinates":[-3.58328825,53.84571168],"type":"Point"},"properties":{"category":"PLATFORM","coast_dist":33339.9421304,"country":"United Kingdom","current_status":"Operational","function":"ACCOMMODATION PLATFORM","location_blocks":null,"name":"SOUTH MORECAMBE AP1","operator":"SPIRIT ENERGY","platformid":"566b1498-692e-46e4-96eb-0b66c80b","primary_production":null,"production_start":null,"remarks":null,"valid_from":null,"valid_to":null,"water_depth":0.0,"weight_sub":null,"weight_top":null,"helmlore_id":"5f6fa49e-6448-517d-8cf6-a3973592be2b","source_observation":"640c2f8c-ebe6-516c-8cc8-0fbd1e675aad","source_external_id":"566b1498-692e-46e4-96eb-0b66c80b","data_source":"emodnet:platforms","source_date":"unknown","retrieved_at":"2026-10-07T22:09:31.709648+00:00","correction_status":"source_baseline"}},{"type":"Feature","id":"18422fd9-7d67-50dd-90ad-47a251780423","geometry":{"coordinates":[1.14803171,53.70254804],"type":"Point"},"properties":{"category":"PLATFORM","coast_dist":67011.9056162,"country":"United Kingdom","current_status":"Operational","function":"WELLHEAD STEEL","location_blocks":null,"name":"WEST SOLE A (6 LEG)","operator":"PERENCO OIL & GAS","platformid":"d1f40b1d-58c1-4c06-85ea-979fcb63","primary_production":null,"production_start":null,"remarks":null,"valid_from":null,"valid_to":null,"water_depth":0.0,"weight_sub":null,"weight_top":null,"helmlore_id":"18422fd9-7d67-50dd-90ad-47a251780423","source_observation":"5032a61f-fc41-5520-bd30-fdd34ddf0d49","source_external_id":"d1f40b1d-58c1-4c06-85ea-979fcb63","data_source":"emodnet:platforms","source_date":"unknown","retrieved_at":"2026-10-07T22:09:31.709648+00:00","correction_status":"source_baseline"}},{"type":"Feature","id":"1247863e-27c6-5865-bbd3-5c5c51c3edb8","geometry":{"coordinates":[-4.21806275,50.24905942],"type":"Point"},"properties":{"category":"BUOY","coast_dist":6932.08801806,"country":"United Kingdom","current_status":"Operational","function":"ENGLISH CHANNEL SCIENTIFIC MONITORING BUOYS L4 -BUOYS ARE 3.1M IN DIAMETER AND HAVE A 4M TALL TOWER","location_blocks":null,"name":"ENGLISH CHANNEL SCIENTIFIC MONITORING BUOYS L4","operator":null,"platformid":"7c87f8dc-722b-4648-a549-5a3027f7","primary_production":null,"production_start":null,"remarks":"EACH BUOY HAS TWO MOORING CHAINS EXTENDING 150M TO THE EAST AND WEST FIXED TO CLUMP WEIGHTS. -ADVISORY SAFETY ZONE OF 300M REQUESTED","valid_from":"20110719","valid_to":null,"water_depth":0.0,"weight_sub":null,"weight_top":null,"helmlore_id":"1247863e-27c6-5865-bbd3-5c5c51c3edb8","source_observation":"71315ff3-cd10-5ed5-b782-dd669a32d844","source_external_id":"7c87f8dc-722b-4648-a549-5a3027f7","data_source":"emodnet:platforms","source_date":"unknown","retrieved_at":"2026-10-07T22:09:31.709648+00:00","correction_status":"source_baseline"}},{"type":"Feature","id":"3e3cd4f4-81af-58c1-b391-25b2b88d3b86","geometry":{"coordinates":[1.95380749,57.03154667],"type":"Point"},"properties":{"category":"PLATFORM","coast_dist":230496.317773,"country":"United Kingdom","current_status":"Operational","function":"SHEARWATER A","location_blocks":null,"name":"SHEARWATER A","operator":"ROYAL DUTCH SHELL","platformid":"6d6a3007-3f02-4870-b275-5bfef6de","primary_production":null,"production_start":null,"remarks":null,"valid_from":"19970718","valid_to":null,"water_depth":0.0,"weight_sub":null,"weight_top":null,"helmlore_id":"3e3cd4f4-81af-58c1-b391-25b2b88d3b86","source_observation":"10ad68a0-2f1a-5f60-b159-c6163108e64c","source_external_id":"6d6a3007-3f02-4870-b275-5bfef6de","data_source":"emodnet:platforms","source_date":"unknown","retrieved_at":"2026-10-07T22:09:31.709648+00:00","correction_status":"source_baseline"}},{"type":"Feature","id":"fc1b3a01-a19b-5f84-8dc5-968e090a1cd8","geometry":{"coordinates":[1.77336355,53.59053463],"type":"Point"},"properties":{"category":"PLATFORM","coast_dist":79711.1852616,"country":"United Kingdom","current_status":"Closed down","function":"ENSIGN NPAI PLATFORM","location_blocks":null,"name":"ENSIGN PLATFORM","operator":"SPIRIT ENERGY","platformid":"8c606fb1-2b89-4405-8994-e8a4cb86","primary_production":null,"production_start":null,"remarks":null,"valid_from":"20110805","valid_to":null,"water_depth":0.0,"weight_sub":null,"weight_top":null,"helmlore_id":"fc1b3a01-a19b-5f84-8dc5-968e090a1cd8","source_observation":"66727d74-a21c-5383-a41d-26d5cdd2904e","source_external_id":"8c606fb1-2b89-4405-8994-e8a4cb86","data_source":"emodnet:platforms","source_date":"unknown","retrieved_at":"2026-10-07T22:09:31.709648+00:00","correction_status":"source_baseline"}},{"type":"Feature","id":"3b2c8b78-2956-555c-a8e8-add3cd7e3906","geometry":{"coordinates":[1.26504307,58.47779036],"type":"Point"},"properties":{"category":"PLATFORM","coast_dist":202117.499137,"country":"United Kingdom","current_status":"Operational","function":"PRODUCTION STEEL JACKET","location_blocks":null,"name":"TIFFANY","operator":"CNR INTERNATIONAL","platformid":"71bfdca3-f164-4b76-9de0-6e71827b","primary_production":null,"production_start":null,"remarks":null,"valid_from":null,"valid_to":null,"water_depth":0.0,"weight_sub":null,"weight_top":null,"helmlore_id":"3b2c8b78-2956-555c-a8e8-add3cd7e3906","source_observation":"bc5eeb90-ce32-591a-9ad7-f4d896b49349","source_external_id":"71bfdca3-f164-4b76-9de0-6e71827b","data_source":"emodnet:platforms","source_date":"unknown","retrieved_at":"2026-10-07T22:09:31.709648+00:00","correction_status":"source_baseline"}},{"type":"Feature","id":"e7109502-3194-5882-865a-9762256a52e5","geometry":{"coordinates":[2.28428278,53.05080899],"type":"Point"},"properties":{"category":"PLATFORM","coast_dist":53379.0464896,"country":"United Kingdom","current_status":"Operational","function":"PRODUCTION STEEL","location_blocks":null,"name":"LEMAN BP (PERENCO)","operator":"PERENCO OIL & GAS","platformid":"3adb0051-480d-4e04-a139-a117a934","primary_production":null,"production_start":null,"remarks":null,"valid_from":null,"valid_to":null,"water_depth":0.0,"weight_sub":null,"weight_top":null,"helmlore_id":"e7109502-3194-5882-865a-9762256a52e5","source_observation":"3ca7a78a-28b4-5ca9-96b9-836aef644618","source_external_id":"3adb0051-480d-4e04-a139-a117a934","data_source":"emodnet:platforms","source_date":"unknown","retrieved_at":"2026-10-07T22:09:31.709648+00:00","correction_status":"source_baseline"}},{"type":"Feature","id":"629147ec-c467-5b49-a512-9a818a005a14","geometry":{"coordinates":[1.29299697,59.92546273],"type":"Point"},"properties":{"category":"FPSO","coast_dist":125075.483444,"country":"United Kingdom","current_status":"Under construction","function":"KRAKEN FPSO","location_blocks":null,"name":"KRAKEN FPSO","operator":"ENQUEST PLC","platformid":"d968d54e-b10b-4d55-a81f-2e348d3b","primary_production":null,"production_start":null,"remarks":null,"valid_from":"20150401","valid_to":null,"water_depth":0.0,"weight_sub":null,"weight_top":null,"helmlore_id":"629147ec-c467-5b49-a512-9a818a005a14","source_observation":"563a0771-47fd-51ed-b2f1-3795ee987f73","source_external_id":"d968d54e-b10b-4d55-a81f-2e348d3b","data_source":"emodnet:platforms","source_date":"unknown","retrieved_at":"2026-10-07T22:09:31.709648+00:00","correction_status":"source_baseline"}},{"type":"Feature","id":"3ff0edd6-18c8-568f-88ad-4776d2b602b5","geometry":{"coordinates":[1.34319394,53.4642814],"type":"Point"},"properties":{"category":"PLATFORM","coast_dist":58370.2165254,"country":"United Kingdom","current_status":"Operational","function":"WELLHEAD STEEL","location_blocks":null,"name":"EXCALIBUR EA","operator":"PERENCO OIL & GAS","platformid":"475e85a2-0c6c-4b9e-932f-d1e778ef","primary_production":null,"production_start":null,"remarks":null,"valid_from":null,"valid_to":null,"water_depth":0.0,"weight_sub":null,"weight_top":null,"helmlore_id":"3ff0edd6-18c8-568f-88ad-4776d2b602b5","source_observation":"425e0ac3-f850-509d-8dc4-020ea4afae94","source_external_id":"475e85a2-0c6c-4b9e-932f-d1e778ef","data_source":"emodnet:platforms","source_date":"unknown","retrieved_at":"2026-10-07T22:09:31.709648+00:00","correction_status":"source_baseline"}},{"type":"Feature","id":"6766beb9-4c46-5b46-9289-f09df0217d7e","geometry":{"coordinates":[1.86725723,53.62633058],"type":"Point"},"properties":{"category":"BUOY","coast_dist":85935.6694661,"country":"United Kingdom","current_status":"Operational","function":"KFB 04/2012 - ANDREA WELLHEAD 48/15B - LIGHTED BUOY","location_blocks":null,"name":"ANDREA WELLHEAD 48/15B - LIGHTED BUOY","operator":"MARITINE CONSULTING","platformid":"af6254a5-693b-432a-acb3-32950883","primary_production":null,"production_start":null,"remarks":"THE BUOY WAS INSTALLED ON THE 4TH FEBRUARY 2012. BUOY DESCRIPTION - YELLOW SPECIAL MARK - PILLAR BUOY. LIGHT CHARACTERISTIC 1 FL (Y) EV. 10 SECS","valid_from":"20120204","valid_to":null,"water_depth":0.0,"weight_sub":null,"weight_top":null,"helmlore_id":"6766beb9-4c46-5b46-9289-f09df0217d7e","source_observation":"dc2a804a-3986-5722-ab11-cd6abcf2d464","source_external_id":"af6254a5-693b-432a-acb3-32950883","data_source":"emodnet:platforms","source_date":"unknown","retrieved_at":"2026-10-07T22:09:31.709648+00:00","correction_status":"source_baseline"}},{"type":"Feature","id":"0b7e7b83-4de1-5b1d-82e1-f977d583b8bc","geometry":{"coordinates":[1.63233,53.56721812],"type":"Point"},"properties":{"category":"PLATFORM","coast_dist":73980.8301855,"country":"United Kingdom","current_status":"Operational","function":"BARQUE PL","location_blocks":null,"name":"BARQUE PL","operator":"ROYAL DUTCH SHELL","platformid":"a71c1963-70a6-41b3-943f-b309d555","primary_production":null,"production_start":null,"remarks":null,"valid_from":"19940810","valid_to":null,"water_depth":0.0,"weight_sub":null,"weight_top":null,"helmlore_id":"0b7e7b83-4de1-5b1d-82e1-f977d583b8bc","source_observation":"35fb931c-effd-51e3-9024-ce4ad9031e4d","source_external_id":"a71c1963-70a6-41b3-943f-b309d555","data_source":"emodnet:platforms","source_date":"unknown","retrieved_at":"2026-10-07T22:09:31.709648+00:00","correction_status":"source_baseline"}},{"type":"Feature","id":"7177d5dd-0cf4-57c0-bca4-582ff5a01f96","geometry":{"coordinates":[2.57293674,53.32230109],"type":"Point"},"properties":{"category":"PLATFORM","coast_dist":87795.5027024,"country":"United Kingdom","current_status":"Operational","function":"TERMINAL/RISER STEEL","location_blocks":null,"name":"INDE AT","operator":"PERENCO OIL & GAS","platformid":"d4bdffae-9698-4791-9ade-2f164af4","primary_production":null,"production_start":null,"remarks":null,"valid_from":null,"valid_to":null,"water_depth":0.0,"weight_sub":null,"weight_top":null,"helmlore_id":"7177d5dd-0cf4-57c0-bca4-582ff5a01f96","source_observation":"4a4ca99f-08d5-59b9-915c-c931149133c6","source_external_id":"d4bdffae-9698-4791-9ade-2f164af4","data_source":"emodnet:platforms","source_date":"unknown","retrieved_at":"2026-10-07T22:09:31.709648+00:00","correction_status":"source_baseline"}},{"type":"Feature","id":"255818f8-81bb-57f4-bc68-f1d970aaea4b","geometry":{"coordinates":[-0.25752732,58.44908854],"type":"Point"},"properties":{"category":"PLATFORM","coast_dist":130651.577724,"country":"United Kingdom","current_status":"Operational","function":"ACCOMMODATION STEEL","location_blocks":null,"name":"CLAYMORE CAP","operator":"REPSOL SINOPEC RESOURCES","platformid":"38ae4bbc-82e5-471d-8f52-b8dfcbbe","primary_production":null,"production_start":null,"remarks":null,"valid_from":null,"valid_to":null,"water_depth":0.0,"weight_sub":null,"weight_top":null,"helmlore_id":"255818f8-81bb-57f4-bc68-f1d970aaea4b","source_observation":"e7c51366-beb0-5c12-a668-44261332cd42","source_external_id":"38ae4bbc-82e5-471d-8f52-b8dfcbbe","data_source":"emodnet:platforms","source_date":"unknown","retrieved_at":"2026-10-07T22:09:31.709648+00:00","correction_status":"source_baseline"}},{"type":"Feature","id":"0b2e852b-4019-5d2f-b367-d556f9c9d31e","geometry":{"coordinates":[0.24957227,58.46073737],"type":"Point"},"properties":{"category":"PLATFORM","coast_dist":154662.206878,"country":"United Kingdom","current_status":"Operational","function":"DRILLING PRODUCTION & ACCOMMODATION FIXED STEEL","location_blocks":null,"name":"PIPER B","operator":"REPSOL SINOPEC RESOURCES","platformid":"7e55a207-e0cb-4d2d-82f2-9e892d93","primary_production":null,"production_start":null,"remarks":null,"valid_from":null,"valid_to":null,"water_depth":0.0,"weight_sub":null,"weight_top":null,"helmlore_id":"0b2e852b-4019-5d2f-b367-d556f9c9d31e","source_observation":"a1d6bde2-bf61-5adf-9696-95fbe4e7754c","source_external_id":"7e55a207-e0cb-4d2d-82f2-9e892d93","data_source":"emodnet:platforms","source_date":"unknown","retrieved_at":"2026-10-07T22:09:31.709648+00:00","correction_status":"source_baseline"}},{"type":"Feature","id":"db17439f-b879-55d1-b6fb-8c2c2df7adcb","geometry":{"coordinates":[0.99494871,54.27248377],"type":"Point"},"properties":{"category":"PLATFORM","coast_dist":72062.0136716,"country":"United Kingdom","current_status":"Operational","function":"GARROW","location_blocks":null,"name":"GARROW NUI","operator":"ALPHA PETROLEUM UK HOLDINGS","platformid":"d5293647-7188-4f7a-ad73-513bac7d","primary_production":null,"production_start":null,"remarks":"ODE AM appointed Installation Operator Oct. 2021; Alpha is the Licence Operator","valid_from":"20061023","valid_to":null,"water_depth":0.0,"weight_sub":null,"weight_top":null,"helmlore_id":"db17439f-b879-55d1-b6fb-8c2c2df7adcb","source_observation":"b6ab306a-a079-5b5e-8bdc-6ac32a0b1569","source_external_id":"d5293647-7188-4f7a-ad73-513bac7d","data_source":"emodnet:platforms","source_date":"unknown","retrieved_at":"2026-10-07T22:09:31.709648+00:00","correction_status":"source_baseline"}},{"type":"Feature","id":"3d2d798e-7836-5612-9d40-d4a6c9931002","geometry":{"coordinates":[-3.33829829,53.35293625],"type":"Point"},"properties":{"category":"TERMINAL","coast_dist":139.406850386,"country":"United Kingdom","current_status":"Operational","function":"POINT OF AYR","location_blocks":null,"name":"POINT OF AYR","operator":null,"platformid":"3ec5c9f9-ce01-43bc-a23d-ca67e2c2","primary_production":null,"production_start":null,"remarks":null,"valid_from":null,"valid_to":null,"water_depth":0.0,"weight_sub":null,"weight_top":null,"helmlore_id":"3d2d798e-7836-5612-9d40-d4a6c9931002","source_observation":"11206b06-7ebd-5386-9633-d05e716e1064","source_external_id":"3ec5c9f9-ce01-43bc-a23d-ca67e2c2","data_source":"emodnet:platforms","source_date":"unknown","retrieved_at":"2026-10-07T22:09:31.709648+00:00","correction_status":"source_baseline"}},{"type":"Feature","id":"112e3d96-969f-52bb-a2e1-5c3ae4936cb7","geometry":{"coordinates":[2.08336194,51.98333241],"type":"Point"},"properties":{"category":"BUOY","coast_dist":36357.3143186,"country":"United Kingdom","current_status":"Operational","function":"WEST GABBARD SMART BUOY KFB25/2012 AREA3","location_blocks":null,"name":"WEST GABBARD SMART BUOY KFB25/2012 AREA3","operator":"CEFAS","platformid":"4f374ebc-cf2a-4d06-ae49-eb99d3d8","primary_production":null,"production_start":null,"remarks":"OCEANOGRAPHIC EQUIPMENT FITTED WITH A YELLOW LIGHT EXHIBITING THE SEQUENCE FL Y (5) 20S","valid_from":"20120801","valid_to":null,"water_depth":0.0,"weight_sub":null,"weight_top":null,"helmlore_id":"112e3d96-969f-52bb-a2e1-5c3ae4936cb7","source_observation":"8c0a62fc-9539-59d5-9d90-fa39f551f1e8","source_external_id":"4f374ebc-cf2a-4d06-ae49-eb99d3d8","data_source":"emodnet:platforms","source_date":"unknown","retrieved_at":"2026-10-07T22:09:31.709648+00:00","correction_status":"source_baseline"}},{"type":"Feature","id":"6829ffb1-4613-5ff3-9cc1-b7164ab08770","geometry":{"coordinates":[2.23337502,53.05449214],"type":"Point"},"properties":{"category":"PLATFORM","coast_dist":50993.0101291,"country":"United Kingdom","current_status":"Operational","function":"COMPRESSION STEEL","location_blocks":null,"name":"LEMAN AX","operator":"PERENCO OIL & GAS","platformid":"58c010b4-075a-4bdc-b051-89a1ee9a","primary_production":null,"production_start":null,"remarks":null,"valid_from":null,"valid_to":null,"water_depth":0.0,"weight_sub":null,"weight_top":null,"helmlore_id":"6829ffb1-4613-5ff3-9cc1-b7164ab08770","source_observation":"1e3af250-7e77-5c86-a3f6-13342774fa3a","source_external_id":"58c010b4-075a-4bdc-b051-89a1ee9a","data_source":"emodnet:platforms","source_date":"unknown","retrieved_at":"2026-10-07T22:09:31.709648+00:00","correction_status":"source_baseline"}},{"type":"Feature","id":"613bd5f0-3fc5-58a4-86cf-4868b6a57112","geometry":{"coordinates":[1.14724841,53.70248132],"type":"Point"},"properties":{"category":"PLATFORM","coast_dist":66959.6560929,"country":"United Kingdom","current_status":"Operational","function":"WELLHEAD STEEL","location_blocks":null,"name":"WEST SOLE A SP","operator":"PERENCO OIL & GAS","platformid":"cd5731c1-b48e-4c22-8d84-793b5cd7","primary_production":null,"production_start":null,"remarks":null,"valid_from":null,"valid_to":null,"water_depth":0.0,"weight_sub":null,"weight_top":null,"helmlore_id":"613bd5f0-3fc5-58a4-86cf-4868b6a57112","source_observation":"a59f970c-37c8-5505-b65d-2b13b53c0196","source_external_id":"cd5731c1-b48e-4c22-8d84-793b5cd7","data_source":"emodnet:platforms","source_date":"unknown","retrieved_at":"2026-10-07T22:09:31.709648+00:00","correction_status":"source_baseline"}},{"type":"Feature","id":"c0651319-01e4-5da5-94e0-f7ffbfc0c037","geometry":{"coordinates":[1.65170758,53.36759537],"type":"Point"},"properties":{"category":"PLATFORM","coast_dist":53796.9389971,"country":"United Kingdom","current_status":"Operational","function":"ANGLIA YD PLATFORM","location_blocks":null,"name":"ANGLIA YD","operator":"ITHACA ENERGY","platformid":"21243e43-cd43-4d07-806f-bbedcb96","primary_production":null,"production_start":null,"remarks":"Asset transfer from ConocoPhillips to Chrysaor October 2019","valid_from":null,"valid_to":null,"water_depth":0.0,"weight_sub":null,"weight_top":null,"helmlore_id":"c0651319-01e4-5da5-94e0-f7ffbfc0c037","source_observation":"6102312b-9407-56e1-8423-d9d23d60a2b8","source_external_id":"21243e43-cd43-4d07-806f-bbedcb96","data_source":"emodnet:platforms","source_date":"unknown","retrieved_at":"2026-10-07T22:09:31.709648+00:00","correction_status":"source_baseline"}},{"type":"Feature","id":"2c89b668-94b3-5842-a7d6-65d666cacc09","geometry":{"coordinates":[2.20439613,56.72360896],"type":"Point"},"properties":{"category":"PLATFORM","coast_dist":255198.409263,"country":"United Kingdom","current_status":"Under construction","function":"JASMINE LIVING QUARTERS PLATFORM","location_blocks":null,"name":"JASMINE JLQ","operator":"CHRYSAOR HOLDINGS","platformid":"830b5751-c219-4d70-a2ec-b9c68534","primary_production":null,"production_start":null,"remarks":"Asset transfer from ConocoPhillips to Chrysaor October 2019 | TOPSIDES TO BE INSTALLED 2013","valid_from":"20120717","valid_to":null,"water_depth":0.0,"weight_sub":null,"weight_top":null,"helmlore_id":"2c89b668-94b3-5842-a7d6-65d666cacc09","source_observation":"b005eb00-96eb-59c6-86bc-7aa970ff0fb1","source_external_id":"830b5751-c219-4d70-a2ec-b9c68534","data_source":"emodnet:platforms","source_date":"unknown","retrieved_at":"2026-10-07T22:09:31.709648+00:00","correction_status":"source_baseline"}},{"type":"Feature","id":"e2c3a78a-2f0d-55de-a93e-688b9597067b","geometry":{"coordinates":[2.8455,53.3516667],"type":"Point"},"properties":{"category":"BUOY","coast_dist":103569.285292,"country":"United Kingdom","current_status":"Operational","function":"OFF BOTNEY GROUND","location_blocks":null,"name":"OFF BOTNEY GROUND","operator":"ROYAL DUTCH SHELL","platformid":"30fb3b7a-0ebb-48c5-984b-1a28f8fa","primary_production":null,"production_start":null,"remarks":"Marks southern end of protection zone around Caravel and Shamrock Platforms\r\n","valid_from":"20070702","valid_to":null,"water_depth":0.0,"weight_sub":null,"weight_top":null,"helmlore_id":"e2c3a78a-2f0d-55de-a93e-688b9597067b","source_observation":"e22e9368-f144-5d8e-a7f0-40d73e03d0a7","source_external_id":"30fb3b7a-0ebb-48c5-984b-1a28f8fa","data_source":"emodnet:platforms","source_date":"unknown","retrieved_at":"2026-10-07T22:09:31.709648+00:00","correction_status":"source_baseline"}},{"type":"Feature","id":"f6f8166e-3162-529e-a4cf-8d479a803a95","geometry":{"coordinates":[1.56116112,59.55372287],"type":"Point"},"properties":{"category":"SBM","coast_dist":157908.494343,"country":"United Kingdom","current_status":"Operational","function":"SPM-2","location_blocks":null,"name":"BERYL SPM-2","operator":"APACHE CORPORATION","platformid":"4bb90fc7-1697-4a2d-89cd-a6465e2e","primary_production":null,"production_start":null,"remarks":null,"valid_from":null,"valid_to":null,"water_depth":0.0,"weight_sub":null,"weight_top":null,"helmlore_id":"f6f8166e-3162-529e-a4cf-8d479a803a95","source_observation":"f4cbec63-55e1-5d70-941f-52ed12a4e25c","source_external_id":"4bb90fc7-1697-4a2d-89cd-a6465e2e","data_source":"emodnet:platforms","source_date":"unknown","retrieved_at":"2026-10-07T22:09:31.709648+00:00","correction_status":"source_baseline"}},{"type":"Feature","id":"14403ca7-b23a-5a60-ad2e-3d230fd93a49","geometry":{"coordinates":[-3.56157798,53.81586377],"type":"Point"},"properties":{"category":"PLATFORM","coast_dist":33200.9431221,"country":"United Kingdom","current_status":"Operational","function":"REMOTE DRILLING PLATFORM","location_blocks":null,"name":"SOUTH MORECAMBE DP3","operator":"SPIRIT ENERGY","platformid":"378759d5-ee36-4348-908c-8cf8b401","primary_production":null,"production_start":null,"remarks":null,"valid_from":null,"valid_to":null,"water_depth":0.0,"weight_sub":null,"weight_top":null,"helmlore_id":"14403ca7-b23a-5a60-ad2e-3d230fd93a49","source_observation":"099826c1-e047-55de-9824-188a094e061c","source_external_id":"378759d5-ee36-4348-908c-8cf8b401","data_source":"emodnet:platforms","source_date":"unknown","retrieved_at":"2026-10-07T22:09:31.709648+00:00","correction_status":"source_baseline"}},{"type":"Feature","id":"49714776-8a4a-5bed-9391-73126cd483d6","geometry":{"coordinates":[1.55838872,59.53303275],"type":"Point"},"properties":{"category":"SBM","coast_dist":158766.57447,"country":"United Kingdom","current_status":"Operational","function":"SPM-3","location_blocks":null,"name":"BERYL SPM-3","operator":"APACHE CORPORATION","platformid":"f3725b3a-1c44-4944-ac56-2775113b","primary_production":null,"production_start":null,"remarks":null,"valid_from":null,"valid_to":null,"water_depth":0.0,"weight_sub":null,"weight_top":null,"helmlore_id":"49714776-8a4a-5bed-9391-73126cd483d6","source_observation":"da0289f2-6cb8-5952-b2f2-9ade0cb9c30d","source_external_id":"f3725b3a-1c44-4944-ac56-2775113b","data_source":"emodnet:platforms","source_date":"unknown","retrieved_at":"2026-10-07T22:09:31.709648+00:00","correction_status":"source_baseline"}},{"type":"Feature","id":"859e05e5-dd4d-5882-8492-a0357c48fbe1","geometry":{"coordinates":[2.82623238,53.22539761],"type":"Point"},"properties":{"category":"PLATFORM","coast_dist":94093.4616465,"country":"United Kingdom","current_status":"Operational","function":"SEAN RD REMOTE PLATFORM","location_blocks":null,"name":"SEAN RD","operator":"ONE-DYAS","platformid":"297cc795-613d-4a39-9683-c567b4e0","primary_production":null,"production_start":null,"remarks":null,"valid_from":"19860610","valid_to":null,"water_depth":0.0,"weight_sub":null,"weight_top":null,"helmlore_id":"859e05e5-dd4d-5882-8492-a0357c48fbe1","source_observation":"db4f96b1-819f-5dae-8416-af3fb74a8484","source_external_id":"297cc795-613d-4a39-9683-c567b4e0","data_source":"emodnet:platforms","source_date":"unknown","retrieved_at":"2026-10-07T22:09:31.709648+00:00","correction_status":"source_baseline"}},{"type":"Feature","id":"5876b688-3cb6-52ed-a104-2da197a56494","geometry":{"coordinates":[2.28496108,53.05128951],"type":"Point"},"properties":{"category":"PLATFORM","coast_dist":53447.9219234,"country":"United Kingdom","current_status":"Operational","function":"TERMINAL / RISER STEEL","location_blocks":null,"name":"LEMAN BT (PERENCO)","operator":"PERENCO OIL & GAS","platformid":"0dccee4c-973e-4f92-88bc-82bd31be","primary_production":null,"production_start":null,"remarks":null,"valid_from":null,"valid_to":null,"water_depth":0.0,"weight_sub":null,"weight_top":null,"helmlore_id":"5876b688-3cb6-52ed-a104-2da197a56494","source_observation":"c9483de7-c054-561a-8258-38c802a505aa","source_external_id":"0dccee4c-973e-4f92-88bc-82bd31be","data_source":"emodnet:platforms","source_date":"unknown","retrieved_at":"2026-10-07T22:09:31.709648+00:00","correction_status":"source_baseline"}},{"type":"Feature","id":"5341b65b-53ae-5087-85d5-8434c314b615","geometry":{"coordinates":[0.75419041,50.7468346],"type":"Point"},"properties":{"category":"BUOY","coast_dist":15245.8139723,"country":"United Kingdom","current_status":"Operational","function":"HASTINGS WAVERIDER BUOY KFB25/2012 AREA3","location_blocks":null,"name":"HASTINGS WAVERIDER BUOY KFB25/2012 AREA3","operator":"CEFAS","platformid":"2f8fb310-e672-48ff-bb2c-683dc6ef","primary_production":null,"production_start":null,"remarks":"OCEANOGRAPHIC EQUIPMENT FITTED WITH A YELLOW LIGHT EXHIBITING THE SEQUENCE FL Y (5) 20S","valid_from":"20120801","valid_to":null,"water_depth":0.0,"weight_sub":null,"weight_top":null,"helmlore_id":"5341b65b-53ae-5087-85d5-8434c314b615","source_observation":"ba7004ce-8c3a-5cf0-9574-a8f34b312c17","source_external_id":"2f8fb310-e672-48ff-bb2c-683dc6ef","data_source":"emodnet:platforms","source_date":"unknown","retrieved_at":"2026-10-07T22:09:31.709648+00:00","correction_status":"source_baseline"}},{"type":"Feature","id":"4796712e-9b6d-5f28-a1b5-b84de4e933b2","geometry":{"coordinates":[-1.43990925,58.10090717],"type":"Point"},"properties":{"category":"FPSO","coast_dist":55386.8000336,"country":"United Kingdom","current_status":"Operational","function":"FPSO BLEOHOLM BLUEWATER","location_blocks":null,"name":"ROSS","operator":"REPSOL SINOPEC RESOURCES","platformid":"dfdc623d-8dd1-4ddd-b56f-dfd97fd8","primary_production":null,"production_start":null,"remarks":null,"valid_from":null,"valid_to":null,"water_depth":0.0,"weight_sub":null,"weight_top":null,"helmlore_id":"4796712e-9b6d-5f28-a1b5-b84de4e933b2","source_observation":"c3828451-49b3-5c6d-9217-c9162fb90c53","source_external_id":"dfdc623d-8dd1-4ddd-b56f-dfd97fd8","data_source":"emodnet:platforms","source_date":"unknown","retrieved_at":"2026-10-07T22:09:31.709648+00:00","correction_status":"source_baseline"}},{"type":"Feature","id":"bb82b3db-6500-5260-bb5a-a8d2235a6a32","geometry":{"coordinates":[1.91719683,53.46196213],"type":"Point"},"properties":{"category":"PLATFORM","coast_dist":71419.5147889,"country":"United Kingdom","current_status":"Operational","function":"GALLEON PN","location_blocks":null,"name":"GALLEON PN","operator":"ROYAL DUTCH SHELL","platformid":"85276f8b-fdd8-4059-afeb-407302c2","primary_production":null,"production_start":null,"remarks":"Convergence 1.542\u00ba True more than Grid","valid_from":"19900101","valid_to":null,"water_depth":0.0,"weight_sub":null,"weight_top":null,"helmlore_id":"bb82b3db-6500-5260-bb5a-a8d2235a6a32","source_observation":"60848b16-ecc4-556e-8f77-546ad1db2d84","source_external_id":"85276f8b-fdd8-4059-afeb-407302c2","data_source":"emodnet:platforms","source_date":"unknown","retrieved_at":"2026-10-07T22:09:31.709648+00:00","correction_status":"source_baseline"}},{"type":"Feature","id":"14b3fe4f-489f-5890-bb8e-bdecda9e1a4c","geometry":{"coordinates":[1.55051929,59.27643681],"type":"Point"},"properties":{"category":"BUOY","coast_dist":172053.517003,"country":"United Kingdom","current_status":"Operational","function":"HARDING OFFLOADING BUOY","location_blocks":null,"name":"HARDING OLS BUOY","operator":"TAQA EUROPA B.V.","platformid":"94530e03-bc09-4801-8bf0-63203a14","primary_production":null,"production_start":null,"remarks":null,"valid_from":null,"valid_to":null,"water_depth":0.0,"weight_sub":null,"weight_top":null,"helmlore_id":"14b3fe4f-489f-5890-bb8e-bdecda9e1a4c","source_observation":"c7b2eac8-12fc-5d70-99d6-d4ced3b79e6c","source_external_id":"94530e03-bc09-4801-8bf0-63203a14","data_source":"emodnet:platforms","source_date":"unknown","retrieved_at":"2026-10-07T22:09:31.709648+00:00","correction_status":"source_baseline"}},{"type":"Feature","id":"c763556d-dbab-5eb0-aef3-0e8cfd98569a","geometry":{"coordinates":[-1.76991454,58.30682545],"type":"Point"},"properties":{"category":"PLATFORM","coast_dist":69158.906995,"country":"United Kingdom","current_status":"Operational","function":"WELLHEAD DRILLING & ACCOMMODATION STEEL","location_blocks":null,"name":"CAPTAIN WPPA","operator":"ITHACA ENERGY","platformid":"2fd1b2b4-6aff-4dba-a76f-82443aa1","primary_production":null,"production_start":null,"remarks":null,"valid_from":null,"valid_to":null,"water_depth":0.0,"weight_sub":null,"weight_top":null,"helmlore_id":"c763556d-dbab-5eb0-aef3-0e8cfd98569a","source_observation":"9293bd0e-688f-5f51-ac7a-60fc1ba921c8","source_external_id":"2fd1b2b4-6aff-4dba-a76f-82443aa1","data_source":"emodnet:platforms","source_date":"unknown","retrieved_at":"2026-10-07T22:09:31.709648+00:00","correction_status":"source_baseline"}},{"type":"Feature","id":"dc491c62-c735-532c-9624-9a58d4e8fb6e","geometry":{"coordinates":[2.5230901,53.391327],"type":"Point"},"properties":{"category":"PLATFORM","coast_dist":90760.2816783,"country":"United Kingdom","current_status":"Operational","function":"DRILLING & ACCOMMODATION STEEL","location_blocks":null,"name":"INDE BD","operator":"PERENCO OIL & GAS","platformid":"ce2a5379-46b9-45c0-8de9-a9a3abfa","primary_production":null,"production_start":null,"remarks":null,"valid_from":null,"valid_to":null,"water_depth":0.0,"weight_sub":null,"weight_top":null,"helmlore_id":"dc491c62-c735-532c-9624-9a58d4e8fb6e","source_observation":"861e8b74-78c6-5c5d-a364-014f1f38f68a","source_external_id":"ce2a5379-46b9-45c0-8de9-a9a3abfa","data_source":"emodnet:platforms","source_date":"unknown","retrieved_at":"2026-10-07T22:09:31.709648+00:00","correction_status":"source_baseline"}},{"type":"Feature","id":"232939f0-64b5-5aba-96ff-915ff07ef999","geometry":{"coordinates":[0.60233866,53.64493186],"type":"Point"},"properties":{"category":"PLATFORM","coast_dist":30409.7976603,"country":"United Kingdom","current_status":"Closed down","function":"WELLHEAD STEEL","location_blocks":null,"name":"AMETHYST C1D","operator":"PERENCO OIL & GAS","platformid":"10660efd-37da-4b9a-9f6c-2dc02c6a","primary_production":null,"production_start":null,"remarks":null,"valid_from":null,"valid_to":null,"water_depth":0.0,"weight_sub":null,"weight_top":null,"helmlore_id":"232939f0-64b5-5aba-96ff-915ff07ef999","source_observation":"93a633b2-3557-53b2-95ec-523f47c82d0e","source_external_id":"10660efd-37da-4b9a-9f6c-2dc02c6a","data_source":"emodnet:platforms","source_date":"unknown","retrieved_at":"2026-10-07T22:09:31.709648+00:00","correction_status":"source_baseline"}},{"type":"Feature","id":"9f3ed779-704e-5da2-a636-033915b7eda1","geometry":{"coordinates":[-3.47790037,53.64637598],"type":"Point"},"properties":{"category":"PLATFORM","coast_dist":26549.2763306,"country":"United Kingdom","current_status":"Operational","function":"WELLHEAD STEEL","location_blocks":null,"name":"HAMILTON NORTH","operator":"ENI UK LIMITED","platformid":"818112e2-0161-433f-9d9a-b14e95e2","primary_production":null,"production_start":null,"remarks":null,"valid_from":"19950101","valid_to":null,"water_depth":0.0,"weight_sub":null,"weight_top":null,"helmlore_id":"9f3ed779-704e-5da2-a636-033915b7eda1","source_observation":"51b2f6c7-e744-5e43-b832-1efbe1d18af8","source_external_id":"818112e2-0161-433f-9d9a-b14e95e2","data_source":"emodnet:platforms","source_date":"unknown","retrieved_at":"2026-10-07T22:09:31.709648+00:00","correction_status":"source_baseline"}},{"type":"Feature","id":"d298e402-765b-5be6-9ec2-d941b290c14e","geometry":{"coordinates":[2.09692869,53.1832749],"type":"Point"},"properties":{"category":"OTHER SURFACE","coast_dist":54559.4393137,"country":"United Kingdom","current_status":"Operational","function":"SOUTHWARK JACKET","location_blocks":null,"name":"SOUTHWARK JACKET","operator":"IOG PLC","platformid":"3778d6a3-5f34-4cd2-9659-6f0f04c8","primary_production":null,"production_start":null,"remarks":null,"valid_from":null,"valid_to":null,"water_depth":0.0,"weight_sub":null,"weight_top":null,"helmlore_id":"d298e402-765b-5be6-9ec2-d941b290c14e","source_observation":"7e30fad8-fd74-542d-b4a1-c07281026158","source_external_id":"3778d6a3-5f34-4cd2-9659-6f0f04c8","data_source":"emodnet:platforms","source_date":"unknown","retrieved_at":"2026-10-07T22:09:31.709648+00:00","correction_status":"source_baseline"}},{"type":"Feature","id":"8e91333a-098f-5ca5-986c-cf92839f11fb","geometry":{"coordinates":[-3.56232434,53.87525448],"type":"Point"},"properties":{"category":"PLATFORM","coast_dist":30141.2780153,"country":"United Kingdom","current_status":"Operational","function":"DP4 PLATFORM","location_blocks":null,"name":"DP4 PLATFORM","operator":"SPIRIT ENERGY","platformid":"e08d6897-fd22-4b81-a452-ff8e10e7","primary_production":null,"production_start":null,"remarks":"Asset transfer from ConocoPhillips to Chrysaor October 2019","valid_from":null,"valid_to":null,"water_depth":0.0,"weight_sub":null,"weight_top":null,"helmlore_id":"8e91333a-098f-5ca5-986c-cf92839f11fb","source_observation":"2a6daef0-c3c1-5446-9328-c351ad9dbda8","source_external_id":"e08d6897-fd22-4b81-a452-ff8e10e7","data_source":"emodnet:platforms","source_date":"unknown","retrieved_at":"2026-10-07T22:09:31.709648+00:00","correction_status":"source_baseline"}},{"type":"Feature","id":"0f970a7d-b5f7-5ce1-9ff8-f70da96d040a","geometry":{"coordinates":[0.33420602,58.41680682],"type":"Point"},"properties":{"category":"PLATFORM","coast_dist":155857.050403,"country":"United Kingdom","current_status":"Decommissioned","function":"DRILLING PRODUCTION STEEL","location_blocks":null,"name":"SALTIRE","operator":"REPSOL SINOPEC RESOURCES","platformid":"4f5b9312-0b8d-4d6d-9800-c76fbeed","primary_production":null,"production_start":null,"remarks":null,"valid_from":null,"valid_to":null,"water_depth":0.0,"weight_sub":null,"weight_top":null,"helmlore_id":"0f970a7d-b5f7-5ce1-9ff8-f70da96d040a","source_observation":"c27faa42-51ca-5ad1-bd4b-25816ab2306e","source_external_id":"4f5b9312-0b8d-4d6d-9800-c76fbeed","data_source":"emodnet:platforms","source_date":"unknown","retrieved_at":"2026-10-07T22:09:31.709648+00:00","correction_status":"source_baseline"}},{"type":"Feature","id":"67d1302f-db8f-518d-844a-a1217b3f7bb8","geometry":{"coordinates":[-3.86908694,60.17991966],"type":"Point"},"properties":{"category":"FPSO","coast_dist":97511.7454567,"country":"United Kingdom","current_status":"Operational","function":"AOKA MIZU FPSO","location_blocks":null,"name":"AOKA MIZU","operator":"HURRICANE ENERGY","platformid":"8ad8e54b-455a-46a6-a48b-01cb3120","primary_production":null,"production_start":null,"remarks":"FPSO Subsea Mooring System consists of 12 mooring lines and disconnectable turret buoy","valid_from":"20181214","valid_to":null,"water_depth":0.0,"weight_sub":null,"weight_top":null,"helmlore_id":"67d1302f-db8f-518d-844a-a1217b3f7bb8","source_observation":"f2ac63f7-556e-5636-a144-0582e078413b","source_external_id":"8ad8e54b-455a-46a6-a48b-01cb3120","data_source":"emodnet:platforms","source_date":"unknown","retrieved_at":"2026-10-07T22:09:31.709648+00:00","correction_status":"source_baseline"}},{"type":"Feature","id":"3945a8de-9c7f-5238-9cdd-95d3852e7494","geometry":{"coordinates":[1.14848171,53.70263135],"type":"Point"},"properties":{"category":"PLATFORM","coast_dist":67042.6527868,"country":"United Kingdom","current_status":"Operational","function":"PRODUCTION & ACCOMMODATION STEEL","location_blocks":null,"name":"WEST SOLE A (8 LEG)","operator":"PERENCO OIL & GAS","platformid":"b577a212-4aee-4232-b555-4e37bad8","primary_production":null,"production_start":null,"remarks":null,"valid_from":null,"valid_to":null,"water_depth":0.0,"weight_sub":null,"weight_top":null,"helmlore_id":"3945a8de-9c7f-5238-9cdd-95d3852e7494","source_observation":"9e97453f-00cc-5e65-843b-8e15e6b2ad0e","source_external_id":"b577a212-4aee-4232-b555-4e37bad8","data_source":"emodnet:platforms","source_date":"unknown","retrieved_at":"2026-10-07T22:09:31.709648+00:00","correction_status":"source_baseline"}},{"type":"Feature","id":"83e5fb52-fdd8-5ad5-8090-1cec09ff3e16","geometry":{"coordinates":[1.33480776,54.28985932],"type":"Point"},"properties":{"category":"PLATFORM","coast_dist":94098.645041,"country":"United Kingdom","current_status":"Operational","function":"PLATFORM STEEL","location_blocks":null,"name":"KILMAR NUI","operator":"ALPHA PETROLEUM UK HOLDINGS","platformid":"e1eb9e10-1e81-4089-9d23-936a0791","primary_production":null,"production_start":null,"remarks":"Operator transferred to Alpha Petroleum October 2021","valid_from":null,"valid_to":null,"water_depth":0.0,"weight_sub":null,"weight_top":null,"helmlore_id":"83e5fb52-fdd8-5ad5-8090-1cec09ff3e16","source_observation":"62d3c3df-c641-54f1-898e-5efe17174eea","source_external_id":"e1eb9e10-1e81-4089-9d23-936a0791","data_source":"emodnet:platforms","source_date":"unknown","retrieved_at":"2026-10-07T22:09:31.709648+00:00","correction_status":"source_baseline"}},{"type":"Feature","id":"90f91ba0-df35-59e2-9d4b-3d9e95213ee0","geometry":{"coordinates":[2.18403805,53.0758098],"type":"Point"},"properties":{"category":"PLATFORM","coast_dist":50071.3177161,"country":"United Kingdom","current_status":"Operational","function":"LEMAN BD","location_blocks":null,"name":"LEMAN BD","operator":"ROYAL DUTCH SHELL","platformid":"023e2dfc-45ce-43da-9559-89ddd102","primary_production":null,"production_start":null,"remarks":null,"valid_from":"19690601","valid_to":null,"water_depth":0.0,"weight_sub":null,"weight_top":null,"helmlore_id":"90f91ba0-df35-59e2-9d4b-3d9e95213ee0","source_observation":"5ca8c66e-8699-5c4a-9d5d-092a09228f0e","source_external_id":"023e2dfc-45ce-43da-9559-89ddd102","data_source":"emodnet:platforms","source_date":"unknown","retrieved_at":"2026-10-07T22:09:31.709648+00:00","correction_status":"source_baseline"}},{"type":"Feature","id":"5e0de298-87e4-5343-9199-6a741f10df81","geometry":{"coordinates":[-0.2879951,58.82684005],"type":"Point"},"properties":{"category":"PLATFORM","coast_dist":108233.079968,"country":"United Kingdom","current_status":"Decommissioned","function":"MANIFOLD COMPRESSION CONCRETE GRAVITY BASE","location_blocks":null,"name":"MCP01","operator":"TOTALENERGIES UPSTREAM UK LIMITED","platformid":"5dd940d0-14c3-4c36-bed2-59e56258","primary_production":null,"production_start":null,"remarks":"Concrete Structure Remains. DECC comment, we have been advised by Total that they have received the SFF clear seabed certificate and the trawl tests have been completed.","valid_from":null,"valid_to":null,"water_depth":0.0,"weight_sub":null,"weight_top":null,"helmlore_id":"5e0de298-87e4-5343-9199-6a741f10df81","source_observation":"f0ee5cb4-7a1f-5072-b705-8ab9302e3eca","source_external_id":"5dd940d0-14c3-4c36-bed2-59e56258","data_source":"emodnet:platforms","source_date":"unknown","retrieved_at":"2026-10-07T22:09:31.709648+00:00","correction_status":"source_baseline"}},{"type":"Feature","id":"a4155839-0860-53b1-a72c-bb799ad27add","geometry":{"coordinates":[1.68603165,52.20949928],"type":"Point"},"properties":{"category":"BUOY","coast_dist":4270.35990207,"country":"United Kingdom","current_status":"Operational","function":"SIZEWELL GUARD BUOY KFB25/2012 AREA3","location_blocks":null,"name":"SIZEWELL GUARD BUOY KFB25/2012 AREA3","operator":"CEFAS","platformid":"465a4591-7ead-4ec4-bee9-5a42a0d0","primary_production":null,"production_start":null,"remarks":"OCEANOGRAPHIC EQUIPMENT FITTED WITH A YELLOW LIGHT EXHIBITING THE SEQUENCE FL Y (5) 20S","valid_from":"20120801","valid_to":null,"water_depth":0.0,"weight_sub":null,"weight_top":null,"helmlore_id":"a4155839-0860-53b1-a72c-bb799ad27add","source_observation":"1cb76b8a-71fc-55a4-a3b1-4e1f42d86d34","source_external_id":"465a4591-7ead-4ec4-bee9-5a42a0d0","data_source":"emodnet:platforms","source_date":"unknown","retrieved_at":"2026-10-07T22:09:31.709648+00:00","correction_status":"source_baseline"}},{"type":"Feature","id":"67d8ddff-21bc-53c2-8e29-6c17da110fef","geometry":{"coordinates":[0.46979668,53.82446708],"type":"Point"},"properties":{"category":"PLATFORM","coast_dist":29438.3046961,"country":"United Kingdom","current_status":"Operational","function":"ROUGH AD","location_blocks":null,"name":"ROUGH AD","operator":"CENTRICA STORAGE HOLDINGS","platformid":"94631e9f-dda9-48f4-be3a-9355ff74","primary_production":null,"production_start":null,"remarks":"Rough AD and AP, two platforms linked by a footbridge","valid_from":"19750101","valid_to":null,"water_depth":0.0,"weight_sub":null,"weight_top":null,"helmlore_id":"67d8ddff-21bc-53c2-8e29-6c17da110fef","source_observation":"7f27a4a0-fe1a-508f-a5bc-a26097965451","source_external_id":"94631e9f-dda9-48f4-be3a-9355ff74","data_source":"emodnet:platforms","source_date":"unknown","retrieved_at":"2026-10-07T22:09:31.709648+00:00","correction_status":"source_baseline"}},{"type":"Feature","id":"c2e5fe59-0624-5f9a-a2b0-1492ff99f195","geometry":{"coordinates":[1.10221902,54.0311146],"type":"Point"},"properties":{"category":"PLATFORM","coast_dist":76758.3624722,"country":"United Kingdom","current_status":"Operational","function":"WELLHEAD STEEL","location_blocks":null,"name":"RAVENSPURN NORTH CCW","operator":"PERENCO OIL & GAS","platformid":"d584d6c1-8060-4cc2-a560-9c4b4c01","primary_production":null,"production_start":null,"remarks":null,"valid_from":null,"valid_to":null,"water_depth":0.0,"weight_sub":null,"weight_top":null,"helmlore_id":"c2e5fe59-0624-5f9a-a2b0-1492ff99f195","source_observation":"9b4257e8-2a7d-5c4d-acdd-8812c266dafd","source_external_id":"d584d6c1-8060-4cc2-a560-9c4b4c01","data_source":"emodnet:platforms","source_date":"unknown","retrieved_at":"2026-10-07T22:09:31.709648+00:00","correction_status":"source_baseline"}},{"type":"Feature","id":"725d6270-97f6-52b5-8787-cc97630f0cb1","geometry":{"coordinates":[1.07584795,53.54922127],"type":"Point"},"properties":{"category":"PLATFORM","coast_dist":58487.2560155,"country":"United Kingdom","current_status":"Closed down","function":"WELLHEAD STEEL","location_blocks":null,"name":"PICKERILL A","operator":"PERENCO OIL & GAS","platformid":"a28407e3-3ee5-4a54-b74a-a21acc1c","primary_production":null,"production_start":null,"remarks":null,"valid_from":null,"valid_to":null,"water_depth":0.0,"weight_sub":null,"weight_top":null,"helmlore_id":"725d6270-97f6-52b5-8787-cc97630f0cb1","source_observation":"b9a61693-a720-55a6-b2ab-b2e0f38121f8","source_external_id":"a28407e3-3ee5-4a54-b74a-a21acc1c","data_source":"emodnet:platforms","source_date":"unknown","retrieved_at":"2026-10-07T22:09:31.709648+00:00","correction_status":"source_baseline"}},{"type":"Feature","id":"b9afb69b-4aeb-54c6-8605-c5d902cdb8a9","geometry":{"coordinates":[1.83630525,57.01105425],"type":"Point"},"properties":{"category":"PLATFORM","coast_dist":224150.38865,"country":"United Kingdom","current_status":"Operational","function":"PRODUCTION UTILITIES JACKUP","location_blocks":null,"name":"ELGIN PUQ","operator":"TOTALENERGIES UPSTREAM UK LIMITED","platformid":"07b5bdcb-8d10-4ec2-a62d-da5aa0ae","primary_production":null,"production_start":null,"remarks":null,"valid_from":null,"valid_to":null,"water_depth":0.0,"weight_sub":null,"weight_top":null,"helmlore_id":"b9afb69b-4aeb-54c6-8605-c5d902cdb8a9","source_observation":"869d23e4-a6e5-5d03-90c5-fff6fac32316","source_external_id":"07b5bdcb-8d10-4ec2-a62d-da5aa0ae","data_source":"emodnet:platforms","source_date":"unknown","retrieved_at":"2026-10-07T22:09:31.709648+00:00","correction_status":"source_baseline"}},{"type":"Feature","id":"255f3100-f3d3-58a3-874d-b1a529cc8867","geometry":{"coordinates":[0.75527342,50.74716859],"type":"Point"},"properties":{"category":"BUOY","coast_dist":15243.7820997,"country":"United Kingdom","current_status":"Operational","function":"HASTINGS GUARD BUOY 1 KFB25/2012 AREA3","location_blocks":null,"name":"HASTINGS GUARD BUOY 1 KFB25/2012 AREA3","operator":"CEFAS","platformid":"684351ca-2bbf-4afe-a9f3-7224e0a4","primary_production":null,"production_start":null,"remarks":"OCEANOGRAPHIC EQUIPMENT FITTED WITH A YELLOW LIGHT EXHIBITING THE SEQUENCE FL Y (5) 20S","valid_from":"20120801","valid_to":null,"water_depth":0.0,"weight_sub":null,"weight_top":null,"helmlore_id":"255f3100-f3d3-58a3-874d-b1a529cc8867","source_observation":"abfd8770-e012-5e0e-a148-cac2b6088b8f","source_external_id":"684351ca-2bbf-4afe-a9f3-7224e0a4","data_source":"emodnet:platforms","source_date":"unknown","retrieved_at":"2026-10-07T22:09:31.709648+00:00","correction_status":"source_baseline"}},{"type":"Feature","id":"c6f785fb-b95d-5c1f-8bbd-c8581c442375","geometry":{"coordinates":[-1.77111445,58.30605872],"type":"Point"},"properties":{"category":"PLATFORM","coast_dist":69061.0801232,"country":"United Kingdom","current_status":"Operational","function":"WELLHEAD DRILLING & ACCOMMODATION STEEL","location_blocks":null,"name":"CAPTAIN BLPA","operator":"ITHACA ENERGY","platformid":"1c4be57d-ddd6-4bfb-95df-c1d5aea6","primary_production":null,"production_start":null,"remarks":null,"valid_from":null,"valid_to":null,"water_depth":0.0,"weight_sub":null,"weight_top":null,"helmlore_id":"c6f785fb-b95d-5c1f-8bbd-c8581c442375","source_observation":"28a37bce-42d2-5275-a387-d1a5de4b3af0","source_external_id":"1c4be57d-ddd6-4bfb-95df-c1d5aea6","data_source":"emodnet:platforms","source_date":"unknown","retrieved_at":"2026-10-07T22:09:31.709648+00:00","correction_status":"source_baseline"}},{"type":"Feature","id":"a6696710-43dd-5d64-9e80-aa413538f121","geometry":{"coordinates":[2.21389774,53.00401458],"type":"Point"},"properties":{"category":"PLATFORM","coast_dist":46455.9812946,"country":"United Kingdom","current_status":"Operational","function":"WELLHEAD ACCOMMODATION STEEL","location_blocks":null,"name":"LEMAN H","operator":"PERENCO OIL & GAS","platformid":"58c3f1b1-5d23-4406-9f5e-adfb621e","primary_production":null,"production_start":null,"remarks":null,"valid_from":null,"valid_to":null,"water_depth":0.0,"weight_sub":null,"weight_top":null,"helmlore_id":"a6696710-43dd-5d64-9e80-aa413538f121","source_observation":"640a9814-10f5-5bfb-b0b3-3e266866125b","source_external_id":"58c3f1b1-5d23-4406-9f5e-adfb621e","data_source":"emodnet:platforms","source_date":"unknown","retrieved_at":"2026-10-07T22:09:31.709648+00:00","correction_status":"source_baseline"}},{"type":"Feature","id":"396d0d6f-3ca0-5ee2-87bc-13965af6b233","geometry":{"coordinates":[1.83855409,57.01161192],"type":"Point"},"properties":{"category":"PLATFORM","coast_dist":224266.57708,"country":"United Kingdom","current_status":"Operational","function":"ELGIN A WELLHEAD PRODUCTION STEEL","location_blocks":null,"name":"ELGIN A WHP","operator":"TOTALENERGIES UPSTREAM UK LIMITED","platformid":"00944471-1d55-48d5-8dcb-76fc1e6f","primary_production":null,"production_start":null,"remarks":null,"valid_from":"20000301","valid_to":null,"water_depth":0.0,"weight_sub":null,"weight_top":null,"helmlore_id":"396d0d6f-3ca0-5ee2-87bc-13965af6b233","source_observation":"34b1ba02-9cc3-5d34-9372-225507e3334e","source_external_id":"00944471-1d55-48d5-8dcb-76fc1e6f","data_source":"emodnet:platforms","source_date":"unknown","retrieved_at":"2026-10-07T22:09:31.709648+00:00","correction_status":"source_baseline"}},{"type":"Feature","id":"9b848d30-409b-5abb-9eeb-780aaf7c3468","geometry":{"coordinates":[1.23772563,57.97626955],"type":"Point"},"properties":{"category":"FPSO","coast_dist":186442.679902,"country":"United Kingdom","current_status":"Operational","function":"HUMMINGBIRD","location_blocks":null,"name":"HUMMINGBIRD FPSO","operator":"TEEKAY PETROJARL","platformid":"18137851-e94d-4327-8df2-28b4d24c","primary_production":null,"production_start":null,"remarks":"1st circular FPSO in North Sea, WG PSN operators","valid_from":"20071223","valid_to":null,"water_depth":0.0,"weight_sub":null,"weight_top":null,"helmlore_id":"9b848d30-409b-5abb-9eeb-780aaf7c3468","source_observation":"2999478d-7cf3-5a1a-9ce5-c4d60bd51d13","source_external_id":"18137851-e94d-4327-8df2-28b4d24c","data_source":"emodnet:platforms","source_date":"unknown","retrieved_at":"2026-10-07T22:09:31.709648+00:00","correction_status":"source_baseline"}},{"type":"Feature","id":"93c35c02-1eb3-5433-b184-71cc4c47cf19","geometry":{"coordinates":[2.06985977,57.03921389],"type":"Point"},"properties":{"category":"PLATFORM","coast_dist":237139.576004,"country":"United Kingdom","current_status":"Operational","function":"DRILLING LIFT","location_blocks":null,"name":"ERSKINE","operator":"ITHACA ENERGY","platformid":"3e347f9e-d8a1-4f0f-a1f4-886c0e83","primary_production":null,"production_start":null,"remarks":null,"valid_from":null,"valid_to":null,"water_depth":0.0,"weight_sub":null,"weight_top":null,"helmlore_id":"93c35c02-1eb3-5433-b184-71cc4c47cf19","source_observation":"74aa1d2a-1393-5a1c-9a7e-1c22ed0f081f","source_external_id":"3e347f9e-d8a1-4f0f-a1f4-886c0e83","data_source":"emodnet:platforms","source_date":"unknown","retrieved_at":"2026-10-07T22:09:31.709648+00:00","correction_status":"source_baseline"}},{"type":"Feature","id":"a1a6ef2a-2c44-5b5f-a1e6-3dc6d7199796","geometry":{"coordinates":[0.1991873,58.28835357],"type":"Point"},"properties":{"category":"PLATFORM","coast_dist":141469.488991,"country":"United Kingdom","current_status":"Operational","function":"ACCOMMODATION STEEL JACK-UP","location_blocks":null,"name":"SCOTT JU","operator":"CNOOC INTERNATIONAL","platformid":"91046a87-f1c8-45d0-9482-2075dcd8","primary_production":null,"production_start":null,"remarks":null,"valid_from":null,"valid_to":null,"water_depth":0.0,"weight_sub":null,"weight_top":null,"helmlore_id":"a1a6ef2a-2c44-5b5f-a1e6-3dc6d7199796","source_observation":"ab21c2d4-2004-5835-84d1-da9341955fec","source_external_id":"91046a87-f1c8-45d0-9482-2075dcd8","data_source":"emodnet:platforms","source_date":"unknown","retrieved_at":"2026-10-07T22:09:31.709648+00:00","correction_status":"source_baseline"}},{"type":"Feature","id":"d6d4b334-75be-5cdf-a56d-5c299e8a1de3","geometry":{"coordinates":[1.84039087,57.01203017],"type":"Point"},"properties":{"category":"PLATFORM","coast_dist":224362.558833,"country":"United Kingdom","current_status":"Operational","function":"ELGIN B WELLHEAD PLATFORM","location_blocks":null,"name":"ELGIN B WHP","operator":"TOTALENERGIES UPSTREAM UK LIMITED","platformid":"6ec64662-c785-40ad-840e-d21cc5f9","primary_production":null,"production_start":null,"remarks":"Jacket installation October 2012","valid_from":"20120903","valid_to":null,"water_depth":0.0,"weight_sub":null,"weight_top":null,"helmlore_id":"d6d4b334-75be-5cdf-a56d-5c299e8a1de3","source_observation":"09fb6744-5bbf-512d-ab9e-01e3f053636d","source_external_id":"6ec64662-c785-40ad-840e-d21cc5f9","data_source":"emodnet:platforms","source_date":"unknown","retrieved_at":"2026-10-07T22:09:31.709648+00:00","correction_status":"source_baseline"}},{"type":"Feature","id":"1ddaaf3b-63ad-5646-a720-d6ad00b48d4b","geometry":{"coordinates":[2.85370083,53.71583035],"type":"Point"},"properties":{"category":"PLATFORM","coast_dist":132248.260092,"country":"United Kingdom","current_status":"Operational","function":"GROVE PLATFORM","location_blocks":null,"name":"GROVE PLATFORM","operator":"SPIRIT ENERGY","platformid":"3bd3897a-265e-476c-912c-ca7e0c42","primary_production":null,"production_start":null,"remarks":"Location taken from Kingfisher Fortnightly Bulletin 23/2006","valid_from":"20060702","valid_to":null,"water_depth":0.0,"weight_sub":null,"weight_top":null,"helmlore_id":"1ddaaf3b-63ad-5646-a720-d6ad00b48d4b","source_observation":"d629c865-e145-5fe0-8ca7-b4c043be415d","source_external_id":"3bd3897a-265e-476c-912c-ca7e0c42","data_source":"emodnet:platforms","source_date":"unknown","retrieved_at":"2026-10-07T22:09:31.709648+00:00","correction_status":"source_baseline"}},{"type":"Feature","id":"073c9f2e-bc96-53da-be0e-44f82c265c9c","geometry":{"coordinates":[2.56759406,53.36221968],"type":"Point"},"properties":{"category":"PLATFORM","coast_dist":90601.9156079,"country":"United Kingdom","current_status":"Operational","function":"DRILLING & ACCOMMODATION STEEL","location_blocks":null,"name":"INDE AD","operator":"PERENCO OIL & GAS","platformid":"df475276-a888-4252-bf97-8fe47e8c","primary_production":null,"production_start":null,"remarks":null,"valid_from":null,"valid_to":null,"water_depth":0.0,"weight_sub":null,"weight_top":null,"helmlore_id":"073c9f2e-bc96-53da-be0e-44f82c265c9c","source_observation":"b79e980b-4ab4-5862-a457-0ef33021c2f2","source_external_id":"df475276-a888-4252-bf97-8fe47e8c","data_source":"emodnet:platforms","source_date":"unknown","retrieved_at":"2026-10-07T22:09:31.709648+00:00","correction_status":"source_baseline"}},{"type":"Feature","id":"3a587f01-f289-5aaf-829a-bb1b370f3453","geometry":{"coordinates":[2.13006455,53.08978275],"type":"Point"},"properties":{"category":"PLATFORM","coast_dist":48538.0165309,"country":"United Kingdom","current_status":"Operational","function":"LEMAN AD2","location_blocks":null,"name":"LEMAN AD2","operator":"ROYAL DUTCH SHELL","platformid":"16921d3e-9f0b-4cec-b4c6-ff4d4025","primary_production":null,"production_start":null,"remarks":null,"valid_from":"19690901","valid_to":null,"water_depth":0.0,"weight_sub":null,"weight_top":null,"helmlore_id":"3a587f01-f289-5aaf-829a-bb1b370f3453","source_observation":"24241d9d-f0ff-529e-95ae-34198db5b352","source_external_id":"16921d3e-9f0b-4cec-b4c6-ff4d4025","data_source":"emodnet:platforms","source_date":"unknown","retrieved_at":"2026-10-07T22:09:31.709648+00:00","correction_status":"source_baseline"}},{"type":"Feature","id":"4dc86a1a-0495-527c-acaa-5387c910a77b","geometry":{"coordinates":[0.84594036,57.72631161],"type":"Point"},"properties":{"category":"PLATFORM","coast_dist":158087.692208,"country":"United Kingdom","current_status":"Operational","function":"FORTIES CHARLIE","location_blocks":null,"name":"FORTIES CHARLIE","operator":"APACHE CORPORATION","platformid":"cc344de9-8dbd-4d96-92d9-1d0ce4fa","primary_production":null,"production_start":null,"remarks":null,"valid_from":"19750601","valid_to":null,"water_depth":0.0,"weight_sub":null,"weight_top":null,"helmlore_id":"4dc86a1a-0495-527c-acaa-5387c910a77b","source_observation":"d1b3fb7d-7124-5f54-8ed9-9210fc830b34","source_external_id":"cc344de9-8dbd-4d96-92d9-1d0ce4fa","data_source":"emodnet:platforms","source_date":"unknown","retrieved_at":"2026-10-07T22:09:31.709648+00:00","correction_status":"source_baseline"}},{"type":"Feature","id":"f6f4228f-8b00-598f-b7c3-0e420b8a64a3","geometry":{"coordinates":[1.68468138,53.05399478],"type":"Point"},"properties":{"category":"PLATFORM","coast_dist":25580.1125675,"country":"United Kingdom","current_status":"Operational","function":"SATELLITE PLATFORM","location_blocks":null,"name":"48/29B","operator":"ENI UK LIMITED","platformid":"295c7972-df3f-4ae8-b9ab-da37e338","primary_production":null,"production_start":null,"remarks":null,"valid_from":null,"valid_to":null,"water_depth":0.0,"weight_sub":null,"weight_top":null,"helmlore_id":"f6f4228f-8b00-598f-b7c3-0e420b8a64a3","source_observation":"4a2b20c7-70b2-5bf5-b33d-2b9fcd9b539b","source_external_id":"295c7972-df3f-4ae8-b9ab-da37e338","data_source":"emodnet:platforms","source_date":"unknown","retrieved_at":"2026-10-07T22:09:31.709648+00:00","correction_status":"source_baseline"}},{"type":"Feature","id":"e35cbb71-fe3a-5935-aeb0-a05b4f3c8219","geometry":{"coordinates":[1.65087775,60.62890895],"type":"Point"},"properties":{"category":"PLATFORM","coast_dist":132331.550958,"country":"United Kingdom","current_status":"Operational","function":"WELLHEAD ACCOMMODATION STEEL","location_blocks":null,"name":"DUNBAR","operator":"TOTALENERGIES UPSTREAM UK LIMITED","platformid":"f882d2c1-cd15-46c5-bfd5-09e53ea0","primary_production":null,"production_start":null,"remarks":null,"valid_from":null,"valid_to":null,"water_depth":0.0,"weight_sub":null,"weight_top":null,"helmlore_id":"e35cbb71-fe3a-5935-aeb0-a05b4f3c8219","source_observation":"0f29150f-8060-5ae2-9120-8fece4534ffa","source_external_id":"f882d2c1-cd15-46c5-bfd5-09e53ea0","data_source":"emodnet:platforms","source_date":"unknown","retrieved_at":"2026-10-07T22:09:31.709648+00:00","correction_status":"source_baseline"}},{"type":"Feature","id":"570586d0-eb08-56fd-bccc-f483f54915c1","geometry":{"coordinates":[2.33698547,56.69679652],"type":"Point"},"properties":{"category":"PLATFORM","coast_dist":263846.798155,"country":"United Kingdom","current_status":"Operational","function":"PRODUCTION DRILLING STEEL","location_blocks":null,"name":"JUDY","operator":"CHRYSAOR HOLDINGS","platformid":"1aa14b09-f775-48f2-8368-56e6e822","primary_production":null,"production_start":null,"remarks":"Asset transfer from ConocoPhillips to Chrysaor October 2019","valid_from":null,"valid_to":null,"water_depth":0.0,"weight_sub":null,"weight_top":null,"helmlore_id":"570586d0-eb08-56fd-bccc-f483f54915c1","source_observation":"9fefe250-37cd-5253-b0fc-53a4bf0c4c2c","source_external_id":"1aa14b09-f775-48f2-8368-56e6e822","data_source":"emodnet:platforms","source_date":"unknown","retrieved_at":"2026-10-07T22:09:31.709648+00:00","correction_status":"source_baseline"}},{"type":"Feature","id":"c93e44c3-c38d-51dd-a515-5671c5be3d23","geometry":{"coordinates":[2.5468088,53.08317124],"type":"Point"},"properties":{"category":"PLATFORM","coast_dist":69720.4705019,"country":"United Kingdom","current_status":"Closed down","function":"RISER STEEL","location_blocks":null,"name":"THAMES AR","operator":"PERENCO OIL & GAS","platformid":"bd81abba-8bd7-495c-a1e5-9e9eb992","primary_production":null,"production_start":null,"remarks":"Platform Removed","valid_from":null,"valid_to":null,"water_depth":0.0,"weight_sub":null,"weight_top":null,"helmlore_id":"c93e44c3-c38d-51dd-a515-5671c5be3d23","source_observation":"9a543bb6-d3c0-5885-b817-2e56f4c739fd","source_external_id":"bd81abba-8bd7-495c-a1e5-9e9eb992","data_source":"emodnet:platforms","source_date":"unknown","retrieved_at":"2026-10-07T22:09:31.709648+00:00","correction_status":"source_baseline"}},{"type":"Feature","id":"30aa2c16-4ff2-5906-b37c-c66282f28eae","geometry":{"coordinates":[1.33369564,57.01371037],"type":"Point"},"properties":{"category":"BUOY","coast_dist":194629.166035,"country":"United Kingdom","current_status":"Operational","function":"BANFF EAST CARDINAL BUOY","location_blocks":null,"name":"CARDINAL BUOY 1","operator":"CNR INTERNATIONAL","platformid":"79da2326-78ab-4269-a2d4-061d5667","primary_production":null,"production_start":null,"remarks":null,"valid_from":null,"valid_to":null,"water_depth":0.0,"weight_sub":null,"weight_top":null,"helmlore_id":"30aa2c16-4ff2-5906-b37c-c66282f28eae","source_observation":"14027748-b2c2-5dca-93e6-a391dcc7d181","source_external_id":"79da2326-78ab-4269-a2d4-061d5667","data_source":"emodnet:platforms","source_date":"unknown","retrieved_at":"2026-10-07T22:09:31.709648+00:00","correction_status":"source_baseline"}},{"type":"Feature","id":"d86a3aa6-59bd-5be3-9e4f-58d445902726","geometry":{"coordinates":[-3.62417191,53.89104708],"type":"Point"},"properties":{"category":"PLATFORM","coast_dist":32351.5460646,"country":"United Kingdom","current_status":"Operational","function":"REMOTE DRILLING PLATFORM","location_blocks":null,"name":"SOUTH MORECAMBE DP8","operator":"SPIRIT ENERGY","platformid":"e4cf3fcd-8090-49b9-a2e7-8db74c7c","primary_production":null,"production_start":null,"remarks":null,"valid_from":null,"valid_to":null,"water_depth":0.0,"weight_sub":null,"weight_top":null,"helmlore_id":"d86a3aa6-59bd-5be3-9e4f-58d445902726","source_observation":"7e7f8eae-076a-57c5-80fe-9f8e7b1d4560","source_external_id":"e4cf3fcd-8090-49b9-a2e7-8db74c7c","data_source":"emodnet:platforms","source_date":"unknown","retrieved_at":"2026-10-07T22:09:31.709648+00:00","correction_status":"source_baseline"}},{"type":"Feature","id":"12e40e3f-f49f-59e7-ac06-38c8c4145b47","geometry":{"coordinates":[-3.08768329,58.11463337],"type":"Point"},"properties":{"category":"PLATFORM","coast_dist":22606.7700869,"country":"United Kingdom","current_status":"Decommissioned","function":"DRILLING & ACCOMMODATION STEEL","location_blocks":null,"name":"BEATRICE AD","operator":"REPSOL SINOPEC RESOURCES","platformid":"426436f1-9f42-4f29-825f-c12f98fb","primary_production":null,"production_start":null,"remarks":null,"valid_from":null,"valid_to":null,"water_depth":0.0,"weight_sub":null,"weight_top":null,"helmlore_id":"12e40e3f-f49f-59e7-ac06-38c8c4145b47","source_observation":"44d4f65f-5e04-5054-9c8a-37f5b3be0390","source_external_id":"426436f1-9f42-4f29-825f-c12f98fb","data_source":"emodnet:platforms","source_date":"unknown","retrieved_at":"2026-10-07T22:09:31.709648+00:00","correction_status":"source_baseline"}},{"type":"Feature","id":"6e6e3fd3-c336-5650-bc51-1c72ac2346f5","geometry":{"coordinates":[2.74579446,53.93920793],"type":"Point"},"properties":{"category":"PLATFORM","coast_dist":146449.593141,"country":"United Kingdom","current_status":"Operational","function":"CHISWICK PLATFORM","location_blocks":null,"name":"CHISWICK PLATFORM","operator":"SPIRIT ENERGY","platformid":"f939741f-e7f3-49cb-96a0-ff3b62fc","primary_production":null,"production_start":null,"remarks":null,"valid_from":"20060819","valid_to":null,"water_depth":0.0,"weight_sub":null,"weight_top":null,"helmlore_id":"6e6e3fd3-c336-5650-bc51-1c72ac2346f5","source_observation":"e4dddea0-2f96-5576-92c4-6ece06351ae1","source_external_id":"f939741f-e7f3-49cb-96a0-ff3b62fc","data_source":"emodnet:platforms","source_date":"unknown","retrieved_at":"2026-10-07T22:09:31.709648+00:00","correction_status":"source_baseline"}},{"type":"Feature","id":"a175ec36-e81f-51ce-94a9-b617ec960884","geometry":{"coordinates":[-6.56214788,51.13867271],"type":"Point"},"properties":{"category":"BUOY","coast_dist":108064.801859,"country":"United Kingdom","current_status":"Operational","function":"CELTIC DEEP SMART BUOY KFB20/2012 AREA5","location_blocks":null,"name":"CELTIC DEEP SMART BUOY KFB20/2012 AREA5","operator":"CEFAS","platformid":"282278d6-245e-4780-ad7c-8b03d04e","primary_production":null,"production_start":null,"remarks":null,"valid_from":"20120914","valid_to":null,"water_depth":0.0,"weight_sub":null,"weight_top":null,"helmlore_id":"a175ec36-e81f-51ce-94a9-b617ec960884","source_observation":"f1821606-b1e7-5540-a870-d9c2002759e4","source_external_id":"282278d6-245e-4780-ad7c-8b03d04e","data_source":"emodnet:platforms","source_date":"unknown","retrieved_at":"2026-10-07T22:09:31.709648+00:00","correction_status":"source_baseline"}},{"type":"Feature","id":"e76dbaef-f2a9-5a27-b300-6bb08848eaf5","geometry":{"coordinates":[-0.97577427,57.81356455],"type":"Point"},"properties":{"category":"PLATFORM","coast_dist":55243.2905448,"country":"United Kingdom","current_status":"Operational","function":"PRODUCTION (P) JACKET","location_blocks":null,"name":"PRODUCTION (P) JACKET","operator":"CNOOC INTERNATIONAL","platformid":"ba4069ee-6a7e-4e53-bd05-ff98fb9d","primary_production":null,"production_start":null,"remarks":"Height of jacket substructure above LAT -26m. Temp Nav Aid - 1 no. 10 nautical mile main lantern, with GPS synchro unit.","valid_from":"20050603","valid_to":null,"water_depth":0.0,"weight_sub":null,"weight_top":null,"helmlore_id":"e76dbaef-f2a9-5a27-b300-6bb08848eaf5","source_observation":"e61c766b-5b60-5e42-a4e7-eb2b4d495641","source_external_id":"ba4069ee-6a7e-4e53-bd05-ff98fb9d","data_source":"emodnet:platforms","source_date":"unknown","retrieved_at":"2026-10-07T22:09:31.709648+00:00","correction_status":"source_baseline"}},{"type":"Feature","id":"d7348cc3-3327-586c-9c45-f30ca642892c","geometry":{"coordinates":[-3.15876449,51.23350404],"type":"Point"},"properties":{"category":"BUOY","coast_dist":2804.72374946,"country":"United Kingdom","current_status":"Operational","function":"HINKLEY POINT WAVERIDER BUOY KFB20/2012 AREA5","location_blocks":null,"name":"HINKLEY POINT WAVERIDER BUOY KFB20/2012 AREA5","operator":"CEFAS","platformid":"a6fa8013-5e72-4aff-be08-4ba06b5c","primary_production":null,"production_start":null,"remarks":null,"valid_from":"20120914","valid_to":null,"water_depth":0.0,"weight_sub":null,"weight_top":null,"helmlore_id":"d7348cc3-3327-586c-9c45-f30ca642892c","source_observation":"66c28e1b-6681-5083-988b-15598da6f6b3","source_external_id":"a6fa8013-5e72-4aff-be08-4ba06b5c","data_source":"emodnet:platforms","source_date":"unknown","retrieved_at":"2026-10-07T22:09:31.709648+00:00","correction_status":"source_baseline"}},{"type":"Feature","id":"55beb7b7-04a7-5904-ac67-229d97a5f5f7","geometry":{"coordinates":[1.73202563,53.45876323],"type":"Point"},"properties":{"category":"PLATFORM","coast_dist":65249.8888141,"country":"United Kingdom","current_status":"Operational","function":"CLIPPER PC","location_blocks":null,"name":"CLIPPER PC","operator":"ROYAL DUTCH SHELL","platformid":"b5a60863-f367-4151-84f4-f2e08cf7","primary_production":null,"production_start":null,"remarks":null,"valid_from":"19910101","valid_to":null,"water_depth":0.0,"weight_sub":null,"weight_top":null,"helmlore_id":"55beb7b7-04a7-5904-ac67-229d97a5f5f7","source_observation":"1b64e45e-6cfb-5e9b-a9aa-2bdb6421bfa1","source_external_id":"b5a60863-f367-4151-84f4-f2e08cf7","data_source":"emodnet:platforms","source_date":"unknown","retrieved_at":"2026-10-07T22:09:31.709648+00:00","correction_status":"source_baseline"}},{"type":"Feature","id":"684a9a87-90c5-5f07-a02f-1bc92054c4cd","geometry":{"coordinates":[1.1178656,53.71856473],"type":"Point"},"properties":{"category":"PLATFORM","coast_dist":65334.378386,"country":"United Kingdom","current_status":"Operational","function":"PRODUCTION & ACCOMMODATION STEEL","location_blocks":null,"name":"WEST SOLE B","operator":"PERENCO OIL & GAS","platformid":"acbfe39d-affb-43ae-8f63-20987d96","primary_production":null,"production_start":null,"remarks":null,"valid_from":null,"valid_to":null,"water_depth":0.0,"weight_sub":null,"weight_top":null,"helmlore_id":"684a9a87-90c5-5f07-a02f-1bc92054c4cd","source_observation":"38ef2ad5-7453-5ee6-b1af-c94a21b86543","source_external_id":"acbfe39d-affb-43ae-8f63-20987d96","data_source":"emodnet:platforms","source_date":"unknown","retrieved_at":"2026-10-07T22:09:31.709648+00:00","correction_status":"source_baseline"}},{"type":"Feature","id":"069ac7c5-eedb-5886-a007-5298e89c00d5","geometry":{"coordinates":[-3.11910658,58.83885972],"type":"Point"},"properties":{"category":"TERMINAL","coast_dist":369.039900293,"country":"United Kingdom","current_status":"Operational","function":"FLOTTA MARINE OIL TERMINAL","location_blocks":null,"name":"FLOTTA MARINE OIL TERMINAL","operator":null,"platformid":"10e91839-7c30-468f-b747-77d564c7","primary_production":null,"production_start":null,"remarks":null,"valid_from":null,"valid_to":null,"water_depth":0.0,"weight_sub":null,"weight_top":null,"helmlore_id":"069ac7c5-eedb-5886-a007-5298e89c00d5","source_observation":"fab905e3-bdc2-503a-8062-f861776f763d","source_external_id":"10e91839-7c30-468f-b747-77d564c7","data_source":"emodnet:platforms","source_date":"unknown","retrieved_at":"2026-10-07T22:09:31.709648+00:00","correction_status":"source_baseline"}},{"type":"Feature","id":"6a428216-5c15-5d19-aae4-35166edbb0d0","geometry":{"coordinates":[2.18431783,53.00877643],"type":"Point"},"properties":{"category":"PLATFORM","coast_dist":45224.516867,"country":"United Kingdom","current_status":"Operational","function":"LEMAN D","location_blocks":null,"name":"LEMAN D","operator":"ROYAL DUTCH SHELL","platformid":"60334791-c56b-4d04-a8ff-eafcba66","primary_production":null,"production_start":null,"remarks":null,"valid_from":"19710901","valid_to":null,"water_depth":0.0,"weight_sub":null,"weight_top":null,"helmlore_id":"6a428216-5c15-5d19-aae4-35166edbb0d0","source_observation":"b69e5f6b-c784-5568-a3b9-a04a67903820","source_external_id":"60334791-c56b-4d04-a8ff-eafcba66","data_source":"emodnet:platforms","source_date":"unknown","retrieved_at":"2026-10-07T22:09:31.709648+00:00","correction_status":"source_baseline"}},{"type":"Feature","id":"73ddbdb3-0947-51a9-9c7c-395d80104984","geometry":{"coordinates":[2.06516868,59.87948252],"type":"Point"},"properties":{"category":"PLATFORM","coast_dist":164695.60257,"country":"United Kingdom","current_status":"Decommissioned","function":"FRIGG TCP 2","location_blocks":null,"name":"FRIGG TCP 2","operator":"TOTALENERGIES UPSTREAM UK LIMITED","platformid":"8a29e9be-e42b-4e27-b909-5087768c","primary_production":null,"production_start":null,"remarks":null,"valid_from":"19770601","valid_to":null,"water_depth":0.0,"weight_sub":null,"weight_top":null,"helmlore_id":"73ddbdb3-0947-51a9-9c7c-395d80104984","source_observation":"b19196ae-c856-5ca1-b400-c48a713ab6cd","source_external_id":"8a29e9be-e42b-4e27-b909-5087768c","data_source":"emodnet:platforms","source_date":"unknown","retrieved_at":"2026-10-07T22:09:31.709648+00:00","correction_status":"source_baseline"}},{"type":"Feature","id":"111981d5-c4e3-52e7-8e49-7c1d48549780","geometry":{"coordinates":[1.13726746,58.04801743],"type":"Point"},"properties":{"category":"PLATFORM","coast_dist":182462.765185,"country":"United Kingdom","current_status":"Operational","function":"PRODUCTION DRILLING STEEL","location_blocks":null,"name":"BRITANNIA","operator":"CHRYSAOR HOLDINGS","platformid":"a2314fda-0964-4fbb-9610-c5f83c4b","primary_production":null,"production_start":null,"remarks":"Asset transfer from ConocoPhillips to Chrysaor October 2019","valid_from":null,"valid_to":null,"water_depth":0.0,"weight_sub":null,"weight_top":null,"helmlore_id":"111981d5-c4e3-52e7-8e49-7c1d48549780","source_observation":"2eaf1362-b0e1-57b8-9852-e828d79c2d34","source_external_id":"a2314fda-0964-4fbb-9610-c5f83c4b","data_source":"emodnet:platforms","source_date":"unknown","retrieved_at":"2026-10-07T22:09:31.709648+00:00","correction_status":"source_baseline"}},{"type":"Feature","id":"81048241-6c80-582d-b346-3e94e0331bca","geometry":{"coordinates":[2.13027032,53.09042903],"type":"Point"},"properties":{"category":"PLATFORM","coast_dist":48598.4127866,"country":"United Kingdom","current_status":"Operational","function":"LEMAN AC","location_blocks":null,"name":"LEMAN AC","operator":"ROYAL DUTCH SHELL","platformid":"609f276e-18ae-4080-9842-b2282c00","primary_production":null,"production_start":null,"remarks":null,"valid_from":"20140818","valid_to":null,"water_depth":0.0,"weight_sub":null,"weight_top":null,"helmlore_id":"81048241-6c80-582d-b346-3e94e0331bca","source_observation":"54dfe8c7-848c-5b9c-9097-012b255b800f","source_external_id":"609f276e-18ae-4080-9842-b2282c00","data_source":"emodnet:platforms","source_date":"unknown","retrieved_at":"2026-10-07T22:09:31.709648+00:00","correction_status":"source_baseline"}},{"type":"Feature","id":"134c41d7-707c-53c4-860a-de2f0c7fe7db","geometry":{"coordinates":[0.74906935,54.91883086],"type":"Point"},"properties":{"category":"BUOY","coast_dist":97332.8728695,"country":"United Kingdom","current_status":"Operational","function":"TYNE TEES WAVERIDER BUOY KFB25/2012 AREA3","location_blocks":null,"name":"TYNE TEES WAVERIDER BUOY KFB25/2012 AREA3","operator":"CEFAS","platformid":"8d98617f-e76b-4065-926f-13c52a3b","primary_production":null,"production_start":null,"remarks":"OCEANOGRAPHIC EQUIPMENT FITTED WITH A YELLOW LIGHT EXHIBITING THE SEQUENCE FL Y (5) 20S","valid_from":"20120801","valid_to":null,"water_depth":0.0,"weight_sub":null,"weight_top":null,"helmlore_id":"134c41d7-707c-53c4-860a-de2f0c7fe7db","source_observation":"a1da7294-829f-5b12-8503-efda0c785b8c","source_external_id":"8d98617f-e76b-4065-926f-13c52a3b","data_source":"emodnet:platforms","source_date":"unknown","retrieved_at":"2026-10-07T22:09:31.709648+00:00","correction_status":"source_baseline"}},{"type":"Feature","id":"3e4ca3d4-d9c3-570f-aa65-d035c74dd011","geometry":{"coordinates":[1.66087266,57.29361498],"type":"Point"},"properties":{"category":"PLATFORM","coast_dist":207413.978884,"country":"United Kingdom","current_status":"Operational","function":"UTILITIES & ACCOMMODATION STEEL","location_blocks":null,"name":"ETAP QU","operator":"BP EXPLORATION","platformid":"63d9d909-c119-4ec7-9b3f-5dfe7fa7","primary_production":null,"production_start":null,"remarks":null,"valid_from":null,"valid_to":null,"water_depth":0.0,"weight_sub":null,"weight_top":null,"helmlore_id":"3e4ca3d4-d9c3-570f-aa65-d035c74dd011","source_observation":"40583a54-0643-5be9-a33a-2b5fbc436843","source_external_id":"63d9d909-c119-4ec7-9b3f-5dfe7fa7","data_source":"emodnet:platforms","source_date":"unknown","retrieved_at":"2026-10-07T22:09:31.709648+00:00","correction_status":"source_baseline"}},{"type":"Feature","id":"2b668655-dda3-55db-9b6b-d71018f0c104","geometry":{"coordinates":[-5.1771606,54.97966751],"type":"Point"},"properties":{"category":"TERMINAL","coast_dist":209.324238501,"country":"United Kingdom","current_status":"Operational","function":"CORESWALL POINT","location_blocks":null,"name":"CORSEWALL POINT","operator":null,"platformid":"f7dd0bcc-1832-46b8-9eb6-ce121406","primary_production":null,"production_start":null,"remarks":null,"valid_from":null,"valid_to":null,"water_depth":0.0,"weight_sub":null,"weight_top":null,"helmlore_id":"2b668655-dda3-55db-9b6b-d71018f0c104","source_observation":"eb6aecdf-dcf3-5eb0-8d4d-6d556777f919","source_external_id":"f7dd0bcc-1832-46b8-9eb6-ce121406","data_source":"emodnet:platforms","source_date":"unknown","retrieved_at":"2026-10-07T22:09:31.709648+00:00","correction_status":"source_baseline"}},{"type":"Feature","id":"b7077de2-e9ed-5f69-97f7-577e98c6a8e1","geometry":{"coordinates":[2.21789291,53.03198049],"type":"Point"},"properties":{"category":"PLATFORM","coast_dist":48598.8687017,"country":"United Kingdom","current_status":"Operational","function":"WELLHEAD ACCOMMODATION STEEL","location_blocks":null,"name":"LEMAN J","operator":"PERENCO OIL & GAS","platformid":"8e0a3cba-2d2f-4415-afc5-93ef9ae2","primary_production":null,"production_start":null,"remarks":null,"valid_from":null,"valid_to":null,"water_depth":0.0,"weight_sub":null,"weight_top":null,"helmlore_id":"b7077de2-e9ed-5f69-97f7-577e98c6a8e1","source_observation":"824fb696-b52c-5c21-bbe8-394b3c703cc7","source_external_id":"8e0a3cba-2d2f-4415-afc5-93ef9ae2","data_source":"emodnet:platforms","source_date":"unknown","retrieved_at":"2026-10-07T22:09:31.709648+00:00","correction_status":"source_baseline"}},{"type":"Feature","id":"67739d6f-06c2-56f3-b9c7-4bb439709191","geometry":{"coordinates":[1.70474381,53.7621518],"type":"Point"},"properties":{"category":"PLATFORM","coast_dist":96117.7243374,"country":"United Kingdom","current_status":"Operational","function":"MIMAS MN PLATFORM","location_blocks":null,"name":"MIMAS MN","operator":"CHRYSAOR HOLDINGS","platformid":"3e349287-8236-42b2-9064-78aa0b29","primary_production":null,"production_start":null,"remarks":"Asset transfer from ConocoPhillips to Chrysaor October 2019","valid_from":null,"valid_to":null,"water_depth":0.0,"weight_sub":null,"weight_top":null,"helmlore_id":"67739d6f-06c2-56f3-b9c7-4bb439709191","source_observation":"77b497da-6046-5c75-a0e4-4ca95b59a6aa","source_external_id":"3e349287-8236-42b2-9064-78aa0b29","data_source":"emodnet:platforms","source_date":"unknown","retrieved_at":"2026-10-07T22:09:31.709648+00:00","correction_status":"source_baseline"}},{"type":"Feature","id":"25b595f1-adbd-5272-a57c-e76557b0f9cd","geometry":{"coordinates":[2.03862379,53.35627924],"type":"Point"},"properties":{"category":"PLATFORM","coast_dist":66580.6922881,"country":"United Kingdom","current_status":"Closed down","function":"WELLHEAD STEEL","location_blocks":null,"name":"NORTH VALIANT 2","operator":"CHRYSAOR HOLDINGS","platformid":"4c4450e1-5685-4756-b3c5-9b2dd9c5","primary_production":null,"production_start":null,"remarks":"Platform is in cold suspension with no mobile hydrocarbons and awaiting removal.Asset transfer from ConocoPhillips to Chrysaor October 2019","valid_from":"19870101","valid_to":null,"water_depth":0.0,"weight_sub":null,"weight_top":null,"helmlore_id":"25b595f1-adbd-5272-a57c-e76557b0f9cd","source_observation":"628d19bf-9164-509c-801b-85f46bb160bd","source_external_id":"4c4450e1-5685-4756-b3c5-9b2dd9c5","data_source":"emodnet:platforms","source_date":"unknown","retrieved_at":"2026-10-07T22:09:31.709648+00:00","correction_status":"source_baseline"}},{"type":"Feature","id":"df8ec790-e9a7-5c97-ab5b-3f9561c178a1","geometry":{"coordinates":[1.80157454,60.59797164],"type":"Point"},"properties":{"category":"BUOY","coast_dist":140209.879582,"country":"United Kingdom","current_status":"Operational","function":"SUBSEA WELLHEAD MARKER BUOY","location_blocks":null,"name":"ELLON / GRANT BUOY","operator":"TOTALENERGIES UPSTREAM UK LIMITED","platformid":"71271400-c3f5-4d0e-b957-587866e9","primary_production":null,"production_start":null,"remarks":"Decommissioned at original location and redeployed to this position","valid_from":"20101202","valid_to":null,"water_depth":0.0,"weight_sub":null,"weight_top":null,"helmlore_id":"df8ec790-e9a7-5c97-ab5b-3f9561c178a1","source_observation":"0ebde894-c957-5e0f-b996-94eceac337e7","source_external_id":"71271400-c3f5-4d0e-b957-587866e9","data_source":"emodnet:platforms","source_date":"unknown","retrieved_at":"2026-10-07T22:09:31.709648+00:00","correction_status":"source_baseline"}},{"type":"Feature","id":"4ebd3116-2d2e-5857-83ae-6f6015fb15cf","geometry":{"coordinates":[-4.59934538,54.26797216],"type":"Point"},"properties":{"category":"TERMINAL","coast_dist":758.37014874,"country":"United Kingdom","current_status":"Operational","function":"GLEN MOOAN","location_blocks":null,"name":"GLEN MOOAN","operator":null,"platformid":"ac4b692a-40ee-475f-8ee6-b6ff2269","primary_production":null,"production_start":null,"remarks":null,"valid_from":null,"valid_to":null,"water_depth":0.0,"weight_sub":null,"weight_top":null,"helmlore_id":"4ebd3116-2d2e-5857-83ae-6f6015fb15cf","source_observation":"5436f75c-520f-50e9-8777-09e18ccbd7db","source_external_id":"ac4b692a-40ee-475f-8ee6-b6ff2269","data_source":"emodnet:platforms","source_date":"unknown","retrieved_at":"2026-10-07T22:09:31.709648+00:00","correction_status":"source_baseline"}},{"type":"Feature","id":"ee437788-ead0-5d24-8ad9-2955dfa9a6d9","geometry":{"coordinates":[1.07973669,58.05803425],"type":"Point"},"properties":{"category":"PLATFORM","coast_dist":179458.158139,"country":"United Kingdom","current_status":"Operational","function":"PRODUCTION DRILLING FIXED STEEL","location_blocks":null,"name":"ALBA NORTH","operator":"ITHACA ENERGY","platformid":"116e2e99-f034-465d-b313-58467d4d","primary_production":null,"production_start":null,"remarks":null,"valid_from":null,"valid_to":null,"water_depth":0.0,"weight_sub":null,"weight_top":null,"helmlore_id":"ee437788-ead0-5d24-8ad9-2955dfa9a6d9","source_observation":"05696af1-44d6-56c3-83f6-291dd4f2dfb1","source_external_id":"116e2e99-f034-465d-b313-58467d4d","data_source":"emodnet:platforms","source_date":"unknown","retrieved_at":"2026-10-07T22:09:31.709648+00:00","correction_status":"source_baseline"}},{"type":"Feature","id":"32e4572f-e129-5886-9d26-8ab345527a44","geometry":{"coordinates":[1.79636087,53.01757166],"type":"Point"},"properties":{"category":"PLATFORM","coast_dist":27587.3418573,"country":"United Kingdom","current_status":"Operational","function":"QUARTERS PLATFORM","location_blocks":null,"name":"48/29A-Q","operator":"ENI UK LIMITED","platformid":"f3613078-ada2-46f8-8f9b-68eb256c","primary_production":null,"production_start":null,"remarks":null,"valid_from":null,"valid_to":null,"water_depth":0.0,"weight_sub":null,"weight_top":null,"helmlore_id":"32e4572f-e129-5886-9d26-8ab345527a44","source_observation":"ee0f6ea8-a27d-5f60-9887-43b8dfa97983","source_external_id":"f3613078-ada2-46f8-8f9b-68eb256c","data_source":"emodnet:platforms","source_date":"unknown","retrieved_at":"2026-10-07T22:09:31.709648+00:00","correction_status":"source_baseline"}},{"type":"Feature","id":"fefa1fcb-e09a-5c70-afbf-85164e106e4c","geometry":{"coordinates":[-3.17640401,53.63134734],"type":"Point"},"properties":{"category":"PLATFORM","coast_dist":7731.6260781,"country":"United Kingdom","current_status":"Operational","function":"WELLHEAD STEEL","location_blocks":null,"name":"LENNOX","operator":"ENI UK LIMITED","platformid":"a9bc54ed-0c5d-4fbf-b257-bbdacfb7","primary_production":null,"production_start":null,"remarks":null,"valid_from":"19950101","valid_to":null,"water_depth":0.0,"weight_sub":null,"weight_top":null,"helmlore_id":"fefa1fcb-e09a-5c70-afbf-85164e106e4c","source_observation":"39ea2d16-617e-5944-917b-503b8967e23a","source_external_id":"a9bc54ed-0c5d-4fbf-b257-bbdacfb7","data_source":"emodnet:platforms","source_date":"unknown","retrieved_at":"2026-10-07T22:09:31.709648+00:00","correction_status":"source_baseline"}},{"type":"Feature","id":"d1636101-79c0-5c7b-b960-c44eb377b6cb","geometry":{"coordinates":[1.70474798,53.76215397],"type":"Point"},"properties":{"category":"PLATFORM","coast_dist":96118.0341918,"country":"United Kingdom","current_status":"Under construction","function":"MIMAS PLATFORM","location_blocks":null,"name":"48/9A MIMAS","operator":"CHRYSAOR HOLDINGS","platformid":"e4a1d16f-462b-426f-b39d-3f344007","primary_production":null,"production_start":null,"remarks":"Change in status from PRECOMMISSION to ACTIVE.","valid_from":"20060705","valid_to":null,"water_depth":0.0,"weight_sub":null,"weight_top":null,"helmlore_id":"d1636101-79c0-5c7b-b960-c44eb377b6cb","source_observation":"9d23ba61-324a-50b4-9af6-6ec2cda2c3f6","source_external_id":"e4a1d16f-462b-426f-b39d-3f344007","data_source":"emodnet:platforms","source_date":"unknown","retrieved_at":"2026-10-07T22:09:31.709648+00:00","correction_status":"source_baseline"}},{"type":"Feature","id":"d60d628d-404d-5d95-8729-5d3ce4d18b43","geometry":{"coordinates":[1.20632777,53.80276968],"type":"Point"},"properties":{"category":"PLATFORM","coast_dist":73098.1036977,"country":"United Kingdom","current_status":"Operational","function":"HOTON","location_blocks":null,"name":"HOTON","operator":"PERENCO OIL & GAS","platformid":"252a211c-e2a9-4a8c-86f3-683257f3","primary_production":null,"production_start":null,"remarks":null,"valid_from":null,"valid_to":null,"water_depth":0.0,"weight_sub":null,"weight_top":null,"helmlore_id":"d60d628d-404d-5d95-8729-5d3ce4d18b43","source_observation":"fb35c467-cef5-540f-8986-81365a642e85","source_external_id":"252a211c-e2a9-4a8c-86f3-683257f3","data_source":"emodnet:platforms","source_date":"unknown","retrieved_at":"2026-10-07T22:09:31.709648+00:00","correction_status":"source_baseline"}},{"type":"Feature","id":"0c9afaf2-bddf-5c68-b3d5-8cbaf6d61ca3","geometry":{"coordinates":[0.44160302,53.83377205],"type":"Point"},"properties":{"category":"PLATFORM","coast_dist":28514.5498026,"country":"United Kingdom","current_status":"Operational","function":"ROUGH BP PRODUCTION (WINTER), INJECTION(SUMMER)","location_blocks":null,"name":"ROUGH BP","operator":"CENTRICA STORAGE HOLDINGS","platformid":"8650c995-7b36-44eb-a5a3-0633614a","primary_production":null,"production_start":null,"remarks":"Rough BD, BP and CD, three platforms linked by two footbridges","valid_from":"19840101","valid_to":null,"water_depth":0.0,"weight_sub":null,"weight_top":null,"helmlore_id":"0c9afaf2-bddf-5c68-b3d5-8cbaf6d61ca3","source_observation":"6ee0f6ad-c531-5c6c-bfa2-b8cc0febbf5a","source_external_id":"8650c995-7b36-44eb-a5a3-0633614a","data_source":"emodnet:platforms","source_date":"unknown","retrieved_at":"2026-10-07T22:09:31.709648+00:00","correction_status":"source_baseline"}},{"type":"Feature","id":"9da404c9-621b-5ff2-bcdd-bd7fbb2e3670","geometry":{"coordinates":[-3.61798087,53.8642309],"type":"Point"},"properties":{"category":"PLATFORM","coast_dist":33770.6666217,"country":"United Kingdom","current_status":"Operational","function":"DP6 PLATFORM","location_blocks":null,"name":"DP6 PLATFORM","operator":"SPIRIT ENERGY","platformid":"268f8a84-69f6-490a-aa0b-d60adc72","primary_production":null,"production_start":null,"remarks":"Asset transfer from ConocoPhillips to Chrysaor October 2019","valid_from":null,"valid_to":null,"water_depth":0.0,"weight_sub":null,"weight_top":null,"helmlore_id":"9da404c9-621b-5ff2-bcdd-bd7fbb2e3670","source_observation":"a4841753-1771-5bef-a4db-960fa7f39158","source_external_id":"268f8a84-69f6-490a-aa0b-d60adc72","data_source":"emodnet:platforms","source_date":"unknown","retrieved_at":"2026-10-07T22:09:31.709648+00:00","correction_status":"source_baseline"}},{"type":"Feature","id":"24f010b1-c01d-59bc-b88a-b58ce58cf340","geometry":{"coordinates":[2.11030452,53.3775207],"type":"Point"},"properties":{"category":"PLATFORM","coast_dist":71428.1324693,"country":"United Kingdom","current_status":"Closed down","function":"WELLHEAD STEEL","location_blocks":null,"name":"VANGUARD","operator":"CHRYSAOR HOLDINGS","platformid":"83c368ce-85e8-4dd2-b416-640431ea","primary_production":null,"production_start":null,"remarks":"Platform is in cold suspension with no mobile hydrocarbons and awaiting removal.Asset transfer from ConocoPhillips to Chrysaor October 2019","valid_from":"19870101","valid_to":null,"water_depth":0.0,"weight_sub":null,"weight_top":null,"helmlore_id":"24f010b1-c01d-59bc-b88a-b58ce58cf340","source_observation":"322b259a-c8d6-5db6-bfaa-58e93e081760","source_external_id":"83c368ce-85e8-4dd2-b416-640431ea","data_source":"emodnet:platforms","source_date":"unknown","retrieved_at":"2026-10-07T22:09:31.709648+00:00","correction_status":"source_baseline"}},{"type":"Feature","id":"4c719582-62cb-5f7c-b471-e3163fa03122","geometry":{"coordinates":[1.30289399,53.35234803],"type":"Point"},"properties":{"category":"PLATFORM","coast_dist":45653.6528763,"country":"United Kingdom","current_status":"Operational","function":"PRODUCTION STEEL","location_blocks":null,"name":"WAVENEY","operator":"PERENCO OIL & GAS","platformid":"c6d208a0-749d-4b0a-a03f-0af2d28f","primary_production":null,"production_start":null,"remarks":null,"valid_from":null,"valid_to":null,"water_depth":0.0,"weight_sub":null,"weight_top":null,"helmlore_id":"4c719582-62cb-5f7c-b471-e3163fa03122","source_observation":"d0c72614-85e8-5765-95c4-5008ed5d6193","source_external_id":"c6d208a0-749d-4b0a-a03f-0af2d28f","data_source":"emodnet:platforms","source_date":"unknown","retrieved_at":"2026-10-07T22:09:31.709648+00:00","correction_status":"source_baseline"}},{"type":"Feature","id":"b53faa50-2577-5726-adef-6cee7b3db66e","geometry":{"coordinates":[2.17670898,57.28689731],"type":"Point"},"properties":{"category":"PLATFORM","coast_dist":238329.554158,"country":"United Kingdom","current_status":"Operational","function":"PRODUCTION & DRILLING STEEL","location_blocks":null,"name":"LOMOND","operator":"CHRYSAOR HOLDINGS","platformid":"fae34c19-30fe-4112-9979-774eeff7","primary_production":null,"production_start":null,"remarks":null,"valid_from":null,"valid_to":null,"water_depth":0.0,"weight_sub":null,"weight_top":null,"helmlore_id":"b53faa50-2577-5726-adef-6cee7b3db66e","source_observation":"feee7776-8c14-584c-8824-40295b0e795f","source_external_id":"fae34c19-30fe-4112-9979-774eeff7","data_source":"emodnet:platforms","source_date":"unknown","retrieved_at":"2026-10-07T22:09:31.709648+00:00","correction_status":"source_baseline"}},{"type":"Feature","id":"a97805e3-1d2d-56dc-9610-6c2efaeab07f","geometry":{"coordinates":[1.03273854,58.04783427],"type":"Point"},"properties":{"category":"FPSO","coast_dist":176484.955338,"country":"United Kingdom","current_status":"Operational","function":"FSU","location_blocks":null,"name":"ALBA","operator":"ITHACA ENERGY","platformid":"50993f84-939f-406a-bd0d-895a22d0","primary_production":null,"production_start":null,"remarks":null,"valid_from":null,"valid_to":null,"water_depth":0.0,"weight_sub":null,"weight_top":null,"helmlore_id":"a97805e3-1d2d-56dc-9610-6c2efaeab07f","source_observation":"3f71cf9b-3f1d-5d15-9ed9-8a68c29e448f","source_external_id":"50993f84-939f-406a-bd0d-895a22d0","data_source":"emodnet:platforms","source_date":"unknown","retrieved_at":"2026-10-07T22:09:31.709648+00:00","correction_status":"source_baseline"}},{"type":"Feature","id":"ef9e3362-2e14-50ef-ab9a-45ac31a8b4e6","geometry":{"coordinates":[2.1608232,53.09609764],"type":"Point"},"properties":{"category":"PLATFORM","coast_dist":50505.1900254,"country":"United Kingdom","current_status":"Operational","function":"LEMAN CD","location_blocks":null,"name":"LEMAN CD","operator":"ROYAL DUTCH SHELL","platformid":"55d21bd5-4550-4052-8ce3-40b6e63e","primary_production":null,"production_start":null,"remarks":null,"valid_from":"19700701","valid_to":null,"water_depth":0.0,"weight_sub":null,"weight_top":null,"helmlore_id":"ef9e3362-2e14-50ef-ab9a-45ac31a8b4e6","source_observation":"79cc1315-bd7a-57b8-b044-2bc4e694ca06","source_external_id":"55d21bd5-4550-4052-8ce3-40b6e63e","data_source":"emodnet:platforms","source_date":"unknown","retrieved_at":"2026-10-07T22:09:31.709648+00:00","correction_status":"source_baseline"}},{"type":"Feature","id":"4947dd26-6d39-5fc4-bbd2-09e1c1116977","geometry":{"coordinates":[2.33554063,56.69803864],"type":"Point"},"properties":{"category":"PLATFORM","coast_dist":263715.421697,"country":"United Kingdom","current_status":"Under construction","function":"JUDY RISER PLATFORM","location_blocks":null,"name":"JUDY JRP","operator":"CHRYSAOR HOLDINGS","platformid":"481b5d11-4870-4cf0-8301-c8d53f3d","primary_production":null,"production_start":null,"remarks":"Asset transfer from ConocoPhillips to Chrysaor October 2019 | TOPSIDES TO BE INSTALLED 2013","valid_from":"20120711","valid_to":null,"water_depth":0.0,"weight_sub":null,"weight_top":null,"helmlore_id":"4947dd26-6d39-5fc4-bbd2-09e1c1116977","source_observation":"84576a27-c45c-5a01-80bf-75459e575f28","source_external_id":"481b5d11-4870-4cf0-8301-c8d53f3d","data_source":"emodnet:platforms","source_date":"unknown","retrieved_at":"2026-10-07T22:09:31.709648+00:00","correction_status":"source_baseline"}},{"type":"Feature","id":"5ca227d5-a305-5ae5-afb9-7b17c12a811d","geometry":{"coordinates":[-1.71696791,50.63300353],"type":"Point"},"properties":{"category":"BUOY","coast_dist":9096.37871809,"country":"United Kingdom","current_status":"Operational","function":"POOLE BAY GUARD BUOY 2: KFB 18/2012 AREA 4 AUG1012 - APR2016","location_blocks":null,"name":"POOLE BAY BUOY 2: KFB 18/2012 AREA 4","operator":"CEFAS","platformid":"6770430b-36ed-4f75-8cf4-81bd262c","primary_production":null,"production_start":null,"remarks":"Buoys are fitted with a yellow light exhibiting the sequence Fl Y (5) 20s","valid_from":"20120801","valid_to":null,"water_depth":0.0,"weight_sub":null,"weight_top":null,"helmlore_id":"5ca227d5-a305-5ae5-afb9-7b17c12a811d","source_observation":"1342e009-c935-5d66-b08e-ad97522a9386","source_external_id":"6770430b-36ed-4f75-8cf4-81bd262c","data_source":"emodnet:platforms","source_date":"unknown","retrieved_at":"2026-10-07T22:09:31.709648+00:00","correction_status":"source_baseline"}},{"type":"Feature","id":"57cf4656-9c92-501b-879f-098e255b0acb","geometry":{"coordinates":[-3.66309884,53.80748973],"type":"Point"},"properties":{"category":"PLATFORM","coast_dist":39816.273064,"country":"United Kingdom","current_status":"Operational","function":"REMOTE DRILLING AND PRODUCTION PLATFORM","location_blocks":null,"name":"CALDER","operator":"HARBOUR ENERGY PLC","platformid":"c0125577-42a7-4e3b-9ab6-39b08c66","primary_production":null,"production_start":null,"remarks":null,"valid_from":"20021001","valid_to":null,"water_depth":0.0,"weight_sub":null,"weight_top":null,"helmlore_id":"57cf4656-9c92-501b-879f-098e255b0acb","source_observation":"cbe384f4-d4db-5065-b237-a3d1b073daf6","source_external_id":"c0125577-42a7-4e3b-9ab6-39b08c66","data_source":"emodnet:platforms","source_date":"unknown","retrieved_at":"2026-10-07T22:09:31.709648+00:00","correction_status":"source_baseline"}},{"type":"Feature","id":"b43d95ab-a1a9-593f-b202-e8632804da2e","geometry":{"coordinates":[0.91338895,54.07264799],"type":"Point"},"properties":{"category":"PLATFORM","coast_dist":64906.8786377,"country":"United Kingdom","current_status":"Operational","function":"WELLHEAD STEEL","location_blocks":null,"name":"RAVENSPURN NORTH ST3","operator":"PERENCO OIL & GAS","platformid":"ef42ac0d-1c31-4d09-ae0d-cb42a567","primary_production":null,"production_start":null,"remarks":null,"valid_from":null,"valid_to":null,"water_depth":0.0,"weight_sub":null,"weight_top":null,"helmlore_id":"b43d95ab-a1a9-593f-b202-e8632804da2e","source_observation":"46abb654-26d7-57a1-b3c4-5f159d8eca2f","source_external_id":"ef42ac0d-1c31-4d09-ae0d-cb42a567","data_source":"emodnet:platforms","source_date":"unknown","retrieved_at":"2026-10-07T22:09:31.709648+00:00","correction_status":"source_baseline"}},{"type":"Feature","id":"c66d3cfd-2dc5-57a3-b411-302394acc09c","geometry":{"coordinates":[1.44616669,53.24125411],"type":"Point"},"properties":{"category":"OTHER SURFACE","coast_dist":35675.8703679,"country":"United Kingdom","current_status":"Operational","function":"BLYTHE JACKET CRP","location_blocks":null,"name":"BLYTHE JACKET","operator":"IOG PLC","platformid":"b2396cd7-04dd-4e22-a751-5f3fe399","primary_production":null,"production_start":null,"remarks":null,"valid_from":null,"valid_to":null,"water_depth":0.0,"weight_sub":null,"weight_top":null,"helmlore_id":"c66d3cfd-2dc5-57a3-b411-302394acc09c","source_observation":"5f2e5a23-4d67-5a43-b940-f6682d401b18","source_external_id":"b2396cd7-04dd-4e22-a751-5f3fe399","data_source":"emodnet:platforms","source_date":"unknown","retrieved_at":"2026-10-07T22:09:31.709648+00:00","correction_status":"source_baseline"}},{"type":"Feature","id":"b422b565-97a3-5c3f-a02a-95ef12bd809c","geometry":{"coordinates":[2.62240153,53.69484771],"type":"Point"},"properties":{"category":"PLATFORM","coast_dist":120317.396622,"country":"United Kingdom","current_status":"Operational","function":"CUTTER QC","location_blocks":null,"name":"CUTTER QC","operator":"ROYAL DUTCH SHELL","platformid":"85d59890-81ef-483a-a1a1-0fd727cf","primary_production":null,"production_start":null,"remarks":"Convergence 1.75\u00ba Grid less than True","valid_from":"20050704","valid_to":null,"water_depth":0.0,"weight_sub":null,"weight_top":null,"helmlore_id":"b422b565-97a3-5c3f-a02a-95ef12bd809c","source_observation":"11dfdfb1-7dc0-5a5a-9065-7f938112c1fb","source_external_id":"85d59890-81ef-483a-a1a1-0fd727cf","data_source":"emodnet:platforms","source_date":"unknown","retrieved_at":"2026-10-07T22:09:31.709648+00:00","correction_status":"source_baseline"}},{"type":"Feature","id":"084424a4-9add-5e91-b101-c4a9ffc8610d","geometry":{"coordinates":[2.47937406,54.33291318],"type":"Point"},"properties":{"category":"PLATFORM","coast_dist":168404.754158,"country":"United Kingdom","current_status":"Under construction","function":"KELVIN PLATFORM","location_blocks":null,"name":"44/23A KELVIN TM","operator":"CHRYSAOR HOLDINGS","platformid":"4f77f70c-7c40-4d21-814f-daa8654c","primary_production":null,"production_start":null,"remarks":"Change in status from PRECOMMISSION to ACTIVE.","valid_from":"20070527","valid_to":null,"water_depth":0.0,"weight_sub":null,"weight_top":null,"helmlore_id":"084424a4-9add-5e91-b101-c4a9ffc8610d","source_observation":"c659d0e1-24ea-5c43-8cff-43ad29091e4e","source_external_id":"4f77f70c-7c40-4d21-814f-daa8654c","data_source":"emodnet:platforms","source_date":"unknown","retrieved_at":"2026-10-07T22:09:31.709648+00:00","correction_status":"source_baseline"}},{"type":"Feature","id":"0bc35ad2-3e02-5174-bf94-27ddaffef6cd","geometry":{"coordinates":[0.9984246,57.18437564],"type":"Point"},"properties":{"category":"PLATFORM","coast_dist":170275.187578,"country":"United Kingdom","current_status":"Operational","function":"GANNET A","location_blocks":null,"name":"GANNET A","operator":"ROYAL DUTCH SHELL","platformid":"cb7bd07c-2cfd-43ef-af0d-30997273","primary_production":null,"production_start":null,"remarks":null,"valid_from":"19910101","valid_to":null,"water_depth":0.0,"weight_sub":null,"weight_top":null,"helmlore_id":"0bc35ad2-3e02-5174-bf94-27ddaffef6cd","source_observation":"fcb8e1a9-cd39-59d3-928e-cefa8aa606dd","source_external_id":"cb7bd07c-2cfd-43ef-af0d-30997273","data_source":"emodnet:platforms","source_date":"unknown","retrieved_at":"2026-10-07T22:09:31.709648+00:00","correction_status":"source_baseline"}},{"type":"Feature","id":"d91a2542-25be-5430-a800-7d4fc2142cfa","geometry":{"coordinates":[2.21031943,53.06045427],"type":"Point"},"properties":{"category":"PLATFORM","coast_dist":50241.6404346,"country":"United Kingdom","current_status":"Operational","function":"PRODUCTION STEEL","location_blocks":null,"name":"LEMAN EP","operator":"PERENCO OIL & GAS","platformid":"34c226e5-02f4-492b-9e14-7bda2fbb","primary_production":null,"production_start":null,"remarks":null,"valid_from":null,"valid_to":null,"water_depth":0.0,"weight_sub":null,"weight_top":null,"helmlore_id":"d91a2542-25be-5430-a800-7d4fc2142cfa","source_observation":"627da968-8271-5f65-a4b2-ed806c1a9277","source_external_id":"34c226e5-02f4-492b-9e14-7bda2fbb","data_source":"emodnet:platforms","source_date":"unknown","retrieved_at":"2026-10-07T22:09:31.709648+00:00","correction_status":"source_baseline"}},{"type":"Feature","id":"92365a4a-b7f3-5082-a975-e0051d6f2f9a","geometry":{"coordinates":[-3.97039196,60.06163581],"type":"Point"},"properties":{"category":"PLATFORM","coast_dist":95725.1296772,"country":"United Kingdom","current_status":"Operational","function":"SOLAN PLATFORM","location_blocks":null,"name":"SOLAN","operator":"HARBOUR ENERGY PLC","platformid":"5d56380f-5f6a-4425-bd94-22cb1322","primary_production":null,"production_start":null,"remarks":"Change in status - now active","valid_from":"20141120","valid_to":null,"water_depth":0.0,"weight_sub":null,"weight_top":null,"helmlore_id":"92365a4a-b7f3-5082-a975-e0051d6f2f9a","source_observation":"22922c55-f35d-5848-a70f-5b8f6ca671c1","source_external_id":"5d56380f-5f6a-4425-bd94-22cb1322","data_source":"emodnet:platforms","source_date":"unknown","retrieved_at":"2026-10-07T22:09:31.709648+00:00","correction_status":"source_baseline"}},{"type":"Feature","id":"8006cfb1-9a34-555f-a075-067f863cba52","geometry":{"coordinates":[2.29114302,54.56909352],"type":"Point"},"properties":{"category":"PLATFORM","coast_dist":161977.869075,"country":"United Kingdom","current_status":"Operational","function":"ALPHA WELL HEAD PLATFORM","location_blocks":null,"name":"CYGNUS A (AWHP)","operator":"NEPTUNE E&P","platformid":"f944c1a3-6fcc-4ef3-af44-ef37aa5c","primary_production":null,"production_start":null,"remarks":"bridge linked to APU Alpha Wellhead Platform","valid_from":"20140512","valid_to":null,"water_depth":0.0,"weight_sub":null,"weight_top":null,"helmlore_id":"8006cfb1-9a34-555f-a075-067f863cba52","source_observation":"e81b0938-dd97-514b-b419-b77fedbf0f46","source_external_id":"f944c1a3-6fcc-4ef3-af44-ef37aa5c","data_source":"emodnet:platforms","source_date":"unknown","retrieved_at":"2026-10-07T22:09:31.709648+00:00","correction_status":"source_baseline"}},{"type":"Feature","id":"b2df5763-398d-59af-8b60-5be5edd4b454","geometry":{"coordinates":[2.18507375,53.07606851],"type":"Point"},"properties":{"category":"PLATFORM","coast_dist":50141.5607441,"country":"United Kingdom","current_status":"Operational","function":"LEMAN BP","location_blocks":null,"name":"LEMAN BP","operator":"ROYAL DUTCH SHELL","platformid":"b73e635d-d546-49d5-a2f6-db098024","primary_production":null,"production_start":null,"remarks":"Convergence 1.75\u00ba Grid less than True","valid_from":"19690901","valid_to":null,"water_depth":0.0,"weight_sub":null,"weight_top":null,"helmlore_id":"b2df5763-398d-59af-8b60-5be5edd4b454","source_observation":"e645af1a-466c-595d-82e1-ba6ad07c58ae","source_external_id":"b73e635d-d546-49d5-a2f6-db098024","data_source":"emodnet:platforms","source_date":"unknown","retrieved_at":"2026-10-07T22:09:31.709648+00:00","correction_status":"source_baseline"}},{"type":"Feature","id":"5eb9d58b-817a-58f7-9e86-5ad756a87e0a","geometry":{"coordinates":[2.89476972,53.00442198],"type":"Point"},"properties":{"category":"PLATFORM","coast_dist":86434.1919171,"country":"United Kingdom","current_status":"Operational","function":"WELLHEAD STEEL","location_blocks":null,"name":"DAVY A","operator":"PERENCO OIL & GAS","platformid":"6aec0f22-8772-455c-97ba-c081a070","primary_production":null,"production_start":null,"remarks":null,"valid_from":null,"valid_to":null,"water_depth":0.0,"weight_sub":null,"weight_top":null,"helmlore_id":"5eb9d58b-817a-58f7-9e86-5ad756a87e0a","source_observation":"5bfdffff-54c9-526b-b1c8-b8ea0744b4e4","source_external_id":"6aec0f22-8772-455c-97ba-c081a070","data_source":"emodnet:platforms","source_date":"unknown","retrieved_at":"2026-10-07T22:09:31.709648+00:00","correction_status":"source_baseline"}},{"type":"Feature","id":"fec315a0-a2e4-5826-9af4-6ea0b2c75423","geometry":{"coordinates":[-3.9244928,57.74646061],"type":"Point"},"properties":{"category":"TERMINAL","coast_dist":406.802443673,"country":"United Kingdom","current_status":"Operational","function":"NIGG BAY","location_blocks":null,"name":"NIGG BAY","operator":null,"platformid":"bc3f74df-8487-43d6-8f20-f76e0231","primary_production":null,"production_start":null,"remarks":null,"valid_from":null,"valid_to":null,"water_depth":0.0,"weight_sub":null,"weight_top":null,"helmlore_id":"fec315a0-a2e4-5826-9af4-6ea0b2c75423","source_observation":"cabc71f1-e386-5648-aa7c-f69b9fea6473","source_external_id":"bc3f74df-8487-43d6-8f20-f76e0231","data_source":"emodnet:platforms","source_date":"unknown","retrieved_at":"2026-10-07T22:09:31.709648+00:00","correction_status":"source_baseline"}},{"type":"Feature","id":"f86a777f-ab10-52ce-abcc-9af7cb3ee123","geometry":{"coordinates":[-3.02166668,58.14725],"type":"Point"},"properties":{"category":"PLATFORM","coast_dist":21168.4033971,"country":"United Kingdom","current_status":"Decommissioned","function":"PRODUCTION & ACCOMMODATION","location_blocks":null,"name":"BEATRICE B","operator":"REPSOL SINOPEC RESOURCES","platformid":"0b3a53d7-7914-4ec6-b63e-0e00ec30","primary_production":null,"production_start":null,"remarks":null,"valid_from":null,"valid_to":null,"water_depth":0.0,"weight_sub":null,"weight_top":null,"helmlore_id":"f86a777f-ab10-52ce-abcc-9af7cb3ee123","source_observation":"5df851a2-cb0c-510e-ae68-0a0082b66dde","source_external_id":"0b3a53d7-7914-4ec6-b63e-0e00ec30","data_source":"emodnet:platforms","source_date":"unknown","retrieved_at":"2026-10-07T22:09:31.709648+00:00","correction_status":"source_baseline"}},{"type":"Feature","id":"f9ea7150-118a-52c2-bdf9-b99ecc7577c2","geometry":{"coordinates":[2.12919654,53.08954358],"type":"Point"},"properties":{"category":"PLATFORM","coast_dist":48477.990184,"country":"United Kingdom","current_status":"Operational","function":"LEMAN AP","location_blocks":null,"name":"LEMAN AP","operator":"ROYAL DUTCH SHELL","platformid":"f9afd31c-7d76-4235-b298-4692d64c","primary_production":null,"production_start":null,"remarks":null,"valid_from":"19670801","valid_to":null,"water_depth":0.0,"weight_sub":null,"weight_top":null,"helmlore_id":"f9ea7150-118a-52c2-bdf9-b99ecc7577c2","source_observation":"9d8120d4-7dbb-5027-94fc-c556cabf134d","source_external_id":"f9afd31c-7d76-4235-b298-4692d64c","data_source":"emodnet:platforms","source_date":"unknown","retrieved_at":"2026-10-07T22:09:31.709648+00:00","correction_status":"source_baseline"}},{"type":"Feature","id":"fa31b34d-a11b-5a35-b430-9adfd3f75609","geometry":{"coordinates":[1.73586121,60.80874294],"type":"Point"},"properties":{"category":"PLATFORM","coast_dist":135837.772627,"country":"United Kingdom","current_status":"Operational","function":"DRILLING & ACCOMMODATION STEEL","location_blocks":null,"name":"ALWYN NORTH NAA","operator":"TOTALENERGIES UPSTREAM UK LIMITED","platformid":"50d905b6-1199-4afc-ae89-0a367b37","primary_production":null,"production_start":null,"remarks":null,"valid_from":null,"valid_to":null,"water_depth":0.0,"weight_sub":null,"weight_top":null,"helmlore_id":"fa31b34d-a11b-5a35-b430-9adfd3f75609","source_observation":"3990ce34-f5d6-5930-9c0c-083bd62257b6","source_external_id":"50d905b6-1199-4afc-ae89-0a367b37","data_source":"emodnet:platforms","source_date":"unknown","retrieved_at":"2026-10-07T22:09:31.709648+00:00","correction_status":"source_baseline"}},{"type":"Feature","id":"f81f9497-0c5e-5732-8986-c7a189d56b0e","geometry":{"coordinates":[0.72662497,54.03301489],"type":"Point"},"properties":{"category":"PLATFORM","coast_dist":53321.0785012,"country":"United Kingdom","current_status":"Operational","function":"WELLHEAD STEEL","location_blocks":null,"name":"CLEETON WLTR","operator":"PERENCO OIL & GAS","platformid":"b6358e5f-78e1-4c8e-87c3-986d0420","primary_production":null,"production_start":null,"remarks":null,"valid_from":null,"valid_to":null,"water_depth":0.0,"weight_sub":null,"weight_top":null,"helmlore_id":"f81f9497-0c5e-5732-8986-c7a189d56b0e","source_observation":"4ba05dae-fbee-5a2f-8f94-77e702b2aa6d","source_external_id":"b6358e5f-78e1-4c8e-87c3-986d0420","data_source":"emodnet:platforms","source_date":"unknown","retrieved_at":"2026-10-07T22:09:31.709648+00:00","correction_status":"source_baseline"}},{"type":"Feature","id":"fe48526a-9b24-5924-bf0c-5ad123be4ae2","geometry":{"coordinates":[-1.47834569,55.18516792],"type":"Point"},"properties":{"category":"BUOY","coast_dist":1349.3637942,"country":"United Kingdom","current_status":"Operational","function":"NEWBIGGIN-BY-THE-SEA WAVERIDER BUOY KFB02/2013 AREA3","location_blocks":null,"name":"NEWBIGGIN-BY-THE-SEA WAVERIDER BUOY KFB02/2013 AREA3","operator":"FUGRO","platformid":"2a407e94-2531-49fe-9f46-e767ebc7","primary_production":null,"production_start":null,"remarks":null,"valid_from":"20130114","valid_to":null,"water_depth":0.0,"weight_sub":null,"weight_top":null,"helmlore_id":"fe48526a-9b24-5924-bf0c-5ad123be4ae2","source_observation":"5b0de657-70ff-50bf-abd3-50336d4f2a36","source_external_id":"2a407e94-2531-49fe-9f46-e767ebc7","data_source":"emodnet:platforms","source_date":"unknown","retrieved_at":"2026-10-07T22:09:31.709648+00:00","correction_status":"source_baseline"}},{"type":"Feature","id":"738de0e6-e66c-5d05-a167-f44a8d072ff3","geometry":{"coordinates":[2.28700178,56.45196305],"type":"Point"},"properties":{"category":"PLATFORM","coast_dist":258740.688032,"country":"United Kingdom","current_status":"Operational","function":"PRODUCTION DRILING STEEL","location_blocks":null,"name":"CLYDE","operator":"REPSOL SINOPEC RESOURCES","platformid":"70cd1087-a412-497b-9317-a6662da1","primary_production":null,"production_start":null,"remarks":null,"valid_from":null,"valid_to":null,"water_depth":0.0,"weight_sub":null,"weight_top":null,"helmlore_id":"738de0e6-e66c-5d05-a167-f44a8d072ff3","source_observation":"d1628ead-cf0b-51d1-b15a-53d1f7e46f29","source_external_id":"70cd1087-a412-497b-9317-a6662da1","data_source":"emodnet:platforms","source_date":"unknown","retrieved_at":"2026-10-07T22:09:31.709648+00:00","correction_status":"source_baseline"}},{"type":"Feature","id":"cb788d60-05b5-584e-931f-13a5c8afcef4","geometry":{"coordinates":[-0.91761348,57.96009553],"type":"Point"},"properties":{"category":"PLATFORM","coast_dist":66309.377431,"country":"United Kingdom","current_status":"Operational","function":"GOLDEN EAGLE PUQ PLATFORM","location_blocks":null,"name":"GOLDEN EAGLE PUQ PLATFORM","operator":"CNOOC INTERNATIONAL","platformid":"94186ea2-89d1-479e-9634-5ecf4ca8","primary_production":null,"production_start":null,"remarks":"v27 RETURN","valid_from":"20130603","valid_to":null,"water_depth":0.0,"weight_sub":null,"weight_top":null,"helmlore_id":"cb788d60-05b5-584e-931f-13a5c8afcef4","source_observation":"cdb72535-40ef-5b1c-8220-7dbfb8fada65","source_external_id":"94186ea2-89d1-479e-9634-5ecf4ca8","data_source":"emodnet:platforms","source_date":"unknown","retrieved_at":"2026-10-07T22:09:31.709648+00:00","correction_status":"source_baseline"}},{"type":"Feature","id":"1d6c57e6-718d-590b-ac3b-b5a1683825d2","geometry":{"coordinates":[2.28979403,54.56863852],"type":"Point"},"properties":{"category":"PLATFORM","coast_dist":161879.610046,"country":"United Kingdom","current_status":"Operational","function":"ALPHA PRODUCTION PLATFORM INCLUDES ACCOMODATION, PROCESS AND WELLHEAD PLATFORMS LINKED BY BRIDGES","location_blocks":null,"name":"CYGNUS A (APU)","operator":"NEPTUNE E&P","platformid":"b2a11664-5776-4826-bfb3-07251c8e","primary_production":null,"production_start":null,"remarks":"Alpha Process & Utilities Platform","valid_from":"20140722","valid_to":null,"water_depth":0.0,"weight_sub":null,"weight_top":null,"helmlore_id":"1d6c57e6-718d-590b-ac3b-b5a1683825d2","source_observation":"549a8e14-bca4-55bb-acdb-481ce0bfccf8","source_external_id":"b2a11664-5776-4826-bfb3-07251c8e","data_source":"emodnet:platforms","source_date":"unknown","retrieved_at":"2026-10-07T22:09:31.709648+00:00","correction_status":"source_baseline"}},{"type":"Feature","id":"3d5d7659-55ba-5840-93a4-5eedb2c550b6","geometry":{"coordinates":[1.73066175,53.45953488],"type":"Point"},"properties":{"category":"PLATFORM","coast_dist":65288.3589735,"country":"United Kingdom","current_status":"Operational","function":"CLIPPER PW","location_blocks":null,"name":"CLIPPER PW","operator":"ROYAL DUTCH SHELL","platformid":"28a732ef-e940-459c-b9bf-3c593044","primary_production":null,"production_start":null,"remarks":null,"valid_from":"19890801","valid_to":null,"water_depth":0.0,"weight_sub":null,"weight_top":null,"helmlore_id":"3d5d7659-55ba-5840-93a4-5eedb2c550b6","source_observation":"b104160f-2527-5453-81ca-e03b163e0081","source_external_id":"28a732ef-e940-459c-b9bf-3c593044","data_source":"emodnet:platforms","source_date":"unknown","retrieved_at":"2026-10-07T22:09:31.709648+00:00","correction_status":"source_baseline"}},{"type":"Feature","id":"2937816f-e58e-5178-92ce-ab9729042a4f","geometry":{"coordinates":[2.29875483,54.43388124],"type":"Point"},"properties":{"category":"PLATFORM","coast_dist":158684.897303,"country":"United Kingdom","current_status":"Operational","function":"MUNRO MH PLATFORM","location_blocks":null,"name":"MUNRO MH","operator":"CHRYSAOR HOLDINGS","platformid":"cef191a1-0bb9-4465-9ac5-4839b16e","primary_production":null,"production_start":null,"remarks":"Asset transfer from ConocoPhillips to Chrysaor October 2019 | Normally unmanned installation","valid_from":"20050601","valid_to":null,"water_depth":0.0,"weight_sub":null,"weight_top":null,"helmlore_id":"2937816f-e58e-5178-92ce-ab9729042a4f","source_observation":"c4007532-a242-50aa-bc78-ae3578642328","source_external_id":"cef191a1-0bb9-4465-9ac5-4839b16e","data_source":"emodnet:platforms","source_date":"unknown","retrieved_at":"2026-10-07T22:09:31.709648+00:00","correction_status":"source_baseline"}},{"type":"Feature","id":"85980f4f-71d4-5870-9902-554bd9de4aa9","geometry":{"coordinates":[1.73881153,54.47799746],"type":"Point"},"properties":{"category":"PLATFORM","coast_dist":124834.601355,"country":"United Kingdom","current_status":"Operational","function":"CAVENDISH PLATFORM","location_blocks":null,"name":"CAVENDISH","operator":"INEOS INDUSTRIES","platformid":"86fee513-675f-4f4e-9da7-5aa2759f","primary_production":null,"production_start":null,"remarks":"The status has been marked as ACTIVE, this will be the case as of early June 2007, until then the correct status is PRECOMMISSION.","valid_from":"20060612","valid_to":null,"water_depth":0.0,"weight_sub":null,"weight_top":null,"helmlore_id":"85980f4f-71d4-5870-9902-554bd9de4aa9","source_observation":"37b13bc3-a2e1-53c3-a878-ea6570d6d37a","source_external_id":"86fee513-675f-4f4e-9da7-5aa2759f","data_source":"emodnet:platforms","source_date":"unknown","retrieved_at":"2026-10-07T22:09:31.709648+00:00","correction_status":"source_baseline"}},{"type":"Feature","id":"371f885f-69d8-539b-a1cf-c8ba0b66f7fb","geometry":{"coordinates":[-3.86139606,54.02619981],"type":"Point"},"properties":{"category":"PLATFORM","coast_dist":39243.647255,"country":"United Kingdom","current_status":"Operational","function":"MILLOM WEST PLATFORM","location_blocks":null,"name":"MILLOM WEST PLATFORM","operator":"SPIRIT ENERGY","platformid":"11161775-a79c-4963-82cd-2a00a93c","primary_production":null,"production_start":null,"remarks":"Asset transfer from ConocoPhillips to Chrysaor October 2019","valid_from":null,"valid_to":null,"water_depth":0.0,"weight_sub":null,"weight_top":null,"helmlore_id":"371f885f-69d8-539b-a1cf-c8ba0b66f7fb","source_observation":"414e7943-dc8d-5d58-bc46-dbdb57d8d9d3","source_external_id":"11161775-a79c-4963-82cd-2a00a93c","data_source":"emodnet:platforms","source_date":"unknown","retrieved_at":"2026-10-07T22:09:31.709648+00:00","correction_status":"source_baseline"}},{"type":"Feature","id":"8ba9eb7b-fc1c-5a34-afc4-14d7cbdd6727","geometry":{"coordinates":[2.16196785,53.0964328],"type":"Point"},"properties":{"category":"PLATFORM","coast_dist":50586.4112399,"country":"United Kingdom","current_status":"Operational","function":"LEMAN CP","location_blocks":null,"name":"LEMAN CP","operator":"ROYAL DUTCH SHELL","platformid":"6f93723f-eae3-4cab-9359-f132c8f6","primary_production":null,"production_start":null,"remarks":"Convergence 1.73\u00ba True more than Grid","valid_from":"19700701","valid_to":null,"water_depth":0.0,"weight_sub":null,"weight_top":null,"helmlore_id":"8ba9eb7b-fc1c-5a34-afc4-14d7cbdd6727","source_observation":"41d35e6c-2e53-5a38-aad6-c916b4d06a57","source_external_id":"6f93723f-eae3-4cab-9359-f132c8f6","data_source":"emodnet:platforms","source_date":"unknown","retrieved_at":"2026-10-07T22:09:31.709648+00:00","correction_status":"source_baseline"}},{"type":"Feature","id":"475e59f4-e7e2-5871-9458-9fb36d24534b","geometry":{"coordinates":[1.44879865,60.8050534],"type":"Point"},"properties":{"category":"PLATFORM","coast_dist":120233.075712,"country":"United Kingdom","current_status":"Operational","function":"NINIAN SOUTHERN PLATFROM","location_blocks":null,"name":"NINIAN SOUTHERN","operator":"CNR INTERNATIONAL","platformid":"82be50fd-76b0-47bf-b834-5a2eaf19","primary_production":null,"production_start":null,"remarks":null,"valid_from":null,"valid_to":null,"water_depth":0.0,"weight_sub":null,"weight_top":null,"helmlore_id":"475e59f4-e7e2-5871-9458-9fb36d24534b","source_observation":"902f43c4-8500-5ee9-9b0e-899835d1f2a7","source_external_id":"82be50fd-76b0-47bf-b834-5a2eaf19","data_source":"emodnet:platforms","source_date":"unknown","retrieved_at":"2026-10-07T22:09:31.709648+00:00","correction_status":"source_baseline"}},{"type":"Feature","id":"73dcd72c-f6a3-576b-8694-0647554c3726","geometry":{"coordinates":[2.01442251,53.53963236],"type":"Point"},"properties":{"category":"PLATFORM","coast_dist":82178.2150025,"country":"United Kingdom","current_status":"Closed down","function":"AUDREY A PLATFORM","location_blocks":null,"name":"AUDREY A (WD)","operator":"SPIRIT ENERGY","platformid":"39f13013-66dc-4aed-88bc-7a5916eb","primary_production":null,"production_start":null,"remarks":null,"valid_from":null,"valid_to":null,"water_depth":0.0,"weight_sub":null,"weight_top":null,"helmlore_id":"73dcd72c-f6a3-576b-8694-0647554c3726","source_observation":"d76639d4-9018-54b1-85b4-08076aedc3b1","source_external_id":"39f13013-66dc-4aed-88bc-7a5916eb","data_source":"emodnet:platforms","source_date":"unknown","retrieved_at":"2026-10-07T22:09:31.709648+00:00","correction_status":"source_baseline"}},{"type":"Feature","id":"6c033f8f-4d3b-5717-bce6-3d81d7d4ad19","geometry":{"coordinates":[-3.35715349,53.53450268],"type":"Point"},"properties":{"category":"BUOY","coast_dist":16904.9681854,"country":"United Kingdom","current_status":"Operational","function":"LIVERPOOL BAY BUOY: KFB 07/2012 UNTIL 31DEC2014","location_blocks":null,"name":"LIVERPOOL BAY BUOY: KFB 07/2012","operator":"CEFAS","platformid":"039d1eb1-0242-4aef-a24d-0c01239b","primary_production":null,"production_start":null,"remarks":null,"valid_from":"20120101","valid_to":null,"water_depth":0.0,"weight_sub":null,"weight_top":null,"helmlore_id":"6c033f8f-4d3b-5717-bce6-3d81d7d4ad19","source_observation":"84c99915-3440-5f88-9630-92adb2466c10","source_external_id":"039d1eb1-0242-4aef-a24d-0c01239b","data_source":"emodnet:platforms","source_date":"unknown","retrieved_at":"2026-10-07T22:09:31.709648+00:00","correction_status":"source_baseline"}},{"type":"Feature","id":"15b19d9c-6aed-5533-a157-ab4a5e590a9d","geometry":{"coordinates":[1.38688869,57.45113925],"type":"Point"},"properties":{"category":"PLATFORM","coast_dist":189320.325078,"country":"United Kingdom","current_status":"Operational","function":"MONTROSE BLP PLATFORM","location_blocks":null,"name":"MONTROSE BLP PLATFORM","operator":"REPSOL SINOPEC RESOURCES","platformid":"b03a8233-355f-4f69-82f8-390b0d6f","primary_production":null,"production_start":null,"remarks":"Heading 356.868","valid_from":"20140621","valid_to":null,"water_depth":0.0,"weight_sub":null,"weight_top":null,"helmlore_id":"15b19d9c-6aed-5533-a157-ab4a5e590a9d","source_observation":"1126acd2-1f3a-5ae7-8f9a-dce27af0f56a","source_external_id":"b03a8233-355f-4f69-82f8-390b0d6f","data_source":"emodnet:platforms","source_date":"unknown","retrieved_at":"2026-10-07T22:09:31.709648+00:00","correction_status":"source_baseline"}},{"type":"Feature","id":"bf482fdf-d579-5c01-8ee0-edf7d45a6966","geometry":{"coordinates":[2.33968824,53.01674452],"type":"Point"},"properties":{"category":"PLATFORM","coast_dist":54109.7644092,"country":"United Kingdom","current_status":"Operational","function":"PRODUCTION STEEL","location_blocks":null,"name":"LEMAN DP","operator":"PERENCO OIL & GAS","platformid":"7b3cd1ae-c8c6-4a57-a767-3fc456a9","primary_production":null,"production_start":null,"remarks":null,"valid_from":null,"valid_to":null,"water_depth":0.0,"weight_sub":null,"weight_top":null,"helmlore_id":"bf482fdf-d579-5c01-8ee0-edf7d45a6966","source_observation":"ab2b5672-e8fb-5784-a921-54377968e08a","source_external_id":"7b3cd1ae-c8c6-4a57-a767-3fc456a9","data_source":"emodnet:platforms","source_date":"unknown","retrieved_at":"2026-10-07T22:09:31.709648+00:00","correction_status":"source_baseline"}},{"type":"Feature","id":"2716bc05-0f99-537b-ba62-c76f09f107c1","geometry":{"coordinates":[-0.97741217,57.81286311],"type":"Point"},"properties":{"category":"PLATFORM","coast_dist":55122.9072412,"country":"United Kingdom","current_status":"Operational","function":"QUARTERS UTILITIES QU JACKET","location_blocks":null,"name":"QUARTERS UTILITIES (QU) JACKET","operator":"CNOOC INTERNATIONAL","platformid":"3a833ec2-e78f-4b7b-8fea-49daa520","primary_production":null,"production_start":null,"remarks":"Height of jacket substructure above LAT -26m. Temp Nav Aid - 1 no. 10 nautical mile main lantern, with GPS synchro unit.","valid_from":"20050713","valid_to":null,"water_depth":0.0,"weight_sub":null,"weight_top":null,"helmlore_id":"2716bc05-0f99-537b-ba62-c76f09f107c1","source_observation":"9c50e52e-dc7c-5dbb-afe4-3a776923838c","source_external_id":"3a833ec2-e78f-4b7b-8fea-49daa520","data_source":"emodnet:platforms","source_date":"unknown","retrieved_at":"2026-10-07T22:09:31.709648+00:00","correction_status":"source_baseline"}},{"type":"Feature","id":"a1c954f9-97d5-50ad-8c02-259fc69d8554","geometry":{"coordinates":[1.79827777,53.51981488],"type":"Point"},"properties":{"category":"PLATFORM","coast_dist":73264.0037374,"country":"United Kingdom","current_status":"Operational","function":"GALLEON PG","location_blocks":null,"name":"GALLEON PG","operator":"ROYAL DUTCH SHELL","platformid":"74f3d92b-0de2-4dd2-b427-72612d37","primary_production":null,"production_start":null,"remarks":null,"valid_from":"19900101","valid_to":null,"water_depth":0.0,"weight_sub":null,"weight_top":null,"helmlore_id":"a1c954f9-97d5-50ad-8c02-259fc69d8554","source_observation":"3d13e16a-cf8b-57ef-84b5-0223efe5e9ea","source_external_id":"74f3d92b-0de2-4dd2-b427-72612d37","data_source":"emodnet:platforms","source_date":"unknown","retrieved_at":"2026-10-07T22:09:31.709648+00:00","correction_status":"source_baseline"}},{"type":"Feature","id":"c616b937-3e3e-5e3b-8ed8-3f6a7baaa50f","geometry":{"coordinates":[-6.08963168,53.5356545],"type":"Point"},"properties":{"category":"TERMINAL","coast_dist":264.971809815,"country":"United Kingdom","current_status":"Operational","function":"LOUGHSHINNY","location_blocks":null,"name":"LOUGHSHINNY","operator":null,"platformid":"d3113467-d963-4845-96df-f2644cde","primary_production":null,"production_start":null,"remarks":null,"valid_from":null,"valid_to":null,"water_depth":0.0,"weight_sub":null,"weight_top":null,"helmlore_id":"c616b937-3e3e-5e3b-8ed8-3f6a7baaa50f","source_observation":"6158d026-e314-55d9-bf70-0990722cd0d3","source_external_id":"d3113467-d963-4845-96df-f2644cde","data_source":"emodnet:platforms","source_date":"unknown","retrieved_at":"2026-10-07T22:09:31.709648+00:00","correction_status":"source_baseline"}},{"type":"Feature","id":"79de2c82-d3b0-5124-9539-b4e896e9c357","geometry":{"coordinates":[1.79418335,53.016753],"type":"Point"},"properties":{"category":"PLATFORM","coast_dist":27421.9359316,"country":"United Kingdom","current_status":"Operational","function":"FIELD TERMINAL PLATFORM","location_blocks":null,"name":"48/29A-FTP","operator":"ENI UK LIMITED","platformid":"51dd22da-f4d7-4109-997e-3660fcfa","primary_production":null,"production_start":null,"remarks":null,"valid_from":null,"valid_to":null,"water_depth":0.0,"weight_sub":null,"weight_top":null,"helmlore_id":"79de2c82-d3b0-5124-9539-b4e896e9c357","source_observation":"3d8df22e-3ec2-5480-be79-af8ce1f3ee9f","source_external_id":"51dd22da-f4d7-4109-997e-3660fcfa","data_source":"emodnet:platforms","source_date":"unknown","retrieved_at":"2026-10-07T22:09:31.709648+00:00","correction_status":"source_baseline"}},{"type":"Feature","id":"703d91a5-9b83-5ee5-a87d-589dca7d39ca","geometry":{"coordinates":[1.80575103,56.95931246],"type":"Point"},"properties":{"category":"PLATFORM","coast_dist":223874.272789,"country":"United Kingdom","current_status":"Operational","function":"WEST FRANKLIN WELLHEAD PRODUCTION STEEL","location_blocks":null,"name":"WEST FRANKLIN WHP","operator":"TOTALENERGIES UPSTREAM UK LIMITED","platformid":"37e8ff33-0210-4ab5-a035-d2cfbdae","primary_production":null,"production_start":null,"remarks":null,"valid_from":"20110901","valid_to":null,"water_depth":0.0,"weight_sub":null,"weight_top":null,"helmlore_id":"703d91a5-9b83-5ee5-a87d-589dca7d39ca","source_observation":"0396ee59-ccc5-57ad-a29d-618aa1c34712","source_external_id":"37e8ff33-0210-4ab5-a035-d2cfbdae","data_source":"emodnet:platforms","source_date":"unknown","retrieved_at":"2026-10-07T22:09:31.709648+00:00","correction_status":"source_baseline"}},{"type":"Feature","id":"bf45c4f6-58ed-56fb-a1e0-6b0c53f50063","geometry":{"coordinates":[-1.71880089,50.63350353],"type":"Point"},"properties":{"category":"BUOY","coast_dist":9010.59509156,"country":"United Kingdom","current_status":"Operational","function":"POOLE BAY WAVERIDER BUOY 1: KFB 18/2012 AREA 4 AUG1012 - APR2016","location_blocks":null,"name":"POOLE BAY BUOY 1: KFB 18/2012 AREA 4","operator":"CEFAS","platformid":"ccc74cf4-af3b-46f0-9ba1-9b251c2a","primary_production":null,"production_start":null,"remarks":"Buoys are fitted with a yellow light exhibiting the sequence Fl Y (5) 20s","valid_from":"20120801","valid_to":null,"water_depth":0.0,"weight_sub":null,"weight_top":null,"helmlore_id":"bf45c4f6-58ed-56fb-a1e0-6b0c53f50063","source_observation":"9be25078-d07d-5faa-9a9f-10de5eb98a98","source_external_id":"ccc74cf4-af3b-46f0-9ba1-9b251c2a","data_source":"emodnet:platforms","source_date":"unknown","retrieved_at":"2026-10-07T22:09:31.709648+00:00","correction_status":"source_baseline"}},{"type":"Feature","id":"05bec622-b88c-5fb9-a0cf-cdc4a02c3de1","geometry":{"coordinates":[1.67140556,59.74232159],"type":"Point"},"properties":{"category":"PLATFORM","coast_dist":153507.212113,"country":"United Kingdom","current_status":"Operational","function":"PRODUCTION & ACCOMMODATION","location_blocks":null,"name":"BRUCE PUQ","operator":"SERICA ENERGY","platformid":"9859f5a9-2bca-4d34-a30a-3ad785e0","primary_production":null,"production_start":null,"remarks":null,"valid_from":null,"valid_to":null,"water_depth":0.0,"weight_sub":null,"weight_top":null,"helmlore_id":"05bec622-b88c-5fb9-a0cf-cdc4a02c3de1","source_observation":"be6ef6a2-f407-509d-af9f-75d3e9683e9f","source_external_id":"9859f5a9-2bca-4d34-a30a-3ad785e0","data_source":"emodnet:platforms","source_date":"unknown","retrieved_at":"2026-10-07T22:09:31.709648+00:00","correction_status":"source_baseline"}},{"type":"Feature","id":"eef885b0-e9d0-5848-96d3-ea96a24b8a02","geometry":{"coordinates":[1.90975915,57.19125334],"type":"Point"},"properties":{"category":"PLATFORM","coast_dist":224064.125647,"country":"United Kingdom","current_status":"Operational","function":"CULZEAN CPF (CENTRAL PROCESSING PLATFORM)","location_blocks":null,"name":"CULZEAN PROCESSING PLATFORM (CPF)","operator":"TOTALENERGIES UPSTREAM UK LIMITED","platformid":"e2885541-22d0-47c7-a1c3-58d0f493","primary_production":null,"production_start":null,"remarks":"Status Change - now ACTIVE and co-ord update- Jacket Structure Installed Aug 2017 - Topside installations ongoing. As-Built Co-ords Updated.Due to be installed later in 2017","valid_from":null,"valid_to":null,"water_depth":0.0,"weight_sub":null,"weight_top":null,"helmlore_id":"eef885b0-e9d0-5848-96d3-ea96a24b8a02","source_observation":"af7efdb5-a27e-513c-9e3e-399d794de37c","source_external_id":"e2885541-22d0-47c7-a1c3-58d0f493","data_source":"emodnet:platforms","source_date":"unknown","retrieved_at":"2026-10-07T22:09:31.709648+00:00","correction_status":"source_baseline"}},{"type":"Feature","id":"6739c6c6-be5c-58f2-85fc-7a23a22cceaf","geometry":{"coordinates":[2.19488118,54.59993258],"type":"Point"},"properties":{"category":"PLATFORM","coast_dist":157129.836977,"country":"United Kingdom","current_status":"Operational","function":"CYGNUS B BRAVO WELL HEAD PLATFORM","location_blocks":null,"name":"CYGNUS B (BWHP)","operator":"NEPTUNE E&P","platformid":"62daf851-88c0-4ab9-9ac6-59a6aa95","primary_production":null,"production_start":null,"remarks":"Bravo Wellhead Platform","valid_from":"20150715","valid_to":null,"water_depth":0.0,"weight_sub":null,"weight_top":null,"helmlore_id":"6739c6c6-be5c-58f2-85fc-7a23a22cceaf","source_observation":"752c3a12-fd93-5beb-87b5-ef2add5cb4a1","source_external_id":"62daf851-88c0-4ab9-9ac6-59a6aa95","data_source":"emodnet:platforms","source_date":"unknown","retrieved_at":"2026-10-07T22:09:31.709648+00:00","correction_status":"source_baseline"}},{"type":"Feature","id":"a7174397-546d-5429-8c6a-da388a726337","geometry":{"coordinates":[0.72640828,54.03259816],"type":"Point"},"properties":{"category":"PLATFORM","coast_dist":53315.2473521,"country":"United Kingdom","current_status":"Operational","function":"PRODUCTION & ACCOMMODATION STEEL","location_blocks":null,"name":"CLEETON PQ","operator":"PERENCO OIL & GAS","platformid":"f9e35c1e-1624-4f37-8412-812b46c3","primary_production":null,"production_start":null,"remarks":null,"valid_from":null,"valid_to":null,"water_depth":0.0,"weight_sub":null,"weight_top":null,"helmlore_id":"a7174397-546d-5429-8c6a-da388a726337","source_observation":"820c5980-c444-553e-8d16-339e2c739d90","source_external_id":"f9e35c1e-1624-4f37-8412-812b46c3","data_source":"emodnet:platforms","source_date":"unknown","retrieved_at":"2026-10-07T22:09:31.709648+00:00","correction_status":"source_baseline"}},{"type":"Feature","id":"21666575-379a-5c80-8be7-e5735cb9d9e9","geometry":{"coordinates":[0.96895599,57.73120146],"type":"Point"},"properties":{"category":"PLATFORM","coast_dist":165422.690657,"country":"United Kingdom","current_status":"Operational","function":"FORTIES ALPHA SUPPORT PLATFORM","location_blocks":null,"name":"FASP","operator":"APACHE CORPORATION","platformid":"9cab0e3e-ccf1-40d0-bfcb-b3902cab","primary_production":null,"production_start":null,"remarks":null,"valid_from":"20130630","valid_to":null,"water_depth":0.0,"weight_sub":null,"weight_top":null,"helmlore_id":"21666575-379a-5c80-8be7-e5735cb9d9e9","source_observation":"dba6c40b-23e1-504d-bc01-9b1e59bf2358","source_external_id":"9cab0e3e-ccf1-40d0-bfcb-b3902cab","data_source":"emodnet:platforms","source_date":"unknown","retrieved_at":"2026-10-07T22:09:31.709648+00:00","correction_status":"source_baseline"}},{"type":"Feature","id":"3c90d804-855c-500f-95e1-dfcd030cff88","geometry":{"coordinates":[1.14926501,53.70278136],"type":"Point"},"properties":{"category":"PLATFORM","coast_dist":67096.2544145,"country":"United Kingdom","current_status":"Operational","function":"PRODUCTION STEEL","location_blocks":null,"name":"WEST SOLE A PP","operator":"PERENCO OIL & GAS","platformid":"895c7755-6592-4338-a5cb-1d83d49a","primary_production":null,"production_start":null,"remarks":null,"valid_from":null,"valid_to":null,"water_depth":0.0,"weight_sub":null,"weight_top":null,"helmlore_id":"3c90d804-855c-500f-95e1-dfcd030cff88","source_observation":"01c34517-167c-5659-8d06-30418ddd71ee","source_external_id":"895c7755-6592-4338-a5cb-1d83d49a","data_source":"emodnet:platforms","source_date":"unknown","retrieved_at":"2026-10-07T22:09:31.709648+00:00","correction_status":"source_baseline"}},{"type":"Feature","id":"ccea6fcc-4e12-586a-9de8-615a098f8805","geometry":{"coordinates":[-3.57822085,53.53720133],"type":"Point"},"properties":{"category":"PLATFORM","coast_dist":24034.3207055,"country":"United Kingdom","current_status":"Operational","function":"PRODUCTION STEEL","location_blocks":null,"name":"DOUGLAS DP","operator":"ENI UK LIMITED","platformid":"77587079-8a79-4a15-a420-ff8a3e0d","primary_production":null,"production_start":null,"remarks":null,"valid_from":"19950101","valid_to":null,"water_depth":0.0,"weight_sub":null,"weight_top":null,"helmlore_id":"ccea6fcc-4e12-586a-9de8-615a098f8805","source_observation":"5f1657e0-4d1b-5360-bb09-5ca030c2802f","source_external_id":"77587079-8a79-4a15-a420-ff8a3e0d","data_source":"emodnet:platforms","source_date":"unknown","retrieved_at":"2026-10-07T22:09:31.709648+00:00","correction_status":"source_baseline"}},{"type":"Feature","id":"ea3069b3-db5d-590b-8a69-07569df875ea","geometry":{"coordinates":[2.29309168,57.16078724],"type":"Point"},"properties":{"category":"FPSO","coast_dist":247471.393624,"country":"United Kingdom","current_status":"Operational","function":"PIERCE FPSO HAEWENE BRIM","location_blocks":null,"name":"PIERCE FPSO HAEWENE BRIM","operator":"ROYAL DUTCH SHELL","platformid":"a673c7ba-b9da-4216-ab2c-be71c552","primary_production":null,"production_start":null,"remarks":null,"valid_from":null,"valid_to":null,"water_depth":0.0,"weight_sub":null,"weight_top":null,"helmlore_id":"ea3069b3-db5d-590b-8a69-07569df875ea","source_observation":"8cd1e0ea-dea9-5ded-bf0b-dad47420a17d","source_external_id":"a673c7ba-b9da-4216-ab2c-be71c552","data_source":"emodnet:platforms","source_date":"unknown","retrieved_at":"2026-10-07T22:09:31.709648+00:00","correction_status":"source_baseline"}},{"type":"Feature","id":"8b71fdc1-fe16-513e-adc3-997261eeec90","geometry":{"coordinates":[-2.72470208,56.34167182],"type":"Point"},"properties":{"category":"BUOY","coast_dist":1613.95255828,"country":"United Kingdom","current_status":"Closed down","function":"ST ANDREWS BAY SAMMO - 3 DATA BUOY KFB 23/2012","location_blocks":null,"name":"ST ANDREWS BAY SAMMO - 3 DATA BUOY KFB 23/2012","operator":null,"platformid":"7c5588bc-c575-4ae3-9838-13b5e314","primary_production":null,"production_start":null,"remarks":null,"valid_from":"20121105","valid_to":null,"water_depth":0.0,"weight_sub":null,"weight_top":null,"helmlore_id":"8b71fdc1-fe16-513e-adc3-997261eeec90","source_observation":"c97cf43c-5b37-5c4f-97d9-aba87bf3ee28","source_external_id":"7c5588bc-c575-4ae3-9838-13b5e314","data_source":"emodnet:platforms","source_date":"unknown","retrieved_at":"2026-10-07T22:09:31.709648+00:00","correction_status":"source_baseline"}},{"type":"Feature","id":"01ab0809-f311-5917-ad66-4986b642c123","geometry":{"coordinates":[-3.58211739,53.84596641],"type":"Point"},"properties":{"category":"PLATFORM","coast_dist":33263.9891378,"country":"United Kingdom","current_status":"Operational","function":"CENTRAL PRODUCTION PLTFM CPP1","location_blocks":null,"name":"CENTRAL PRODUCTION PLTFM CPP1","operator":"SPIRIT ENERGY","platformid":"154ccd9d-35f5-4e5d-b22d-c4f75f89","primary_production":null,"production_start":null,"remarks":"Asset transfer from ConocoPhillips to Chrysaor October 2019","valid_from":null,"valid_to":null,"water_depth":0.0,"weight_sub":null,"weight_top":null,"helmlore_id":"01ab0809-f311-5917-ad66-4986b642c123","source_observation":"6c5da7a6-56b4-5f6c-b4b6-d255f117a126","source_external_id":"154ccd9d-35f5-4e5d-b22d-c4f75f89","data_source":"emodnet:platforms","source_date":"unknown","retrieved_at":"2026-10-07T22:09:31.709648+00:00","correction_status":"source_baseline"}},{"type":"Feature","id":"a5ebfd24-e310-511a-9ac5-94c01ffbea0e","geometry":{"coordinates":[-3.58050527,53.84616673],"type":"Point"},"properties":{"category":"PLATFORM","coast_dist":33170.7846034,"country":"United Kingdom","current_status":"Operational","function":"DRILLING PLATFORM","location_blocks":null,"name":"SOUTH MORECAMBE DP1","operator":"SPIRIT ENERGY","platformid":"8417b2aa-754a-431e-a9e9-2810a8fb","primary_production":null,"production_start":null,"remarks":null,"valid_from":null,"valid_to":null,"water_depth":0.0,"weight_sub":null,"weight_top":null,"helmlore_id":"a5ebfd24-e310-511a-9ac5-94c01ffbea0e","source_observation":"bc9fad3c-25ae-5a13-97fb-57efe012a693","source_external_id":"8417b2aa-754a-431e-a9e9-2810a8fb","data_source":"emodnet:platforms","source_date":"unknown","retrieved_at":"2026-10-07T22:09:31.709648+00:00","correction_status":"source_baseline"}},{"type":"Feature","id":"794743ec-6a00-5816-ab73-f1e8c1dc7894","geometry":{"coordinates":[1.73334913,53.45824362],"type":"Point"},"properties":{"category":"PLATFORM","coast_dist":65235.7503864,"country":"United Kingdom","current_status":"Operational","function":"CLIPPER PR","location_blocks":null,"name":"CLIPPER PR","operator":"ROYAL DUTCH SHELL","platformid":"de181eef-da45-40f0-81dc-0ca6a0a2","primary_production":null,"production_start":null,"remarks":null,"valid_from":null,"valid_to":null,"water_depth":0.0,"weight_sub":null,"weight_top":null,"helmlore_id":"794743ec-6a00-5816-ab73-f1e8c1dc7894","source_observation":"e0931752-cd2f-59c9-a9bf-eeeff3ce1764","source_external_id":"de181eef-da45-40f0-81dc-0ca6a0a2","data_source":"emodnet:platforms","source_date":"unknown","retrieved_at":"2026-10-07T22:09:31.709648+00:00","correction_status":"source_baseline"}},{"type":"Feature","id":"c21f24f2-f8ce-566c-a6e0-7beb49311099","geometry":{"coordinates":[0.89863904,54.05936469],"type":"Point"},"properties":{"category":"PLATFORM","coast_dist":64078.660665,"country":"United Kingdom","current_status":"Operational","function":"WELLHEAD STEEL","location_blocks":null,"name":"RAVENSPURN SOUTH B","operator":"PERENCO OIL & GAS","platformid":"d15576e3-2eca-410b-9836-cf7a0a1c","primary_production":null,"production_start":null,"remarks":null,"valid_from":null,"valid_to":null,"water_depth":0.0,"weight_sub":null,"weight_top":null,"helmlore_id":"c21f24f2-f8ce-566c-a6e0-7beb49311099","source_observation":"fb3a0886-856b-5bfd-9cd9-8d6775823878","source_external_id":"d15576e3-2eca-410b-9836-cf7a0a1c","data_source":"emodnet:platforms","source_date":"unknown","retrieved_at":"2026-10-07T22:09:31.709648+00:00","correction_status":"source_baseline"}},{"type":"Feature","id":"7144426d-61cf-52bd-bce3-781cd2218d99","geometry":{"coordinates":[2.65500969,53.40174187],"type":"Point"},"properties":{"category":"PLATFORM","coast_dist":97847.9973247,"country":"United Kingdom","current_status":"Operational","function":"BRIGANTINE BG","location_blocks":null,"name":"BRIGANTINE BG","operator":"ROYAL DUTCH SHELL","platformid":"a67e333c-2b70-4651-855c-c1ee38fe","primary_production":null,"production_start":null,"remarks":null,"valid_from":null,"valid_to":null,"water_depth":0.0,"weight_sub":null,"weight_top":null,"helmlore_id":"7144426d-61cf-52bd-bce3-781cd2218d99","source_observation":"c0578de2-0cd5-59eb-af37-468b9f3dcc76","source_external_id":"a67e333c-2b70-4651-855c-c1ee38fe","data_source":"emodnet:platforms","source_date":"unknown","retrieved_at":"2026-10-07T22:09:31.709648+00:00","correction_status":"source_baseline"}},{"type":"Feature","id":"5639a771-e73d-5d4e-a5fd-300b48d90181","geometry":{"coordinates":[0.75494522,57.72106749],"type":"Point"},"properties":{"category":"PLATFORM","coast_dist":152637.542074,"country":"United Kingdom","current_status":"Operational","function":"RISER PLATFORM","location_blocks":null,"name":"FORTIES UNITY","operator":"INEOS FPS LTD","platformid":"06558d64-1abd-4e57-94fb-d71ea01e","primary_production":null,"production_start":null,"remarks":null,"valid_from":"19930101","valid_to":null,"water_depth":0.0,"weight_sub":null,"weight_top":null,"helmlore_id":"5639a771-e73d-5d4e-a5fd-300b48d90181","source_observation":"832ac5e1-5f56-55e1-8937-0c9135a84650","source_external_id":"06558d64-1abd-4e57-94fb-d71ea01e","data_source":"emodnet:platforms","source_date":"unknown","retrieved_at":"2026-10-07T22:09:31.709648+00:00","correction_status":"source_baseline"}},{"type":"Feature","id":"4008864c-33e6-5f8d-9c39-7ee6dfd61776","geometry":{"coordinates":[0.78913554,53.62249839],"type":"Point"},"properties":{"category":"PLATFORM","coast_dist":42508.5797675,"country":"United Kingdom","current_status":"Operational","function":"WELLHEAD STEEL","location_blocks":null,"name":"AMETHYST A2D","operator":"PERENCO OIL & GAS","platformid":"8b225d07-a136-42ad-b400-210474c1","primary_production":null,"production_start":null,"remarks":null,"valid_from":null,"valid_to":null,"water_depth":0.0,"weight_sub":null,"weight_top":null,"helmlore_id":"4008864c-33e6-5f8d-9c39-7ee6dfd61776","source_observation":"05b3c5a8-588d-5bf3-b227-610696156182","source_external_id":"8b225d07-a136-42ad-b400-210474c1","data_source":"emodnet:platforms","source_date":"unknown","retrieved_at":"2026-10-07T22:09:31.709648+00:00","correction_status":"source_baseline"}},{"type":"Feature","id":"a9e7db02-267a-508f-a417-48f466646c5b","geometry":{"coordinates":[1.28037168,58.69203558],"type":"Point"},"properties":{"category":"PLATFORM","coast_dist":189699.324734,"country":"United Kingdom","current_status":"Operational","function":"PRODUCTION DRILLING STEEL","location_blocks":null,"name":"BRAE A","operator":"TAQA EUROPA B.V.","platformid":"a39c9536-6901-496a-8f82-786c62c7","primary_production":null,"production_start":null,"remarks":null,"valid_from":null,"valid_to":null,"water_depth":0.0,"weight_sub":null,"weight_top":null,"helmlore_id":"a9e7db02-267a-508f-a417-48f466646c5b","source_observation":"82e4cc12-d6d2-584b-8995-0ae2ef176ca4","source_external_id":"a39c9536-6901-496a-8f82-786c62c7","data_source":"emodnet:platforms","source_date":"unknown","retrieved_at":"2026-10-07T22:09:31.709648+00:00","correction_status":"source_baseline"}},{"type":"Feature","id":"6047ce69-512f-599c-968b-a072a769b685","geometry":{"coordinates":[-3.02128328,58.14741674],"type":"Point"},"properties":{"category":"PLATFORM","coast_dist":21165.3761705,"country":"United Kingdom","current_status":"Decommissioned","function":"PRODUCTION","location_blocks":null,"name":"BEATRICE CSS","operator":"REPSOL SINOPEC RESOURCES","platformid":"be516e4a-20eb-4cf8-986d-90e89868","primary_production":null,"production_start":null,"remarks":null,"valid_from":null,"valid_to":null,"water_depth":0.0,"weight_sub":null,"weight_top":null,"helmlore_id":"6047ce69-512f-599c-968b-a072a769b685","source_observation":"81f61b6c-4039-5fdb-8d73-c2da8f7e6040","source_external_id":"be516e4a-20eb-4cf8-986d-90e89868","data_source":"emodnet:platforms","source_date":"unknown","retrieved_at":"2026-10-07T22:09:31.709648+00:00","correction_status":"source_baseline"}},{"type":"Feature","id":"9b0ea5c9-8f8a-5464-966d-184fd561dd97","geometry":{"coordinates":[2.02315632,53.24703567],"type":"Point"},"properties":{"category":"PLATFORM","coast_dist":56707.9903371,"country":"United Kingdom","current_status":"Closed down","function":"WELLHEAD STEEL","location_blocks":null,"name":"VULCAN 1","operator":"CHRYSAOR HOLDINGS","platformid":"e3b68fc1-c532-461f-bd9f-9eecfc1d","primary_production":null,"production_start":null,"remarks":"Change in status from ACTIVE to NOT IN USE.","valid_from":"19870101","valid_to":null,"water_depth":0.0,"weight_sub":null,"weight_top":null,"helmlore_id":"9b0ea5c9-8f8a-5464-966d-184fd561dd97","source_observation":"3d3551a3-541b-55bc-966e-c6d6d035f2bd","source_external_id":"e3b68fc1-c532-461f-bd9f-9eecfc1d","data_source":"emodnet:platforms","source_date":"unknown","retrieved_at":"2026-10-07T22:09:31.709648+00:00","correction_status":"source_baseline"}},{"type":"Feature","id":"45c9b539-cbf0-5ef8-ba56-2df601055d8f","geometry":{"coordinates":[1.10083572,54.03063116],"type":"Point"},"properties":{"category":"PLATFORM","coast_dist":76652.9858471,"country":"United Kingdom","current_status":"Operational","function":"PRODUCTION & ACCOMMODATION CONCRETE GRAVITY BASED","location_blocks":null,"name":"RAVENSPURN NORTH CC","operator":"PERENCO OIL & GAS","platformid":"0c713031-46f2-4238-b262-fdebe6b7","primary_production":null,"production_start":null,"remarks":null,"valid_from":null,"valid_to":null,"water_depth":0.0,"weight_sub":null,"weight_top":null,"helmlore_id":"45c9b539-cbf0-5ef8-ba56-2df601055d8f","source_observation":"d33fd2f6-dc95-5afe-88b2-ef4418231065","source_external_id":"0c713031-46f2-4238-b262-fdebe6b7","data_source":"emodnet:platforms","source_date":"unknown","retrieved_at":"2026-10-07T22:09:31.709648+00:00","correction_status":"source_baseline"}},{"type":"Feature","id":"39d2fec2-09aa-58ae-bdda-f91641cc1138","geometry":{"coordinates":[-1.26821185,60.46115765],"type":"Point"},"properties":{"category":"TERMINAL","coast_dist":576.302089088,"country":"United Kingdom","current_status":"Operational","function":"SULLOM VOE OIL TERMINAL","location_blocks":null,"name":"SULLOM VOE OIL TERMINAL","operator":null,"platformid":"f36a9b11-b0c1-44b0-9ec5-aba59c04","primary_production":null,"production_start":null,"remarks":null,"valid_from":null,"valid_to":null,"water_depth":0.0,"weight_sub":null,"weight_top":null,"helmlore_id":"39d2fec2-09aa-58ae-bdda-f91641cc1138","source_observation":"8da24ce2-072f-5125-8c84-9dcb371f5bd6","source_external_id":"f36a9b11-b0c1-44b0-9ec5-aba59c04","data_source":"emodnet:platforms","source_date":"unknown","retrieved_at":"2026-10-07T22:09:31.709648+00:00","correction_status":"source_baseline"}},{"type":"Feature","id":"347d65fb-d818-58f9-b592-7a1a89479433","geometry":{"coordinates":[2.85003219,53.19999756],"type":"Point"},"properties":{"category":"OTHER SURFACE","coast_dist":93800.3817886,"country":"United Kingdom","current_status":"Operational","function":"MOORING BUOY 1 LOCATED BETWEEN ROMEO AND PAP PLATFORMS","location_blocks":null,"name":"SURFACE MOORING BUOY 1","operator":"ONE-DYAS","platformid":"c9aaf2f9-1224-4c91-83df-04a8a78f","primary_production":null,"production_start":null,"remarks":null,"valid_from":"20170314","valid_to":null,"water_depth":0.0,"weight_sub":null,"weight_top":null,"helmlore_id":"347d65fb-d818-58f9-b592-7a1a89479433","source_observation":"ee0090bf-0774-5eef-83be-caf6dd21d545","source_external_id":"c9aaf2f9-1224-4c91-83df-04a8a78f","data_source":"emodnet:platforms","source_date":"unknown","retrieved_at":"2026-10-07T22:09:31.709648+00:00","correction_status":"source_baseline"}},{"type":"Feature","id":"f9b2c05c-48ea-5e7e-98f8-8ec7846dd64d","geometry":{"coordinates":[0.7131319,56.77012305],"type":"Point"},"properties":{"category":"FPSO","coast_dist":169652.496207,"country":"United Kingdom","current_status":"Operational","function":"BW CATCHER","location_blocks":null,"name":"CATCHER","operator":"HARBOUR ENERGY PLC","platformid":"d88d85c1-070c-462d-948d-17367be3","primary_production":null,"production_start":null,"remarks":null,"valid_from":"20171019","valid_to":null,"water_depth":0.0,"weight_sub":null,"weight_top":null,"helmlore_id":"f9b2c05c-48ea-5e7e-98f8-8ec7846dd64d","source_observation":"c9340f4a-f20f-58ff-8b09-ceb63352c20b","source_external_id":"d88d85c1-070c-462d-948d-17367be3","data_source":"emodnet:platforms","source_date":"unknown","retrieved_at":"2026-10-07T22:09:31.709648+00:00","correction_status":"source_baseline"}},{"type":"Feature","id":"dc31b16c-fc64-5dcc-9cc8-c139714750c7","geometry":{"coordinates":[1.53342592,59.54582006],"type":"Point"},"properties":{"category":"PLATFORM","coast_dist":156873.858463,"country":"United Kingdom","current_status":"Operational","function":"FLARE BRIDGE/VERTICAL STACK","location_blocks":null,"name":"BERYL FLARE","operator":"APACHE CORPORATION","platformid":"ee04614a-d911-4e71-a0b5-aad84830","primary_production":null,"production_start":null,"remarks":null,"valid_from":null,"valid_to":null,"water_depth":0.0,"weight_sub":null,"weight_top":null,"helmlore_id":"dc31b16c-fc64-5dcc-9cc8-c139714750c7","source_observation":"6c0de70d-81f9-51a9-a417-f4bb922b96d6","source_external_id":"ee04614a-d911-4e71-a0b5-aad84830","data_source":"emodnet:platforms","source_date":"unknown","retrieved_at":"2026-10-07T22:09:31.709648+00:00","correction_status":"source_baseline"}},{"type":"Feature","id":"2b827706-6310-55c3-bc34-843f7826bb8d","geometry":{"coordinates":[2.79089713,53.57879824],"type":"Point"},"properties":{"category":"PLATFORM","coast_dist":118115.296459,"country":"United Kingdom","current_status":"Operational","function":"CARRACK QA","location_blocks":null,"name":"CARRACK QA","operator":"ROYAL DUTCH SHELL","platformid":"82d4d1ba-1800-4864-8ffc-f8a9cc58","primary_production":null,"production_start":null,"remarks":"Convergence 2.25\u00ba Grid less than True","valid_from":null,"valid_to":null,"water_depth":0.0,"weight_sub":null,"weight_top":null,"helmlore_id":"2b827706-6310-55c3-bc34-843f7826bb8d","source_observation":"6f01f508-d589-51ec-9e4d-e6809ce06b10","source_external_id":"82d4d1ba-1800-4864-8ffc-f8a9cc58","data_source":"emodnet:platforms","source_date":"unknown","retrieved_at":"2026-10-07T22:09:31.709648+00:00","correction_status":"source_baseline"}},{"type":"Feature","id":"7494e22d-c404-58d7-941b-601dd50b205f","geometry":{"coordinates":[2.12918465,53.09006796],"type":"Point"},"properties":{"category":"PLATFORM","coast_dist":48518.5073892,"country":"United Kingdom","current_status":"Operational","function":"LEMAN AK","location_blocks":null,"name":"LEMAN AK","operator":"ROYAL DUTCH SHELL","platformid":"35580d45-e655-42ad-be51-103dd1ed","primary_production":null,"production_start":null,"remarks":"Convergence 1.703\u00ba True more than Grid","valid_from":"19750201","valid_to":null,"water_depth":0.0,"weight_sub":null,"weight_top":null,"helmlore_id":"7494e22d-c404-58d7-941b-601dd50b205f","source_observation":"3dd5f57a-c8e9-5be3-8436-6a88bd6cf2e8","source_external_id":"35580d45-e655-42ad-be51-103dd1ed","data_source":"emodnet:platforms","source_date":"unknown","retrieved_at":"2026-10-07T22:09:31.709648+00:00","correction_status":"source_baseline"}},{"type":"Feature","id":"d17679be-e129-5278-ba1c-5cfbef555583","geometry":{"coordinates":[0.4750495,53.05699908],"type":"Point"},"properties":{"category":"BUOY","coast_dist":9985.57630697,"country":"United Kingdom","current_status":"Operational","function":"OCEANOGRAPHIC BUOY: KFB 11/2012 UNTIL APR2016","location_blocks":null,"name":"OCEANOGRAPHIC BUOY: KFB 11/2012 UNTIL APR2016","operator":"CEFAS","platformid":"9b4964f5-a8b1-4dd1-996c-dc06d9ee","primary_production":null,"production_start":null,"remarks":"Recording oceanographic equipment- 1Jan 2012 to 1 Apr 2016 - yellow coloured Waverider buoy. The buoy is equipped with a yellow light exhibiting the sequence FI Y (5) 20s","valid_from":"20120101","valid_to":null,"water_depth":0.0,"weight_sub":null,"weight_top":null,"helmlore_id":"d17679be-e129-5278-ba1c-5cfbef555583","source_observation":"37122cbc-9054-5df0-a9bc-11fd99997685","source_external_id":"9b4964f5-a8b1-4dd1-996c-dc06d9ee","data_source":"emodnet:platforms","source_date":"unknown","retrieved_at":"2026-10-07T22:09:31.709648+00:00","correction_status":"source_baseline"}},{"type":"Feature","id":"c26eb4ee-6fcf-5838-8671-68f15a43a158","geometry":{"coordinates":[-3.75183902,60.96911814],"type":"Point"},"properties":{"category":"MONITOR BUOY","coast_dist":124549.435423,"country":"United Kingdom","current_status":"Operational","function":"MARINE GROWTH BUOY","location_blocks":null,"name":"MET OCEAN BUOY MARINE GROWTH BUOY","operator":"EQUINOR ASA","platformid":"02f30edf-32c2-4ebc-8b77-656d175b","primary_production":null,"production_start":null,"remarks":null,"valid_from":null,"valid_to":null,"water_depth":0.0,"weight_sub":null,"weight_top":null,"helmlore_id":"c26eb4ee-6fcf-5838-8671-68f15a43a158","source_observation":"1a07aa3d-445a-5324-9bdd-f38b5cc5eef9","source_external_id":"02f30edf-32c2-4ebc-8b77-656d175b","data_source":"emodnet:platforms","source_date":"unknown","retrieved_at":"2026-10-07T22:09:31.709648+00:00","correction_status":"source_baseline"}},{"type":"Feature","id":"3bcf8056-ecde-5d9b-a4ab-67228b80d8d2","geometry":{"coordinates":[1.45734175,52.85701162],"type":"Point"},"properties":{"category":"TERMINAL","coast_dist":696.83797554,"country":"United Kingdom","current_status":"Operational","function":"BACTON GAS TERMINAL","location_blocks":null,"name":"BACTON GAS TERMINAL","operator":null,"platformid":"2ba7f971-57fe-4e46-b46a-fe4f2ca1","primary_production":null,"production_start":null,"remarks":null,"valid_from":null,"valid_to":null,"water_depth":0.0,"weight_sub":null,"weight_top":null,"helmlore_id":"3bcf8056-ecde-5d9b-a4ab-67228b80d8d2","source_observation":"bb984e1b-bf9e-55b5-a35c-07879dfadfba","source_external_id":"2ba7f971-57fe-4e46-b46a-fe4f2ca1","data_source":"emodnet:platforms","source_date":"unknown","retrieved_at":"2026-10-07T22:09:31.709648+00:00","correction_status":"source_baseline"}},{"type":"Feature","id":"7289c1d1-dc34-5ba5-a410-3911e8327877","geometry":{"coordinates":[2.69680533,53.44197648],"type":"Point"},"properties":{"category":"PLATFORM","coast_dist":102938.498953,"country":"United Kingdom","current_status":"Operational","function":"BRIGANTINE BR","location_blocks":null,"name":"BRIGANTINE BR","operator":"ROYAL DUTCH SHELL","platformid":"8ae677f9-d558-41b6-b7f9-39f79067","primary_production":null,"production_start":null,"remarks":null,"valid_from":null,"valid_to":null,"water_depth":0.0,"weight_sub":null,"weight_top":null,"helmlore_id":"7289c1d1-dc34-5ba5-a410-3911e8327877","source_observation":"a2a19f26-d5b5-540f-b92c-076c081d9421","source_external_id":"8ae677f9-d558-41b6-b7f9-39f79067","data_source":"emodnet:platforms","source_date":"unknown","retrieved_at":"2026-10-07T22:09:31.709648+00:00","correction_status":"source_baseline"}},{"type":"Feature","id":"d996605b-2801-51f9-b8c5-8d9207f46f66","geometry":{"coordinates":[-0.97422433,57.814326],"type":"Point"},"properties":{"category":"PLATFORM","coast_dist":55361.5628758,"country":"United Kingdom","current_status":"Operational","function":"WELLHEAD (W) PLATFORM","location_blocks":null,"name":"WELLHEAD (W)","operator":"CNOOC INTERNATIONAL","platformid":"7d86595c-5598-4a31-8c1a-0975b8ae","primary_production":null,"production_start":null,"remarks":"Height of topsides module above LAT-61m (top of crane A-Frame). Max height of topsides module above LAT with the crane boom raised -88m (when crane boom installed).","valid_from":"20050620","valid_to":null,"water_depth":0.0,"weight_sub":null,"weight_top":null,"helmlore_id":"d996605b-2801-51f9-b8c5-8d9207f46f66","source_observation":"3fddb3f2-b082-5790-99c5-b3b5bbd147f1","source_external_id":"7d86595c-5598-4a31-8c1a-0975b8ae","data_source":"emodnet:platforms","source_date":"unknown","retrieved_at":"2026-10-07T22:09:31.709648+00:00","correction_status":"source_baseline"}},{"type":"Feature","id":"2325adbe-8c6b-59d8-a0ee-887aaf590b51","geometry":{"coordinates":[2.29386964,53.58807773],"type":"Point"},"properties":{"category":"PLATFORM","coast_dist":97321.7038135,"country":"United Kingdom","current_status":"Operational","function":"WENLOCK","location_blocks":null,"name":"WENLOCK NUI","operator":"ALPHA PETROLEUM UK HOLDINGS","platformid":"2f986518-a867-4a08-b9ee-34672007","primary_production":null,"production_start":null,"remarks":"ODE AM appointed Installation Operator Oct. 2021; Alpha is the Licence Operator","valid_from":"20061023","valid_to":null,"water_depth":0.0,"weight_sub":null,"weight_top":null,"helmlore_id":"2325adbe-8c6b-59d8-a0ee-887aaf590b51","source_observation":"07dcd722-31d7-5b00-b462-5b22495d4957","source_external_id":"2f986518-a867-4a08-b9ee-34672007","data_source":"emodnet:platforms","source_date":"unknown","retrieved_at":"2026-10-07T22:09:31.709648+00:00","correction_status":"source_baseline"}},{"type":"Feature","id":"6605bdcf-fbd6-57e8-9ba2-52e1fd175fcd","geometry":{"coordinates":[2.0764245,54.05903034],"type":"Point"},"properties":{"category":"PLATFORM","coast_dist":135486.328858,"country":"United Kingdom","current_status":"Closed down","function":"WELLHEAD STEEL","location_blocks":null,"name":"SCHOONER A","operator":"DNO NORTH SEA","platformid":"aea1c605-a9c9-4e06-9413-4be6e826","primary_production":null,"production_start":null,"remarks":"Shut-in awaiting removal","valid_from":null,"valid_to":null,"water_depth":0.0,"weight_sub":null,"weight_top":null,"helmlore_id":"6605bdcf-fbd6-57e8-9ba2-52e1fd175fcd","source_observation":"1f0523aa-9663-558a-b58c-7c6dbf3480ad","source_external_id":"aea1c605-a9c9-4e06-9413-4be6e826","data_source":"emodnet:platforms","source_date":"unknown","retrieved_at":"2026-10-07T22:09:31.709648+00:00","correction_status":"source_baseline"}},{"type":"Feature","id":"adb12351-1b81-5a93-add9-beaac1e44fe8","geometry":{"coordinates":[1.6517071,53.36759541],"type":"Point"},"properties":{"category":"PLATFORM","coast_dist":53796.9289758,"country":"United Kingdom","current_status":"Operational","function":"WELLHEAD FIXED STEEL","location_blocks":null,"name":"ANGLIA A","operator":"ITHACA ENERGY","platformid":"7922680b-d430-4d6b-a433-c257ed33","primary_production":null,"production_start":null,"remarks":null,"valid_from":null,"valid_to":null,"water_depth":0.0,"weight_sub":null,"weight_top":null,"helmlore_id":"adb12351-1b81-5a93-add9-beaac1e44fe8","source_observation":"6edf7103-6b10-5b73-b087-e696c3dd4302","source_external_id":"7922680b-d430-4d6b-a433-c257ed33","data_source":"emodnet:platforms","source_date":"unknown","retrieved_at":"2026-10-07T22:09:31.709648+00:00","correction_status":"source_baseline"}},{"type":"Feature","id":"9524435e-68bf-5d5d-a9b6-84b8d9835a9d","geometry":{"coordinates":[-4.3763985,50.04238508],"type":"Point"},"properties":{"category":"BUOY","coast_dist":31828.1526797,"country":"United Kingdom","current_status":"Operational","function":"ENGLISH CHANNEL SCIENTIFIC MONITORING BUOYS E1- BUOYS ARE 3.1M IN DIAMETER AND HAVE A 4M TALL TOWER","location_blocks":null,"name":"ENGLISH CHANNEL SCIENTIFIC MONITORING BUOYS E1","operator":null,"platformid":"2ad86689-638a-4425-9cd5-2be66354","primary_production":null,"production_start":null,"remarks":"EACH BUOY HAS TWO MOORING CHAINS EXTENDING 150M TO THE EAST AND WEST FIXED TO CLUMP WEIGHTS. -ADVISORY SAFETY ZONE OF 300M REQUESTED","valid_from":"20110719","valid_to":null,"water_depth":0.0,"weight_sub":null,"weight_top":null,"helmlore_id":"9524435e-68bf-5d5d-a9b6-84b8d9835a9d","source_observation":"f94f3c52-c7ca-5567-b2d5-24f5ef687d54","source_external_id":"2ad86689-638a-4425-9cd5-2be66354","data_source":"emodnet:platforms","source_date":"unknown","retrieved_at":"2026-10-07T22:09:31.709648+00:00","correction_status":"source_baseline"}},{"type":"Feature","id":"24ea94d6-5d5e-5e0e-b843-942154be488c","geometry":{"coordinates":[2.25537038,53.02571259],"type":"Point"},"properties":{"category":"PLATFORM","coast_dist":50132.2122086,"country":"United Kingdom","current_status":"Operational","function":"DRILLING & ACCOMMODATION STEEL","location_blocks":null,"name":"LEMAN CD (PERENCO)","operator":"PERENCO OIL & GAS","platformid":"c1a6bca7-86c4-43f3-a23c-04c0e4f5","primary_production":null,"production_start":null,"remarks":null,"valid_from":null,"valid_to":null,"water_depth":0.0,"weight_sub":null,"weight_top":null,"helmlore_id":"24ea94d6-5d5e-5e0e-b843-942154be488c","source_observation":"000a76a5-3054-5d6b-8424-8755aeb9f2db","source_external_id":"c1a6bca7-86c4-43f3-a23c-04c0e4f5","data_source":"emodnet:platforms","source_date":"unknown","retrieved_at":"2026-10-07T22:09:31.709648+00:00","correction_status":"source_baseline"}},{"type":"Feature","id":"d65692ec-1477-5a3b-b214-ab0b48d5bd25","geometry":{"coordinates":[-3.57949422,53.53723473],"type":"Point"},"properties":{"category":"PLATFORM","coast_dist":24060.6375898,"country":"United Kingdom","current_status":"Operational","function":"ACCOMMODATION JACKUP","location_blocks":null,"name":"DOUGLAS DA","operator":"ENI UK LIMITED","platformid":"23ba3205-8730-4093-bb18-80049dab","primary_production":null,"production_start":null,"remarks":null,"valid_from":"19950101","valid_to":null,"water_depth":0.0,"weight_sub":null,"weight_top":null,"helmlore_id":"d65692ec-1477-5a3b-b214-ab0b48d5bd25","source_observation":"1b34c7e0-7454-57b4-ae28-b7e1b2aa1f80","source_external_id":"23ba3205-8730-4093-bb18-80049dab","data_source":"emodnet:platforms","source_date":"unknown","retrieved_at":"2026-10-07T22:09:31.709648+00:00","correction_status":"source_baseline"}},{"type":"Feature","id":"13b1abc8-a5f3-52c6-91d6-b9dad3d309d0","geometry":{"coordinates":[2.77113444,53.83146443],"type":"Point"},"properties":{"category":"PLATFORM","coast_dist":138222.23118,"country":"United Kingdom","current_status":"Operational","function":"WINDERMERE PLATFORM","location_blocks":null,"name":"WINDERMERE PLATFORM","operator":"INEOS INDUSTRIES","platformid":"ef65f11a-caf5-4313-a2fb-74b7d075","primary_production":null,"production_start":null,"remarks":null,"valid_from":"19961231","valid_to":null,"water_depth":0.0,"weight_sub":null,"weight_top":null,"helmlore_id":"13b1abc8-a5f3-52c6-91d6-b9dad3d309d0","source_observation":"655a2bbb-8431-5053-9440-06f9941d0013","source_external_id":"ef65f11a-caf5-4313-a2fb-74b7d075","data_source":"emodnet:platforms","source_date":"unknown","retrieved_at":"2026-10-07T22:09:31.709648+00:00","correction_status":"source_baseline"}},{"type":"Feature","id":"787ebc04-81dd-5896-87d2-b00b0f8a8c2c","geometry":{"coordinates":[0.97122858,57.73130787],"type":"Point"},"properties":{"category":"PLATFORM","coast_dist":165558.438019,"country":"United Kingdom","current_status":"Operational","function":"FORTIES ALPHA","location_blocks":null,"name":"FORTIES ALPHA","operator":"APACHE CORPORATION","platformid":"2738d5cb-d683-48ae-8ef3-b2a13350","primary_production":null,"production_start":null,"remarks":null,"valid_from":"19740731","valid_to":null,"water_depth":0.0,"weight_sub":null,"weight_top":null,"helmlore_id":"787ebc04-81dd-5896-87d2-b00b0f8a8c2c","source_observation":"4bc2c139-a969-5793-b452-d08228c973af","source_external_id":"2738d5cb-d683-48ae-8ef3-b2a13350","data_source":"emodnet:platforms","source_date":"unknown","retrieved_at":"2026-10-07T22:09:31.709648+00:00","correction_status":"source_baseline"}},{"type":"Feature","id":"18ff03a1-3c79-5848-ad7b-c00acad57725","geometry":{"coordinates":[1.38166552,57.37429885],"type":"Point"},"properties":{"category":"PLATFORM","coast_dist":189658.397049,"country":"United Kingdom","current_status":"Operational","function":"WELLHEAD ACCOMMODATION","location_blocks":null,"name":"ARBROATH","operator":"REPSOL SINOPEC RESOURCES","platformid":"00c161ff-1e3c-49ea-ba4c-2f9044d2","primary_production":null,"production_start":null,"remarks":null,"valid_from":null,"valid_to":null,"water_depth":0.0,"weight_sub":null,"weight_top":null,"helmlore_id":"18ff03a1-3c79-5848-ad7b-c00acad57725","source_observation":"88dd89d9-f84b-5037-9082-e023c216c299","source_external_id":"00c161ff-1e3c-49ea-ba4c-2f9044d2","data_source":"emodnet:platforms","source_date":"unknown","retrieved_at":"2026-10-07T22:09:31.709648+00:00","correction_status":"source_baseline"}},{"type":"Feature","id":"b914b2aa-1f82-57af-bf75-09c8ab172ad6","geometry":{"coordinates":[2.06022909,59.87474189],"type":"Point"},"properties":{"category":"PLATFORM","coast_dist":165096.266316,"country":"United Kingdom","current_status":"Decommissioned","function":"FRIGG CDP1","location_blocks":null,"name":"FRIGG CDP1","operator":"TOTALENERGIES UPSTREAM UK LIMITED","platformid":"d9d3f723-9eb8-4e98-8115-0cc79587","primary_production":null,"production_start":null,"remarks":null,"valid_from":"19750901","valid_to":null,"water_depth":0.0,"weight_sub":null,"weight_top":null,"helmlore_id":"b914b2aa-1f82-57af-bf75-09c8ab172ad6","source_observation":"76919d1c-8ffb-50e2-91ba-37e600272ad9","source_external_id":"d9d3f723-9eb8-4e98-8115-0cc79587","data_source":"emodnet:platforms","source_date":"unknown","retrieved_at":"2026-10-07T22:09:31.709648+00:00","correction_status":"source_baseline"}},{"type":"Feature","id":"ce2b7658-ba0e-505e-bf02-5405bbeaa8bd","geometry":{"coordinates":[1.30795903,57.00743504],"type":"Point"},"properties":{"category":"BUOY","coast_dist":193325.113221,"country":"United Kingdom","current_status":"Operational","function":"BANFF SPECIAL MARKER BUOY","location_blocks":null,"name":"MARKER BUOY","operator":"CNR INTERNATIONAL","platformid":"6a35acf8-2de0-4852-9d31-f68686a0","primary_production":null,"production_start":null,"remarks":null,"valid_from":null,"valid_to":null,"water_depth":0.0,"weight_sub":null,"weight_top":null,"helmlore_id":"ce2b7658-ba0e-505e-bf02-5405bbeaa8bd","source_observation":"e0efc887-3fd2-572d-b1e7-cd0dd515e419","source_external_id":"6a35acf8-2de0-4852-9d31-f68686a0","data_source":"emodnet:platforms","source_date":"unknown","retrieved_at":"2026-10-07T22:09:31.709648+00:00","correction_status":"source_baseline"}},{"type":"Feature","id":"cc5e3d6d-b645-56d1-9a3b-9ee5e1d2929e","geometry":{"coordinates":[0.44051973,53.83307703],"type":"Point"},"properties":{"category":"PLATFORM","coast_dist":28411.4119902,"country":"United Kingdom","current_status":"Operational","function":"ROUGH BD PRODUCTION (WINTER), INJECTION(SUMMER)","location_blocks":null,"name":"ROUGH BD","operator":"CENTRICA STORAGE HOLDINGS","platformid":"768a37e5-82e8-4284-998a-c51da57d","primary_production":null,"production_start":null,"remarks":"Rough BD, BP and CD, three platforms linked by two footbridges","valid_from":"19840101","valid_to":null,"water_depth":0.0,"weight_sub":null,"weight_top":null,"helmlore_id":"cc5e3d6d-b645-56d1-9a3b-9ee5e1d2929e","source_observation":"2075c293-824b-582b-b302-a67a6f8bd855","source_external_id":"768a37e5-82e8-4284-998a-c51da57d","data_source":"emodnet:platforms","source_date":"unknown","retrieved_at":"2026-10-07T22:09:31.709648+00:00","correction_status":"source_baseline"}},{"type":"Feature","id":"29748cd5-00db-5996-abe6-e782dc30963d","geometry":{"coordinates":[-0.60806834,54.50516645],"type":"Point"},"properties":{"category":"BUOY","coast_dist":1399.43054411,"country":"United Kingdom","current_status":"Operational","function":"WHITBY WAVERIDER BUOY KFB02/2013 AREA3","location_blocks":null,"name":"WHITBY WAVERIDER BUOY KFB02/2013 AREA3","operator":"FUGRO","platformid":"d255e098-0195-419f-87b9-283e268c","primary_production":null,"production_start":null,"remarks":null,"valid_from":"20130114","valid_to":null,"water_depth":0.0,"weight_sub":null,"weight_top":null,"helmlore_id":"29748cd5-00db-5996-abe6-e782dc30963d","source_observation":"5bb6da5b-b2ce-5204-acb3-1a08d4a485f3","source_external_id":"d255e098-0195-419f-87b9-283e268c","data_source":"emodnet:platforms","source_date":"unknown","retrieved_at":"2026-10-07T22:09:31.709648+00:00","correction_status":"source_baseline"}},{"type":"Feature","id":"e9a3d3c1-eb23-571d-b44a-ed265b4a37d8","geometry":{"coordinates":[2.31363443,53.04003267],"type":"Point"},"properties":{"category":"PLATFORM","coast_dist":54214.3781584,"country":"United Kingdom","current_status":"Operational","function":"DRILLING & ACCOMMODATION STEEL","location_blocks":null,"name":"LEMAN FD","operator":"PERENCO OIL & GAS","platformid":"4fa47bbd-ae28-46f7-a4e5-8cc73593","primary_production":null,"production_start":null,"remarks":null,"valid_from":null,"valid_to":null,"water_depth":0.0,"weight_sub":null,"weight_top":null,"helmlore_id":"e9a3d3c1-eb23-571d-b44a-ed265b4a37d8","source_observation":"e80dfc6d-9b85-5497-b11c-f7c041da8675","source_external_id":"4fa47bbd-ae28-46f7-a4e5-8cc73593","data_source":"emodnet:platforms","source_date":"unknown","retrieved_at":"2026-10-07T22:09:31.709648+00:00","correction_status":"source_baseline"}},{"type":"Feature","id":"e347fdf3-524e-5d35-ae2f-9745a5963e3c","geometry":{"coordinates":[1.91143173,57.19244902],"type":"Point"},"properties":{"category":"PLATFORM","coast_dist":224139.42635,"country":"United Kingdom","current_status":"Operational","function":"CULZEAN CZW PLAFORM - WELLHEAD JACKET","location_blocks":null,"name":"CULZEAN WHP JACKET","operator":"TOTALENERGIES UPSTREAM UK LIMITED","platformid":"62ea6ed5-1b21-4c5a-8ee9-a38614d8","primary_production":null,"production_start":null,"remarks":null,"valid_from":"20160413","valid_to":null,"water_depth":0.0,"weight_sub":null,"weight_top":null,"helmlore_id":"e347fdf3-524e-5d35-ae2f-9745a5963e3c","source_observation":"6da513e4-e87d-5ac1-9813-d10d3432eb44","source_external_id":"62ea6ed5-1b21-4c5a-8ee9-a38614d8","data_source":"emodnet:platforms","source_date":"unknown","retrieved_at":"2026-10-07T22:09:31.709648+00:00","correction_status":"source_baseline"}},{"type":"Feature","id":"59365fcc-c69e-5aca-9206-cdeb73e84311","geometry":{"coordinates":[-5.75416649,54.85223943],"type":"Point"},"properties":{"category":"TERMINAL","coast_dist":422.893345925,"country":"United Kingdom","current_status":"Operational","function":"ISLAND MAGEE","location_blocks":null,"name":"ISLAND MAGEE","operator":null,"platformid":"84dae1e8-4251-4e5d-ae03-93015d00","primary_production":null,"production_start":null,"remarks":null,"valid_from":null,"valid_to":null,"water_depth":0.0,"weight_sub":null,"weight_top":null,"helmlore_id":"59365fcc-c69e-5aca-9206-cdeb73e84311","source_observation":"03bc82a0-12cb-5374-be66-02dad53965e8","source_external_id":"84dae1e8-4251-4e5d-ae03-93015d00","data_source":"emodnet:platforms","source_date":"unknown","retrieved_at":"2026-10-07T22:09:31.709648+00:00","correction_status":"source_baseline"}}]}